frame,label,type,group,predicted_class,box_height_px,true_m,unidepth-v2-base_median,unidepth-v2-base_p10,unidepth-v2-base_p25
02_Hanns_Klemm_Str_44_000000_000090,05,"crate (gray, 2x stacked)",standard objects,obstacle,17.0,43.3,48.95,47.6,47.96
02_Hanns_Klemm_Str_44_000000_000110,05,"crate (gray, 2x stacked)",standard objects,obstacle,21.0,35.36,41.67,40.9,41.17
02_Hanns_Klemm_Str_44_000000_000120,05,"crate (gray, 2x stacked)",standard objects,obstacle,24.0,30.89,36.44,35.99,36.11
02_Hanns_Klemm_Str_44_000000_000130,05,"crate (gray, 2x stacked)",standard objects,box,29.0,26.44,30.43,30.08,30.2
02_Hanns_Klemm_Str_44_000000_000140,05,"crate (gray, 2x stacked)",standard objects,box,34.0,22.13,26.27,26.08,26.18
02_Hanns_Klemm_Str_44_000000_000150,05,"crate (gray, 2x stacked)",standard objects,box,44.0,18.09,22.4,22.25,22.31
02_Hanns_Klemm_Str_44_000000_000160,05,"crate (gray, 2x stacked)",standard objects,box,56.0,14.09,18.1,17.92,17.99
02_Hanns_Klemm_Str_44_000000_000170,05,"crate (gray, 2x stacked)",standard objects,obstacle,76.0,10.47,13.78,13.67,13.72
02_Hanns_Klemm_Str_44_000000_000180,05,"crate (gray, 2x stacked)",standard objects,box,120.0,7.16,10.13,10.02,10.07
02_Hanns_Klemm_Str_44_000001_000020,05,"crate (gray, 2x stacked)",standard objects,car,12.0,60.81,77.76,73.15,74.5
02_Hanns_Klemm_Str_44_000001_000100,05,"crate (gray, 2x stacked)",standard objects,car,18.0,44.2,47.76,46.89,47.18
02_Hanns_Klemm_Str_44_000001_000130,05,"crate (gray, 2x stacked)",standard objects,obstacle,22.0,35.13,41.3,40.59,40.86
02_Hanns_Klemm_Str_44_000001_000140,05,"crate (gray, 2x stacked)",standard objects,obstacle,25.0,31.16,37.05,36.53,36.68
02_Hanns_Klemm_Str_44_000001_000150,05,"crate (gray, 2x stacked)",standard objects,obstacle,28.0,27.29,31.71,31.51,31.58
02_Hanns_Klemm_Str_44_000001_000150,04,crate (gray),standard objects,obstacle,17.0,27.53,32.31,31.91,32.08
02_Hanns_Klemm_Str_44_000001_000160,05,"crate (gray, 2x stacked)",standard objects,box,33.0,23.13,26.65,26.49,26.52
02_Hanns_Klemm_Str_44_000001_000170,05,"crate (gray, 2x stacked)",standard objects,box,41.0,19.38,23.35,23.23,23.28
02_Hanns_Klemm_Str_44_000001_000170,04,crate (gray),standard objects,box,25.0,19.65,23.73,23.34,23.51
02_Hanns_Klemm_Str_44_000001_000180,05,"crate (gray, 2x stacked)",standard objects,obstacle,53.0,15.19,18.6,18.48,18.53
02_Hanns_Klemm_Str_44_000001_000180,04,crate (gray),standard objects,obstacle,32.0,15.51,18.89,18.73,18.78
02_Hanns_Klemm_Str_44_000001_000190,05,"crate (gray, 2x stacked)",standard objects,obstacle,72.0,11.46,14.78,14.66,14.7
02_Hanns_Klemm_Str_44_000001_000190,04,crate (gray),standard objects,box,44.0,11.63,14.67,14.6,14.62
02_Hanns_Klemm_Str_44_000001_000200,05,"crate (gray, 2x stacked)",standard objects,box,105.0,7.93,11.5,11.39,11.43
02_Hanns_Klemm_Str_44_000001_000200,04,crate (gray),standard objects,box,70.0,7.99,11.46,11.41,11.43
02_Hanns_Klemm_Str_44_000002_000130,01,crate (black),standard objects,obstacle,21.0,28.82,35.3,35.01,35.13
02_Hanns_Klemm_Str_44_000002_000140,01,crate (black),standard objects,obstacle,26.0,24.9,28.88,28.72,28.77
02_Hanns_Klemm_Str_44_000002_000150,01,crate (black),standard objects,obstacle,34.0,20.54,24.8,24.52,24.62
02_Hanns_Klemm_Str_44_000002_000160,02,"crate (black, 2x stacked)",standard objects,box,87.0,15.94,18.75,18.62,18.67
02_Hanns_Klemm_Str_44_000002_000160,01,crate (black),standard objects,box,42.0,16.07,18.79,18.64,18.68
02_Hanns_Klemm_Str_44_000002_000170,02,"crate (black, 2x stacked)",standard objects,traffic barricade,120.0,11.89,14.82,14.7,14.76
02_Hanns_Klemm_Str_44_000002_000170,01,crate (black),standard objects,obstacle,59.0,12.01,14.85,14.71,14.79
02_Hanns_Klemm_Str_44_000002_000180,02,"crate (black, 2x stacked)",standard objects,traffic barricade,172.0,8.2,11.59,11.51,11.53
02_Hanns_Klemm_Str_44_000002_000180,01,crate (black),standard objects,obstacle,87.0,8.27,11.57,11.33,11.45
02_Hanns_Klemm_Str_44_000003_000100,20,tire,random hazards,obstacle,15.0,39.29,47.48,46.21,46.69
02_Hanns_Klemm_Str_44_000003_000110,20,tire,random hazards,obstacle,17.0,36.09,43.08,42.08,42.47
02_Hanns_Klemm_Str_44_000003_000120,20,tire,random hazards,obstacle,19.0,30.76,37.12,36.47,36.71
02_Hanns_Klemm_Str_44_000003_000130,20,tire,random hazards,obstacle,22.0,26.6,30.81,30.49,30.55
02_Hanns_Klemm_Str_44_000003_000140,34,styrofoam,random hazards,obstacle,19.0,22.25,25.35,24.93,25.05
02_Hanns_Klemm_Str_44_000003_000150,20,tire,random hazards,obstacle,36.0,17.27,20.96,20.88,20.88
02_Hanns_Klemm_Str_44_000003_000150,34,styrofoam,random hazards,obstacle,25.0,17.54,21.25,21.02,21.04
02_Hanns_Klemm_Str_44_000003_000160,20,tire,random hazards,obstacle,50.0,12.73,15.99,15.88,15.91
02_Hanns_Klemm_Str_44_000003_000160,34,styrofoam,random hazards,obstacle,37.0,13.05,16.15,15.94,16.01
02_Hanns_Klemm_Str_44_000003_000170,20,tire,random hazards,obstacle,79.0,8.62,11.86,11.68,11.73
02_Hanns_Klemm_Str_44_000003_000170,34,styrofoam,random hazards,box,57.0,8.85,11.92,11.73,11.77
02_Hanns_Klemm_Str_44_000005_000140,08,cardboard box,random hazards,obstacle,25.0,24.19,27.31,27.02,27.13
02_Hanns_Klemm_Str_44_000005_000150,08,cardboard box,random hazards,obstacle,30.0,20.45,24.05,23.82,23.87
02_Hanns_Klemm_Str_44_000005_000160,08,cardboard box,random hazards,box,37.0,16.67,19.73,19.58,19.62
02_Hanns_Klemm_Str_44_000005_000170,08,cardboard box,random hazards,box,47.0,12.98,15.95,15.82,15.84
02_Hanns_Klemm_Str_44_000005_000180,08,cardboard box,random hazards,box,63.0,9.69,12.39,12.24,12.3
02_Hanns_Klemm_Str_44_000005_000190,08,cardboard box,random hazards,box,96.0,6.74,9.24,9.13,9.17
02_Hanns_Klemm_Str_44_000006_000160,08,cardboard box,random hazards,obstacle,32.0,17.87,18.75,18.62,18.68
02_Hanns_Klemm_Str_44_000006_000170,08,cardboard box,random hazards,box,39.0,14.29,15.83,15.72,15.75
02_Hanns_Klemm_Str_44_000006_000180,08,cardboard box,random hazards,box,55.0,10.69,12.41,12.31,12.35
02_Hanns_Klemm_Str_44_000006_000180,13,exhaust pipe,random hazards,bicycle,71.0,11.04,12.9,12.55,12.64
02_Hanns_Klemm_Str_44_000006_000190,13,exhaust pipe,random hazards,motorcycle,113.0,7.59,9.17,8.87,8.93
02_Hanns_Klemm_Str_44_000006_000190,08,cardboard box,random hazards,box,82.0,7.34,8.81,8.76,8.79
02_Hanns_Klemm_Str_44_000007_000150,20,tire,random hazards,obstacle,17.0,34.94,39.94,39.41,39.53
02_Hanns_Klemm_Str_44_000007_000190,20,tire,random hazards,obstacle,25.0,23.46,24.27,24.11,24.17
02_Hanns_Klemm_Str_44_000007_000200,20,tire,random hazards,obstacle,30.0,20.28,21.11,20.98,21.03
02_Hanns_Klemm_Str_44_000007_000210,20,tire,random hazards,obstacle,36.0,17.09,18.34,18.21,18.26
02_Hanns_Klemm_Str_44_000007_000220,20,tire,random hazards,obstacle,43.0,13.72,15.71,15.56,15.62
02_Hanns_Klemm_Str_44_000007_000230,20,tire,random hazards,obstacle,62.0,10.22,11.96,11.81,11.86
02_Hanns_Klemm_Str_44_000007_000240,20,tire,random hazards,obstacle,95.0,7.22,8.53,8.4,8.45
02_Hanns_Klemm_Str_44_000008_000150,20,tire,random hazards,obstacle,21.0,30.6,31.34,30.96,31.07
02_Hanns_Klemm_Str_44_000008_000160,20,tire,random hazards,obstacle,21.0,26.35,28.26,27.92,28.03
02_Hanns_Klemm_Str_44_000008_000170,20,tire,random hazards,obstacle,26.0,22.88,24.88,24.76,24.79
02_Hanns_Klemm_Str_44_000008_000210,20,tire,random hazards,obstacle,80.0,8.44,9.78,9.62,9.68
02_Hanns_Klemm_Str_44_000009_000020,02,"crate (black, 2x stacked)",standard objects,traffic cone,20.0,67.22,50.75,48.21,48.84
02_Hanns_Klemm_Str_44_000009_000030,02,"crate (black, 2x stacked)",standard objects,traffic cone,20.0,64.53,51.9,48.94,49.99
02_Hanns_Klemm_Str_44_000009_000040,02,"crate (black, 2x stacked)",standard objects,traffic cone,20.0,64.27,49.52,47.95,48.58
02_Hanns_Klemm_Str_44_000009_000090,02,"crate (black, 2x stacked)",standard objects,traffic barricade,23.0,58.71,53.19,51.55,52.22
02_Hanns_Klemm_Str_44_000009_000100,02,"crate (black, 2x stacked)",standard objects,bicycle,25.0,54.7,57.74,56.06,56.48
02_Hanns_Klemm_Str_44_000009_000120,02,"crate (black, 2x stacked)",standard objects,traffic barricade,29.0,48.38,54.11,53.18,53.51
02_Hanns_Klemm_Str_44_000009_000130,02,"crate (black, 2x stacked)",standard objects,traffic barricade,30.0,44.14,51.73,51.09,51.31
02_Hanns_Klemm_Str_44_000009_000180,02,"crate (black, 2x stacked)",standard objects,construction barrier,52.0,26.13,30.68,30.33,30.54
02_Hanns_Klemm_Str_44_000009_000180,01,crate (black),standard objects,obstacle,27.0,26.49,29.96,29.58,29.73
02_Hanns_Klemm_Str_44_000009_000190,02,"crate (black, 2x stacked)",standard objects,obstacle,65.0,22.58,26.09,25.91,26.0
02_Hanns_Klemm_Str_44_000009_000190,01,crate (black),standard objects,box,31.0,22.63,25.86,25.7,25.74
02_Hanns_Klemm_Str_44_000009_000200,02,"crate (black, 2x stacked)",standard objects,obstacle,78.0,17.93,20.95,20.72,20.8
02_Hanns_Klemm_Str_44_000009_000200,01,crate (black),standard objects,box,38.0,18.04,21.04,20.87,20.96
02_Hanns_Klemm_Str_44_000009_000210,02,"crate (black, 2x stacked)",standard objects,obstacle,103.0,13.54,16.18,16.05,16.11
02_Hanns_Klemm_Str_44_000009_000210,01,crate (black),standard objects,obstacle,52.0,13.69,16.24,16.13,16.18
02_Hanns_Klemm_Str_44_000009_000220,02,"crate (black, 2x stacked)",standard objects,traffic barricade,147.0,9.63,11.39,11.23,11.3
02_Hanns_Klemm_Str_44_000009_000220,01,crate (black),standard objects,obstacle,75.0,9.7,11.48,11.42,11.44
02_Hanns_Klemm_Str_44_000009_000230,02,"crate (black, 2x stacked)",standard objects,box,227.0,6.35,7.86,7.73,7.81
02_Hanns_Klemm_Str_44_000009_000230,01,crate (black),standard objects,box,117.0,6.48,7.94,7.83,7.9
02_Hanns_Klemm_Str_44_000010_000170,05,"crate (gray, 2x stacked)",standard objects,box,30.0,23.53,27.28,26.89,27.0
02_Hanns_Klemm_Str_44_000010_000180,05,"crate (gray, 2x stacked)",standard objects,obstacle,39.0,19.59,22.57,22.46,22.48
02_Hanns_Klemm_Str_44_000010_000190,05,"crate (gray, 2x stacked)",standard objects,box,50.0,15.6,18.03,17.92,17.97
02_Hanns_Klemm_Str_44_000010_000190,04,crate (gray),standard objects,box,30.0,15.8,17.97,17.86,17.89
02_Hanns_Klemm_Str_44_000010_000200,04,crate (gray),standard objects,box,43.0,11.64,13.82,13.74,13.76
02_Hanns_Klemm_Str_44_000010_000200,05,"crate (gray, 2x stacked)",standard objects,box,66.0,11.48,13.84,13.75,13.78
02_Hanns_Klemm_Str_44_000010_000210,05,"crate (gray, 2x stacked)",standard objects,box,108.0,7.7,9.36,9.25,9.29
02_Hanns_Klemm_Str_44_000010_000210,04,crate (gray),standard objects,box,73.0,7.86,9.47,9.38,9.42
02_Hanns_Klemm_Str_44_000011_000200,23,dog (black),emotional hazards,bicycle,46.0,21.3,34.7,31.76,33.72
02_Hanns_Klemm_Str_44_000011_000210,23,dog (black),emotional hazards,dog,57.0,18.03,26.78,25.49,26.24
02_Hanns_Klemm_Str_44_000011_000220,23,dog (black),emotional hazards,dog,71.0,14.78,24.4,23.13,23.74
02_Hanns_Klemm_Str_44_000011_000230,23,dog (black),emotional hazards,dog,90.0,11.62,16.16,15.8,15.96
02_Hanns_Klemm_Str_44_000011_000240,23,dog (black),emotional hazards,dog,118.0,8.99,12.09,11.87,11.95
02_Hanns_Klemm_Str_44_000012_000180,24,dog (white),emotional hazards,dog,31.0,22.21,26.35,23.99,24.75
02_Hanns_Klemm_Str_44_000012_000190,24,dog (white),emotional hazards,dog,47.0,17.9,20.99,19.59,19.91
02_Hanns_Klemm_Str_44_000012_000200,24,dog (white),emotional hazards,dog,59.0,13.31,15.01,14.61,14.66
02_Hanns_Klemm_Str_44_000013_000050,26,bobby car (gray),emotional hazards,car,15.0,62.94,82.25,75.72,78.44
02_Hanns_Klemm_Str_44_000013_000090,26,bobby car (gray),emotional hazards,car,16.0,59.69,67.35,62.93,64.1
02_Hanns_Klemm_Str_44_000013_000100,26,bobby car (gray),emotional hazards,car,17.0,54.49,70.94,65.59,67.42
02_Hanns_Klemm_Str_44_000013_000110,26,bobby car (gray),emotional hazards,car,16.0,51.04,63.26,58.99,60.32
02_Hanns_Klemm_Str_44_000013_000120,26,bobby car (gray),emotional hazards,car,18.0,48.53,58.07,54.72,55.81
02_Hanns_Klemm_Str_44_000013_000130,26,bobby car (gray),emotional hazards,car,19.0,44.62,55.73,52.46,53.54
02_Hanns_Klemm_Str_44_000013_000140,26,bobby car (gray),emotional hazards,car,21.0,41.95,56.86,53.86,55.15
02_Hanns_Klemm_Str_44_000013_000150,26,bobby car (gray),emotional hazards,car,24.0,37.61,50.4,47.44,48.47
02_Hanns_Klemm_Str_44_000013_000160,26,bobby car (gray),emotional hazards,motorcycle,27.0,34.79,43.82,40.84,42.14
02_Hanns_Klemm_Str_44_000013_000170,26,bobby car (gray),emotional hazards,motorcycle,30.0,30.93,41.1,38.04,39.22
02_Hanns_Klemm_Str_44_000013_000180,26,bobby car (gray),emotional hazards,motorcycle,33.0,26.95,36.6,34.94,35.58
02_Hanns_Klemm_Str_44_000013_000190,26,bobby car (gray),emotional hazards,motorcycle,40.0,22.91,29.46,28.19,28.6
02_Hanns_Klemm_Str_44_000013_000200,26,bobby car (gray),emotional hazards,motorcycle,50.0,19.21,25.04,24.33,24.54
02_Hanns_Klemm_Str_44_000013_000210,26,bobby car (gray),emotional hazards,motorcycle,61.0,15.55,21.23,20.92,21.05
02_Hanns_Klemm_Str_44_000013_000220,26,bobby car (gray),emotional hazards,motorcycle,81.0,12.05,15.97,15.7,15.79
02_Hanns_Klemm_Str_44_000013_000230,26,bobby car (gray),emotional hazards,motorcycle,112.0,8.87,11.11,10.9,10.97
02_Hanns_Klemm_Str_44_000014_000130,27,bobby car (red),emotional hazards,car,18.0,45.05,60.08,48.19,53.95
02_Hanns_Klemm_Str_44_000014_000160,27,bobby car (red),emotional hazards,car,25.0,33.43,37.42,35.6,36.18
02_Hanns_Klemm_Str_44_000014_000170,27,bobby car (red),emotional hazards,car,30.0,29.11,40.2,36.66,37.39
02_Hanns_Klemm_Str_44_000014_000180,27,bobby car (red),emotional hazards,car,36.0,25.13,28.6,27.76,28.14
02_Hanns_Klemm_Str_44_000014_000190,27,bobby car (red),emotional hazards,dog,44.0,21.31,23.22,22.75,22.96
02_Hanns_Klemm_Str_44_000014_000200,27,bobby car (red),emotional hazards,motorcycle,56.0,17.55,20.35,19.86,20.05
02_Hanns_Klemm_Str_44_000014_000210,27,bobby car (red),emotional hazards,motorcycle,72.0,13.71,16.52,16.29,16.37
02_Hanns_Klemm_Str_44_000014_000220,27,bobby car (red),emotional hazards,motorcycle,94.0,10.26,11.69,11.57,11.6
02_Hanns_Klemm_Str_44_000015_000140,27,bobby car (red),emotional hazards,person,26.0,32.17,24.9,23.95,24.15
02_Hanns_Klemm_Str_44_000015_000150,27,bobby car (red),emotional hazards,dog,35.0,28.26,24.75,24.04,24.31
02_Hanns_Klemm_Str_44_000015_000160,27,bobby car (red),emotional hazards,dog,39.0,24.97,24.52,23.82,24.12
02_Hanns_Klemm_Str_44_000015_000170,27,bobby car (red),emotional hazards,dog,47.0,21.07,23.31,23.0,23.1
02_Hanns_Klemm_Str_44_000015_000180,27,bobby car (red),emotional hazards,car,56.0,17.83,17.16,17.03,17.06
02_Hanns_Klemm_Str_44_000015_000190,27,bobby car (red),emotional hazards,motorcycle,67.0,14.14,13.49,13.42,13.44
02_Hanns_Klemm_Str_44_000015_000200,27,bobby car (red),emotional hazards,car,93.0,10.82,11.6,11.51,11.53
02_Hanns_Klemm_Str_44_000015_000210,27,bobby car (red),emotional hazards,car,128.0,7.71,8.56,8.48,8.5
02_Hanns_Klemm_Str_44_000016_000120,26,bobby car (gray),emotional hazards,dog,37.0,25.79,22.42,21.64,21.85
02_Hanns_Klemm_Str_44_000016_000130,26,bobby car (gray),emotional hazards,dog,43.0,22.69,21.56,21.09,21.24
02_Hanns_Klemm_Str_44_000016_000140,26,bobby car (gray),emotional hazards,motorcycle,55.0,19.06,20.54,20.28,20.39
02_Hanns_Klemm_Str_44_000016_000150,26,bobby car (gray),emotional hazards,car,64.0,15.65,16.18,16.03,16.08
02_Hanns_Klemm_Str_44_000016_000160,26,bobby car (gray),emotional hazards,car,81.0,12.22,11.72,11.58,11.63
02_Hanns_Klemm_Str_44_000016_000170,26,bobby car (gray),emotional hazards,car,105.0,9.07,9.86,9.76,9.79
02_Hanns_Klemm_Str_44_000016_000180,26,bobby car (gray),emotional hazards,car,156.0,6.4,7.12,7.04,7.06
02_Hanns_Klemm_Str_44_000017_000100,23,dog (black),emotional hazards,dog,28.0,34.64,27.46,26.55,26.75
02_Hanns_Klemm_Str_44_000017_000110,23,dog (black),emotional hazards,dog,34.0,30.94,25.7,25.2,25.37
02_Hanns_Klemm_Str_44_000017_000120,23,dog (black),emotional hazards,dog,39.0,26.67,26.83,26.25,26.5
02_Hanns_Klemm_Str_44_000017_000130,23,dog (black),emotional hazards,dog,45.0,22.98,25.03,24.57,24.71
02_Hanns_Klemm_Str_44_000017_000140,23,dog (black),emotional hazards,dog,55.0,19.01,19.33,19.1,19.16
02_Hanns_Klemm_Str_44_000017_000150,23,dog (black),emotional hazards,dog,69.0,15.04,15.52,15.36,15.41
02_Hanns_Klemm_Str_44_000017_000160,23,dog (black),emotional hazards,dog,92.0,11.45,12.24,12.06,12.12
02_Hanns_Klemm_Str_44_000017_000170,23,dog (black),emotional hazards,dog,132.0,7.92,8.74,8.6,8.64
02_Hanns_Klemm_Str_44_000018_000130,24,dog (white),emotional hazards,dog,23.0,35.56,26.52,25.72,26.08
02_Hanns_Klemm_Str_44_000018_000140,24,dog (white),emotional hazards,dog,25.0,31.41,27.12,25.55,26.1
02_Hanns_Klemm_Str_44_000018_000150,24,dog (white),emotional hazards,dog,30.0,27.73,27.31,26.42,26.78
02_Hanns_Klemm_Str_44_000018_000160,24,dog (white),emotional hazards,dog,33.0,24.1,25.62,24.99,25.22
02_Hanns_Klemm_Str_44_000018_000170,24,dog (white),emotional hazards,dog,38.0,20.61,20.26,20.02,20.08
02_Hanns_Klemm_Str_44_000018_000180,24,dog (white),emotional hazards,dog,44.0,16.97,16.35,16.18,16.24
02_Hanns_Klemm_Str_44_000018_000190,24,dog (white),emotional hazards,dog,58.0,13.84,14.54,14.36,14.44
02_Hanns_Klemm_Str_44_000018_000200,24,dog (white),emotional hazards,dog,75.0,10.4,11.14,11.02,11.05
02_Hanns_Klemm_Str_44_000018_000210,24,dog (white),emotional hazards,dog,112.0,6.94,7.9,7.72,7.83
04_Maurener_Weg_8_000000_000130,05,"crate (gray, 2x stacked)",standard objects,obstacle,26.0,34.75,32.3,31.79,32.01
04_Maurener_Weg_8_000000_000130,06,"crate (gray, upright)",standard objects,construction barrier,44.0,32.38,31.9,31.39,31.5
04_Maurener_Weg_8_000000_000140,04,crate (gray),standard objects,construction barrier,28.0,20.67,20.71,20.43,20.48
04_Maurener_Weg_8_000000_000140,06,"crate (gray, upright)",standard objects,construction barrier,51.0,28.35,27.01,26.62,26.73
04_Maurener_Weg_8_000000_000150,04,crate (gray),standard objects,obstacle,35.0,16.61,18.01,17.87,17.92
04_Maurener_Weg_8_000000_000160,04,crate (gray),standard objects,obstacle,41.0,12.79,14.73,14.6,14.64
04_Maurener_Weg_8_000000_000160,05,"crate (gray, 2x stacked)",standard objects,obstacle,40.0,22.6,22.53,22.24,22.33
04_Maurener_Weg_8_000000_000170,04,crate (gray),standard objects,box,65.0,9.15,11.03,10.85,10.9
04_Maurener_Weg_8_000000_000170,05,"crate (gray, 2x stacked)",standard objects,obstacle,45.0,18.5,20.0,19.69,19.84
04_Maurener_Weg_8_000000_000170,06,"crate (gray, upright)",standard objects,construction barrier,90.0,15.98,18.04,17.95,18.0
04_Maurener_Weg_8_000000_000180,05,"crate (gray, 2x stacked)",standard objects,obstacle,56.0,15.01,16.39,16.12,16.22
04_Maurener_Weg_8_000000_000180,06,"crate (gray, upright)",standard objects,construction barrier,110.0,12.63,14.29,14.21,14.25
04_Maurener_Weg_8_000000_000190,05,"crate (gray, 2x stacked)",standard objects,obstacle,70.0,12.06,13.55,13.32,13.4
04_Maurener_Weg_8_000000_000190,06,"crate (gray, upright)",standard objects,construction barrier,150.0,9.65,10.83,10.74,10.76
04_Maurener_Weg_8_000000_000200,05,"crate (gray, 2x stacked)",standard objects,obstacle,92.0,9.71,11.14,10.95,11.02
04_Maurener_Weg_8_000000_000200,06,"crate (gray, upright)",standard objects,obstacle,201.0,7.22,8.29,8.17,8.19
04_Maurener_Weg_8_000001_000190,03,"crate (black, upright)",standard objects,bicycle,67.0,10.43,12.3,12.2,12.24
04_Maurener_Weg_8_000001_000190,02,"crate (black, 2x stacked)",standard objects,obstacle,71.0,16.08,17.79,17.64,17.69
04_Maurener_Weg_8_000001_000200,03,"crate (black, upright)",standard objects,obstacle,110.0,6.65,8.31,8.2,8.24
04_Maurener_Weg_8_000001_000200,03,"crate (black, upright)",standard objects,obstacle,38.0,18.1,20.7,20.4,20.46
04_Maurener_Weg_8_000001_000210,03,"crate (black, upright)",standard objects,obstacle,48.0,14.97,17.22,16.98,17.04
04_Maurener_Weg_8_000001_000210,02,"crate (black, 2x stacked)",standard objects,obstacle,122.0,9.33,11.2,11.14,11.16
04_Maurener_Weg_8_000002_000050,06,"crate (gray, upright)",standard objects,construction barrier,34.0,45.4,48.14,41.21,44.79
04_Maurener_Weg_8_000002_000070,06,"crate (gray, upright)",standard objects,construction barrier,37.0,40.05,47.43,38.29,45.96
04_Maurener_Weg_8_000002_000100,04,crate (gray),standard objects,obstacle,24.0,19.19,20.6,20.4,20.47
04_Maurener_Weg_8_000002_000100,05,"crate (gray, 2x stacked)",standard objects,box,34.0,21.35,22.9,22.38,22.58
04_Maurener_Weg_8_000002_000110,04,crate (gray),standard objects,box,32.0,15.37,17.12,16.92,17.02
04_Maurener_Weg_8_000002_000110,05,"crate (gray, 2x stacked)",standard objects,box,43.0,18.0,19.44,19.16,19.28
04_Maurener_Weg_8_000002_000110,06,"crate (gray, upright)",standard objects,traffic barricade,57.0,24.03,31.26,25.55,25.97
04_Maurener_Weg_8_000002_000120,04,crate (gray),standard objects,box,39.0,11.76,13.52,13.39,13.44
04_Maurener_Weg_8_000002_000120,05,"crate (gray, 2x stacked)",standard objects,box,58.0,14.18,15.61,15.52,15.56
04_Maurener_Weg_8_000002_000130,04,crate (gray),standard objects,obstacle,64.0,8.39,10.38,10.27,10.32
04_Maurener_Weg_8_000002_000130,05,"crate (gray, 2x stacked)",standard objects,box,74.0,10.93,12.7,12.63,12.67
04_Maurener_Weg_8_000002_000130,06,"crate (gray, upright)",standard objects,obstacle,85.0,16.67,19.36,19.26,19.3
04_Maurener_Weg_8_000002_000140,05,"crate (gray, 2x stacked)",standard objects,box,102.0,8.19,9.74,9.68,9.71
04_Maurener_Weg_8_000002_000140,06,"crate (gray, upright)",standard objects,obstacle,96.0,13.97,15.92,15.7,15.79
04_Maurener_Weg_8_000002_000150,05,"crate (gray, 2x stacked)",standard objects,box,130.0,6.5,7.76,7.64,7.69
04_Maurener_Weg_8_000002_000150,06,"crate (gray, upright)",standard objects,obstacle,112.0,12.11,14.37,14.19,14.27
04_Maurener_Weg_8_000003_000010,02,"crate (black, 2x stacked)",standard objects,bucket,30.0,38.22,36.84,36.34,36.48
04_Maurener_Weg_8_000003_000040,02,"crate (black, 2x stacked)",standard objects,bucket,31.0,36.01,33.96,33.45,33.59
04_Maurener_Weg_8_000003_000060,03,"crate (black, upright)",standard objects,obstacle,26.0,26.12,27.52,26.99,27.11
04_Maurener_Weg_8_000003_000060,02,"crate (black, 2x stacked)",standard objects,box,35.0,31.34,30.47,29.92,30.09
04_Maurener_Weg_8_000003_000070,02,"crate (black, 2x stacked)",standard objects,box,37.0,28.18,27.57,27.2,27.31
04_Maurener_Weg_8_000003_000070,03,"crate (black, upright)",standard objects,box,31.0,23.02,24.6,24.35,24.43
04_Maurener_Weg_8_000003_000080,03,"crate (black, upright)",standard objects,box,36.0,19.89,21.67,21.42,21.5
04_Maurener_Weg_8_000003_000080,02,"crate (black, 2x stacked)",standard objects,box,43.0,25.15,25.49,25.17,25.23
04_Maurener_Weg_8_000003_000090,03,"crate (black, upright)",standard objects,obstacle,42.0,16.64,18.52,18.33,18.38
04_Maurener_Weg_8_000003_000090,02,"crate (black, 2x stacked)",standard objects,box,49.0,21.29,22.57,22.31,22.39
04_Maurener_Weg_8_000003_000100,03,"crate (black, upright)",standard objects,box,55.0,12.72,14.44,14.33,14.37
04_Maurener_Weg_8_000003_000100,02,"crate (black, 2x stacked)",standard objects,box,59.0,17.92,19.0,18.93,18.96
04_Maurener_Weg_8_000003_000100,01,crate (black),standard objects,obstacle,30.0,25.44,26.41,26.19,26.28
04_Maurener_Weg_8_000003_000110,03,"crate (black, upright)",standard objects,box,76.0,9.28,11.08,10.87,10.95
04_Maurener_Weg_8_000003_000110,02,"crate (black, 2x stacked)",standard objects,box,75.0,14.19,15.83,15.75,15.78
04_Maurener_Weg_8_000003_000120,02,"crate (black, 2x stacked)",standard objects,obstacle,93.0,11.11,12.66,12.58,12.6
04_Maurener_Weg_8_000003_000120,01,crate (black),standard objects,bucket,40.0,18.92,20.35,20.26,20.31
04_Maurener_Weg_8_000003_000130,02,"crate (black, 2x stacked)",standard objects,box,122.0,8.62,10.26,10.16,10.21
04_Maurener_Weg_8_000003_000130,01,crate (black),standard objects,box,50.0,16.18,18.65,18.53,18.58
04_Maurener_Weg_8_000003_000140,02,"crate (black, 2x stacked)",standard objects,box,153.0,6.94,8.17,8.07,8.12
04_Maurener_Weg_8_000003_000140,01,crate (black),standard objects,obstacle,58.0,14.57,16.21,16.12,16.14
04_Maurener_Weg_8_000004_000160,21,ball,emotional hazards,ball,40.0,14.07,17.03,16.83,16.88
04_Maurener_Weg_8_000004_000190,15,euro pallet,random hazards,obstacle,46.0,14.7,16.83,16.17,16.42
04_Maurener_Weg_8_000004_000200,15,euro pallet,random hazards,obstacle,60.0,11.23,13.17,12.73,12.9
04_Maurener_Weg_8_000004_000210,15,euro pallet,random hazards,traffic barricade,93.0,8.47,10.48,9.93,10.14
04_Maurener_Weg_8_000005_000050,16,pylon,random hazards,traffic cone,16.0,47.6,43.64,41.59,42.15
04_Maurener_Weg_8_000005_000070,16,pylon,random hazards,traffic cone,15.0,44.71,41.3,39.54,40.06
04_Maurener_Weg_8_000005_000090,18,pylon (white),random hazards,traffic cone,22.0,39.46,40.68,37.77,38.48
04_Maurener_Weg_8_000005_000100,18,pylon (white),random hazards,traffic cone,22.0,36.82,39.79,36.38,37.58
04_Maurener_Weg_8_000005_000100,16,pylon,random hazards,traffic cone,19.0,40.77,37.57,36.48,36.79
04_Maurener_Weg_8_000005_000110,18,pylon (white),random hazards,traffic cone,24.0,34.89,35.95,33.32,34.22
04_Maurener_Weg_8_000005_000110,16,pylon,random hazards,traffic cone,20.0,37.73,33.98,32.94,33.24
04_Maurener_Weg_8_000005_000120,18,pylon (white),random hazards,traffic cone,25.0,31.58,34.81,31.79,32.79
04_Maurener_Weg_8_000005_000120,16,pylon,random hazards,traffic cone,20.0,34.7,32.73,32.03,32.19
04_Maurener_Weg_8_000005_000130,18,pylon (white),random hazards,traffic cone,28.0,28.31,29.85,28.16,28.58
04_Maurener_Weg_8_000005_000130,16,pylon,random hazards,traffic cone,20.0,31.33,30.41,29.61,29.83
04_Maurener_Weg_8_000005_000140,18,pylon (white),random hazards,traffic cone,32.0,25.37,28.73,26.28,27.09
04_Maurener_Weg_8_000005_000140,16,pylon,random hazards,traffic cone,25.0,27.77,27.95,26.86,27.12
04_Maurener_Weg_8_000005_000150,18,pylon (white),random hazards,traffic cone,38.0,21.77,23.19,22.74,22.86
04_Maurener_Weg_8_000005_000150,16,pylon,random hazards,traffic cone,30.0,24.51,24.48,23.93,24.09
04_Maurener_Weg_8_000005_000160,18,pylon (white),random hazards,traffic cone,43.0,18.04,20.56,19.49,19.8
04_Maurener_Weg_8_000005_000160,16,pylon,random hazards,traffic cone,35.0,20.54,21.22,20.95,21.01
04_Maurener_Weg_8_000005_000170,18,pylon (white),random hazards,traffic cone,57.0,14.29,17.28,16.8,17.03
04_Maurener_Weg_8_000005_000170,16,pylon,random hazards,traffic cone,44.0,16.79,18.35,18.13,18.21
04_Maurener_Weg_8_000005_000180,16,pylon,random hazards,traffic cone,52.0,13.88,15.59,15.38,15.44
04_Maurener_Weg_8_000005_000180,18,pylon (white),random hazards,traffic cone,70.0,11.34,14.25,13.87,14.0
04_Maurener_Weg_8_000005_000190,18,pylon (white),random hazards,traffic cone,87.0,9.25,11.62,11.42,11.5
04_Maurener_Weg_8_000005_000190,16,pylon,random hazards,traffic cone,61.0,11.81,13.46,13.27,13.34
04_Maurener_Weg_8_000005_000200,18,pylon (white),random hazards,traffic cone,96.0,8.06,10.14,9.88,9.95
04_Maurener_Weg_8_000005_000200,16,pylon,random hazards,traffic cone,72.0,10.58,12.23,12.06,12.14
04_Maurener_Weg_8_000006_000090,18,pylon (white),random hazards,ball,20.0,30.45,29.76,28.99,29.22
04_Maurener_Weg_8_000006_000100,18,pylon (white),random hazards,ball,24.0,26.46,27.37,26.72,26.93
04_Maurener_Weg_8_000006_000110,18,pylon (white),random hazards,person,29.0,22.5,23.21,22.71,22.85
04_Maurener_Weg_8_000006_000130,18,pylon (white),random hazards,traffic cone,38.0,14.28,16.58,16.29,16.4
04_Maurener_Weg_8_000006_000150,18,pylon (white),random hazards,traffic cone,63.0,8.48,10.29,10.11,10.17
04_Maurener_Weg_8_000007_000120,21,ball,emotional hazards,ball,22.0,22.85,23.95,23.48,23.6
04_Maurener_Weg_8_000007_000140,21,ball,emotional hazards,ball,36.0,13.87,15.79,15.7,15.74
04_Maurener_Weg_8_000007_000150,25,kid dummy,emotional hazards,motorcycle,35.0,10.28,11.25,11.07,11.17
04_Maurener_Weg_8_000007_000160,25,kid dummy,emotional hazards,motorcycle,48.0,7.37,9.3,9.03,9.17
04_Maurener_Weg_8_000007_000160,21,ball,emotional hazards,ball,68.0,7.21,9.06,9.01,9.02
04_Maurener_Weg_8_000007_000170,25,kid dummy,emotional hazards,person,66.0,5.56,7.75,7.42,7.57
04_Maurener_Weg_8_000007_000170,21,ball,emotional hazards,ball,94.0,5.37,7.45,7.38,7.4
04_Maurener_Weg_8_000008_000090,11,crate (green),random hazards,box,18.0,47.86,39.84,39.44,39.53
04_Maurener_Weg_8_000008_000100,11,crate (green),random hazards,box,19.0,42.25,35.62,35.2,35.29
04_Maurener_Weg_8_000008_000130,11,crate (green),random hazards,box,28.0,26.86,25.96,25.71,25.78
04_Maurener_Weg_8_000008_000130,31,plastic bag (bloated),random hazards,traffic barricade,43.0,13.94,14.04,13.89,13.94
04_Maurener_Weg_8_000008_000140,11,crate (green),random hazards,box,34.0,21.55,21.98,21.75,21.85
04_Maurener_Weg_8_000008_000140,31,plastic bag (bloated),random hazards,motorcycle,68.0,8.82,9.52,9.35,9.4
04_Maurener_Weg_8_000008_000150,11,crate (green),random hazards,box,42.0,16.99,18.49,18.22,18.33
04_Maurener_Weg_8_000008_000160,11,crate (green),random hazards,box,55.0,13.03,14.73,14.47,14.56
04_Maurener_Weg_8_000008_000160,31,plastic bag (bloated),random hazards,dog,75.0,6.6,8.07,7.98,8.01
04_Maurener_Weg_8_000008_000170,11,crate (green),random hazards,box,74.0,9.99,11.18,10.97,11.06
04_Maurener_Weg_8_000008_000180,11,crate (green),random hazards,box,98.0,7.8,9.29,9.08,9.17
04_Maurener_Weg_8_000008_000190,11,crate (green),random hazards,box,120.0,6.42,8.26,8.03,8.12
04_Maurener_Weg_8_000008_000200,11,crate (green),random hazards,box,140.0,5.55,7.44,7.18,7.29
04_Maurener_Weg_8_000009_000140,24,dog (white),emotional hazards,dog,20.0,36.21,36.55,34.9,35.42
04_Maurener_Weg_8_000009_000150,24,dog (white),emotional hazards,dog,23.0,31.85,33.76,32.78,33.09
04_Maurener_Weg_8_000009_000160,24,dog (white),emotional hazards,dog,26.0,27.68,29.74,28.64,28.98
04_Maurener_Weg_8_000009_000170,24,dog (white),emotional hazards,dog,31.0,23.04,25.5,24.95,25.15
04_Maurener_Weg_8_000009_000180,24,dog (white),emotional hazards,dog,36.0,19.27,21.49,20.95,21.07
04_Maurener_Weg_8_000009_000190,24,dog (white),emotional hazards,dog,44.0,15.35,18.16,17.93,17.99
04_Maurener_Weg_8_000009_000200,24,dog (white),emotional hazards,dog,59.0,11.9,14.22,14.05,14.11
04_Maurener_Weg_8_000009_000210,24,dog (white),emotional hazards,dog,81.0,8.72,10.81,10.65,10.74
04_Maurener_Weg_8_000010_000100,23,dog (black),emotional hazards,dog,39.0,29.46,18.56,18.22,18.33
04_Maurener_Weg_8_000010_000110,23,dog (black),emotional hazards,dog,43.0,25.23,27.15,25.52,26.35
04_Maurener_Weg_8_000010_000120,23,dog (black),emotional hazards,dog,52.0,20.63,22.65,22.04,22.33
04_Maurener_Weg_8_000010_000130,23,dog (black),emotional hazards,dog,67.0,15.92,18.19,17.76,17.94
04_Maurener_Weg_8_000010_000140,23,dog (black),emotional hazards,dog,91.0,11.86,13.35,13.16,13.25
04_Maurener_Weg_8_000010_000150,23,dog (black),emotional hazards,dog,131.0,8.22,9.5,9.4,9.43
04_Maurener_Weg_8_000011_000030,26,bobby car (gray),emotional hazards,car,17.0,62.04,55.29,54.12,54.49
04_Maurener_Weg_8_000011_000040,26,bobby car (gray),emotional hazards,car,18.0,61.66,55.43,54.04,54.54
04_Maurener_Weg_8_000011_000050,26,bobby car (gray),emotional hazards,car,17.0,61.39,53.52,52.09,52.51
04_Maurener_Weg_8_000011_000070,26,bobby car (gray),emotional hazards,car,20.0,55.62,52.88,51.31,51.68
04_Maurener_Weg_8_000011_000080,26,bobby car (gray),emotional hazards,car,19.0,52.84,51.04,49.69,50.06
04_Maurener_Weg_8_000011_000090,26,bobby car (gray),emotional hazards,car,21.0,50.11,48.54,47.67,47.87
04_Maurener_Weg_8_000011_000100,26,bobby car (gray),emotional hazards,car,23.0,47.01,45.42,44.73,44.89
04_Maurener_Weg_8_000011_000110,26,bobby car (gray),emotional hazards,car,24.0,42.13,42.41,41.83,41.98
04_Maurener_Weg_8_000011_000120,26,bobby car (gray),emotional hazards,car,28.0,37.84,37.8,37.32,37.49
04_Maurener_Weg_8_000011_000130,26,bobby car (gray),emotional hazards,dog,30.0,34.69,34.25,33.81,33.89
04_Maurener_Weg_8_000011_000140,26,bobby car (gray),emotional hazards,dog,33.0,30.78,32.34,31.93,32.01
04_Maurener_Weg_8_000011_000150,26,bobby car (gray),emotional hazards,motorcycle,38.0,26.29,28.25,27.85,27.98
04_Maurener_Weg_8_000011_000160,26,bobby car (gray),emotional hazards,car,46.0,22.81,24.02,23.73,23.83
04_Maurener_Weg_8_000011_000170,26,bobby car (gray),emotional hazards,car,55.0,18.99,20.84,20.55,20.67
04_Maurener_Weg_8_000011_000180,26,bobby car (gray),emotional hazards,car,64.0,15.12,17.67,17.37,17.46
04_Maurener_Weg_8_000011_000190,26,bobby car (gray),emotional hazards,car,84.0,11.58,13.49,13.22,13.31
04_Maurener_Weg_8_000012_000030,27,bobby car (red),emotional hazards,traffic cone,19.0,65.71,53.93,51.69,52.44
04_Maurener_Weg_8_000012_000060,27,bobby car (red),emotional hazards,traffic cone,20.0,61.6,50.92,48.81,49.46
04_Maurener_Weg_8_000012_000080,27,bobby car (red),emotional hazards,traffic cone,22.0,54.27,48.07,46.92,47.3
04_Maurener_Weg_8_000012_000120,27,bobby car (red),emotional hazards,dog,28.0,38.29,36.87,36.35,36.47
04_Maurener_Weg_8_000012_000140,27,bobby car (red),emotional hazards,dog,35.0,28.59,28.49,28.08,28.24
04_Maurener_Weg_8_000012_000150,27,bobby car (red),emotional hazards,dog,43.0,24.58,25.09,24.76,24.87
04_Maurener_Weg_8_000012_000160,27,bobby car (red),emotional hazards,car,54.0,19.74,21.34,21.11,21.2
04_Maurener_Weg_8_000012_000170,27,bobby car (red),emotional hazards,car,70.0,15.63,17.4,17.14,17.22
04_Maurener_Weg_8_000012_000180,27,bobby car (red),emotional hazards,motorcycle,89.0,11.58,13.39,13.16,13.22
04_Maurener_Weg_8_000012_000190,27,bobby car (red),emotional hazards,car,129.0,8.28,10.21,10.0,10.08
04_Maurener_Weg_8_000013_000180,28,bobby car (yellow),emotional hazards,dog,39.0,27.71,15.65,14.71,15.03
04_Maurener_Weg_8_000013_000190,28,bobby car (yellow),emotional hazards,dog,47.0,23.1,25.57,25.32,25.4
04_Maurener_Weg_8_000013_000200,28,bobby car (yellow),emotional hazards,car,55.0,19.39,20.97,20.81,20.85
04_Maurener_Weg_8_000013_000210,28,bobby car (yellow),emotional hazards,motorcycle,66.0,15.86,18.38,18.14,18.24
04_Maurener_Weg_8_000013_000220,28,bobby car (yellow),emotional hazards,motorcycle,84.0,12.64,14.88,14.66,14.74
04_Maurener_Weg_8_000013_000230,28,bobby car (yellow),emotional hazards,motorcycle,113.0,9.49,11.22,11.03,11.11
05_Schafgasse_1_000000_000180,05,"crate (gray, 2x stacked)",standard objects,box,60.0,13.46,16.35,16.24,16.29
05_Schafgasse_1_000000_000190,05,"crate (gray, 2x stacked)",standard objects,obstacle,81.0,10.13,12.88,12.76,12.81
05_Schafgasse_1_000000_000200,05,"crate (gray, 2x stacked)",standard objects,box,124.0,7.13,9.66,9.52,9.58
05_Schafgasse_1_000001_000230,03,"crate (black, upright)",standard objects,box,46.0,15.46,18.6,18.44,18.52
05_Schafgasse_1_000001_000240,03,"crate (black, upright)",standard objects,box,56.0,13.01,15.43,15.33,15.37
05_Schafgasse_1_000001_000250,03,"crate (black, upright)",standard objects,obstacle,69.0,10.79,13.21,13.11,13.17
05_Schafgasse_1_000001_000260,03,"crate (black, upright)",standard objects,obstacle,82.0,8.69,11.18,11.1,11.15
05_Schafgasse_1_000002_000120,18,pylon (white),random hazards,traffic cone,15.0,38.37,38.51,37.15,37.6
05_Schafgasse_1_000002_000150,18,pylon (white),random hazards,traffic cone,17.0,32.82,33.5,32.19,32.52
05_Schafgasse_1_000002_000170,18,pylon (white),random hazards,traffic cone,19.0,27.82,27.76,27.44,27.53
05_Schafgasse_1_000002_000180,18,pylon (white),random hazards,traffic cone,21.0,25.14,25.67,24.91,25.04
05_Schafgasse_1_000002_000190,18,pylon (white),random hazards,ball,24.0,22.0,23.0,22.5,22.62
05_Schafgasse_1_000002_000200,18,pylon (white),random hazards,ball,28.0,18.91,20.24,19.88,19.97
05_Schafgasse_1_000002_000210,08,cardboard box,random hazards,obstacle,26.0,24.34,26.89,26.61,26.69
05_Schafgasse_1_000002_000210,18,pylon (white),random hazards,ball,31.0,15.72,18.18,17.94,17.99
05_Schafgasse_1_000002_000220,18,pylon (white),random hazards,ball,41.0,12.48,15.71,15.49,15.54
05_Schafgasse_1_000002_000230,08,cardboard box,random hazards,box,35.0,18.15,20.89,20.72,20.78
05_Schafgasse_1_000002_000230,18,pylon (white),random hazards,ball,57.0,9.12,11.72,11.59,11.64
05_Schafgasse_1_000003_000140,20,tire,random hazards,obstacle,46.0,13.89,16.31,16.21,16.24
05_Schafgasse_1_000003_000150,20,tire,random hazards,obstacle,61.0,10.63,13.2,13.04,13.09
05_Schafgasse_1_000003_000160,20,tire,random hazards,obstacle,87.0,7.86,10.41,10.27,10.31
05_Schafgasse_1_000004_000130,11,crate (green),random hazards,box,29.0,22.66,25.52,25.35,25.39
05_Schafgasse_1_000004_000130,10,"crate (blue, small)",random hazards,box,25.0,18.62,21.09,21.0,21.01
05_Schafgasse_1_000004_000140,11,crate (green),random hazards,box,37.0,19.53,22.97,22.83,22.86
05_Schafgasse_1_000004_000140,10,"crate (blue, small)",random hazards,box,32.0,15.19,18.54,18.37,18.44
05_Schafgasse_1_000004_000150,10,"crate (blue, small)",random hazards,box,43.0,11.52,13.9,13.79,13.83
05_Schafgasse_1_000004_000150,11,crate (green),random hazards,box,41.0,15.85,17.91,17.77,17.83
05_Schafgasse_1_000004_000160,11,crate (green),random hazards,box,55.0,12.54,15.05,14.95,14.98
05_Schafgasse_1_000004_000160,10,"crate (blue, small)",random hazards,obstacle,68.0,7.99,10.58,10.41,10.48
05_Schafgasse_1_000004_000170,11,crate (green),random hazards,box,74.0,9.57,12.07,12.02,12.03
05_Schafgasse_1_000005_000120,21,ball,emotional hazards,ball,27.0,21.28,25.08,24.77,24.87
05_Schafgasse_1_000005_000130,21,ball,emotional hazards,ball,31.0,18.1,21.09,20.97,20.99
05_Schafgasse_1_000007_000130,20,tire,random hazards,obstacle,30.0,12.21,13.16,13.01,13.06
05_Schafgasse_1_000007_000140,20,tire,random hazards,obstacle,39.0,9.29,10.51,10.38,10.42
05_Schafgasse_1_000007_000150,20,tire,random hazards,obstacle,63.0,6.47,7.94,7.84,7.87
05_Schafgasse_1_000008_000110,14,headlight,random hazards,cat,47.0,13.23,14.16,14.04,14.07
05_Schafgasse_1_000008_000120,14,headlight,random hazards,dog,63.0,9.97,10.86,10.75,10.79
05_Schafgasse_1_000009_000180,23,dog (black),emotional hazards,dog,37.0,28.77,28.45,27.97,28.12
05_Schafgasse_1_000009_000190,23,dog (black),emotional hazards,dog,41.0,25.54,25.37,25.02,25.1
05_Schafgasse_1_000009_000200,23,dog (black),emotional hazards,dog,51.0,21.69,22.91,22.51,22.69
05_Schafgasse_1_000009_000210,23,dog (black),emotional hazards,dog,59.0,18.28,19.95,19.46,19.64
05_Schafgasse_1_000009_000220,23,dog (black),emotional hazards,dog,75.0,14.99,16.39,16.15,16.23
05_Schafgasse_1_000009_000230,23,dog (black),emotional hazards,dog,92.0,11.99,14.13,13.96,14.02
05_Schafgasse_1_000009_000240,23,dog (black),emotional hazards,dog,114.0,9.26,10.91,10.72,10.77
05_Schafgasse_1_000010_000130,24,dog (white),emotional hazards,dog,24.0,31.65,30.46,28.99,29.3
05_Schafgasse_1_000010_000140,24,dog (white),emotional hazards,dog,27.0,27.83,27.7,26.62,26.92
05_Schafgasse_1_000010_000150,24,dog (white),emotional hazards,dog,32.0,23.42,24.01,23.24,23.42
05_Schafgasse_1_000010_000160,24,dog (white),emotional hazards,dog,38.0,19.55,21.53,21.03,21.12
05_Schafgasse_1_000010_000170,24,dog (white),emotional hazards,dog,46.0,15.87,18.32,18.07,18.14
05_Schafgasse_1_000010_000180,24,dog (white),emotional hazards,dog,59.0,12.55,14.37,14.27,14.29
05_Schafgasse_1_000010_000190,24,dog (white),emotional hazards,dog,76.0,9.31,11.1,11.0,11.04
05_Schafgasse_1_000011_000120,27,bobby car (red),emotional hazards,person,29.0,39.08,36.2,35.49,35.7
05_Schafgasse_1_000011_000130,27,bobby car (red),emotional hazards,person,32.0,33.58,31.89,31.13,31.27
05_Schafgasse_1_000011_000140,27,bobby car (red),emotional hazards,car,36.0,28.89,27.77,27.16,27.34
05_Schafgasse_1_000011_000150,27,bobby car (red),emotional hazards,car,41.0,23.8,24.6,24.1,24.34
05_Schafgasse_1_000011_000160,27,bobby car (red),emotional hazards,car,54.0,19.23,20.59,20.37,20.46
05_Schafgasse_1_000011_000170,27,bobby car (red),emotional hazards,motorcycle,71.0,14.17,16.58,16.46,16.5
05_Schafgasse_1_000011_000180,27,bobby car (red),emotional hazards,car,105.0,9.75,11.79,11.66,11.7
05_Schafgasse_1_000012_000180,28,bobby car (yellow),emotional hazards,dog,47.0,22.57,23.71,23.54,23.62
05_Schafgasse_1_000012_000190,28,bobby car (yellow),emotional hazards,car,58.0,18.22,19.75,19.5,19.55
05_Schafgasse_1_000012_000200,28,bobby car (yellow),emotional hazards,car,75.0,14.25,16.49,16.33,16.39
05_Schafgasse_1_000012_000210,28,bobby car (yellow),emotional hazards,car,99.0,10.6,13.36,13.19,13.25
05_Schafgasse_1_000012_000220,28,bobby car (yellow),emotional hazards,car,142.0,7.32,9.61,9.46,9.52
05_Schafgasse_1_000013_000050,26,bobby car (gray),emotional hazards,car,17.0,64.37,58.06,54.52,55.87
05_Schafgasse_1_000013_000080,26,bobby car (gray),emotional hazards,car,22.0,54.04,48.6,47.43,47.81
05_Schafgasse_1_000013_000090,26,bobby car (gray),emotional hazards,car,23.0,51.2,44.28,43.65,43.78
05_Schafgasse_1_000013_000100,26,bobby car (gray),emotional hazards,car,22.0,45.71,40.61,39.97,40.18
05_Schafgasse_1_000013_000110,26,bobby car (gray),emotional hazards,car,25.0,41.84,36.89,36.26,36.44
05_Schafgasse_1_000013_000120,26,bobby car (gray),emotional hazards,car,30.0,36.78,33.52,33.19,33.28
05_Schafgasse_1_000013_000130,26,bobby car (gray),emotional hazards,car,32.0,32.16,31.49,30.87,31.02
05_Schafgasse_1_000013_000140,26,bobby car (gray),emotional hazards,car,39.0,28.02,27.93,27.59,27.68
05_Schafgasse_1_000013_000150,26,bobby car (gray),emotional hazards,car,45.0,23.07,23.52,23.28,23.36
05_Schafgasse_1_000013_000160,26,bobby car (gray),emotional hazards,car,55.0,18.43,20.35,20.2,20.27
05_Schafgasse_1_000013_000170,26,bobby car (gray),emotional hazards,car,69.0,14.2,15.88,15.68,15.74
05_Schafgasse_1_000013_000180,26,bobby car (gray),emotional hazards,car,97.0,10.46,12.44,12.29,12.33
05_Schafgasse_1_000014_000090,24,dog (white),emotional hazards,dog,32.0,32.25,33.06,32.21,32.45
05_Schafgasse_1_000014_000100,24,dog (white),emotional hazards,dog,32.0,28.71,30.08,28.93,29.26
05_Schafgasse_1_000014_000110,24,dog (white),emotional hazards,dog,38.0,25.23,26.46,26.0,26.08
05_Schafgasse_1_000014_000120,24,dog (white),emotional hazards,dog,42.0,21.15,22.84,22.58,22.66
05_Schafgasse_1_000014_000130,24,dog (white),emotional hazards,dog,53.0,17.66,20.05,19.78,19.88
05_Schafgasse_1_000014_000140,24,dog (white),emotional hazards,dog,62.0,14.09,16.63,16.35,16.49
05_Schafgasse_1_000014_000150,24,dog (white),emotional hazards,dog,79.0,11.09,13.24,13.05,13.11
05_Schafgasse_1_000014_000160,24,dog (white),emotional hazards,dog,104.0,8.48,10.53,10.23,10.33
05_Schafgasse_1_000015_000050,27,bobby car (red),emotional hazards,traffic cone,24.0,47.76,44.03,42.76,43.07
05_Schafgasse_1_000015_000060,27,bobby car (red),emotional hazards,person,25.0,43.62,42.02,41.29,41.45
05_Schafgasse_1_000015_000070,27,bobby car (red),emotional hazards,person,26.0,41.34,40.7,39.92,40.14
05_Schafgasse_1_000015_000080,27,bobby car (red),emotional hazards,person,30.0,37.11,36.23,35.5,35.64
05_Schafgasse_1_000015_000090,27,bobby car (red),emotional hazards,person,33.0,33.46,32.09,31.68,31.8
05_Schafgasse_1_000015_000100,27,bobby car (red),emotional hazards,person,36.0,29.06,30.17,29.68,29.85
05_Schafgasse_1_000015_000110,27,bobby car (red),emotional hazards,car,41.0,25.47,25.98,25.79,25.85
05_Schafgasse_1_000015_000120,27,bobby car (red),emotional hazards,car,46.0,21.62,22.74,22.52,22.58
05_Schafgasse_1_000015_000130,27,bobby car (red),emotional hazards,car,55.0,18.15,20.25,20.16,20.16
05_Schafgasse_1_000015_000140,27,bobby car (red),emotional hazards,car,68.0,14.93,16.71,16.64,16.65
05_Schafgasse_1_000015_000150,27,bobby car (red),emotional hazards,car,82.0,12.05,14.12,14.04,14.07
05_Schafgasse_1_000015_000160,27,bobby car (red),emotional hazards,car,104.0,9.41,12.35,12.25,12.28
05_Schafgasse_1_000015_000170,27,bobby car (red),emotional hazards,car,135.0,7.29,10.09,9.97,10.01
05_Schafgasse_1_000016_000150,27,bobby car (red),emotional hazards,car,63.0,16.08,16.63,16.46,16.51
05_Schafgasse_1_000016_000160,27,bobby car (red),emotional hazards,car,80.0,12.51,13.52,13.32,13.38
05_Schafgasse_1_000016_000170,27,bobby car (red),emotional hazards,car,108.0,9.15,10.91,10.7,10.77
05_Schafgasse_1_000017_000080,26,bobby car (gray),emotional hazards,motorcycle,26.0,43.18,42.11,40.56,40.95
05_Schafgasse_1_000017_000090,26,bobby car (gray),emotional hazards,motorcycle,27.0,39.46,38.89,37.74,38.05
05_Schafgasse_1_000017_000100,26,bobby car (gray),emotional hazards,motorcycle,30.0,35.81,36.53,35.03,35.37
05_Schafgasse_1_000017_000110,26,bobby car (gray),emotional hazards,motorcycle,32.0,31.94,32.06,31.14,31.38
05_Schafgasse_1_000017_000120,26,bobby car (gray),emotional hazards,dog,35.0,28.26,29.04,28.61,28.76
05_Schafgasse_1_000017_000130,26,bobby car (gray),emotional hazards,dog,42.0,25.01,25.95,25.76,25.84
05_Schafgasse_1_000017_000140,26,bobby car (gray),emotional hazards,dog,49.0,21.2,21.45,21.18,21.29
05_Schafgasse_1_000017_000150,26,bobby car (gray),emotional hazards,motorcycle,57.0,17.74,18.2,18.02,18.12
05_Schafgasse_1_000017_000160,26,bobby car (gray),emotional hazards,car,70.0,14.1,15.71,15.55,15.6
05_Schafgasse_1_000017_000170,26,bobby car (gray),emotional hazards,motorcycle,92.0,10.89,12.51,12.3,12.37
05_Schafgasse_1_000017_000180,26,bobby car (gray),emotional hazards,motorcycle,127.0,7.91,9.32,9.22,9.25
05_Schafgasse_1_000018_000110,24,dog (white),emotional hazards,dog,43.0,25.71,27.12,26.61,26.79
05_Schafgasse_1_000018_000120,24,dog (white),emotional hazards,dog,50.0,21.02,21.47,21.13,21.23
05_Schafgasse_1_000018_000130,24,dog (white),emotional hazards,dog,62.0,16.71,17.39,17.18,17.25
05_Schafgasse_1_000018_000140,24,dog (white),emotional hazards,dog,77.0,12.49,13.49,13.37,13.42
05_Schafgasse_1_000018_000150,24,dog (white),emotional hazards,dog,111.0,8.45,9.97,9.86,9.88
05_Schafgasse_1_000019_000160,23,dog (black),emotional hazards,dog,44.0,28.7,29.66,28.95,29.3
05_Schafgasse_1_000019_000180,23,dog (black),emotional hazards,dog,58.0,20.05,20.5,19.94,20.07
05_Schafgasse_1_000019_000190,23,dog (black),emotional hazards,dog,68.0,15.91,17.09,16.76,16.9
05_Schafgasse_1_000019_000200,23,dog (black),emotional hazards,dog,88.0,12.12,13.85,13.69,13.76
05_Schafgasse_1_000019_000210,23,dog (black),emotional hazards,dog,125.0,8.76,10.33,10.15,10.2
07_Festplatz_Flugfeld_000000_000210,04,crate (gray),standard objects,traffic barricade,34.0,14.06,15.87,15.71,15.76
07_Festplatz_Flugfeld_000000_000210,05,"crate (gray, 2x stacked)",standard objects,obstacle,32.0,27.28,26.59,26.34,26.43
07_Festplatz_Flugfeld_000000_000220,04,crate (gray),standard objects,obstacle,43.0,10.2,13.74,13.59,13.65
07_Festplatz_Flugfeld_000000_000220,05,"crate (gray, 2x stacked)",standard objects,obstacle,35.0,23.19,26.91,26.68,26.76
07_Festplatz_Flugfeld_000000_000230,05,"crate (gray, 2x stacked)",standard objects,construction barrier,38.0,19.43,22.96,22.77,22.83
07_Festplatz_Flugfeld_000000_000240,05,"crate (gray, 2x stacked)",standard objects,obstacle,51.0,15.84,16.98,16.86,16.89
07_Festplatz_Flugfeld_000000_000250,05,"crate (gray, 2x stacked)",standard objects,obstacle,70.0,12.57,14.19,14.08,14.11
07_Festplatz_Flugfeld_000000_000250,06,"crate (gray, upright)",standard objects,obstacle,80.0,17.61,19.93,19.85,19.9
07_Festplatz_Flugfeld_000000_000260,05,"crate (gray, 2x stacked)",standard objects,obstacle,93.0,9.07,12.01,11.84,11.9
07_Festplatz_Flugfeld_000000_000260,06,"crate (gray, upright)",standard objects,obstacle,97.0,14.11,18.34,18.24,18.28
07_Festplatz_Flugfeld_000001_000120,01,crate (black),standard objects,traffic cone,11.0,64.13,50.68,46.96,48.18
07_Festplatz_Flugfeld_000001_000130,01,crate (black),standard objects,traffic cone,13.0,61.19,46.97,44.23,44.95
07_Festplatz_Flugfeld_000001_000210,03,"crate (black, upright)",standard objects,obstacle,52.0,13.15,16.07,15.96,16.01
07_Festplatz_Flugfeld_000001_000220,03,"crate (black, upright)",standard objects,obstacle,72.0,9.81,13.37,13.26,13.3
07_Festplatz_Flugfeld_000001_000230,01,crate (black),standard objects,box,41.0,19.47,21.25,21.01,21.11
07_Festplatz_Flugfeld_000001_000230,03,"crate (black, upright)",standard objects,obstacle,103.0,7.16,9.16,9.04,9.09
07_Festplatz_Flugfeld_000002_000200,07,bumper,random hazards,car,19.0,96.91,74.25,71.8,72.82
07_Festplatz_Flugfeld_000002_000250,08,cardboard box,random hazards,traffic cone,13.0,70.26,52.07,47.28,49.05
07_Festplatz_Flugfeld_000002_000250,07,bumper,random hazards,car,21.0,81.85,67.13,59.37,62.53
07_Festplatz_Flugfeld_000002_000260,08,cardboard box,random hazards,traffic cone,13.0,66.52,51.89,48.16,49.17
07_Festplatz_Flugfeld_000002_000260,07,bumper,random hazards,car,22.0,79.18,64.49,60.16,61.78
07_Festplatz_Flugfeld_000002_000270,08,cardboard box,random hazards,traffic cone,14.0,65.08,46.81,44.48,45.18
07_Festplatz_Flugfeld_000002_000270,07,bumper,random hazards,car,23.0,74.13,56.34,54.94,55.47
07_Festplatz_Flugfeld_000002_000290,08,cardboard box,random hazards,traffic cone,15.0,55.77,47.27,43.24,44.27
07_Festplatz_Flugfeld_000002_000290,07,bumper,random hazards,car,23.0,64.3,54.48,53.35,53.85
07_Festplatz_Flugfeld_000002_000300,08,cardboard box,random hazards,traffic cone,17.0,50.66,42.71,41.01,41.66
07_Festplatz_Flugfeld_000002_000300,07,bumper,random hazards,car,26.0,61.45,48.78,47.3,47.91
07_Festplatz_Flugfeld_000002_000310,08,cardboard box,random hazards,traffic cone,19.0,48.05,35.82,34.32,34.92
07_Festplatz_Flugfeld_000002_000310,07,bumper,random hazards,car,26.0,57.05,44.26,42.64,43.28
07_Festplatz_Flugfeld_000002_000320,08,cardboard box,random hazards,traffic cone,21.0,42.8,33.86,32.87,33.17
07_Festplatz_Flugfeld_000002_000320,07,bumper,random hazards,car,27.0,51.62,40.61,39.48,39.8
07_Festplatz_Flugfeld_000002_000330,08,cardboard box,random hazards,traffic cone,22.0,39.31,32.83,31.9,32.19
07_Festplatz_Flugfeld_000002_000330,07,bumper,random hazards,car,30.0,48.6,42.3,39.71,40.65
07_Festplatz_Flugfeld_000002_000340,08,cardboard box,random hazards,traffic cone,24.0,35.66,31.82,31.3,31.45
07_Festplatz_Flugfeld_000002_000340,07,bumper,random hazards,car,33.0,43.1,40.44,38.48,39.06
07_Festplatz_Flugfeld_000002_000350,08,cardboard box,random hazards,traffic cone,26.0,31.73,27.15,26.93,26.98
07_Festplatz_Flugfeld_000002_000350,07,bumper,random hazards,car,35.0,40.65,34.52,33.62,33.89
07_Festplatz_Flugfeld_000002_000360,08,cardboard box,random hazards,traffic cone,30.0,28.34,24.36,24.18,24.25
07_Festplatz_Flugfeld_000002_000360,07,bumper,random hazards,car,39.0,36.23,32.44,31.28,31.6
07_Festplatz_Flugfeld_000002_000370,08,cardboard box,random hazards,box,40.0,24.87,21.02,20.81,20.88
07_Festplatz_Flugfeld_000002_000370,07,bumper,random hazards,car,48.0,32.92,29.23,28.22,28.55
07_Festplatz_Flugfeld_000002_000380,08,cardboard box,random hazards,box,42.0,21.24,19.48,19.29,19.34
07_Festplatz_Flugfeld_000002_000380,07,bumper,random hazards,car,49.0,29.28,28.25,27.33,27.59
07_Festplatz_Flugfeld_000002_000390,08,cardboard box,random hazards,box,49.0,18.09,18.12,17.91,17.98
07_Festplatz_Flugfeld_000002_000390,07,bumper,random hazards,car,58.0,25.89,27.28,26.22,26.55
07_Festplatz_Flugfeld_000002_000400,08,cardboard box,random hazards,box,59.0,14.72,15.45,15.36,15.4
07_Festplatz_Flugfeld_000002_000400,07,bumper,random hazards,car,63.0,22.92,24.98,23.87,24.17
07_Festplatz_Flugfeld_000002_000410,08,cardboard box,random hazards,traffic barricade,77.0,11.6,11.85,11.7,11.76
07_Festplatz_Flugfeld_000002_000410,07,bumper,random hazards,car,70.0,19.75,21.3,20.16,20.35
07_Festplatz_Flugfeld_000002_000420,07,bumper,random hazards,car,84.0,16.84,17.84,17.51,17.62
07_Festplatz_Flugfeld_000002_000420,08,cardboard box,random hazards,construction barrier,105.0,8.65,8.79,8.7,8.74
07_Festplatz_Flugfeld_000002_000430,07,bumper,random hazards,car,95.0,14.14,15.64,15.38,15.44
07_Festplatz_Flugfeld_000002_000440,07,bumper,random hazards,car,121.0,11.59,13.92,13.7,13.76
07_Festplatz_Flugfeld_000003_000110,07,bumper,random hazards,car,17.0,87.15,72.21,66.04,68.23
07_Festplatz_Flugfeld_000003_000120,07,bumper,random hazards,car,16.0,82.42,82.08,63.04,65.35
07_Festplatz_Flugfeld_000003_000130,07,bumper,random hazards,car,17.0,79.18,83.48,57.01,63.35
07_Festplatz_Flugfeld_000003_000140,07,bumper,random hazards,car,18.0,76.01,67.83,59.73,61.7
07_Festplatz_Flugfeld_000003_000150,07,bumper,random hazards,car,17.0,72.87,59.99,56.69,57.86
07_Festplatz_Flugfeld_000003_000160,07,bumper,random hazards,car,20.0,66.45,65.41,55.87,57.44
07_Festplatz_Flugfeld_000003_000170,07,bumper,random hazards,car,23.0,63.95,60.63,50.27,51.16
07_Festplatz_Flugfeld_000003_000180,07,bumper,random hazards,motorcycle,24.0,60.28,49.55,45.69,46.48
07_Festplatz_Flugfeld_000003_000190,07,bumper,random hazards,motorcycle,23.0,58.16,46.98,43.58,44.11
07_Festplatz_Flugfeld_000003_000200,07,bumper,random hazards,motorcycle,25.0,53.63,44.03,42.02,42.55
07_Festplatz_Flugfeld_000003_000210,07,bumper,random hazards,car,28.0,51.13,44.4,40.37,41.02
07_Festplatz_Flugfeld_000003_000220,07,bumper,random hazards,motorcycle,29.0,47.44,39.65,37.74,38.13
07_Festplatz_Flugfeld_000003_000230,07,bumper,random hazards,car,31.0,43.27,38.24,36.6,37.08
07_Festplatz_Flugfeld_000003_000240,07,bumper,random hazards,motorcycle,32.0,41.34,35.6,34.0,34.41
07_Festplatz_Flugfeld_000003_000250,07,bumper,random hazards,motorcycle,35.0,37.0,33.17,32.05,32.43
07_Festplatz_Flugfeld_000003_000260,07,bumper,random hazards,bicycle,38.0,34.24,29.21,28.19,28.42
07_Festplatz_Flugfeld_000003_000270,07,bumper,random hazards,motorcycle,43.0,30.74,27.67,26.7,26.94
07_Festplatz_Flugfeld_000003_000280,34,styrofoam,random hazards,obstacle,32.0,11.85,13.82,13.54,13.63
07_Festplatz_Flugfeld_000003_000280,07,bumper,random hazards,motorcycle,51.0,26.76,25.78,24.8,24.99
07_Festplatz_Flugfeld_000003_000290,34,styrofoam,random hazards,obstacle,53.0,8.0,9.97,9.75,9.82
07_Festplatz_Flugfeld_000003_000290,07,bumper,random hazards,motorcycle,56.0,23.24,23.74,23.32,23.43
07_Festplatz_Flugfeld_000003_000300,07,bumper,random hazards,motorcycle,73.0,19.75,20.53,20.05,20.19
07_Festplatz_Flugfeld_000003_000310,07,bumper,random hazards,motorcycle,88.0,16.45,16.42,15.77,16.06
07_Festplatz_Flugfeld_000003_000320,07,bumper,random hazards,motorcycle,114.0,13.15,14.55,13.95,14.18
07_Festplatz_Flugfeld_000003_000330,07,bumper,random hazards,motorcycle,154.0,10.12,12.64,12.07,12.29
07_Festplatz_Flugfeld_000003_000340,07,bumper,random hazards,obstacle,215.0,7.54,9.07,8.45,8.68
07_Festplatz_Flugfeld_000004_000030,20,tire,random hazards,obstacle,14.0,51.41,39.9,38.91,39.4
07_Festplatz_Flugfeld_000004_000060,20,tire,random hazards,obstacle,15.0,48.55,39.63,38.5,39.01
07_Festplatz_Flugfeld_000004_000080,20,tire,random hazards,obstacle,17.0,44.14,35.0,34.55,34.67
07_Festplatz_Flugfeld_000004_000100,20,tire,random hazards,obstacle,20.0,38.09,30.68,30.22,30.34
07_Festplatz_Flugfeld_000004_000110,08,cardboard box,random hazards,obstacle,11.0,40.75,36.52,35.67,36.06
07_Festplatz_Flugfeld_000004_000120,08,cardboard box,random hazards,obstacle,14.0,36.31,33.27,32.61,32.91
07_Festplatz_Flugfeld_000004_000120,20,tire,random hazards,obstacle,24.0,31.38,27.79,27.48,27.59
07_Festplatz_Flugfeld_000004_000130,20,tire,random hazards,obstacle,29.0,28.1,24.64,24.43,24.49
07_Festplatz_Flugfeld_000004_000140,08,cardboard box,random hazards,obstacle,18.0,30.37,28.09,27.69,27.83
07_Festplatz_Flugfeld_000004_000140,20,tire,random hazards,obstacle,34.0,23.81,21.92,21.74,21.79
07_Festplatz_Flugfeld_000004_000150,08,cardboard box,random hazards,obstacle,20.0,26.66,25.39,25.04,25.16
07_Festplatz_Flugfeld_000004_000150,20,tire,random hazards,obstacle,38.0,20.29,18.98,18.79,18.85
07_Festplatz_Flugfeld_000004_000160,08,cardboard box,random hazards,obstacle,21.0,23.61,22.34,22.08,22.19
07_Festplatz_Flugfeld_000004_000160,20,tire,random hazards,obstacle,48.0,17.03,16.23,16.13,16.16
07_Festplatz_Flugfeld_000004_000170,08,cardboard box,random hazards,obstacle,24.0,20.48,20.2,20.02,20.08
07_Festplatz_Flugfeld_000004_000170,20,tire,random hazards,obstacle,56.0,13.72,13.91,13.79,13.82
07_Festplatz_Flugfeld_000004_000180,08,cardboard box,random hazards,obstacle,28.0,17.31,18.11,17.97,18.02
07_Festplatz_Flugfeld_000004_000180,20,tire,random hazards,obstacle,71.0,10.66,11.41,11.28,11.32
07_Festplatz_Flugfeld_000004_000190,08,cardboard box,random hazards,box,37.0,14.72,15.34,15.19,15.25
07_Festplatz_Flugfeld_000004_000190,20,tire,random hazards,obstacle,100.0,7.87,8.81,8.72,8.74
07_Festplatz_Flugfeld_000004_000200,08,cardboard box,random hazards,box,44.0,11.83,12.94,12.84,12.88
07_Festplatz_Flugfeld_000004_000210,08,cardboard box,random hazards,box,61.0,9.21,10.27,10.17,10.21
07_Festplatz_Flugfeld_000004_000220,08,cardboard box,random hazards,box,80.0,6.89,7.93,7.86,7.88
07_Festplatz_Flugfeld_000005_000120,09,crate (blue),random hazards,box,19.0,27.73,26.1,25.55,25.71
07_Festplatz_Flugfeld_000005_000130,09,crate (blue),random hazards,obstacle,25.0,24.88,24.38,23.93,24.05
07_Festplatz_Flugfeld_000005_000140,09,crate (blue),random hazards,box,26.0,21.7,22.24,21.88,21.98
07_Festplatz_Flugfeld_000005_000160,09,crate (blue),random hazards,box,38.0,15.82,16.75,16.61,16.66
07_Festplatz_Flugfeld_000005_000170,09,crate (blue),random hazards,box,44.0,12.9,14.1,14.04,14.06
07_Festplatz_Flugfeld_000005_000180,09,crate (blue),random hazards,box,61.0,10.04,11.58,11.52,11.55
07_Festplatz_Flugfeld_000005_000190,09,crate (blue),random hazards,box,90.0,7.07,8.3,8.21,8.25
07_Festplatz_Flugfeld_000005_000200,13,exhaust pipe,random hazards,ball,99.0,8.56,9.39,9.34,9.36
15_Rechbergstr_Deckenpfronn_000000_000040,39,kid (walking),humans,person,52.0,44.16,47.7,46.41,46.85
15_Rechbergstr_Deckenpfronn_000000_000040,40,kid (on a bobby car),humans,motorcycle,48.0,43.18,47.37,46.42,46.84
15_Rechbergstr_Deckenpfronn_000000_000050,40,kid (on a bobby car),humans,motorcycle,51.0,43.23,47.27,46.0,46.54
15_Rechbergstr_Deckenpfronn_000000_000060,39,kid (walking),humans,person,28.0,44.4,47.83,46.93,47.23
15_Rechbergstr_Deckenpfronn_000000_000060,40,kid (on a bobby car),humans,motorcycle,48.0,43.39,47.2,46.09,46.54
15_Rechbergstr_Deckenpfronn_000000_000070,39,kid (walking),humans,person,31.0,45.04,49.19,48.32,48.59
15_Rechbergstr_Deckenpfronn_000000_000070,40,kid (on a bobby car),humans,motorcycle,49.0,43.31,47.71,46.22,46.92
15_Rechbergstr_Deckenpfronn_000000_000080,39,kid (walking),humans,person,50.0,45.09,46.36,45.27,45.65
15_Rechbergstr_Deckenpfronn_000000_000080,40,kid (on a bobby car),humans,motorcycle,50.0,43.24,47.3,46.23,46.72
15_Rechbergstr_Deckenpfronn_000000_000090,40,kid (on a bobby car),humans,motorcycle,50.0,43.31,45.95,44.65,45.26
15_Rechbergstr_Deckenpfronn_000000_000100,40,kid (on a bobby car),humans,motorcycle,49.0,43.47,46.71,45.77,46.19
15_Rechbergstr_Deckenpfronn_000000_000110,41,kid (on a small bobby car),humans,person,38.0,46.37,48.25,46.9,47.23
15_Rechbergstr_Deckenpfronn_000000_000110,40,kid (on a bobby car),humans,motorcycle,46.0,43.64,47.73,46.18,46.79
15_Rechbergstr_Deckenpfronn_000000_000120,40,kid (on a bobby car),humans,person,45.0,44.11,47.7,46.76,47.13
15_Rechbergstr_Deckenpfronn_000000_000120,41,kid (on a small bobby car),humans,person,37.0,46.99,48.46,47.23,47.63
15_Rechbergstr_Deckenpfronn_000000_000130,40,kid (on a bobby car),humans,person,47.0,45.48,48.93,48.0,48.37
15_Rechbergstr_Deckenpfronn_000000_000130,41,kid (on a small bobby car),humans,person,36.0,47.81,49.36,47.6,48.11
15_Rechbergstr_Deckenpfronn_000000_000140,40,kid (on a bobby car),humans,motorcycle,46.0,47.36,48.83,47.64,47.94
15_Rechbergstr_Deckenpfronn_000000_000140,41,kid (on a small bobby car),humans,person,37.0,47.34,47.96,46.36,46.84
15_Rechbergstr_Deckenpfronn_000000_000150,40,kid (on a bobby car),humans,motorcycle,47.0,48.08,48.89,48.12,48.45
15_Rechbergstr_Deckenpfronn_000000_000150,41,kid (on a small bobby car),humans,person,38.0,47.74,48.43,46.7,47.21
15_Rechbergstr_Deckenpfronn_000000_000160,40,kid (on a bobby car),humans,person,47.0,47.93,48.24,47.47,47.71
15_Rechbergstr_Deckenpfronn_000000_000160,41,kid (on a small bobby car),humans,person,37.0,47.58,47.69,46.04,46.52
15_Rechbergstr_Deckenpfronn_000000_000170,40,kid (on a bobby car),humans,person,48.0,48.64,48.63,47.92,48.11
15_Rechbergstr_Deckenpfronn_000000_000170,41,kid (on a small bobby car),humans,person,37.0,47.76,47.92,46.39,46.9
15_Rechbergstr_Deckenpfronn_000000_000180,40,kid (on a bobby car),humans,person,48.0,47.81,48.84,48.03,48.23
15_Rechbergstr_Deckenpfronn_000000_000180,41,kid (on a small bobby car),humans,person,37.0,47.54,48.0,46.55,47.01
15_Rechbergstr_Deckenpfronn_000001_000040,41,kid (on a small bobby car),humans,person,25.0,62.59,65.79,62.29,63.37
15_Rechbergstr_Deckenpfronn_000001_000040,39,kid (walking),humans,person,34.0,64.3,68.94,65.59,66.79
15_Rechbergstr_Deckenpfronn_000001_000050,41,kid (on a small bobby car),humans,person,26.0,62.04,65.72,62.41,63.44
15_Rechbergstr_Deckenpfronn_000001_000050,39,kid (walking),humans,person,33.0,64.56,67.2,65.88,66.49
15_Rechbergstr_Deckenpfronn_000001_000050,40,kid (on a bobby car),humans,person,28.0,62.46,65.07,63.65,64.17
15_Rechbergstr_Deckenpfronn_000001_000060,41,kid (on a small bobby car),humans,person,26.0,61.57,67.79,64.51,65.59
15_Rechbergstr_Deckenpfronn_000001_000060,40,kid (on a bobby car),humans,person,27.0,63.86,69.88,68.25,69.38
15_Rechbergstr_Deckenpfronn_000001_000060,39,kid (walking),humans,person,35.0,64.82,69.49,68.87,68.94
15_Rechbergstr_Deckenpfronn_000001_000070,41,kid (on a small bobby car),humans,person,26.0,61.81,67.42,64.23,65.26
15_Rechbergstr_Deckenpfronn_000001_000070,40,kid (on a bobby car),humans,person,26.0,63.73,69.0,67.83,68.44
15_Rechbergstr_Deckenpfronn_000001_000070,39,kid (walking),humans,person,35.0,64.05,68.89,67.86,68.28
15_Rechbergstr_Deckenpfronn_000001_000080,40,kid (on a bobby car),humans,person,34.0,63.79,66.24,65.23,65.67
15_Rechbergstr_Deckenpfronn_000001_000080,41,kid (on a small bobby car),humans,person,27.0,62.37,66.31,63.15,64.16
15_Rechbergstr_Deckenpfronn_000001_000080,39,kid (walking),humans,person,35.0,63.64,66.83,65.97,66.25
15_Rechbergstr_Deckenpfronn_000001_000090,39,kid (walking),humans,person,34.0,63.76,66.86,64.86,65.6
15_Rechbergstr_Deckenpfronn_000001_000090,41,kid (on a small bobby car),humans,person,26.0,62.34,65.03,62.73,63.46
15_Rechbergstr_Deckenpfronn_000001_000100,40,kid (on a bobby car),humans,person,34.0,62.86,67.96,66.24,66.76
15_Rechbergstr_Deckenpfronn_000001_000100,41,kid (on a small bobby car),humans,person,27.0,62.46,65.32,63.15,63.81
15_Rechbergstr_Deckenpfronn_000001_000100,39,kid (walking),humans,person,33.0,62.98,67.58,65.98,66.47
15_Rechbergstr_Deckenpfronn_000001_000110,40,kid (on a bobby car),humans,person,36.0,62.8,66.85,65.28,65.87
15_Rechbergstr_Deckenpfronn_000001_000120,41,kid (on a small bobby car),humans,person,26.0,61.54,65.74,63.94,65.19
15_Rechbergstr_Deckenpfronn_000001_000120,40,kid (on a bobby car),humans,person,36.0,63.86,65.85,64.19,64.72
15_Rechbergstr_Deckenpfronn_000001_000130,41,kid (on a small bobby car),humans,person,26.0,61.92,64.34,62.12,62.86
15_Rechbergstr_Deckenpfronn_000001_000130,40,kid (on a bobby car),humans,person,35.0,63.6,64.99,63.34,63.99
15_Rechbergstr_Deckenpfronn_000001_000140,41,kid (on a small bobby car),humans,person,28.0,61.72,67.04,63.95,64.93
15_Rechbergstr_Deckenpfronn_000001_000140,40,kid (on a bobby car),humans,person,35.0,63.76,69.85,67.55,68.34
15_Rechbergstr_Deckenpfronn_000001_000150,41,kid (on a small bobby car),humans,person,27.0,61.75,66.4,63.85,64.68
15_Rechbergstr_Deckenpfronn_000001_000150,40,kid (on a bobby car),humans,person,39.0,63.51,70.2,67.3,68.15
15_Rechbergstr_Deckenpfronn_000001_000160,41,kid (on a small bobby car),humans,person,26.0,61.81,66.16,63.79,64.74
15_Rechbergstr_Deckenpfronn_000001_000160,40,kid (on a bobby car),humans,person,36.0,64.53,68.95,66.47,67.18
15_Rechbergstr_Deckenpfronn_000001_000170,41,kid (on a small bobby car),humans,person,26.0,61.98,66.11,63.65,64.57
15_Rechbergstr_Deckenpfronn_000001_000170,39,kid (walking),humans,person,30.0,64.08,67.62,65.56,66.27
15_Rechbergstr_Deckenpfronn_000001_000180,41,kid (on a small bobby car),humans,person,27.0,62.16,66.14,63.47,64.41
15_Rechbergstr_Deckenpfronn_000001_000180,39,kid (walking),humans,person,31.0,65.21,68.66,66.34,67.26
15_Rechbergstr_Deckenpfronn_000001_000190,41,kid (on a small bobby car),humans,person,26.0,61.66,67.16,64.57,65.4
15_Rechbergstr_Deckenpfronn_000001_000190,39,kid (walking),humans,person,30.0,63.95,69.59,67.18,67.97
15_Rechbergstr_Deckenpfronn_000001_000190,40,kid (on a bobby car),humans,person,38.0,61.63,66.42,64.39,65.21
15_Rechbergstr_Deckenpfronn_000001_000200,40,kid (on a bobby car),humans,motorcycle,15.0,68.36,69.89,67.54,68.61
15_Rechbergstr_Deckenpfronn_000001_000200,41,kid (on a small bobby car),humans,person,27.0,62.22,65.44,62.95,63.68
15_Rechbergstr_Deckenpfronn_000001_000200,40,kid (on a bobby car),humans,motorcycle,29.0,61.89,62.11,60.86,61.3
15_Rechbergstr_Deckenpfronn_000001_000210,41,kid (on a small bobby car),humans,person,26.0,61.89,66.68,63.91,64.92
15_Rechbergstr_Deckenpfronn_000001_000210,40,kid (on a bobby car),humans,motorcycle,15.0,63.29,63.63,61.31,62.2
15_Rechbergstr_Deckenpfronn_000001_000210,40,kid (on a bobby car),humans,motorcycle,34.0,61.13,62.07,60.86,61.35
15_Rechbergstr_Deckenpfronn_000001_000220,41,kid (on a small bobby car),humans,person,26.0,62.07,66.11,63.28,64.18
15_Rechbergstr_Deckenpfronn_000001_000220,40,kid (on a bobby car),humans,motorcycle,21.0,64.59,68.87,66.76,67.24
15_Rechbergstr_Deckenpfronn_000001_000220,40,kid (on a bobby car),humans,motorcycle,34.0,60.93,62.25,60.91,61.37
15_Rechbergstr_Deckenpfronn_000001_000230,40,kid (on a bobby car),humans,motorcycle,18.0,64.33,66.19,64.37,65.19
15_Rechbergstr_Deckenpfronn_000001_000230,41,kid (on a small bobby car),humans,person,27.0,62.65,66.38,63.88,64.63
15_Rechbergstr_Deckenpfronn_000001_000230,40,kid (on a bobby car),humans,bicycle,34.0,60.67,60.52,59.59,59.92
15_Rechbergstr_Deckenpfronn_000001_000240,41,kid (on a small bobby car),humans,motorcycle,26.0,61.6,65.9,64.2,64.79
15_Rechbergstr_Deckenpfronn_000001_000240,40,kid (on a bobby car),humans,bicycle,33.0,61.72,60.94,60.07,60.35
15_Rechbergstr_Deckenpfronn_000001_000250,41,kid (on a small bobby car),humans,bicycle,26.0,62.8,65.01,63.69,64.17
15_Rechbergstr_Deckenpfronn_000001_000250,40,kid (on a bobby car),humans,motorcycle,34.0,61.81,61.59,60.82,61.23
15_Rechbergstr_Deckenpfronn_000001_000260,40,kid (on a bobby car),humans,motorcycle,33.0,61.84,63.08,60.64,61.67
15_Rechbergstr_Deckenpfronn_000001_000270,41,kid (on a small bobby car),humans,motorcycle,26.0,61.84,64.8,63.31,63.78
15_Rechbergstr_Deckenpfronn_000001_000270,40,kid (on a bobby car),humans,motorcycle,33.0,61.78,64.47,62.73,63.27
15_Rechbergstr_Deckenpfronn_000001_000270,39,kid (walking),humans,motorcycle,33.0,64.43,66.83,66.26,66.58
15_Rechbergstr_Deckenpfronn_000001_000280,39,kid (walking),humans,motorcycle,33.0,64.46,67.48,67.28,67.29
15_Rechbergstr_Deckenpfronn_000001_000280,39,kid (walking),humans,person,33.0,63.98,67.29,67.26,67.27
15_Rechbergstr_Deckenpfronn_000001_000280,40,kid (on a bobby car),humans,motorcycle,33.0,61.98,63.62,61.73,62.26
15_Rechbergstr_Deckenpfronn_000001_000290,40,kid (on a bobby car),humans,person,34.0,61.63,64.11,61.22,61.88
15_Rechbergstr_Deckenpfronn_000001_000290,39,kid (walking),humans,person,33.0,63.7,68.82,67.4,67.93
15_Rechbergstr_Deckenpfronn_000001_000290,39,kid (walking),humans,person,34.0,63.57,67.88,67.06,67.28
15_Rechbergstr_Deckenpfronn_000001_000300,40,kid (on a bobby car),humans,motorcycle,34.0,62.04,62.7,60.73,61.33
15_Rechbergstr_Deckenpfronn_000001_000300,39,kid (walking),humans,motorcycle,34.0,64.21,68.74,66.94,67.42
15_Rechbergstr_Deckenpfronn_000002_000130,40,kid (on a bobby car),humans,motorcycle,57.0,41.8,43.13,42.2,42.44
15_Rechbergstr_Deckenpfronn_000002_000140,40,kid (on a bobby car),humans,motorcycle,55.0,37.5,41.86,40.78,41.14
15_Rechbergstr_Deckenpfronn_000002_000150,40,kid (on a bobby car),humans,motorcycle,60.0,35.88,38.88,38.44,38.61
15_Rechbergstr_Deckenpfronn_000002_000160,40,kid (on a bobby car),humans,motorcycle,63.0,33.36,36.64,36.1,36.35
15_Rechbergstr_Deckenpfronn_000002_000170,40,kid (on a bobby car),humans,motorcycle,66.0,31.83,33.28,32.97,33.08
15_Rechbergstr_Deckenpfronn_000002_000180,40,kid (on a bobby car),humans,motorcycle,71.0,31.04,31.43,31.07,31.25
15_Rechbergstr_Deckenpfronn_000003_000120,40,kid (on a bobby car),humans,motorcycle,59.0,36.89,43.21,41.36,42.03
15_Rechbergstr_Deckenpfronn_000003_000130,40,kid (on a bobby car),humans,motorcycle,62.0,35.36,39.56,38.33,38.76
15_Rechbergstr_Deckenpfronn_000003_000140,40,kid (on a bobby car),humans,motorcycle,67.0,31.98,35.73,34.73,35.03
15_Rechbergstr_Deckenpfronn_000003_000150,40,kid (on a bobby car),humans,motorcycle,70.0,30.42,31.23,30.59,30.84
15_Rechbergstr_Deckenpfronn_000003_000160,40,kid (on a bobby car),humans,motorcycle,76.0,28.11,30.41,29.87,30.0
15_Rechbergstr_Deckenpfronn_000003_000170,40,kid (on a bobby car),humans,person,83.0,25.69,28.49,27.57,27.73
15_Rechbergstr_Deckenpfronn_000004_000150,41,kid (on a small bobby car),humans,person,40.0,42.73,44.54,43.49,43.66
15_Rechbergstr_Deckenpfronn_000004_000160,41,kid (on a small bobby car),humans,person,41.0,40.22,43.4,42.26,42.6
15_Rechbergstr_Deckenpfronn_000004_000170,41,kid (on a small bobby car),humans,person,44.0,37.22,41.89,40.62,40.97
15_Rechbergstr_Deckenpfronn_000004_000180,41,kid (on a small bobby car),humans,dog,48.0,35.79,39.39,38.0,38.34
15_Rechbergstr_Deckenpfronn_000004_000190,41,kid (on a small bobby car),humans,person,51.0,32.83,37.0,35.55,35.86
15_Rechbergstr_Deckenpfronn_000004_000200,41,kid (on a small bobby car),humans,person,56.0,31.3,33.92,32.45,32.73
15_Rechbergstr_Deckenpfronn_000004_000210,41,kid (on a small bobby car),humans,motorcycle,59.0,28.25,30.53,29.86,30.16
15_Rechbergstr_Deckenpfronn_000004_000220,41,kid (on a small bobby car),humans,person,65.0,25.91,28.64,28.2,28.37
15_Rechbergstr_Deckenpfronn_000004_000230,41,kid (on a small bobby car),humans,motorcycle,71.0,23.51,25.95,25.61,25.68
15_Rechbergstr_Deckenpfronn_000004_000240,41,kid (on a small bobby car),humans,person,79.0,21.23,23.13,22.93,23.03
15_Rechbergstr_Deckenpfronn_000004_000250,41,kid (on a small bobby car),humans,person,87.0,19.39,21.48,21.29,21.38
15_Rechbergstr_Deckenpfronn_000004_000260,41,kid (on a small bobby car),humans,person,95.0,17.54,19.63,19.46,19.54
15_Rechbergstr_Deckenpfronn_000004_000270,41,kid (on a small bobby car),humans,person,108.0,15.74,17.74,17.51,17.65
15_Rechbergstr_Deckenpfronn_000004_000280,41,kid (on a small bobby car),humans,motorcycle,120.0,14.11,16.17,15.84,15.97
15_Rechbergstr_Deckenpfronn_000004_000290,41,kid (on a small bobby car),humans,person,132.0,13.19,15.1,14.92,15.03
15_Rechbergstr_Deckenpfronn_000005_000020,42,kid (crawling),humans,person,85.0,12.41,14.12,13.91,13.98
15_Rechbergstr_Deckenpfronn_000005_000030,42,kid (crawling),humans,person,82.0,12.47,14.11,13.87,13.97
15_Rechbergstr_Deckenpfronn_000005_000040,42,kid (crawling),humans,person,84.0,12.54,14.53,14.34,14.4
15_Rechbergstr_Deckenpfronn_000005_000050,42,kid (crawling),humans,person,82.0,12.6,14.61,14.38,14.45
15_Rechbergstr_Deckenpfronn_000005_000060,42,kid (crawling),humans,person,74.0,12.66,14.61,14.4,14.47
15_Rechbergstr_Deckenpfronn_000005_000070,42,kid (crawling),humans,person,67.0,12.69,14.28,14.07,14.15
15_Rechbergstr_Deckenpfronn_000005_000080,42,kid (crawling),humans,person,68.0,12.68,14.21,14.02,14.08
15_Rechbergstr_Deckenpfronn_000005_000090,42,kid (crawling),humans,person,69.0,12.71,14.38,14.24,14.29
15_Rechbergstr_Deckenpfronn_000005_000100,42,kid (crawling),humans,person,76.0,12.71,14.29,14.13,14.17
15_Rechbergstr_Deckenpfronn_000006_000090,39,kid (walking),humans,person,45.0,48.24,51.62,50.15,50.8
15_Rechbergstr_Deckenpfronn_000006_000100,39,kid (walking),humans,person,47.0,45.15,50.87,49.45,50.03
15_Rechbergstr_Deckenpfronn_000006_000110,39,kid (walking),humans,person,49.0,43.56,45.89,44.97,45.41
15_Rechbergstr_Deckenpfronn_000006_000120,39,kid (walking),humans,person,52.0,42.37,45.22,44.1,44.46
15_Rechbergstr_Deckenpfronn_000006_000130,39,kid (walking),humans,person,53.0,41.58,41.87,41.03,41.33
15_Rechbergstr_Deckenpfronn_000006_000140,39,kid (walking),humans,person,55.0,40.46,41.07,40.64,40.8
15_Rechbergstr_Deckenpfronn_000006_000160,39,kid (walking),humans,person,68.0,36.15,39.66,38.87,39.17
15_Rechbergstr_Deckenpfronn_000006_000170,39,kid (walking),humans,person,72.0,33.22,41.77,40.04,40.52
15_Rechbergstr_Deckenpfronn_000006_000180,39,kid (walking),humans,person,75.0,31.62,37.05,35.32,35.98
15_Rechbergstr_Deckenpfronn_000006_000190,39,kid (walking),humans,person,79.0,29.68,34.53,33.5,33.78
15_Rechbergstr_Deckenpfronn_000006_000200,39,kid (walking),humans,person,84.0,28.1,30.76,29.78,30.11
15_Rechbergstr_Deckenpfronn_000006_000210,39,kid (walking),humans,person,89.0,26.16,27.2,26.77,26.92
15_Rechbergstr_Deckenpfronn_000006_000220,39,kid (walking),humans,person,98.0,25.04,26.03,25.78,25.88
15_Rechbergstr_Deckenpfronn_000006_000230,39,kid (walking),humans,person,103.0,23.08,24.88,24.62,24.71
15_Rechbergstr_Deckenpfronn_000006_000230,39,kid (walking),humans,person,95.0,23.73,27.04,26.72,26.85
15_Rechbergstr_Deckenpfronn_000006_000240,39,kid (walking),humans,person,101.0,22.19,25.46,24.82,24.97
15_Rechbergstr_Deckenpfronn_000006_000250,39,kid (walking),humans,person,110.0,20.55,23.57,23.14,23.32
15_Rechbergstr_Deckenpfronn_000006_000260,39,kid (walking),humans,person,118.0,19.23,21.83,21.4,21.59
15_Rechbergstr_Deckenpfronn_000006_000270,39,kid (walking),humans,person,126.0,18.01,19.81,19.5,19.61
15_Rechbergstr_Deckenpfronn_000006_000280,39,kid (walking),humans,person,135.0,16.78,18.4,18.22,18.27
15_Rechbergstr_Deckenpfronn_000006_000320,39,kid (walking),humans,person,198.0,11.95,13.92,13.65,13.77
15_Rechbergstr_Deckenpfronn_000006_000330,39,kid (walking),humans,person,208.0,11.0,13.04,12.81,12.91
15_Rechbergstr_Deckenpfronn_000006_000340,39,kid (walking),humans,person,218.0,10.55,12.33,12.15,12.22
15_Rechbergstr_Deckenpfronn_000006_000350,39,kid (walking),humans,person,233.0,10.21,12.18,11.98,12.02
15_Rechbergstr_Deckenpfronn_000007_000050,39,kid (walking),humans,person,46.0,50.76,52.38,51.68,51.85
15_Rechbergstr_Deckenpfronn_000007_000060,39,kid (walking),humans,person,46.0,50.35,51.74,50.9,51.44
15_Rechbergstr_Deckenpfronn_000007_000070,39,kid (walking),humans,person,45.0,49.94,52.24,51.41,51.8
15_Rechbergstr_Deckenpfronn_000007_000080,39,kid (walking),humans,person,47.0,49.5,51.58,51.07,51.24
15_Rechbergstr_Deckenpfronn_000007_000090,39,kid (walking),humans,person,48.0,49.38,50.87,49.9,50.07
15_Rechbergstr_Deckenpfronn_000007_000150,39,kid (walking),humans,person,64.0,38.21,39.69,38.91,39.16
15_Rechbergstr_Deckenpfronn_000007_000160,39,kid (walking),humans,person,65.0,36.33,41.08,39.53,40.2
15_Rechbergstr_Deckenpfronn_000007_000170,39,kid (walking),humans,person,68.0,34.63,37.64,35.71,36.29
15_Rechbergstr_Deckenpfronn_000007_000180,39,kid (walking),humans,person,74.0,31.96,36.43,34.44,35.28
15_Rechbergstr_Deckenpfronn_000007_000190,39,kid (walking),humans,person,78.0,29.63,33.12,31.7,32.39
15_Rechbergstr_Deckenpfronn_000007_000200,39,kid (walking),humans,person,84.0,27.9,30.94,30.33,30.47
15_Rechbergstr_Deckenpfronn_000007_000230,39,kid (walking),humans,person,98.0,22.7,28.21,27.22,27.73
15_Rechbergstr_Deckenpfronn_000007_000240,39,kid (walking),humans,person,105.0,21.11,26.33,25.78,25.98
15_Rechbergstr_Deckenpfronn_000007_000250,39,kid (walking),humans,person,110.0,19.78,25.23,24.77,25.03
15_Rechbergstr_Deckenpfronn_000007_000260,39,kid (walking),humans,person,117.0,18.57,24.42,24.16,24.28
15_Rechbergstr_Deckenpfronn_000007_000270,39,kid (walking),humans,person,125.0,17.83,22.5,22.3,22.38
15_Rechbergstr_Deckenpfronn_000007_000280,39,kid (walking),humans,person,132.0,16.9,21.2,20.68,20.83
15_Rechbergstr_Deckenpfronn_000007_000350,39,kid (walking),humans,person,150.0,14.55,19.41,19.25,19.29
15_Rechbergstr_Deckenpfronn_000007_000360,39,kid (walking),humans,person,152.0,14.74,19.27,18.94,19.07
