frame,label,type,group,box_height_px,true_m,yolo26s-depth_median,yolo26s-depth_p10,yolo26s-depth_p25
02_Hanns_Klemm_Str_44_000000_000020,05,"crate (gray, 2x stacked)",standard objects,12.0,62.8,27.71,27.05,27.3
02_Hanns_Klemm_Str_44_000000_000060,05,"crate (gray, 2x stacked)",standard objects,14.0,53.3,27.81,27.0,27.32
02_Hanns_Klemm_Str_44_000000_000100,05,"crate (gray, 2x stacked)",standard objects,19.0,39.82,27.26,26.23,26.62
02_Hanns_Klemm_Str_44_000000_000140,05,"crate (gray, 2x stacked)",standard objects,34.0,22.13,19.62,18.45,18.93
02_Hanns_Klemm_Str_44_000000_000180,05,"crate (gray, 2x stacked)",standard objects,120.0,7.16,6.45,5.95,6.12
02_Hanns_Klemm_Str_44_000001_000040,05,"crate (gray, 2x stacked)",standard objects,13.0,59.22,30.78,30.26,30.48
02_Hanns_Klemm_Str_44_000001_000040,04,crate (gray),standard objects,8.0,57.15,28.94,28.43,28.63
02_Hanns_Klemm_Str_44_000001_000080,05,"crate (gray, 2x stacked)",standard objects,15.0,49.69,22.73,22.25,22.44
02_Hanns_Klemm_Str_44_000001_000080,04,crate (gray),standard objects,9.0,49.94,22.56,22.1,22.26
02_Hanns_Klemm_Str_44_000001_000120,05,"crate (gray, 2x stacked)",standard objects,19.0,37.86,27.62,26.71,27.05
02_Hanns_Klemm_Str_44_000001_000120,04,crate (gray),standard objects,11.0,38.76,27.71,27.09,27.33
02_Hanns_Klemm_Str_44_000001_000160,05,"crate (gray, 2x stacked)",standard objects,33.0,23.13,23.68,22.83,23.14
02_Hanns_Klemm_Str_44_000001_000160,04,crate (gray),standard objects,19.0,23.54,22.83,22.28,22.51
02_Hanns_Klemm_Str_44_000001_000200,05,"crate (gray, 2x stacked)",standard objects,105.0,7.93,8.64,7.97,8.24
02_Hanns_Klemm_Str_44_000001_000200,04,crate (gray),standard objects,70.0,7.99,7.79,7.33,7.51
02_Hanns_Klemm_Str_44_000002_000040,02,"crate (black, 2x stacked)",standard objects,23.0,58.42,27.64,27.08,27.29
02_Hanns_Klemm_Str_44_000002_000040,01,crate (black),standard objects,10.0,57.87,27.53,27.11,27.25
02_Hanns_Klemm_Str_44_000002_000080,02,"crate (black, 2x stacked)",standard objects,28.0,49.14,22.32,21.54,21.81
02_Hanns_Klemm_Str_44_000002_000080,01,crate (black),standard objects,14.0,48.2,22.46,21.91,22.12
02_Hanns_Klemm_Str_44_000002_000120,01,crate (black),standard objects,19.0,33.73,25.75,24.92,25.24
02_Hanns_Klemm_Str_44_000002_000120,02,"crate (black, 2x stacked)",standard objects,40.0,33.43,26.2,24.78,25.39
02_Hanns_Klemm_Str_44_000002_000160,02,"crate (black, 2x stacked)",standard objects,87.0,15.94,17.36,16.26,16.72
02_Hanns_Klemm_Str_44_000002_000160,01,crate (black),standard objects,42.0,16.07,16.81,15.87,16.26
02_Hanns_Klemm_Str_44_000003_000020,20,tire,random hazards,9.0,62.98,27.37,27.01,27.14
02_Hanns_Klemm_Str_44_000003_000020,34,styrofoam,random hazards,6.0,63.42,27.78,27.47,27.6
02_Hanns_Klemm_Str_44_000003_000060,20,tire,random hazards,10.0,54.2,24.42,23.92,24.07
02_Hanns_Klemm_Str_44_000003_000060,34,styrofoam,random hazards,8.0,52.78,24.42,23.89,24.08
02_Hanns_Klemm_Str_44_000003_000100,20,tire,random hazards,15.0,39.29,25.58,24.95,25.16
02_Hanns_Klemm_Str_44_000003_000100,34,styrofoam,random hazards,11.0,39.63,25.86,25.36,25.59
02_Hanns_Klemm_Str_44_000003_000140,20,tire,random hazards,27.0,22.01,20.25,19.49,19.78
02_Hanns_Klemm_Str_44_000003_000140,34,styrofoam,random hazards,19.0,22.25,19.17,18.46,18.75
02_Hanns_Klemm_Str_44_000005_000020,08,cardboard box,random hazards,10.0,60.42,25.66,25.09,25.27
02_Hanns_Klemm_Str_44_000005_000020,13,exhaust pipe,random hazards,10.0,60.3,25.01,24.69,24.83
02_Hanns_Klemm_Str_44_000005_000060,08,cardboard box,random hazards,10.0,53.48,25.34,24.61,24.82
02_Hanns_Klemm_Str_44_000005_000060,13,exhaust pipe,random hazards,9.0,52.82,24.59,24.23,24.39
02_Hanns_Klemm_Str_44_000005_000100,13,exhaust pipe,random hazards,14.0,40.54,25.04,24.78,24.88
02_Hanns_Klemm_Str_44_000005_000100,08,cardboard box,random hazards,14.0,40.37,26.02,25.38,25.59
02_Hanns_Klemm_Str_44_000005_000140,08,cardboard box,random hazards,25.0,24.19,22.89,21.76,22.15
02_Hanns_Klemm_Str_44_000005_000140,13,exhaust pipe,random hazards,26.0,24.75,21.31,20.73,21.01
02_Hanns_Klemm_Str_44_000005_000180,08,cardboard box,random hazards,63.0,9.69,7.64,7.22,7.4
02_Hanns_Klemm_Str_44_000005_000180,13,exhaust pipe,random hazards,65.0,10.26,9.12,8.63,8.81
02_Hanns_Klemm_Str_44_000006_000030,13,exhaust pipe,random hazards,11.0,47.44,25.21,24.41,24.74
02_Hanns_Klemm_Str_44_000006_000030,08,cardboard box,random hazards,10.0,51.8,26.21,25.44,25.67
02_Hanns_Klemm_Str_44_000006_000070,13,exhaust pipe,random hazards,15.0,46.95,20.18,19.67,19.91
02_Hanns_Klemm_Str_44_000006_000070,08,cardboard box,random hazards,12.0,45.26,19.59,18.77,19.08
02_Hanns_Klemm_Str_44_000006_000110,13,exhaust pipe,random hazards,18.0,34.67,15.34,14.91,15.06
02_Hanns_Klemm_Str_44_000006_000110,08,cardboard box,random hazards,15.0,34.35,15.44,14.86,15.07
02_Hanns_Klemm_Str_44_000006_000150,13,exhaust pipe,random hazards,33.0,21.58,15.53,15.0,15.2
02_Hanns_Klemm_Str_44_000006_000150,08,cardboard box,random hazards,27.0,21.27,16.21,15.58,15.83
02_Hanns_Klemm_Str_44_000006_000190,13,exhaust pipe,random hazards,113.0,7.59,6.58,6.21,6.33
02_Hanns_Klemm_Str_44_000006_000190,08,cardboard box,random hazards,82.0,7.34,6.46,6.15,6.26
02_Hanns_Klemm_Str_44_000007_000040,20,tire,random hazards,10.0,56.75,24.37,23.54,23.89
02_Hanns_Klemm_Str_44_000007_000080,20,tire,random hazards,11.0,53.13,25.18,24.31,24.65
02_Hanns_Klemm_Str_44_000007_000120,20,tire,random hazards,14.0,43.31,21.37,20.54,20.88
02_Hanns_Klemm_Str_44_000007_000160,20,tire,random hazards,18.0,32.51,17.89,17.11,17.4
02_Hanns_Klemm_Str_44_000007_000200,20,tire,random hazards,30.0,20.28,14.44,13.94,14.11
02_Hanns_Klemm_Str_44_000007_000240,20,tire,random hazards,95.0,7.22,6.26,6.01,6.09
02_Hanns_Klemm_Str_44_000008_000040,20,tire,random hazards,9.0,61.92,24.99,24.33,24.55
02_Hanns_Klemm_Str_44_000008_000080,20,tire,random hazards,11.0,55.38,24.18,23.44,23.73
02_Hanns_Klemm_Str_44_000008_000120,20,tire,random hazards,15.0,40.77,21.17,20.54,20.81
02_Hanns_Klemm_Str_44_000008_000160,20,tire,random hazards,21.0,26.35,19.38,18.72,18.97
02_Hanns_Klemm_Str_44_000008_000200,20,tire,random hazards,54.0,11.87,7.46,7.16,7.28
02_Hanns_Klemm_Str_44_000009_000030,02,"crate (black, 2x stacked)",standard objects,20.0,64.53,26.92,25.64,26.2
02_Hanns_Klemm_Str_44_000009_000030,01,crate (black),standard objects,10.0,66.25,25.85,25.34,25.51
02_Hanns_Klemm_Str_44_000009_000070,02,"crate (black, 2x stacked)",standard objects,22.0,63.01,26.73,25.55,26.06
02_Hanns_Klemm_Str_44_000009_000070,01,crate (black),standard objects,11.0,61.19,25.12,24.61,24.8
02_Hanns_Klemm_Str_44_000009_000110,02,"crate (black, 2x stacked)",standard objects,26.0,50.97,26.28,24.78,25.34
02_Hanns_Klemm_Str_44_000009_000110,01,crate (black),standard objects,14.0,51.87,24.62,23.92,24.21
02_Hanns_Klemm_Str_44_000009_000150,02,"crate (black, 2x stacked)",standard objects,36.0,37.31,22.89,21.43,22.02
02_Hanns_Klemm_Str_44_000009_000150,01,crate (black),standard objects,19.0,37.96,22.31,21.44,21.77
02_Hanns_Klemm_Str_44_000009_000190,02,"crate (black, 2x stacked)",standard objects,65.0,22.58,17.52,16.25,16.8
02_Hanns_Klemm_Str_44_000009_000190,01,crate (black),standard objects,31.0,22.63,17.03,16.15,16.51
02_Hanns_Klemm_Str_44_000009_000230,02,"crate (black, 2x stacked)",standard objects,227.0,6.35,4.59,4.27,4.37
02_Hanns_Klemm_Str_44_000009_000230,01,crate (black),standard objects,117.0,6.48,4.39,4.22,4.3
02_Hanns_Klemm_Str_44_000010_000040,05,"crate (gray, 2x stacked)",standard objects,11.0,62.62,23.9,23.13,23.44
02_Hanns_Klemm_Str_44_000010_000040,04,crate (gray),standard objects,7.0,62.89,23.5,23.07,23.22
02_Hanns_Klemm_Str_44_000010_000080,05,"crate (gray, 2x stacked)",standard objects,12.0,57.48,22.34,21.53,21.87
02_Hanns_Klemm_Str_44_000010_000080,04,crate (gray),standard objects,7.0,60.29,21.64,21.19,21.39
02_Hanns_Klemm_Str_44_000010_000120,05,"crate (gray, 2x stacked)",standard objects,16.0,42.63,20.28,19.4,19.73
02_Hanns_Klemm_Str_44_000010_000120,04,crate (gray),standard objects,11.0,43.28,18.8,18.24,18.42
02_Hanns_Klemm_Str_44_000010_000160,05,"crate (gray, 2x stacked)",standard objects,29.0,27.84,21.06,20.04,20.44
02_Hanns_Klemm_Str_44_000010_000160,04,crate (gray),standard objects,18.0,27.92,20.68,19.89,20.2
02_Hanns_Klemm_Str_44_000010_000200,04,crate (gray),standard objects,43.0,11.64,8.33,8.02,8.16
02_Hanns_Klemm_Str_44_000010_000200,05,"crate (gray, 2x stacked)",standard objects,66.0,11.48,8.43,8.01,8.17
02_Hanns_Klemm_Str_44_000011_000040,23,dog (black),emotional hazards,16.0,72.47,26.22,25.82,26.01
02_Hanns_Klemm_Str_44_000011_000080,23,dog (black),emotional hazards,16.0,70.68,27.36,26.74,27.01
02_Hanns_Klemm_Str_44_000011_000120,23,dog (black),emotional hazards,21.0,54.66,24.37,23.76,24.09
02_Hanns_Klemm_Str_44_000011_000160,23,dog (black),emotional hazards,29.0,36.3,26.67,25.31,26.05
02_Hanns_Klemm_Str_44_000011_000200,23,dog (black),emotional hazards,46.0,21.3,23.28,21.51,22.57
02_Hanns_Klemm_Str_44_000011_000240,23,dog (black),emotional hazards,118.0,8.99,8.95,8.2,8.54
02_Hanns_Klemm_Str_44_000012_000050,24,dog (white),emotional hazards,7.0,67.6,24.61,23.99,24.27
02_Hanns_Klemm_Str_44_000012_000090,24,dog (white),emotional hazards,8.0,59.36,23.36,22.75,22.99
02_Hanns_Klemm_Str_44_000012_000130,24,dog (white),emotional hazards,10.0,42.51,31.32,30.87,31.06
02_Hanns_Klemm_Str_44_000012_000170,24,dog (white),emotional hazards,23.0,26.63,28.33,26.42,27.48
02_Hanns_Klemm_Str_44_000013_000020,26,bobby car (gray),emotional hazards,13.0,67.11,25.6,25.26,25.41
02_Hanns_Klemm_Str_44_000013_000060,26,bobby car (gray),emotional hazards,15.0,62.56,26.96,26.45,26.67
02_Hanns_Klemm_Str_44_000013_000100,26,bobby car (gray),emotional hazards,17.0,54.49,27.88,26.63,27.16
02_Hanns_Klemm_Str_44_000013_000140,26,bobby car (gray),emotional hazards,21.0,41.95,29.2,28.17,28.57
02_Hanns_Klemm_Str_44_000013_000180,26,bobby car (gray),emotional hazards,33.0,26.95,28.54,27.54,27.98
02_Hanns_Klemm_Str_44_000013_000220,26,bobby car (gray),emotional hazards,81.0,12.05,12.59,11.76,12.14
02_Hanns_Klemm_Str_44_000014_000040,27,bobby car (red),emotional hazards,11.0,74.91,26.35,26.07,26.18
02_Hanns_Klemm_Str_44_000014_000080,27,bobby car (red),emotional hazards,12.0,69.54,30.78,30.15,30.37
02_Hanns_Klemm_Str_44_000014_000120,27,bobby car (red),emotional hazards,16.0,48.95,31.01,30.2,30.5
02_Hanns_Klemm_Str_44_000014_000160,27,bobby car (red),emotional hazards,25.0,33.43,26.8,25.69,25.99
02_Hanns_Klemm_Str_44_000014_000200,27,bobby car (red),emotional hazards,56.0,17.55,12.06,11.17,11.52
02_Hanns_Klemm_Str_44_000015_000060,27,bobby car (red),emotional hazards,8.0,50.0,23.52,22.72,23.18
02_Hanns_Klemm_Str_44_000015_000100,27,bobby car (red),emotional hazards,10.0,41.04,22.92,22.49,22.64
02_Hanns_Klemm_Str_44_000015_000140,27,bobby car (red),emotional hazards,26.0,32.17,15.52,14.86,15.11
02_Hanns_Klemm_Str_44_000015_000180,27,bobby car (red),emotional hazards,56.0,17.83,11.8,11.25,11.44
02_Hanns_Klemm_Str_44_000016_000020,26,bobby car (gray),emotional hazards,10.0,45.07,23.17,22.79,22.96
02_Hanns_Klemm_Str_44_000016_000060,26,bobby car (gray),emotional hazards,11.0,44.07,20.55,20.07,20.23
02_Hanns_Klemm_Str_44_000016_000100,26,bobby car (gray),emotional hazards,15.0,32.71,21.39,20.9,21.08
02_Hanns_Klemm_Str_44_000016_000140,26,bobby car (gray),emotional hazards,55.0,19.06,11.93,11.29,11.53
02_Hanns_Klemm_Str_44_000016_000180,26,bobby car (gray),emotional hazards,156.0,6.4,6.6,6.29,6.4
02_Hanns_Klemm_Str_44_000017_000050,23,dog (black),emotional hazards,13.0,48.93,23.4,22.92,23.07
02_Hanns_Klemm_Str_44_000017_000090,23,dog (black),emotional hazards,19.0,37.58,18.61,17.95,18.21
02_Hanns_Klemm_Str_44_000017_000130,23,dog (black),emotional hazards,45.0,22.98,13.04,12.17,12.59
02_Hanns_Klemm_Str_44_000017_000170,23,dog (black),emotional hazards,132.0,7.92,7.48,7.06,7.29
02_Hanns_Klemm_Str_44_000018_000110,24,dog (white),emotional hazards,11.0,42.68,20.23,19.81,19.97
02_Hanns_Klemm_Str_44_000018_000150,24,dog (white),emotional hazards,30.0,27.73,15.18,14.36,14.64
02_Hanns_Klemm_Str_44_000018_000190,24,dog (white),emotional hazards,58.0,13.84,11.71,11.21,11.42
04_Maurener_Weg_8_000000_000030,04,crate (gray),standard objects,9.0,62.86,24.07,23.75,23.88
04_Maurener_Weg_8_000000_000030,05,"crate (gray, 2x stacked)",standard objects,12.0,72.3,24.6,24.3,24.44
04_Maurener_Weg_8_000000_000030,06,"crate (gray, upright)",standard objects,21.0,71.32,24.86,24.04,24.36
04_Maurener_Weg_8_000000_000070,04,crate (gray),standard objects,11.0,51.21,17.73,17.29,17.47
04_Maurener_Weg_8_000000_000070,05,"crate (gray, 2x stacked)",standard objects,14.0,60.84,18.29,17.87,18.06
04_Maurener_Weg_8_000000_000070,06,"crate (gray, upright)",standard objects,25.0,59.39,17.53,16.66,16.97
04_Maurener_Weg_8_000000_000110,04,crate (gray),standard objects,18.0,32.78,18.26,17.49,17.77
04_Maurener_Weg_8_000000_000110,05,"crate (gray, 2x stacked)",standard objects,20.0,42.43,18.71,18.04,18.3
04_Maurener_Weg_8_000000_000110,06,"crate (gray, upright)",standard objects,34.0,42.64,17.46,16.44,16.85
04_Maurener_Weg_8_000000_000150,04,crate (gray),standard objects,35.0,16.61,12.61,11.79,12.13
04_Maurener_Weg_8_000000_000150,05,"crate (gray, 2x stacked)",standard objects,34.0,25.85,14.73,13.9,14.21
04_Maurener_Weg_8_000000_000150,06,"crate (gray, upright)",standard objects,60.0,24.26,14.28,12.91,13.4
04_Maurener_Weg_8_000000_000190,05,"crate (gray, 2x stacked)",standard objects,70.0,12.06,9.03,8.43,8.66
04_Maurener_Weg_8_000000_000190,06,"crate (gray, upright)",standard objects,150.0,9.65,8.64,7.65,8.01
04_Maurener_Weg_8_000001_000050,03,"crate (black, upright)",standard objects,11.0,66.25,20.8,20.3,20.51
04_Maurener_Weg_8_000001_000050,03,"crate (black, upright)",standard objects,9.0,77.84,21.44,21.12,21.27
04_Maurener_Weg_8_000001_000050,02,"crate (black, 2x stacked)",standard objects,16.0,71.11,20.35,19.69,19.92
04_Maurener_Weg_8_000001_000090,03,"crate (black, upright)",standard objects,17.0,52.86,18.12,17.59,17.78
04_Maurener_Weg_8_000001_000090,03,"crate (black, upright)",standard objects,12.0,62.43,18.42,18.06,18.2
04_Maurener_Weg_8_000001_000090,02,"crate (black, 2x stacked)",standard objects,19.0,58.16,16.96,16.52,16.69
04_Maurener_Weg_8_000001_000130,03,"crate (black, upright)",standard objects,23.0,36.42,17.91,17.09,17.41
04_Maurener_Weg_8_000001_000130,03,"crate (black, upright)",standard objects,15.0,48.13,19.03,18.62,18.78
04_Maurener_Weg_8_000001_000130,02,"crate (black, 2x stacked)",standard objects,26.0,42.43,17.7,16.96,17.23
04_Maurener_Weg_8_000001_000170,03,"crate (black, upright)",standard objects,37.0,18.45,14.52,13.83,14.09
04_Maurener_Weg_8_000001_000170,03,"crate (black, upright)",standard objects,25.0,30.81,17.74,17.1,17.34
04_Maurener_Weg_8_000001_000170,02,"crate (black, 2x stacked)",standard objects,43.0,24.93,16.59,15.84,16.1
04_Maurener_Weg_8_000001_000210,03,"crate (black, upright)",standard objects,48.0,14.97,12.11,11.58,11.77
04_Maurener_Weg_8_000001_000210,02,"crate (black, 2x stacked)",standard objects,122.0,9.33,8.49,8.09,8.24
04_Maurener_Weg_8_000002_000040,04,crate (gray),standard objects,10.0,36.57,18.48,17.82,18.06
04_Maurener_Weg_8_000002_000040,05,"crate (gray, 2x stacked)",standard objects,19.0,39.21,15.67,14.94,15.25
04_Maurener_Weg_8_000002_000040,06,"crate (gray, upright)",standard objects,33.0,51.7,21.93,18.81,20.14
04_Maurener_Weg_8_000002_000080,04,crate (gray),standard objects,15.0,25.97,18.57,17.45,17.88
04_Maurener_Weg_8_000002_000080,05,"crate (gray, 2x stacked)",standard objects,26.0,28.26,17.02,15.49,16.06
04_Maurener_Weg_8_000002_000080,06,"crate (gray, upright)",standard objects,43.0,36.7,24.27,21.42,22.48
04_Maurener_Weg_8_000002_000120,04,crate (gray),standard objects,39.0,11.76,9.61,9.17,9.33
04_Maurener_Weg_8_000002_000120,05,"crate (gray, 2x stacked)",standard objects,58.0,14.18,10.83,10.07,10.39
04_Maurener_Weg_8_000002_000120,06,"crate (gray, upright)",standard objects,70.0,19.9,14.18,12.78,13.26
04_Maurener_Weg_8_000003_000010,03,"crate (black, upright)",standard objects,20.0,32.8,15.78,14.98,15.28
04_Maurener_Weg_8_000003_000010,02,"crate (black, 2x stacked)",standard objects,30.0,38.22,15.96,15.03,15.53
04_Maurener_Weg_8_000003_000010,01,crate (black),standard objects,16.0,46.87,18.13,17.64,17.83
04_Maurener_Weg_8_000003_000050,03,"crate (black, upright)",standard objects,24.0,28.21,19.44,18.37,18.8
04_Maurener_Weg_8_000003_000050,02,"crate (black, 2x stacked)",standard objects,32.0,33.86,19.27,18.05,18.6
04_Maurener_Weg_8_000003_000050,01,crate (black),standard objects,18.0,41.91,22.58,21.79,22.07
04_Maurener_Weg_8_000003_000090,03,"crate (black, upright)",standard objects,42.0,16.64,14.92,14.14,14.44
04_Maurener_Weg_8_000003_000090,02,"crate (black, 2x stacked)",standard objects,49.0,21.29,17.45,16.31,16.74
04_Maurener_Weg_8_000003_000090,01,crate (black),standard objects,27.0,29.14,21.83,20.87,21.25
04_Maurener_Weg_8_000003_000130,02,"crate (black, 2x stacked)",standard objects,122.0,8.62,7.57,7.1,7.28
04_Maurener_Weg_8_000003_000130,01,crate (black),standard objects,50.0,16.18,13.05,12.2,12.55
04_Maurener_Weg_8_000004_000040,15,euro pallet,random hazards,12.0,53.19,22.29,21.26,21.71
04_Maurener_Weg_8_000004_000080,15,euro pallet,random hazards,13.0,50.15,23.05,21.94,22.32
04_Maurener_Weg_8_000004_000120,15,euro pallet,random hazards,12.0,39.86,22.17,21.43,21.75
04_Maurener_Weg_8_000004_000160,15,euro pallet,random hazards,23.0,25.4,17.33,16.35,16.78
04_Maurener_Weg_8_000004_000160,21,ball,emotional hazards,40.0,14.07,12.11,11.41,11.68
04_Maurener_Weg_8_000004_000200,15,euro pallet,random hazards,60.0,11.23,7.23,6.78,6.96
04_Maurener_Weg_8_000005_000030,16,pylon,random hazards,16.0,48.24,22.47,21.52,21.9
04_Maurener_Weg_8_000005_000030,18,pylon (white),random hazards,19.0,47.6,23.74,22.88,23.22
04_Maurener_Weg_8_000005_000070,16,pylon,random hazards,15.0,44.71,21.25,20.31,20.73
04_Maurener_Weg_8_000005_000070,18,pylon (white),random hazards,20.0,42.29,20.72,20.0,20.27
04_Maurener_Weg_8_000005_000110,18,pylon (white),random hazards,24.0,34.89,22.5,21.68,21.98
04_Maurener_Weg_8_000005_000110,16,pylon,random hazards,20.0,37.73,22.41,21.71,22.02
04_Maurener_Weg_8_000005_000150,18,pylon (white),random hazards,38.0,21.77,15.57,14.66,14.98
04_Maurener_Weg_8_000005_000150,16,pylon,random hazards,30.0,24.51,15.94,15.19,15.45
04_Maurener_Weg_8_000005_000190,18,pylon (white),random hazards,87.0,9.25,7.96,7.28,7.51
04_Maurener_Weg_8_000005_000190,16,pylon,random hazards,61.0,11.81,8.97,8.52,8.67
04_Maurener_Weg_8_000006_000040,18,pylon (white),random hazards,12.0,44.14,23.14,22.4,22.64
04_Maurener_Weg_8_000006_000080,18,pylon (white),random hazards,18.0,34.22,19.22,18.53,18.8
04_Maurener_Weg_8_000006_000120,18,pylon (white),random hazards,30.0,18.18,13.66,12.96,13.23
04_Maurener_Weg_8_000007_000020,25,kid dummy,emotional hazards,10.0,61.81,19.76,19.43,19.55
04_Maurener_Weg_8_000007_000020,21,ball,emotional hazards,10.0,65.08,20.41,19.8,20.04
04_Maurener_Weg_8_000007_000060,25,kid dummy,emotional hazards,8.0,51.23,17.05,16.81,16.9
04_Maurener_Weg_8_000007_000060,21,ball,emotional hazards,10.0,51.04,17.37,17.03,17.16
04_Maurener_Weg_8_000007_000100,25,kid dummy,emotional hazards,11.0,32.66,14.67,14.44,14.53
04_Maurener_Weg_8_000007_000100,21,ball,emotional hazards,15.0,32.42,14.9,14.55,14.7
04_Maurener_Weg_8_000007_000140,25,kid dummy,emotional hazards,24.0,13.94,9.07,8.58,8.77
04_Maurener_Weg_8_000007_000140,21,ball,emotional hazards,36.0,13.87,9.25,8.56,8.79
04_Maurener_Weg_8_000008_000020,31,plastic bag (bloated),random hazards,8.0,59.36,18.53,18.28,18.37
04_Maurener_Weg_8_000008_000020,11,crate (green),random hazards,12.0,66.7,20.36,19.74,19.98
04_Maurener_Weg_8_000008_000020,31,plastic bag (bloated),random hazards,8.0,56.65,19.48,19.2,19.33
04_Maurener_Weg_8_000008_000060,11,crate (green),random hazards,15.0,60.19,20.6,19.64,20.0
04_Maurener_Weg_8_000008_000060,31,plastic bag (bloated),random hazards,11.0,49.08,17.41,17.08,17.19
04_Maurener_Weg_8_000008_000060,31,plastic bag (bloated),random hazards,13.0,45.4,17.4,17.1,17.22
04_Maurener_Weg_8_000008_000100,31,plastic bag (bloated),random hazards,22.0,28.1,14.4,14.14,14.25
04_Maurener_Weg_8_000008_000100,11,crate (green),random hazards,19.0,42.25,19.32,18.48,18.8
04_Maurener_Weg_8_000008_000100,31,plastic bag (bloated),random hazards,14.0,33.31,15.26,14.89,15.02
04_Maurener_Weg_8_000008_000140,11,crate (green),random hazards,34.0,21.55,13.36,12.73,13.01
04_Maurener_Weg_8_000008_000140,31,plastic bag (bloated),random hazards,32.0,15.03,9.83,9.55,9.65
04_Maurener_Weg_8_000008_000140,31,plastic bag (bloated),random hazards,68.0,8.82,7.01,6.78,6.88
04_Maurener_Weg_8_000008_000180,11,crate (green),random hazards,98.0,7.8,4.83,4.68,4.74
04_Maurener_Weg_8_000009_000050,24,dog (white),emotional hazards,11.0,68.25,23.16,22.83,22.98
04_Maurener_Weg_8_000009_000090,24,dog (white),emotional hazards,14.0,58.85,24.49,23.98,24.22
04_Maurener_Weg_8_000009_000130,24,dog (white),emotional hazards,20.0,41.29,24.65,24.03,24.28
04_Maurener_Weg_8_000009_000170,24,dog (white),emotional hazards,31.0,23.04,17.98,17.13,17.49
04_Maurener_Weg_8_000009_000210,24,dog (white),emotional hazards,81.0,8.72,6.28,5.91,6.08
04_Maurener_Weg_8_000010_000040,23,dog (black),emotional hazards,22.0,50.66,28.64,27.31,27.98
04_Maurener_Weg_8_000010_000080,23,dog (black),emotional hazards,29.0,38.05,25.2,23.54,24.47
04_Maurener_Weg_8_000010_000120,23,dog (black),emotional hazards,52.0,20.63,19.36,17.54,18.47
04_Maurener_Weg_8_000011_000020,26,bobby car (gray),emotional hazards,18.0,62.34,27.42,26.87,27.11
04_Maurener_Weg_8_000011_000060,26,bobby car (gray),emotional hazards,18.0,60.67,25.51,25.08,25.26
04_Maurener_Weg_8_000011_000100,26,bobby car (gray),emotional hazards,23.0,47.01,23.47,22.88,23.11
04_Maurener_Weg_8_000011_000140,26,bobby car (gray),emotional hazards,33.0,30.78,20.54,19.78,20.07
04_Maurener_Weg_8_000011_000180,26,bobby car (gray),emotional hazards,64.0,15.12,12.52,12.02,12.2
04_Maurener_Weg_8_000012_000040,27,bobby car (red),emotional hazards,19.0,64.05,26.01,25.31,25.62
04_Maurener_Weg_8_000012_000080,27,bobby car (red),emotional hazards,22.0,54.27,24.71,24.03,24.28
04_Maurener_Weg_8_000012_000120,27,bobby car (red),emotional hazards,28.0,38.29,21.26,20.53,20.81
04_Maurener_Weg_8_000012_000160,27,bobby car (red),emotional hazards,54.0,19.74,16.35,15.45,15.78
04_Maurener_Weg_8_000013_000180,28,bobby car (yellow),emotional hazards,39.0,27.71,17.75,17.16,17.42
04_Maurener_Weg_8_000013_000220,28,bobby car (yellow),emotional hazards,84.0,12.64,10.97,10.41,10.59
05_Schafgasse_1_000000_000030,05,"crate (gray, 2x stacked)",standard objects,13.0,61.02,21.83,21.41,21.56
05_Schafgasse_1_000000_000070,05,"crate (gray, 2x stacked)",standard objects,13.0,51.7,22.4,21.92,22.09
05_Schafgasse_1_000000_000110,05,"crate (gray, 2x stacked)",standard objects,18.0,39.22,16.01,15.55,15.74
05_Schafgasse_1_000000_000150,05,"crate (gray, 2x stacked)",standard objects,31.0,24.92,11.73,11.15,11.34
05_Schafgasse_1_000000_000190,05,"crate (gray, 2x stacked)",standard objects,81.0,10.13,8.12,7.71,7.88
05_Schafgasse_1_000001_000090,03,"crate (black, upright)",standard objects,14.0,52.29,24.47,24.2,24.32
05_Schafgasse_1_000001_000130,03,"crate (black, upright)",standard objects,17.0,43.01,21.76,21.18,21.42
05_Schafgasse_1_000001_000170,03,"crate (black, upright)",standard objects,27.0,31.48,14.2,13.68,13.91
05_Schafgasse_1_000001_000210,03,"crate (black, upright)",standard objects,40.0,20.73,13.14,12.64,12.81
05_Schafgasse_1_000001_000250,03,"crate (black, upright)",standard objects,69.0,10.79,7.63,7.24,7.38
05_Schafgasse_1_000002_000130,08,cardboard box,random hazards,15.0,44.9,29.83,28.88,29.26
05_Schafgasse_1_000002_000130,18,pylon (white),random hazards,15.0,35.78,25.52,24.7,24.99
05_Schafgasse_1_000002_000170,08,cardboard box,random hazards,18.0,35.89,19.55,19.06,19.27
05_Schafgasse_1_000002_000170,18,pylon (white),random hazards,19.0,27.82,15.33,14.87,15.02
05_Schafgasse_1_000002_000210,08,cardboard box,random hazards,26.0,24.34,17.87,16.99,17.34
05_Schafgasse_1_000002_000210,18,pylon (white),random hazards,31.0,15.72,11.56,11.11,11.26
05_Schafgasse_1_000003_000030,20,tire,random hazards,16.0,42.15,22.25,21.6,21.85
05_Schafgasse_1_000003_000070,20,tire,random hazards,19.0,34.59,18.25,17.75,17.96
05_Schafgasse_1_000003_000110,20,tire,random hazards,27.0,23.44,16.92,16.35,16.55
05_Schafgasse_1_000003_000150,20,tire,random hazards,61.0,10.63,8.22,7.92,8.06
05_Schafgasse_1_000004_000030,11,crate (green),random hazards,13.0,45.13,24.19,23.8,23.96
05_Schafgasse_1_000004_000030,10,"crate (blue, small)",random hazards,11.0,41.74,22.37,21.81,22.02
05_Schafgasse_1_000004_000070,11,crate (green),random hazards,17.0,39.66,21.19,20.54,20.79
05_Schafgasse_1_000004_000070,10,"crate (blue, small)",random hazards,18.0,36.16,18.23,17.6,17.83
05_Schafgasse_1_000004_000110,11,crate (green),random hazards,23.0,30.01,19.68,19.21,19.41
05_Schafgasse_1_000004_000110,10,"crate (blue, small)",random hazards,18.0,25.48,16.97,16.46,16.67
05_Schafgasse_1_000004_000150,10,"crate (blue, small)",random hazards,43.0,11.52,7.99,7.72,7.85
05_Schafgasse_1_000004_000150,11,crate (green),random hazards,41.0,15.85,12.2,11.42,11.8
05_Schafgasse_1_000005_000040,29,cardboard box,random hazards,9.0,42.5,27.21,26.43,26.79
05_Schafgasse_1_000005_000080,29,cardboard box,random hazards,10.0,37.5,20.11,19.61,19.84
05_Schafgasse_1_000005_000120,29,cardboard box,random hazards,13.0,26.45,16.25,15.87,16.02
05_Schafgasse_1_000005_000120,21,ball,emotional hazards,27.0,21.28,15.26,14.73,14.92
05_Schafgasse_1_000007_000020,20,tire,random hazards,10.0,40.63,21.59,21.25,21.39
05_Schafgasse_1_000007_000060,20,tire,random hazards,10.0,33.22,18.48,18.09,18.23
05_Schafgasse_1_000007_000100,20,tire,random hazards,16.0,21.67,16.81,16.37,16.56
05_Schafgasse_1_000007_000140,20,tire,random hazards,39.0,9.29,8.56,8.27,8.36
05_Schafgasse_1_000008_000030,34,styrofoam,random hazards,7.0,47.08,20.52,20.33,20.4
05_Schafgasse_1_000008_000030,14,headlight,random hazards,18.0,36.73,18.0,17.49,17.71
05_Schafgasse_1_000008_000070,34,styrofoam,random hazards,10.0,36.55,21.52,21.02,21.16
05_Schafgasse_1_000008_000070,14,headlight,random hazards,22.0,26.37,17.54,16.88,17.14
05_Schafgasse_1_000008_000110,34,styrofoam,random hazards,16.0,23.57,15.57,15.04,15.23
05_Schafgasse_1_000008_000110,14,headlight,random hazards,47.0,13.23,11.04,10.57,10.76
05_Schafgasse_1_000009_000090,23,dog (black),emotional hazards,21.0,53.46,16.31,15.78,16.08
05_Schafgasse_1_000009_000130,23,dog (black),emotional hazards,25.0,44.83,19.33,18.71,19.07
05_Schafgasse_1_000009_000170,23,dog (black),emotional hazards,33.0,32.2,14.01,13.45,13.75
05_Schafgasse_1_000009_000210,23,dog (black),emotional hazards,59.0,18.28,8.5,8.1,8.33
05_Schafgasse_1_000010_000040,24,dog (white),emotional hazards,15.0,53.21,16.92,16.31,16.56
05_Schafgasse_1_000010_000080,24,dog (white),emotional hazards,16.0,48.51,19.27,18.42,18.71
05_Schafgasse_1_000010_000120,24,dog (white),emotional hazards,22.0,35.82,16.22,15.33,15.65
05_Schafgasse_1_000010_000160,24,dog (white),emotional hazards,38.0,19.55,9.05,8.63,8.82
05_Schafgasse_1_000011_000140,27,bobby car (red),emotional hazards,36.0,28.89,8.1,7.81,7.95
05_Schafgasse_1_000011_000180,27,bobby car (red),emotional hazards,105.0,9.75,6.67,6.49,6.55
05_Schafgasse_1_000012_000060,28,bobby car (yellow),emotional hazards,20.0,72.06,19.04,18.52,18.72
05_Schafgasse_1_000012_000100,28,bobby car (yellow),emotional hazards,21.0,57.89,17.63,16.94,17.19
05_Schafgasse_1_000012_000140,28,bobby car (yellow),emotional hazards,28.0,40.13,11.34,10.85,11.03
05_Schafgasse_1_000012_000180,28,bobby car (yellow),emotional hazards,47.0,22.57,11.01,10.75,10.85
05_Schafgasse_1_000012_000220,28,bobby car (yellow),emotional hazards,142.0,7.32,4.74,4.48,4.57
05_Schafgasse_1_000013_000060,26,bobby car (gray),emotional hazards,17.0,61.51,18.83,18.46,18.63
05_Schafgasse_1_000013_000100,26,bobby car (gray),emotional hazards,22.0,45.71,19.01,18.17,18.49
05_Schafgasse_1_000013_000140,26,bobby car (gray),emotional hazards,39.0,28.02,11.89,11.28,11.5
05_Schafgasse_1_000013_000180,26,bobby car (gray),emotional hazards,97.0,10.46,5.62,5.29,5.41
05_Schafgasse_1_000014_000060,24,dog (white),emotional hazards,26.0,41.49,17.13,16.34,16.65
05_Schafgasse_1_000014_000100,24,dog (white),emotional hazards,32.0,28.71,14.16,13.51,13.77
05_Schafgasse_1_000014_000140,24,dog (white),emotional hazards,62.0,14.09,6.77,6.26,6.46
05_Schafgasse_1_000015_000060,27,bobby car (red),emotional hazards,25.0,43.62,17.48,16.34,16.8
05_Schafgasse_1_000015_000100,27,bobby car (red),emotional hazards,36.0,29.06,16.69,15.41,15.93
05_Schafgasse_1_000015_000140,27,bobby car (red),emotional hazards,68.0,14.93,4.66,4.22,4.38
05_Schafgasse_1_000016_000030,27,bobby car (red),emotional hazards,20.0,52.31,25.24,24.59,24.85
05_Schafgasse_1_000016_000070,27,bobby car (red),emotional hazards,24.0,45.53,18.01,17.28,17.54
05_Schafgasse_1_000016_000110,27,bobby car (red),emotional hazards,34.0,31.6,13.93,13.42,13.61
05_Schafgasse_1_000016_000150,27,bobby car (red),emotional hazards,63.0,16.08,11.08,10.59,10.78
05_Schafgasse_1_000017_000040,26,bobby car (gray),emotional hazards,21.0,52.37,19.58,19.19,19.38
05_Schafgasse_1_000017_000080,26,bobby car (gray),emotional hazards,26.0,43.18,19.48,18.89,19.15
05_Schafgasse_1_000017_000120,26,bobby car (gray),emotional hazards,35.0,28.26,14.56,14.14,14.33
05_Schafgasse_1_000017_000160,26,bobby car (gray),emotional hazards,70.0,14.1,9.81,9.43,9.58
05_Schafgasse_1_000018_000040,24,dog (white),emotional hazards,23.0,52.2,16.5,16.17,16.32
05_Schafgasse_1_000018_000080,24,dog (white),emotional hazards,29.0,39.39,19.93,19.01,19.55
05_Schafgasse_1_000018_000120,24,dog (white),emotional hazards,50.0,21.02,12.62,11.98,12.31
05_Schafgasse_1_000019_000070,23,dog (black),emotional hazards,21.0,58.47,26.95,26.46,26.71
05_Schafgasse_1_000019_000110,23,dog (black),emotional hazards,28.0,48.86,16.46,15.99,16.19
05_Schafgasse_1_000019_000150,23,dog (black),emotional hazards,37.0,33.25,16.95,16.09,16.45
05_Schafgasse_1_000019_000190,23,dog (black),emotional hazards,68.0,15.91,10.79,9.83,10.24
07_Festplatz_Flugfeld_000000_000040,04,crate (gray),standard objects,8.0,77.52,17.09,16.78,16.9
07_Festplatz_Flugfeld_000000_000040,05,"crate (gray, 2x stacked)",standard objects,11.0,91.55,18.43,17.7,17.97
07_Festplatz_Flugfeld_000000_000040,06,"crate (gray, upright)",standard objects,15.0,106.56,18.72,18.06,18.32
07_Festplatz_Flugfeld_000000_000080,04,crate (gray),standard objects,8.0,64.92,15.77,15.45,15.56
07_Festplatz_Flugfeld_000000_000080,05,"crate (gray, 2x stacked)",standard objects,12.0,76.82,17.06,16.18,16.52
07_Festplatz_Flugfeld_000000_000080,06,"crate (gray, upright)",standard objects,17.0,94.08,17.82,17.06,17.39
07_Festplatz_Flugfeld_000000_000120,04,crate (gray),standard objects,9.0,48.99,13.64,13.32,13.44
07_Festplatz_Flugfeld_000000_000120,05,"crate (gray, 2x stacked)",standard objects,13.0,63.95,15.15,14.5,14.72
07_Festplatz_Flugfeld_000000_000120,06,"crate (gray, upright)",standard objects,21.0,68.72,16.32,15.56,15.87
07_Festplatz_Flugfeld_000000_000160,04,crate (gray),standard objects,14.0,33.12,14.41,13.99,14.15
07_Festplatz_Flugfeld_000000_000160,05,"crate (gray, 2x stacked)",standard objects,19.0,47.21,16.58,15.85,16.14
07_Festplatz_Flugfeld_000000_000160,06,"crate (gray, upright)",standard objects,30.0,52.01,17.87,16.95,17.27
07_Festplatz_Flugfeld_000000_000200,04,crate (gray),standard objects,24.0,18.02,11.56,11.17,11.31
07_Festplatz_Flugfeld_000000_000200,05,"crate (gray, 2x stacked)",standard objects,26.0,31.42,15.83,14.93,15.2
07_Festplatz_Flugfeld_000000_000200,06,"crate (gray, upright)",standard objects,42.0,36.24,17.16,16.43,16.68
07_Festplatz_Flugfeld_000000_000240,05,"crate (gray, 2x stacked)",standard objects,51.0,15.84,11.56,10.92,11.19
07_Festplatz_Flugfeld_000000_000240,06,"crate (gray, upright)",standard objects,64.0,20.94,13.26,12.61,12.85
07_Festplatz_Flugfeld_000001_000040,03,"crate (black, upright)",standard objects,7.0,88.02,18.4,18.06,18.18
07_Festplatz_Flugfeld_000001_000040,02,"crate (black, 2x stacked)",standard objects,10.0,104.11,18.74,18.18,18.39
07_Festplatz_Flugfeld_000001_000040,01,crate (black),standard objects,9.0,99.3,18.88,18.46,18.59
07_Festplatz_Flugfeld_000001_000080,03,"crate (black, upright)",standard objects,11.0,73.41,17.22,16.85,16.98
07_Festplatz_Flugfeld_000001_000080,02,"crate (black, 2x stacked)",standard objects,11.0,93.0,18.32,17.72,17.96
07_Festplatz_Flugfeld_000001_000080,01,crate (black),standard objects,9.0,87.15,18.45,17.86,18.08
07_Festplatz_Flugfeld_000001_000120,03,"crate (black, upright)",standard objects,13.0,52.22,17.49,17.04,17.24
07_Festplatz_Flugfeld_000001_000120,02,"crate (black, 2x stacked)",standard objects,14.0,70.93,16.94,15.87,16.29
07_Festplatz_Flugfeld_000001_000120,01,crate (black),standard objects,11.0,64.13,18.62,18.14,18.32
07_Festplatz_Flugfeld_000001_000160,03,"crate (black, upright)",standard objects,20.0,34.27,18.37,17.62,17.91
07_Festplatz_Flugfeld_000001_000160,02,"crate (black, 2x stacked)",standard objects,21.0,50.39,20.64,19.36,19.89
07_Festplatz_Flugfeld_000001_000160,01,crate (black),standard objects,17.0,47.37,18.46,17.78,18.02
07_Festplatz_Flugfeld_000001_000200,03,"crate (black, upright)",standard objects,42.0,16.73,11.96,11.35,11.58
07_Festplatz_Flugfeld_000001_000200,02,"crate (black, 2x stacked)",standard objects,32.0,32.75,17.0,16.06,16.43
07_Festplatz_Flugfeld_000001_000200,01,crate (black),standard objects,28.0,29.38,15.18,14.48,14.76
07_Festplatz_Flugfeld_000002_000190,08,cardboard box,random hazards,11.0,86.86,19.54,19.04,19.21
07_Festplatz_Flugfeld_000002_000190,07,bumper,random hazards,17.0,99.53,22.38,21.78,22.06
07_Festplatz_Flugfeld_000002_000230,08,cardboard box,random hazards,11.0,76.87,17.29,16.89,17.06
07_Festplatz_Flugfeld_000002_000230,07,bumper,random hazards,18.0,84.86,19.63,19.0,19.29
07_Festplatz_Flugfeld_000002_000270,08,cardboard box,random hazards,14.0,65.08,16.66,16.31,16.45
07_Festplatz_Flugfeld_000002_000270,07,bumper,random hazards,23.0,74.13,18.63,17.94,18.22
07_Festplatz_Flugfeld_000002_000310,08,cardboard box,random hazards,19.0,48.05,19.96,19.12,19.46
07_Festplatz_Flugfeld_000002_000310,07,bumper,random hazards,26.0,57.05,22.46,21.41,21.86
07_Festplatz_Flugfeld_000002_000350,08,cardboard box,random hazards,26.0,31.73,15.48,14.66,14.97
07_Festplatz_Flugfeld_000002_000350,07,bumper,random hazards,35.0,40.65,19.72,18.49,19.02
07_Festplatz_Flugfeld_000002_000390,08,cardboard box,random hazards,49.0,18.09,10.16,9.6,9.79
07_Festplatz_Flugfeld_000002_000390,07,bumper,random hazards,58.0,25.89,14.62,13.6,14.04
07_Festplatz_Flugfeld_000002_000430,07,bumper,random hazards,95.0,14.14,10.04,9.32,9.59
07_Festplatz_Flugfeld_000003_000100,34,styrofoam,random hazards,5.0,76.96,18.2,17.9,18.02
07_Festplatz_Flugfeld_000003_000100,07,bumper,random hazards,16.0,89.7,20.25,19.55,19.8
07_Festplatz_Flugfeld_000003_000140,34,styrofoam,random hazards,6.0,62.07,16.02,15.72,15.83
07_Festplatz_Flugfeld_000003_000140,07,bumper,random hazards,18.0,76.01,18.54,17.87,18.24
07_Festplatz_Flugfeld_000003_000180,34,styrofoam,random hazards,9.0,45.84,16.72,16.35,16.5
07_Festplatz_Flugfeld_000003_000180,07,bumper,random hazards,24.0,60.28,20.92,20.2,20.5
07_Festplatz_Flugfeld_000003_000220,34,styrofoam,random hazards,13.0,32.7,15.78,15.35,15.52
07_Festplatz_Flugfeld_000003_000220,07,bumper,random hazards,29.0,47.44,19.92,19.45,19.65
07_Festplatz_Flugfeld_000003_000260,34,styrofoam,random hazards,25.0,18.93,12.03,11.58,11.74
07_Festplatz_Flugfeld_000003_000260,07,bumper,random hazards,38.0,34.24,17.96,16.88,17.29
07_Festplatz_Flugfeld_000003_000300,07,bumper,random hazards,73.0,19.75,13.67,12.95,13.26
07_Festplatz_Flugfeld_000003_000340,07,bumper,random hazards,215.0,7.54,6.83,6.27,6.48
07_Festplatz_Flugfeld_000004_000060,08,cardboard box,random hazards,10.0,51.6,14.53,14.05,14.25
07_Festplatz_Flugfeld_000004_000060,20,tire,random hazards,15.0,48.55,14.95,14.53,14.69
07_Festplatz_Flugfeld_000004_000100,08,cardboard box,random hazards,12.0,43.65,17.91,17.09,17.45
07_Festplatz_Flugfeld_000004_000100,20,tire,random hazards,20.0,38.09,16.2,15.53,15.78
07_Festplatz_Flugfeld_000004_000140,08,cardboard box,random hazards,18.0,30.37,13.94,13.33,13.57
07_Festplatz_Flugfeld_000004_000140,20,tire,random hazards,34.0,23.81,11.59,10.95,11.13
07_Festplatz_Flugfeld_000004_000180,08,cardboard box,random hazards,28.0,17.31,11.69,11.18,11.33
07_Festplatz_Flugfeld_000004_000180,20,tire,random hazards,71.0,10.66,8.81,8.4,8.57
07_Festplatz_Flugfeld_000004_000220,08,cardboard box,random hazards,80.0,6.89,6.87,6.68,6.74
07_Festplatz_Flugfeld_000005_000050,09,crate (blue),random hazards,13.0,43.17,17.5,16.9,17.12
07_Festplatz_Flugfeld_000005_000050,13,exhaust pipe,random hazards,16.0,48.38,17.84,17.36,17.54
07_Festplatz_Flugfeld_000005_000090,09,crate (blue),random hazards,16.0,35.7,17.73,17.17,17.37
07_Festplatz_Flugfeld_000005_000090,13,exhaust pipe,random hazards,20.0,39.95,17.46,16.93,17.15
07_Festplatz_Flugfeld_000005_000130,09,crate (blue),random hazards,25.0,24.88,13.17,12.48,12.69
07_Festplatz_Flugfeld_000005_000130,13,exhaust pipe,random hazards,29.0,28.88,13.66,13.11,13.34
07_Festplatz_Flugfeld_000005_000170,09,crate (blue),random hazards,44.0,12.9,9.74,9.3,9.49
07_Festplatz_Flugfeld_000005_000170,13,exhaust pipe,random hazards,43.0,17.13,9.96,9.7,9.81
15_Rechbergstr_Deckenpfronn_000000_000040,39,kid (walking),humans,52.0,44.16,21.6,20.77,21.06
15_Rechbergstr_Deckenpfronn_000000_000040,40,kid (on a bobby car),humans,48.0,43.18,21.68,20.94,21.23
15_Rechbergstr_Deckenpfronn_000000_000080,39,kid (walking),humans,50.0,45.09,21.73,20.97,21.19
15_Rechbergstr_Deckenpfronn_000000_000080,40,kid (on a bobby car),humans,50.0,43.24,21.84,20.99,21.31
15_Rechbergstr_Deckenpfronn_000000_000120,40,kid (on a bobby car),humans,45.0,44.11,23.05,22.26,22.59
15_Rechbergstr_Deckenpfronn_000000_000120,41,kid (on a small bobby car),humans,37.0,46.99,22.53,21.88,22.13
15_Rechbergstr_Deckenpfronn_000000_000160,40,kid (on a bobby car),humans,47.0,47.93,23.93,23.21,23.48
15_Rechbergstr_Deckenpfronn_000000_000160,41,kid (on a small bobby car),humans,37.0,47.58,22.79,22.06,22.34
15_Rechbergstr_Deckenpfronn_000001_000050,40,kid (on a bobby car),humans,25.0,63.6,24.39,24.02,24.17
15_Rechbergstr_Deckenpfronn_000001_000050,41,kid (on a small bobby car),humans,26.0,62.04,24.3,23.71,23.95
15_Rechbergstr_Deckenpfronn_000001_000050,39,kid (walking),humans,33.0,64.56,24.45,23.79,24.03
15_Rechbergstr_Deckenpfronn_000001_000050,40,kid (on a bobby car),humans,28.0,62.46,23.84,23.36,23.57
15_Rechbergstr_Deckenpfronn_000001_000090,40,kid (on a bobby car),humans,28.0,63.56,23.79,23.36,23.52
15_Rechbergstr_Deckenpfronn_000001_000090,39,kid (walking),humans,34.0,63.76,23.82,23.18,23.42
15_Rechbergstr_Deckenpfronn_000001_000090,40,kid (on a bobby car),humans,27.0,62.13,23.17,22.77,22.96
15_Rechbergstr_Deckenpfronn_000001_000090,41,kid (on a small bobby car),humans,26.0,62.34,23.73,23.13,23.34
15_Rechbergstr_Deckenpfronn_000001_000130,41,kid (on a small bobby car),humans,26.0,61.92,23.73,23.22,23.41
15_Rechbergstr_Deckenpfronn_000001_000130,40,kid (on a bobby car),humans,35.0,63.6,23.75,23.3,23.49
15_Rechbergstr_Deckenpfronn_000001_000130,40,kid (on a bobby car),humans,13.0,61.13,23.34,23.07,23.17
15_Rechbergstr_Deckenpfronn_000001_000170,41,kid (on a small bobby car),humans,26.0,61.98,23.04,22.51,22.69
15_Rechbergstr_Deckenpfronn_000001_000170,40,kid (on a bobby car),humans,12.0,64.53,23.0,22.75,22.83
15_Rechbergstr_Deckenpfronn_000001_000170,40,kid (on a bobby car),humans,29.0,64.01,23.11,22.52,22.74
15_Rechbergstr_Deckenpfronn_000001_000170,39,kid (walking),humans,30.0,64.08,23.07,22.41,22.56
15_Rechbergstr_Deckenpfronn_000001_000170,40,kid (on a bobby car),humans,29.0,62.34,22.26,21.85,22.02
15_Rechbergstr_Deckenpfronn_000001_000210,41,kid (on a small bobby car),humans,26.0,61.89,22.72,22.28,22.45
15_Rechbergstr_Deckenpfronn_000001_000210,40,kid (on a bobby car),humans,15.0,63.29,22.29,22.08,22.16
15_Rechbergstr_Deckenpfronn_000001_000210,40,kid (on a bobby car),humans,34.0,61.13,21.88,21.43,21.61
15_Rechbergstr_Deckenpfronn_000001_000250,40,kid (on a bobby car),humans,16.0,63.42,23.49,23.37,23.42
15_Rechbergstr_Deckenpfronn_000001_000250,41,kid (on a small bobby car),humans,26.0,62.8,23.41,22.98,23.18
15_Rechbergstr_Deckenpfronn_000001_000250,40,kid (on a bobby car),humans,34.0,61.81,23.53,22.92,23.19
15_Rechbergstr_Deckenpfronn_000001_000290,41,kid (on a small bobby car),humans,26.0,61.87,24.03,23.6,23.82
15_Rechbergstr_Deckenpfronn_000001_000290,40,kid (on a bobby car),humans,34.0,61.63,23.88,23.37,23.57
15_Rechbergstr_Deckenpfronn_000001_000290,39,kid (walking),humans,33.0,63.7,24.34,23.9,24.11
15_Rechbergstr_Deckenpfronn_000001_000290,39,kid (walking),humans,34.0,63.57,24.32,23.79,23.98
15_Rechbergstr_Deckenpfronn_000002_000140,40,kid (on a bobby car),humans,55.0,37.5,24.12,22.58,23.3
15_Rechbergstr_Deckenpfronn_000002_000180,40,kid (on a bobby car),humans,71.0,31.04,18.71,18.05,18.29
15_Rechbergstr_Deckenpfronn_000003_000150,40,kid (on a bobby car),humans,70.0,30.42,16.9,16.34,16.56
15_Rechbergstr_Deckenpfronn_000004_000160,41,kid (on a small bobby car),humans,41.0,40.22,23.25,21.84,22.33
15_Rechbergstr_Deckenpfronn_000004_000200,41,kid (on a small bobby car),humans,56.0,31.3,19.07,17.97,18.32
15_Rechbergstr_Deckenpfronn_000004_000240,41,kid (on a small bobby car),humans,79.0,21.23,17.29,16.45,16.74
15_Rechbergstr_Deckenpfronn_000004_000280,41,kid (on a small bobby car),humans,120.0,14.11,10.71,9.97,10.22
15_Rechbergstr_Deckenpfronn_000005_000040,42,kid (crawling),humans,84.0,12.54,8.23,7.92,8.04
15_Rechbergstr_Deckenpfronn_000005_000080,42,kid (crawling),humans,68.0,12.68,8.62,8.28,8.42
15_Rechbergstr_Deckenpfronn_000006_000100,39,kid (walking),humans,47.0,45.15,23.63,22.16,22.83
15_Rechbergstr_Deckenpfronn_000006_000140,39,kid (walking),humans,55.0,40.46,21.84,21.08,21.5
15_Rechbergstr_Deckenpfronn_000006_000180,39,kid (walking),humans,75.0,31.62,23.48,21.47,22.1
15_Rechbergstr_Deckenpfronn_000006_000220,39,kid (walking),humans,98.0,25.04,16.54,15.62,16.05
15_Rechbergstr_Deckenpfronn_000006_000260,39,kid (walking),humans,118.0,19.23,16.33,15.44,15.91
15_Rechbergstr_Deckenpfronn_000006_000340,39,kid (walking),humans,218.0,10.55,7.13,6.88,6.95
15_Rechbergstr_Deckenpfronn_000007_000060,39,kid (walking),humans,46.0,50.35,19.85,17.53,18.52
15_Rechbergstr_Deckenpfronn_000007_000180,39,kid (walking),humans,74.0,31.96,15.43,14.05,14.33
15_Rechbergstr_Deckenpfronn_000007_000260,39,kid (walking),humans,117.0,18.57,16.43,15.19,15.51
