frame,label,type,group,predicted_class,box_height_px,true_m,ground_plane,combined
02_Hanns_Klemm_Str_44_000000_000090,05,"crate (gray, 2x stacked)",standard objects,obstacle,17.0,43.3,66.29,66.29
02_Hanns_Klemm_Str_44_000000_000110,05,"crate (gray, 2x stacked)",standard objects,obstacle,21.0,35.36,63.81,63.81
02_Hanns_Klemm_Str_44_000000_000120,05,"crate (gray, 2x stacked)",standard objects,obstacle,24.0,30.89,59.37,59.37
02_Hanns_Klemm_Str_44_000000_000130,05,"crate (gray, 2x stacked)",standard objects,box,29.0,26.44,40.87,40.87
02_Hanns_Klemm_Str_44_000000_000140,05,"crate (gray, 2x stacked)",standard objects,box,34.0,22.13,36.5,36.5
02_Hanns_Klemm_Str_44_000000_000150,05,"crate (gray, 2x stacked)",standard objects,box,44.0,18.09,31.16,31.16
02_Hanns_Klemm_Str_44_000000_000160,05,"crate (gray, 2x stacked)",standard objects,box,56.0,14.09,24.11,24.11
02_Hanns_Klemm_Str_44_000000_000170,05,"crate (gray, 2x stacked)",standard objects,obstacle,76.0,10.47,17.81,17.81
02_Hanns_Klemm_Str_44_000000_000180,05,"crate (gray, 2x stacked)",standard objects,box,120.0,7.16,9.63,9.63
02_Hanns_Klemm_Str_44_000001_000020,05,"crate (gray, 2x stacked)",standard objects,car,12.0,60.81,61.5,240.84
02_Hanns_Klemm_Str_44_000001_000100,05,"crate (gray, 2x stacked)",standard objects,car,18.0,44.2,75.03,197.06
02_Hanns_Klemm_Str_44_000001_000130,05,"crate (gray, 2x stacked)",standard objects,obstacle,22.0,35.13,55.51,55.51
02_Hanns_Klemm_Str_44_000001_000140,05,"crate (gray, 2x stacked)",standard objects,obstacle,25.0,31.16,61.52,61.52
02_Hanns_Klemm_Str_44_000001_000150,05,"crate (gray, 2x stacked)",standard objects,obstacle,28.0,27.29,39.92,39.92
02_Hanns_Klemm_Str_44_000001_000150,04,crate (gray),standard objects,obstacle,17.0,27.53,39.02,39.02
02_Hanns_Klemm_Str_44_000001_000160,05,"crate (gray, 2x stacked)",standard objects,box,33.0,23.13,40.88,40.88
02_Hanns_Klemm_Str_44_000001_000170,05,"crate (gray, 2x stacked)",standard objects,box,41.0,19.38,34.31,34.31
02_Hanns_Klemm_Str_44_000001_000170,04,crate (gray),standard objects,box,25.0,19.65,33.67,33.67
02_Hanns_Klemm_Str_44_000001_000180,05,"crate (gray, 2x stacked)",standard objects,obstacle,53.0,15.19,24.46,24.46
02_Hanns_Klemm_Str_44_000001_000180,04,crate (gray),standard objects,obstacle,32.0,15.51,24.17,24.17
02_Hanns_Klemm_Str_44_000001_000190,05,"crate (gray, 2x stacked)",standard objects,obstacle,72.0,11.46,19.22,19.22
02_Hanns_Klemm_Str_44_000001_000190,04,crate (gray),standard objects,box,44.0,11.63,19.09,19.09
02_Hanns_Klemm_Str_44_000001_000200,05,"crate (gray, 2x stacked)",standard objects,box,105.0,7.93,12.85,12.85
02_Hanns_Klemm_Str_44_000001_000200,04,crate (gray),standard objects,box,70.0,7.99,12.68,12.68
02_Hanns_Klemm_Str_44_000002_000130,01,crate (black),standard objects,obstacle,21.0,28.82,71.92,71.92
02_Hanns_Klemm_Str_44_000002_000140,01,crate (black),standard objects,obstacle,26.0,24.9,41.91,41.91
02_Hanns_Klemm_Str_44_000002_000150,01,crate (black),standard objects,obstacle,34.0,20.54,31.79,31.79
02_Hanns_Klemm_Str_44_000002_000160,02,"crate (black, 2x stacked)",standard objects,box,87.0,15.94,23.15,23.15
02_Hanns_Klemm_Str_44_000002_000160,01,crate (black),standard objects,box,42.0,16.07,23.19,23.19
02_Hanns_Klemm_Str_44_000002_000170,02,"crate (black, 2x stacked)",standard objects,traffic barricade,120.0,11.89,20.65,20.65
02_Hanns_Klemm_Str_44_000002_000170,01,crate (black),standard objects,obstacle,59.0,12.01,20.72,20.72
02_Hanns_Klemm_Str_44_000002_000180,02,"crate (black, 2x stacked)",standard objects,traffic barricade,172.0,8.2,13.39,13.39
02_Hanns_Klemm_Str_44_000002_000180,01,crate (black),standard objects,obstacle,87.0,8.27,13.39,13.39
02_Hanns_Klemm_Str_44_000003_000100,20,tire,random hazards,obstacle,15.0,39.29,66.29,66.29
02_Hanns_Klemm_Str_44_000003_000110,20,tire,random hazards,obstacle,17.0,36.09,63.81,63.81
02_Hanns_Klemm_Str_44_000003_000120,20,tire,random hazards,obstacle,19.0,30.76,47.74,47.74
02_Hanns_Klemm_Str_44_000003_000130,20,tire,random hazards,obstacle,22.0,26.6,39.01,39.01
02_Hanns_Klemm_Str_44_000003_000140,34,styrofoam,random hazards,obstacle,19.0,22.25,33.69,33.69
02_Hanns_Klemm_Str_44_000003_000150,20,tire,random hazards,obstacle,36.0,17.27,28.08,28.08
02_Hanns_Klemm_Str_44_000003_000150,34,styrofoam,random hazards,obstacle,25.0,17.54,29.14,29.14
02_Hanns_Klemm_Str_44_000003_000160,20,tire,random hazards,obstacle,50.0,12.73,20.61,20.61
02_Hanns_Klemm_Str_44_000003_000160,34,styrofoam,random hazards,obstacle,37.0,13.05,21.26,21.26
02_Hanns_Klemm_Str_44_000003_000170,20,tire,random hazards,obstacle,79.0,8.62,14.23,14.23
02_Hanns_Klemm_Str_44_000003_000170,34,styrofoam,random hazards,box,57.0,8.85,14.56,14.56
02_Hanns_Klemm_Str_44_000005_000140,08,cardboard box,random hazards,obstacle,25.0,24.19,49.11,49.11
02_Hanns_Klemm_Str_44_000005_000150,08,cardboard box,random hazards,obstacle,30.0,20.45,31.73,31.73
02_Hanns_Klemm_Str_44_000005_000160,08,cardboard box,random hazards,box,37.0,16.67,23.76,23.76
02_Hanns_Klemm_Str_44_000005_000170,08,cardboard box,random hazards,box,47.0,12.98,20.85,20.85
02_Hanns_Klemm_Str_44_000005_000180,08,cardboard box,random hazards,box,63.0,9.69,15.81,15.81
02_Hanns_Klemm_Str_44_000005_000190,08,cardboard box,random hazards,box,96.0,6.74,9.0,9.0
02_Hanns_Klemm_Str_44_000006_000160,08,cardboard box,random hazards,obstacle,32.0,17.87,42.98,42.98
02_Hanns_Klemm_Str_44_000006_000170,08,cardboard box,random hazards,box,39.0,14.29,38.22,38.22
02_Hanns_Klemm_Str_44_000006_000180,08,cardboard box,random hazards,box,55.0,10.69,12.4,12.4
02_Hanns_Klemm_Str_44_000006_000180,13,exhaust pipe,random hazards,bicycle,71.0,11.04,12.39,39.11
02_Hanns_Klemm_Str_44_000006_000190,13,exhaust pipe,random hazards,motorcycle,113.0,7.59,8.34,29.05
02_Hanns_Klemm_Str_44_000006_000190,08,cardboard box,random hazards,box,82.0,7.34,8.15,8.15
02_Hanns_Klemm_Str_44_000007_000150,20,tire,random hazards,obstacle,17.0,34.94,19.42,19.42
02_Hanns_Klemm_Str_44_000007_000190,20,tire,random hazards,obstacle,25.0,23.46,78.52,78.52
02_Hanns_Klemm_Str_44_000007_000200,20,tire,random hazards,obstacle,30.0,20.28,55.55,55.55
02_Hanns_Klemm_Str_44_000007_000210,20,tire,random hazards,obstacle,36.0,17.09,50.62,50.62
02_Hanns_Klemm_Str_44_000007_000220,20,tire,random hazards,obstacle,43.0,13.72,31.79,31.79
02_Hanns_Klemm_Str_44_000007_000230,20,tire,random hazards,obstacle,62.0,10.22,10.81,10.81
02_Hanns_Klemm_Str_44_000007_000240,20,tire,random hazards,obstacle,95.0,7.22,7.85,7.85
02_Hanns_Klemm_Str_44_000008_000150,20,tire,random hazards,obstacle,21.0,30.6,,
02_Hanns_Klemm_Str_44_000008_000160,20,tire,random hazards,obstacle,21.0,26.35,,
02_Hanns_Klemm_Str_44_000008_000170,20,tire,random hazards,obstacle,26.0,22.88,,
02_Hanns_Klemm_Str_44_000008_000210,20,tire,random hazards,obstacle,80.0,8.44,8.99,8.99
02_Hanns_Klemm_Str_44_000009_000020,02,"crate (black, 2x stacked)",standard objects,traffic cone,20.0,67.22,27.62,27.62
02_Hanns_Klemm_Str_44_000009_000030,02,"crate (black, 2x stacked)",standard objects,traffic cone,20.0,64.53,28.07,28.07
02_Hanns_Klemm_Str_44_000009_000040,02,"crate (black, 2x stacked)",standard objects,traffic cone,20.0,64.27,35.73,35.73
02_Hanns_Klemm_Str_44_000009_000090,02,"crate (black, 2x stacked)",standard objects,traffic barricade,23.0,58.71,,
02_Hanns_Klemm_Str_44_000009_000100,02,"crate (black, 2x stacked)",standard objects,bicycle,25.0,54.7,38.13,105.98
02_Hanns_Klemm_Str_44_000009_000120,02,"crate (black, 2x stacked)",standard objects,traffic barricade,29.0,48.38,22.8,22.8
02_Hanns_Klemm_Str_44_000009_000130,02,"crate (black, 2x stacked)",standard objects,traffic barricade,30.0,44.14,22.5,22.5
02_Hanns_Klemm_Str_44_000009_000180,02,"crate (black, 2x stacked)",standard objects,construction barrier,52.0,26.13,,
02_Hanns_Klemm_Str_44_000009_000180,01,crate (black),standard objects,obstacle,27.0,26.49,,
02_Hanns_Klemm_Str_44_000009_000190,02,"crate (black, 2x stacked)",standard objects,obstacle,65.0,22.58,50.58,50.58
02_Hanns_Klemm_Str_44_000009_000190,01,crate (black),standard objects,box,31.0,22.63,52.23,52.23
02_Hanns_Klemm_Str_44_000009_000200,02,"crate (black, 2x stacked)",standard objects,obstacle,78.0,17.93,19.88,19.88
02_Hanns_Klemm_Str_44_000009_000200,01,crate (black),standard objects,box,38.0,18.04,19.94,19.94
02_Hanns_Klemm_Str_44_000009_000210,02,"crate (black, 2x stacked)",standard objects,obstacle,103.0,13.54,16.28,16.28
02_Hanns_Klemm_Str_44_000009_000210,01,crate (black),standard objects,obstacle,52.0,13.69,16.18,16.18
02_Hanns_Klemm_Str_44_000009_000220,02,"crate (black, 2x stacked)",standard objects,traffic barricade,147.0,9.63,10.55,10.55
02_Hanns_Klemm_Str_44_000009_000220,01,crate (black),standard objects,obstacle,75.0,9.7,10.73,10.73
02_Hanns_Klemm_Str_44_000009_000230,02,"crate (black, 2x stacked)",standard objects,box,227.0,6.35,7.29,7.29
02_Hanns_Klemm_Str_44_000009_000230,01,crate (black),standard objects,box,117.0,6.48,7.35,7.35
02_Hanns_Klemm_Str_44_000010_000170,05,"crate (gray, 2x stacked)",standard objects,box,30.0,23.53,,
02_Hanns_Klemm_Str_44_000010_000180,05,"crate (gray, 2x stacked)",standard objects,obstacle,39.0,19.59,20.86,20.86
02_Hanns_Klemm_Str_44_000010_000190,05,"crate (gray, 2x stacked)",standard objects,box,50.0,15.6,16.77,16.77
02_Hanns_Klemm_Str_44_000010_000190,04,crate (gray),standard objects,box,30.0,15.8,16.79,16.79
02_Hanns_Klemm_Str_44_000010_000200,04,crate (gray),standard objects,box,43.0,11.64,13.17,13.17
02_Hanns_Klemm_Str_44_000010_000200,05,"crate (gray, 2x stacked)",standard objects,box,66.0,11.48,13.06,13.06
02_Hanns_Klemm_Str_44_000010_000210,05,"crate (gray, 2x stacked)",standard objects,box,108.0,7.7,9.09,9.09
02_Hanns_Klemm_Str_44_000010_000210,04,crate (gray),standard objects,box,73.0,7.86,9.13,9.13
02_Hanns_Klemm_Str_44_000011_000200,23,dog (black),emotional hazards,bicycle,46.0,21.3,42.93,61.14
02_Hanns_Klemm_Str_44_000011_000210,23,dog (black),emotional hazards,dog,57.0,18.03,34.99,36.13
02_Hanns_Klemm_Str_44_000011_000220,23,dog (black),emotional hazards,dog,71.0,14.78,16.74,20.16
02_Hanns_Klemm_Str_44_000011_000230,23,dog (black),emotional hazards,dog,90.0,11.62,10.01,16.06
02_Hanns_Klemm_Str_44_000011_000240,23,dog (black),emotional hazards,dog,118.0,8.99,7.75,12.3
02_Hanns_Klemm_Str_44_000012_000180,24,dog (white),emotional hazards,dog,31.0,22.21,39.93,52.57
02_Hanns_Klemm_Str_44_000012_000190,24,dog (white),emotional hazards,dog,47.0,17.9,23.14,36.17
02_Hanns_Klemm_Str_44_000012_000200,24,dog (white),emotional hazards,dog,59.0,13.31,9.75,24.83
02_Hanns_Klemm_Str_44_000013_000050,26,bobby car (gray),emotional hazards,car,15.0,62.94,,271.03
02_Hanns_Klemm_Str_44_000013_000090,26,bobby car (gray),emotional hazards,car,16.0,59.69,115.78,241.02
02_Hanns_Klemm_Str_44_000013_000100,26,bobby car (gray),emotional hazards,car,17.0,54.49,145.31,216.9
02_Hanns_Klemm_Str_44_000013_000110,26,bobby car (gray),emotional hazards,car,16.0,51.04,145.27,206.53
02_Hanns_Klemm_Str_44_000013_000120,26,bobby car (gray),emotional hazards,car,18.0,48.53,115.74,197.12
02_Hanns_Klemm_Str_44_000013_000130,26,bobby car (gray),emotional hazards,car,19.0,44.62,115.74,180.7
02_Hanns_Klemm_Str_44_000013_000140,26,bobby car (gray),emotional hazards,car,21.0,41.95,115.76,166.82
02_Hanns_Klemm_Str_44_000013_000150,26,bobby car (gray),emotional hazards,car,24.0,37.61,91.1,154.95
02_Hanns_Klemm_Str_44_000013_000160,26,bobby car (gray),emotional hazards,motorcycle,27.0,34.79,102.06,124.41
02_Hanns_Klemm_Str_44_000013_000170,26,bobby car (gray),emotional hazards,motorcycle,30.0,30.93,96.47,110.06
02_Hanns_Klemm_Str_44_000013_000180,26,bobby car (gray),emotional hazards,motorcycle,33.0,26.95,54.0,99.36
02_Hanns_Klemm_Str_44_000013_000190,26,bobby car (gray),emotional hazards,motorcycle,40.0,22.91,38.34,78.73
02_Hanns_Klemm_Str_44_000013_000200,26,bobby car (gray),emotional hazards,motorcycle,50.0,19.21,41.06,65.13
02_Hanns_Klemm_Str_44_000013_000210,26,bobby car (gray),emotional hazards,motorcycle,61.0,15.55,35.9,54.76
02_Hanns_Klemm_Str_44_000013_000220,26,bobby car (gray),emotional hazards,motorcycle,81.0,12.05,15.51,40.35
02_Hanns_Klemm_Str_44_000013_000230,26,bobby car (gray),emotional hazards,motorcycle,112.0,8.87,8.7,28.73
02_Hanns_Klemm_Str_44_000014_000130,27,bobby car (red),emotional hazards,car,18.0,45.05,71.87,97.97
02_Hanns_Klemm_Str_44_000014_000160,27,bobby car (red),emotional hazards,car,25.0,33.43,52.13,240.94
02_Hanns_Klemm_Str_44_000014_000170,27,bobby car (red),emotional hazards,car,30.0,29.11,45.24,139.95
02_Hanns_Klemm_Str_44_000014_000180,27,bobby car (red),emotional hazards,car,36.0,25.13,45.26,155.05
02_Hanns_Klemm_Str_44_000014_000190,27,bobby car (red),emotional hazards,dog,44.0,21.31,35.06,34.75
02_Hanns_Klemm_Str_44_000014_000200,27,bobby car (red),emotional hazards,motorcycle,56.0,17.55,13.25,55.34
02_Hanns_Klemm_Str_44_000014_000210,27,bobby car (red),emotional hazards,motorcycle,72.0,13.71,9.7,42.8
02_Hanns_Klemm_Str_44_000014_000220,27,bobby car (red),emotional hazards,motorcycle,94.0,10.26,7.18,32.81
02_Hanns_Klemm_Str_44_000015_000140,27,bobby car (red),emotional hazards,person,26.0,32.17,19.2,175.52
02_Hanns_Klemm_Str_44_000015_000150,27,bobby car (red),emotional hazards,dog,35.0,28.26,15.1,45.64
02_Hanns_Klemm_Str_44_000015_000160,27,bobby car (red),emotional hazards,dog,39.0,24.97,14.46,42.3
02_Hanns_Klemm_Str_44_000015_000170,27,bobby car (red),emotional hazards,dog,47.0,21.07,12.72,34.01
02_Hanns_Klemm_Str_44_000015_000180,27,bobby car (red),emotional hazards,car,56.0,17.83,9.72,67.74
02_Hanns_Klemm_Str_44_000015_000190,27,bobby car (red),emotional hazards,motorcycle,67.0,14.14,9.05,45.82
02_Hanns_Klemm_Str_44_000015_000200,27,bobby car (red),emotional hazards,car,93.0,10.82,14.71,47.12
02_Hanns_Klemm_Str_44_000015_000210,27,bobby car (red),emotional hazards,car,128.0,7.71,9.25,28.9
02_Hanns_Klemm_Str_44_000016_000120,26,bobby car (gray),emotional hazards,dog,37.0,25.79,15.67,40.38
02_Hanns_Klemm_Str_44_000016_000130,26,bobby car (gray),emotional hazards,dog,43.0,22.69,14.6,33.39
02_Hanns_Klemm_Str_44_000016_000140,26,bobby car (gray),emotional hazards,motorcycle,55.0,19.06,12.74,62.7
02_Hanns_Klemm_Str_44_000016_000150,26,bobby car (gray),emotional hazards,car,64.0,15.65,9.58,59.49
02_Hanns_Klemm_Str_44_000016_000160,26,bobby car (gray),emotional hazards,car,81.0,12.22,7.56,46.26
02_Hanns_Klemm_Str_44_000016_000170,26,bobby car (gray),emotional hazards,car,105.0,9.07,9.23,34.59
02_Hanns_Klemm_Str_44_000016_000180,26,bobby car (gray),emotional hazards,car,156.0,6.4,6.81,23.56
02_Hanns_Klemm_Str_44_000017_000100,23,dog (black),emotional hazards,dog,28.0,34.64,19.2,54.19
02_Hanns_Klemm_Str_44_000017_000110,23,dog (black),emotional hazards,dog,34.0,30.94,15.52,43.36
02_Hanns_Klemm_Str_44_000017_000120,23,dog (black),emotional hazards,dog,39.0,26.67,14.84,37.71
02_Hanns_Klemm_Str_44_000017_000130,23,dog (black),emotional hazards,dog,45.0,22.98,12.82,32.13
02_Hanns_Klemm_Str_44_000017_000140,23,dog (black),emotional hazards,dog,55.0,19.01,9.9,26.3
02_Hanns_Klemm_Str_44_000017_000150,23,dog (black),emotional hazards,dog,69.0,15.04,10.4,21.19
02_Hanns_Klemm_Str_44_000017_000160,23,dog (black),emotional hazards,dog,92.0,11.45,15.56,15.4
02_Hanns_Klemm_Str_44_000017_000170,23,dog (black),emotional hazards,dog,132.0,7.92,9.77,10.91
02_Hanns_Klemm_Str_44_000018_000130,24,dog (white),emotional hazards,dog,23.0,35.56,20.94,87.1
02_Hanns_Klemm_Str_44_000018_000140,24,dog (white),emotional hazards,dog,25.0,31.41,16.47,72.5
02_Hanns_Klemm_Str_44_000018_000150,24,dog (white),emotional hazards,dog,30.0,27.73,15.02,60.01
02_Hanns_Klemm_Str_44_000018_000160,24,dog (white),emotional hazards,dog,33.0,24.1,14.76,52.76
02_Hanns_Klemm_Str_44_000018_000170,24,dog (white),emotional hazards,dog,38.0,20.61,11.1,39.58
02_Hanns_Klemm_Str_44_000018_000180,24,dog (white),emotional hazards,dog,44.0,16.97,10.76,33.52
02_Hanns_Klemm_Str_44_000018_000190,24,dog (white),emotional hazards,dog,58.0,13.84,21.25,26.48
02_Hanns_Klemm_Str_44_000018_000200,24,dog (white),emotional hazards,dog,75.0,10.4,13.29,19.36
02_Hanns_Klemm_Str_44_000018_000210,24,dog (white),emotional hazards,dog,112.0,6.94,9.1,13.24
04_Maurener_Weg_8_000000_000130,05,"crate (gray, 2x stacked)",standard objects,obstacle,26.0,34.75,39.0,39.0
04_Maurener_Weg_8_000000_000130,06,"crate (gray, upright)",standard objects,construction barrier,44.0,32.38,29.6,29.6
04_Maurener_Weg_8_000000_000140,04,crate (gray),standard objects,construction barrier,28.0,20.67,35.06,35.06
04_Maurener_Weg_8_000000_000140,06,"crate (gray, upright)",standard objects,construction barrier,51.0,28.35,37.39,37.39
04_Maurener_Weg_8_000000_000150,04,crate (gray),standard objects,obstacle,35.0,16.61,21.99,21.99
04_Maurener_Weg_8_000000_000160,04,crate (gray),standard objects,obstacle,41.0,12.79,15.19,15.19
04_Maurener_Weg_8_000000_000160,05,"crate (gray, 2x stacked)",standard objects,obstacle,40.0,22.6,25.93,25.93
04_Maurener_Weg_8_000000_000170,04,crate (gray),standard objects,box,65.0,9.15,9.73,9.73
04_Maurener_Weg_8_000000_000170,05,"crate (gray, 2x stacked)",standard objects,obstacle,45.0,18.5,18.57,18.57
04_Maurener_Weg_8_000000_000170,06,"crate (gray, upright)",standard objects,construction barrier,90.0,15.98,15.33,15.33
04_Maurener_Weg_8_000000_000180,05,"crate (gray, 2x stacked)",standard objects,obstacle,56.0,15.01,16.92,16.92
04_Maurener_Weg_8_000000_000180,06,"crate (gray, upright)",standard objects,construction barrier,110.0,12.63,13.53,13.53
04_Maurener_Weg_8_000000_000190,05,"crate (gray, 2x stacked)",standard objects,obstacle,70.0,12.06,13.24,13.24
04_Maurener_Weg_8_000000_000190,06,"crate (gray, upright)",standard objects,construction barrier,150.0,9.65,10.56,10.56
04_Maurener_Weg_8_000000_000200,05,"crate (gray, 2x stacked)",standard objects,obstacle,92.0,9.71,11.1,11.1
04_Maurener_Weg_8_000000_000200,06,"crate (gray, upright)",standard objects,obstacle,201.0,7.22,8.44,8.44
04_Maurener_Weg_8_000001_000190,03,"crate (black, upright)",standard objects,bicycle,67.0,10.43,10.71,41.53
04_Maurener_Weg_8_000001_000190,02,"crate (black, 2x stacked)",standard objects,obstacle,71.0,16.08,16.99,16.99
04_Maurener_Weg_8_000001_000200,03,"crate (black, upright)",standard objects,obstacle,110.0,6.65,7.3,7.3
04_Maurener_Weg_8_000001_000200,03,"crate (black, upright)",standard objects,obstacle,38.0,18.1,22.22,22.22
04_Maurener_Weg_8_000001_000210,03,"crate (black, upright)",standard objects,obstacle,48.0,14.97,17.11,17.11
04_Maurener_Weg_8_000001_000210,02,"crate (black, 2x stacked)",standard objects,obstacle,122.0,9.33,10.38,10.38
04_Maurener_Weg_8_000002_000050,06,"crate (gray, upright)",standard objects,construction barrier,34.0,45.4,39.91,39.91
04_Maurener_Weg_8_000002_000070,06,"crate (gray, upright)",standard objects,construction barrier,37.0,40.05,35.0,35.0
04_Maurener_Weg_8_000002_000100,04,crate (gray),standard objects,obstacle,24.0,19.19,17.31,17.31
04_Maurener_Weg_8_000002_000100,05,"crate (gray, 2x stacked)",standard objects,box,34.0,21.35,19.22,19.22
04_Maurener_Weg_8_000002_000110,04,crate (gray),standard objects,box,32.0,15.37,14.16,14.16
04_Maurener_Weg_8_000002_000110,05,"crate (gray, 2x stacked)",standard objects,box,43.0,18.0,16.13,16.13
04_Maurener_Weg_8_000002_000110,06,"crate (gray, upright)",standard objects,traffic barricade,57.0,24.03,20.36,20.36
04_Maurener_Weg_8_000002_000120,04,crate (gray),standard objects,box,39.0,11.76,11.9,11.9
04_Maurener_Weg_8_000002_000120,05,"crate (gray, 2x stacked)",standard objects,box,58.0,14.18,14.26,14.26
04_Maurener_Weg_8_000002_000130,04,crate (gray),standard objects,obstacle,64.0,8.39,9.32,9.32
04_Maurener_Weg_8_000002_000130,05,"crate (gray, 2x stacked)",standard objects,box,74.0,10.93,11.99,11.99
04_Maurener_Weg_8_000002_000130,06,"crate (gray, upright)",standard objects,obstacle,85.0,16.67,19.43,19.43
04_Maurener_Weg_8_000002_000140,05,"crate (gray, 2x stacked)",standard objects,box,102.0,8.19,8.89,8.89
04_Maurener_Weg_8_000002_000140,06,"crate (gray, upright)",standard objects,obstacle,96.0,13.97,15.68,15.68
04_Maurener_Weg_8_000002_000150,05,"crate (gray, 2x stacked)",standard objects,box,130.0,6.5,7.07,7.07
04_Maurener_Weg_8_000002_000150,06,"crate (gray, upright)",standard objects,obstacle,112.0,12.11,14.24,14.24
04_Maurener_Weg_8_000003_000010,02,"crate (black, 2x stacked)",standard objects,bucket,30.0,38.22,52.16,52.16
04_Maurener_Weg_8_000003_000040,02,"crate (black, 2x stacked)",standard objects,bucket,31.0,36.01,33.62,33.62
04_Maurener_Weg_8_000003_000060,03,"crate (black, upright)",standard objects,obstacle,26.0,26.12,25.23,25.23
04_Maurener_Weg_8_000003_000060,02,"crate (black, 2x stacked)",standard objects,box,35.0,31.34,29.54,29.54
04_Maurener_Weg_8_000003_000070,02,"crate (black, 2x stacked)",standard objects,box,37.0,28.18,25.55,25.55
04_Maurener_Weg_8_000003_000070,03,"crate (black, upright)",standard objects,box,31.0,23.02,21.7,21.7
04_Maurener_Weg_8_000003_000080,03,"crate (black, upright)",standard objects,box,36.0,19.89,18.04,18.04
04_Maurener_Weg_8_000003_000080,02,"crate (black, 2x stacked)",standard objects,box,43.0,25.15,21.38,21.38
04_Maurener_Weg_8_000003_000090,03,"crate (black, upright)",standard objects,obstacle,42.0,16.64,15.3,15.3
04_Maurener_Weg_8_000003_000090,02,"crate (black, 2x stacked)",standard objects,box,49.0,21.29,19.0,19.0
04_Maurener_Weg_8_000003_000100,03,"crate (black, upright)",standard objects,box,55.0,12.72,12.35,12.35
04_Maurener_Weg_8_000003_000100,02,"crate (black, 2x stacked)",standard objects,box,59.0,17.92,16.44,16.44
04_Maurener_Weg_8_000003_000100,01,crate (black),standard objects,obstacle,30.0,25.44,23.13,23.13
04_Maurener_Weg_8_000003_000110,03,"crate (black, upright)",standard objects,box,76.0,9.28,9.77,9.77
04_Maurener_Weg_8_000003_000110,02,"crate (black, 2x stacked)",standard objects,box,75.0,14.19,14.85,14.85
04_Maurener_Weg_8_000003_000120,02,"crate (black, 2x stacked)",standard objects,obstacle,93.0,11.11,11.44,11.44
04_Maurener_Weg_8_000003_000120,01,crate (black),standard objects,bucket,40.0,18.92,19.72,19.72
04_Maurener_Weg_8_000003_000130,02,"crate (black, 2x stacked)",standard objects,box,122.0,8.62,9.25,9.25
04_Maurener_Weg_8_000003_000130,01,crate (black),standard objects,box,50.0,16.18,18.88,18.88
04_Maurener_Weg_8_000003_000140,02,"crate (black, 2x stacked)",standard objects,box,153.0,6.94,7.42,7.42
04_Maurener_Weg_8_000003_000140,01,crate (black),standard objects,obstacle,58.0,14.57,16.85,16.85
04_Maurener_Weg_8_000004_000160,21,ball,emotional hazards,ball,40.0,14.07,14.98,14.98
04_Maurener_Weg_8_000004_000190,15,euro pallet,random hazards,obstacle,46.0,14.7,14.71,14.71
04_Maurener_Weg_8_000004_000200,15,euro pallet,random hazards,obstacle,60.0,11.23,11.28,11.28
04_Maurener_Weg_8_000004_000210,15,euro pallet,random hazards,traffic barricade,93.0,8.47,8.54,8.54
04_Maurener_Weg_8_000005_000050,16,pylon,random hazards,traffic cone,16.0,47.6,54.47,54.47
04_Maurener_Weg_8_000005_000070,16,pylon,random hazards,traffic cone,15.0,44.71,42.54,42.54
04_Maurener_Weg_8_000005_000090,18,pylon (white),random hazards,traffic cone,22.0,39.46,47.92,47.92
04_Maurener_Weg_8_000005_000100,18,pylon (white),random hazards,traffic cone,22.0,36.82,39.06,39.06
04_Maurener_Weg_8_000005_000100,16,pylon,random hazards,traffic cone,19.0,40.77,41.12,41.12
04_Maurener_Weg_8_000005_000110,18,pylon (white),random hazards,traffic cone,24.0,34.89,36.5,36.5
04_Maurener_Weg_8_000005_000110,16,pylon,random hazards,traffic cone,20.0,37.73,38.27,38.27
04_Maurener_Weg_8_000005_000120,18,pylon (white),random hazards,traffic cone,25.0,31.58,31.73,31.73
04_Maurener_Weg_8_000005_000120,16,pylon,random hazards,traffic cone,20.0,34.7,33.69,33.69
04_Maurener_Weg_8_000005_000130,18,pylon (white),random hazards,traffic cone,28.0,28.31,26.75,26.75
04_Maurener_Weg_8_000005_000130,16,pylon,random hazards,traffic cone,20.0,31.33,28.12,28.12
04_Maurener_Weg_8_000005_000140,18,pylon (white),random hazards,traffic cone,32.0,25.37,21.66,21.66
04_Maurener_Weg_8_000005_000140,16,pylon,random hazards,traffic cone,25.0,27.77,23.14,23.14
04_Maurener_Weg_8_000005_000150,18,pylon (white),random hazards,traffic cone,38.0,21.77,19.22,19.22
04_Maurener_Weg_8_000005_000150,16,pylon,random hazards,traffic cone,30.0,24.51,20.86,20.86
04_Maurener_Weg_8_000005_000160,18,pylon (white),random hazards,traffic cone,43.0,18.04,17.29,17.29
04_Maurener_Weg_8_000005_000160,16,pylon,random hazards,traffic cone,35.0,20.54,19.0,19.0
04_Maurener_Weg_8_000005_000170,18,pylon (white),random hazards,traffic cone,57.0,14.29,15.44,15.44
04_Maurener_Weg_8_000005_000170,16,pylon,random hazards,traffic cone,44.0,16.79,17.44,17.44
04_Maurener_Weg_8_000005_000180,16,pylon,random hazards,traffic cone,52.0,13.88,14.84,14.84
04_Maurener_Weg_8_000005_000180,18,pylon (white),random hazards,traffic cone,70.0,11.34,12.85,12.85
04_Maurener_Weg_8_000005_000190,18,pylon (white),random hazards,traffic cone,87.0,9.25,10.97,10.97
04_Maurener_Weg_8_000005_000190,16,pylon,random hazards,traffic cone,61.0,11.81,13.01,13.01
04_Maurener_Weg_8_000005_000200,18,pylon (white),random hazards,traffic cone,96.0,8.06,9.17,9.17
04_Maurener_Weg_8_000005_000200,16,pylon,random hazards,traffic cone,72.0,10.58,11.43,11.43
04_Maurener_Weg_8_000006_000090,18,pylon (white),random hazards,ball,20.0,30.45,26.34,26.34
04_Maurener_Weg_8_000006_000100,18,pylon (white),random hazards,ball,24.0,26.46,25.18,25.18
04_Maurener_Weg_8_000006_000110,18,pylon (white),random hazards,person,29.0,22.5,20.36,169.56
04_Maurener_Weg_8_000006_000130,18,pylon (white),random hazards,traffic cone,38.0,14.28,15.71,15.71
04_Maurener_Weg_8_000006_000150,18,pylon (white),random hazards,traffic cone,63.0,8.48,9.4,9.4
04_Maurener_Weg_8_000007_000120,21,ball,emotional hazards,ball,22.0,22.85,26.78,26.78
04_Maurener_Weg_8_000007_000140,21,ball,emotional hazards,ball,36.0,13.87,19.89,19.89
04_Maurener_Weg_8_000007_000150,25,kid dummy,emotional hazards,motorcycle,35.0,10.28,13.66,69.68
04_Maurener_Weg_8_000007_000160,25,kid dummy,emotional hazards,motorcycle,48.0,7.37,10.65,48.25
04_Maurener_Weg_8_000007_000160,21,ball,emotional hazards,ball,68.0,7.21,10.65,10.65
04_Maurener_Weg_8_000007_000170,25,kid dummy,emotional hazards,person,66.0,5.56,7.92,46.42
04_Maurener_Weg_8_000007_000170,21,ball,emotional hazards,ball,94.0,5.37,7.94,7.94
04_Maurener_Weg_8_000008_000090,11,crate (green),random hazards,box,18.0,47.86,36.64,36.64
04_Maurener_Weg_8_000008_000100,11,crate (green),random hazards,box,19.0,42.25,35.81,35.81
04_Maurener_Weg_8_000008_000130,11,crate (green),random hazards,box,28.0,26.86,34.32,34.32
04_Maurener_Weg_8_000008_000130,31,plastic bag (bloated),random hazards,traffic barricade,43.0,13.94,14.61,14.61
04_Maurener_Weg_8_000008_000140,11,crate (green),random hazards,box,34.0,21.55,26.36,26.36
04_Maurener_Weg_8_000008_000140,31,plastic bag (bloated),random hazards,motorcycle,68.0,8.82,8.94,51.21
04_Maurener_Weg_8_000008_000150,11,crate (green),random hazards,box,42.0,16.99,24.47,24.47
04_Maurener_Weg_8_000008_000160,11,crate (green),random hazards,box,55.0,13.03,18.79,18.79
04_Maurener_Weg_8_000008_000160,31,plastic bag (bloated),random hazards,dog,75.0,6.6,7.27,20.8
04_Maurener_Weg_8_000008_000170,11,crate (green),random hazards,box,74.0,9.99,13.23,13.23
04_Maurener_Weg_8_000008_000180,11,crate (green),random hazards,box,98.0,7.8,10.72,10.72
04_Maurener_Weg_8_000008_000190,11,crate (green),random hazards,box,120.0,6.42,8.42,8.42
04_Maurener_Weg_8_000008_000200,11,crate (green),random hazards,box,140.0,5.55,7.52,7.52
04_Maurener_Weg_8_000009_000140,24,dog (white),emotional hazards,dog,20.0,36.21,40.16,72.73
04_Maurener_Weg_8_000009_000150,24,dog (white),emotional hazards,dog,23.0,31.85,36.58,64.37
04_Maurener_Weg_8_000009_000160,24,dog (white),emotional hazards,dog,26.0,27.68,25.54,54.19
04_Maurener_Weg_8_000009_000170,24,dog (white),emotional hazards,dog,31.0,23.04,21.65,51.01
04_Maurener_Weg_8_000009_000180,24,dog (white),emotional hazards,dog,36.0,19.27,19.21,41.31
04_Maurener_Weg_8_000009_000190,24,dog (white),emotional hazards,dog,44.0,15.35,17.43,32.72
04_Maurener_Weg_8_000009_000200,24,dog (white),emotional hazards,dog,59.0,11.9,11.67,25.5
04_Maurener_Weg_8_000009_000210,24,dog (white),emotional hazards,dog,81.0,8.72,9.05,18.86
04_Maurener_Weg_8_000010_000100,23,dog (black),emotional hazards,dog,39.0,29.46,30.59,49.54
04_Maurener_Weg_8_000010_000110,23,dog (black),emotional hazards,dog,43.0,25.23,22.81,34.0
04_Maurener_Weg_8_000010_000120,23,dog (black),emotional hazards,dog,52.0,20.63,22.81,27.1
04_Maurener_Weg_8_000010_000130,23,dog (black),emotional hazards,dog,67.0,15.92,15.95,21.68
04_Maurener_Weg_8_000010_000140,23,dog (black),emotional hazards,dog,91.0,11.86,12.09,15.78
04_Maurener_Weg_8_000010_000150,23,dog (black),emotional hazards,dog,131.0,8.22,8.92,11.01
04_Maurener_Weg_8_000011_000030,26,bobby car (gray),emotional hazards,car,17.0,62.04,78.48,270.95
04_Maurener_Weg_8_000011_000040,26,bobby car (gray),emotional hazards,car,18.0,61.66,66.28,270.95
04_Maurener_Weg_8_000011_000050,26,bobby car (gray),emotional hazards,car,17.0,61.39,68.96,270.95
04_Maurener_Weg_8_000011_000070,26,bobby car (gray),emotional hazards,car,20.0,55.62,59.37,240.85
04_Maurener_Weg_8_000011_000080,26,bobby car (gray),emotional hazards,car,19.0,52.84,75.04,240.88
04_Maurener_Weg_8_000011_000090,26,bobby car (gray),emotional hazards,car,21.0,50.11,47.75,228.22
04_Maurener_Weg_8_000011_000100,26,bobby car (gray),emotional hazards,car,23.0,47.01,47.75,206.49
04_Maurener_Weg_8_000011_000110,26,bobby car (gray),emotional hazards,car,24.0,42.13,34.3,180.71
04_Maurener_Weg_8_000011_000120,26,bobby car (gray),emotional hazards,car,28.0,37.84,49.12,166.78
04_Maurener_Weg_8_000011_000130,26,bobby car (gray),emotional hazards,dog,30.0,34.69,35.0,57.82
04_Maurener_Weg_8_000011_000140,26,bobby car (gray),emotional hazards,dog,33.0,30.78,32.35,51.03
04_Maurener_Weg_8_000011_000150,26,bobby car (gray),emotional hazards,motorcycle,38.0,26.29,24.12,98.99
04_Maurener_Weg_8_000011_000160,26,bobby car (gray),emotional hazards,car,46.0,22.81,21.94,94.35
04_Maurener_Weg_8_000011_000170,26,bobby car (gray),emotional hazards,car,55.0,18.99,18.79,80.37
04_Maurener_Weg_8_000011_000180,26,bobby car (gray),emotional hazards,car,64.0,15.12,16.59,62.91
04_Maurener_Weg_8_000011_000190,26,bobby car (gray),emotional hazards,car,84.0,11.58,11.3,45.26
04_Maurener_Weg_8_000012_000030,27,bobby car (red),emotional hazards,traffic cone,19.0,65.71,78.48,78.48
04_Maurener_Weg_8_000012_000060,27,bobby car (red),emotional hazards,traffic cone,20.0,61.6,57.38,57.38
04_Maurener_Weg_8_000012_000080,27,bobby car (red),emotional hazards,traffic cone,22.0,54.27,78.48,78.48
04_Maurener_Weg_8_000012_000120,27,bobby car (red),emotional hazards,dog,28.0,38.29,35.73,78.83
04_Maurener_Weg_8_000012_000140,27,bobby car (red),emotional hazards,dog,35.0,28.59,30.6,54.19
04_Maurener_Weg_8_000012_000150,27,bobby car (red),emotional hazards,dog,43.0,24.58,24.1,39.41
04_Maurener_Weg_8_000012_000160,27,bobby car (red),emotional hazards,car,54.0,19.74,18.78,111.17
04_Maurener_Weg_8_000012_000170,27,bobby car (red),emotional hazards,car,70.0,15.63,15.8,54.88
04_Maurener_Weg_8_000012_000180,27,bobby car (red),emotional hazards,motorcycle,89.0,11.58,12.0,35.45
04_Maurener_Weg_8_000012_000190,27,bobby car (red),emotional hazards,car,129.0,8.28,9.29,28.34
04_Maurener_Weg_8_000013_000180,28,bobby car (yellow),emotional hazards,dog,39.0,27.71,23.67,39.81
04_Maurener_Weg_8_000013_000190,28,bobby car (yellow),emotional hazards,dog,47.0,23.1,19.47,35.89
04_Maurener_Weg_8_000013_000200,28,bobby car (yellow),emotional hazards,car,55.0,19.39,17.87,70.9
04_Maurener_Weg_8_000013_000210,28,bobby car (yellow),emotional hazards,motorcycle,66.0,15.86,16.94,50.64
04_Maurener_Weg_8_000013_000220,28,bobby car (yellow),emotional hazards,motorcycle,84.0,12.64,13.19,37.02
04_Maurener_Weg_8_000013_000230,28,bobby car (yellow),emotional hazards,motorcycle,113.0,9.49,9.68,27.25
05_Schafgasse_1_000000_000180,05,"crate (gray, 2x stacked)",standard objects,box,60.0,13.46,15.44,15.44
05_Schafgasse_1_000000_000190,05,"crate (gray, 2x stacked)",standard objects,obstacle,81.0,10.13,10.53,10.53
05_Schafgasse_1_000000_000200,05,"crate (gray, 2x stacked)",standard objects,box,124.0,7.13,8.91,8.91
05_Schafgasse_1_000001_000230,03,"crate (black, upright)",standard objects,box,46.0,15.46,17.5,17.5
05_Schafgasse_1_000001_000240,03,"crate (black, upright)",standard objects,box,56.0,13.01,13.98,13.98
05_Schafgasse_1_000001_000250,03,"crate (black, upright)",standard objects,obstacle,69.0,10.79,12.8,12.8
05_Schafgasse_1_000001_000260,03,"crate (black, upright)",standard objects,obstacle,82.0,8.69,11.36,11.36
05_Schafgasse_1_000002_000120,18,pylon (white),random hazards,traffic cone,15.0,38.37,45.24,45.24
05_Schafgasse_1_000002_000150,18,pylon (white),random hazards,traffic cone,17.0,32.82,44.12,44.12
05_Schafgasse_1_000002_000170,18,pylon (white),random hazards,traffic cone,19.0,27.82,34.37,34.37
05_Schafgasse_1_000002_000180,18,pylon (white),random hazards,traffic cone,21.0,25.14,30.14,30.14
05_Schafgasse_1_000002_000190,18,pylon (white),random hazards,ball,24.0,22.0,27.27,27.27
05_Schafgasse_1_000002_000200,18,pylon (white),random hazards,ball,28.0,18.91,20.67,20.67
05_Schafgasse_1_000002_000210,08,cardboard box,random hazards,obstacle,26.0,24.34,45.22,45.22
05_Schafgasse_1_000002_000210,18,pylon (white),random hazards,ball,31.0,15.72,18.46,18.46
05_Schafgasse_1_000002_000220,18,pylon (white),random hazards,ball,41.0,12.48,13.33,13.33
05_Schafgasse_1_000002_000230,08,cardboard box,random hazards,box,35.0,18.15,22.51,22.51
05_Schafgasse_1_000002_000230,18,pylon (white),random hazards,ball,57.0,9.12,9.26,9.26
05_Schafgasse_1_000003_000140,20,tire,random hazards,obstacle,46.0,13.89,15.27,15.27
05_Schafgasse_1_000003_000150,20,tire,random hazards,obstacle,61.0,10.63,12.59,12.59
05_Schafgasse_1_000003_000160,20,tire,random hazards,obstacle,87.0,7.86,9.07,9.07
05_Schafgasse_1_000004_000130,11,crate (green),random hazards,box,29.0,22.66,35.02,35.02
05_Schafgasse_1_000004_000130,10,"crate (blue, small)",random hazards,box,25.0,18.62,21.96,21.96
05_Schafgasse_1_000004_000140,11,crate (green),random hazards,box,37.0,19.53,24.13,24.13
05_Schafgasse_1_000004_000140,10,"crate (blue, small)",random hazards,box,32.0,15.19,15.84,15.84
05_Schafgasse_1_000004_000150,10,"crate (blue, small)",random hazards,box,43.0,11.52,11.87,11.87
05_Schafgasse_1_000004_000150,11,crate (green),random hazards,box,41.0,15.85,19.24,19.24
05_Schafgasse_1_000004_000160,11,crate (green),random hazards,box,55.0,12.54,16.32,16.32
05_Schafgasse_1_000004_000160,10,"crate (blue, small)",random hazards,obstacle,68.0,7.99,8.78,8.78
05_Schafgasse_1_000004_000170,11,crate (green),random hazards,box,74.0,9.57,12.59,12.59
05_Schafgasse_1_000005_000120,21,ball,emotional hazards,ball,27.0,21.28,31.24,31.24
05_Schafgasse_1_000005_000130,21,ball,emotional hazards,ball,31.0,18.1,22.51,22.51
05_Schafgasse_1_000007_000130,20,tire,random hazards,obstacle,30.0,12.21,15.53,15.53
05_Schafgasse_1_000007_000140,20,tire,random hazards,obstacle,39.0,9.29,10.4,10.4
05_Schafgasse_1_000007_000150,20,tire,random hazards,obstacle,63.0,6.47,7.31,7.31
05_Schafgasse_1_000008_000110,14,headlight,random hazards,cat,47.0,13.23,16.01,16.11
05_Schafgasse_1_000008_000120,14,headlight,random hazards,dog,63.0,9.97,11.31,23.79
05_Schafgasse_1_000009_000180,23,dog (black),emotional hazards,dog,37.0,28.77,35.73,51.0
05_Schafgasse_1_000009_000190,23,dog (black),emotional hazards,dog,41.0,25.54,34.3,40.34
05_Schafgasse_1_000009_000200,23,dog (black),emotional hazards,dog,51.0,21.69,27.27,31.04
05_Schafgasse_1_000009_000210,23,dog (black),emotional hazards,dog,59.0,18.28,21.49,25.61
05_Schafgasse_1_000009_000220,23,dog (black),emotional hazards,dog,75.0,14.99,16.9,21.04
05_Schafgasse_1_000009_000230,23,dog (black),emotional hazards,dog,92.0,11.99,12.35,16.47
05_Schafgasse_1_000009_000240,23,dog (black),emotional hazards,dog,114.0,9.26,10.21,12.5
05_Schafgasse_1_000010_000130,24,dog (white),emotional hazards,dog,24.0,31.65,36.05,58.34
05_Schafgasse_1_000010_000140,24,dog (white),emotional hazards,dog,27.0,27.83,33.37,51.62
05_Schafgasse_1_000010_000150,24,dog (white),emotional hazards,dog,32.0,23.42,28.99,46.35
05_Schafgasse_1_000010_000160,24,dog (white),emotional hazards,dog,38.0,19.55,21.81,38.38
05_Schafgasse_1_000010_000170,24,dog (white),emotional hazards,dog,46.0,15.87,20.19,32.62
05_Schafgasse_1_000010_000180,24,dog (white),emotional hazards,dog,59.0,12.55,13.12,26.6
05_Schafgasse_1_000010_000190,24,dog (white),emotional hazards,dog,76.0,9.31,10.37,19.4
05_Schafgasse_1_000011_000120,27,bobby car (red),emotional hazards,person,29.0,39.08,42.98,213.83
05_Schafgasse_1_000011_000130,27,bobby car (red),emotional hazards,person,32.0,33.58,35.8,189.34
05_Schafgasse_1_000011_000140,27,bobby car (red),emotional hazards,car,36.0,28.89,35.81,135.85
05_Schafgasse_1_000011_000150,27,bobby car (red),emotional hazards,car,41.0,23.8,28.15,114.47
05_Schafgasse_1_000011_000160,27,bobby car (red),emotional hazards,car,54.0,19.23,29.67,94.66
05_Schafgasse_1_000011_000170,27,bobby car (red),emotional hazards,motorcycle,71.0,14.17,14.79,47.29
05_Schafgasse_1_000011_000180,27,bobby car (red),emotional hazards,car,105.0,9.75,10.78,35.23
05_Schafgasse_1_000012_000180,28,bobby car (yellow),emotional hazards,dog,47.0,22.57,21.67,33.39
05_Schafgasse_1_000012_000190,28,bobby car (yellow),emotional hazards,car,58.0,18.22,17.85,58.8
05_Schafgasse_1_000012_000200,28,bobby car (yellow),emotional hazards,car,75.0,14.25,14.95,52.01
05_Schafgasse_1_000012_000210,28,bobby car (yellow),emotional hazards,car,99.0,10.6,11.31,39.8
05_Schafgasse_1_000012_000220,28,bobby car (yellow),emotional hazards,car,142.0,7.32,9.0,27.44
05_Schafgasse_1_000013_000050,26,bobby car (gray),emotional hazards,car,17.0,64.37,44.04,197.09
05_Schafgasse_1_000013_000080,26,bobby car (gray),emotional hazards,car,22.0,54.04,66.29,240.85
05_Schafgasse_1_000013_000090,26,bobby car (gray),emotional hazards,car,23.0,51.2,50.58,216.8
05_Schafgasse_1_000013_000100,26,bobby car (gray),emotional hazards,car,22.0,45.71,59.39,206.5
05_Schafgasse_1_000013_000110,26,bobby car (gray),emotional hazards,car,25.0,41.84,50.57,197.05
05_Schafgasse_1_000013_000120,26,bobby car (gray),emotional hazards,car,30.0,36.78,50.58,166.78
05_Schafgasse_1_000013_000130,26,bobby car (gray),emotional hazards,car,32.0,32.16,40.94,140.12
05_Schafgasse_1_000013_000140,26,bobby car (gray),emotional hazards,car,39.0,28.02,41.07,128.13
05_Schafgasse_1_000013_000150,26,bobby car (gray),emotional hazards,car,45.0,23.07,22.11,106.59
05_Schafgasse_1_000013_000160,26,bobby car (gray),emotional hazards,car,55.0,18.43,17.62,84.42
05_Schafgasse_1_000013_000170,26,bobby car (gray),emotional hazards,car,69.0,14.2,13.26,61.43
05_Schafgasse_1_000013_000180,26,bobby car (gray),emotional hazards,car,97.0,10.46,10.99,45.77
05_Schafgasse_1_000014_000090,24,dog (white),emotional hazards,dog,32.0,32.25,55.5,57.8
05_Schafgasse_1_000014_000100,24,dog (white),emotional hazards,dog,32.0,28.71,38.13,46.87
05_Schafgasse_1_000014_000110,24,dog (white),emotional hazards,dog,38.0,25.23,33.62,54.2
05_Schafgasse_1_000014_000120,24,dog (white),emotional hazards,dog,42.0,21.15,24.45,45.64
05_Schafgasse_1_000014_000130,24,dog (white),emotional hazards,dog,53.0,17.66,22.5,33.35
05_Schafgasse_1_000014_000140,24,dog (white),emotional hazards,dog,62.0,14.09,15.66,23.44
05_Schafgasse_1_000014_000150,24,dog (white),emotional hazards,dog,79.0,11.09,11.83,18.07
05_Schafgasse_1_000014_000160,24,dog (white),emotional hazards,dog,104.0,8.48,9.05,14.0
05_Schafgasse_1_000015_000050,27,bobby car (red),emotional hazards,traffic cone,24.0,47.76,,
05_Schafgasse_1_000015_000060,27,bobby car (red),emotional hazards,person,25.0,43.62,75.04,245.72
05_Schafgasse_1_000015_000070,27,bobby car (red),emotional hazards,person,26.0,41.34,55.52,223.38
05_Schafgasse_1_000015_000080,27,bobby car (red),emotional hazards,person,30.0,37.11,66.3,175.51
05_Schafgasse_1_000015_000090,27,bobby car (red),emotional hazards,person,33.0,33.46,71.87,153.56
05_Schafgasse_1_000015_000100,27,bobby car (red),emotional hazards,person,36.0,29.06,57.37,144.51
05_Schafgasse_1_000015_000110,27,bobby car (red),emotional hazards,car,41.0,25.47,37.29,114.08
05_Schafgasse_1_000015_000120,27,bobby car (red),emotional hazards,car,46.0,21.62,29.53,105.73
05_Schafgasse_1_000015_000130,27,bobby car (red),emotional hazards,car,55.0,18.15,21.11,96.33
05_Schafgasse_1_000015_000140,27,bobby car (red),emotional hazards,car,68.0,14.93,17.08,83.37
05_Schafgasse_1_000015_000150,27,bobby car (red),emotional hazards,car,82.0,12.05,13.43,44.69
05_Schafgasse_1_000015_000160,27,bobby car (red),emotional hazards,car,104.0,9.41,10.64,34.96
05_Schafgasse_1_000015_000170,27,bobby car (red),emotional hazards,car,135.0,7.29,7.9,26.76
05_Schafgasse_1_000016_000150,27,bobby car (red),emotional hazards,car,63.0,16.08,18.79,88.54
05_Schafgasse_1_000016_000160,27,bobby car (red),emotional hazards,car,80.0,12.51,14.58,45.19
05_Schafgasse_1_000016_000170,27,bobby car (red),emotional hazards,car,108.0,9.15,10.51,31.89
05_Schafgasse_1_000017_000080,26,bobby car (gray),emotional hazards,motorcycle,26.0,43.18,,134.22
05_Schafgasse_1_000017_000090,26,bobby car (gray),emotional hazards,motorcycle,27.0,39.46,,121.25
05_Schafgasse_1_000017_000100,26,bobby car (gray),emotional hazards,motorcycle,30.0,35.81,96.2,91.69
05_Schafgasse_1_000017_000110,26,bobby car (gray),emotional hazards,motorcycle,32.0,31.94,96.24,89.53
05_Schafgasse_1_000017_000120,26,bobby car (gray),emotional hazards,dog,35.0,28.26,66.37,51.06
05_Schafgasse_1_000017_000130,26,bobby car (gray),emotional hazards,dog,42.0,25.01,36.56,42.37
05_Schafgasse_1_000017_000140,26,bobby car (gray),emotional hazards,dog,49.0,21.2,28.13,36.21
05_Schafgasse_1_000017_000150,26,bobby car (gray),emotional hazards,motorcycle,57.0,17.74,22.87,72.53
05_Schafgasse_1_000017_000160,26,bobby car (gray),emotional hazards,car,70.0,14.1,17.54,54.59
05_Schafgasse_1_000017_000170,26,bobby car (gray),emotional hazards,motorcycle,92.0,10.89,12.74,35.32
05_Schafgasse_1_000017_000180,26,bobby car (gray),emotional hazards,motorcycle,127.0,7.91,8.48,26.0
05_Schafgasse_1_000018_000110,24,dog (white),emotional hazards,dog,43.0,25.71,41.89,48.18
05_Schafgasse_1_000018_000120,24,dog (white),emotional hazards,dog,50.0,21.02,27.62,32.11
05_Schafgasse_1_000018_000130,24,dog (white),emotional hazards,dog,62.0,16.71,21.39,24.8
05_Schafgasse_1_000018_000140,24,dog (white),emotional hazards,dog,77.0,12.49,13.8,19.35
05_Schafgasse_1_000018_000150,24,dog (white),emotional hazards,dog,111.0,8.45,9.1,13.08
05_Schafgasse_1_000019_000160,23,dog (black),emotional hazards,dog,44.0,28.7,52.22,36.18
05_Schafgasse_1_000019_000180,23,dog (black),emotional hazards,dog,58.0,20.05,30.64,27.14
05_Schafgasse_1_000019_000190,23,dog (black),emotional hazards,dog,68.0,15.91,19.93,21.72
05_Schafgasse_1_000019_000200,23,dog (black),emotional hazards,dog,88.0,12.12,14.28,17.05
05_Schafgasse_1_000019_000210,23,dog (black),emotional hazards,dog,125.0,8.76,9.38,12.28
07_Festplatz_Flugfeld_000000_000210,04,crate (gray),standard objects,traffic barricade,34.0,14.06,22.52,22.52
07_Festplatz_Flugfeld_000000_000210,05,"crate (gray, 2x stacked)",standard objects,obstacle,32.0,27.28,69.75,69.75
07_Festplatz_Flugfeld_000000_000220,04,crate (gray),standard objects,obstacle,43.0,10.2,16.95,16.95
07_Festplatz_Flugfeld_000000_000220,05,"crate (gray, 2x stacked)",standard objects,obstacle,35.0,23.19,72.82,72.82
07_Festplatz_Flugfeld_000000_000230,05,"crate (gray, 2x stacked)",standard objects,construction barrier,38.0,19.43,16.55,16.55
07_Festplatz_Flugfeld_000000_000240,05,"crate (gray, 2x stacked)",standard objects,obstacle,51.0,15.84,13.35,13.35
07_Festplatz_Flugfeld_000000_000250,05,"crate (gray, 2x stacked)",standard objects,obstacle,70.0,12.57,12.54,12.54
07_Festplatz_Flugfeld_000000_000250,06,"crate (gray, upright)",standard objects,obstacle,80.0,17.61,17.98,17.98
07_Festplatz_Flugfeld_000000_000260,05,"crate (gray, 2x stacked)",standard objects,obstacle,93.0,9.07,14.77,14.77
07_Festplatz_Flugfeld_000000_000260,06,"crate (gray, upright)",standard objects,obstacle,97.0,14.11,31.75,31.75
07_Festplatz_Flugfeld_000001_000120,01,crate (black),standard objects,traffic cone,11.0,64.13,39.99,39.99
07_Festplatz_Flugfeld_000001_000130,01,crate (black),standard objects,traffic cone,13.0,61.19,134.07,134.07
07_Festplatz_Flugfeld_000001_000210,03,"crate (black, upright)",standard objects,obstacle,52.0,13.15,29.03,29.03
07_Festplatz_Flugfeld_000001_000220,03,"crate (black, upright)",standard objects,obstacle,72.0,9.81,12.92,12.92
07_Festplatz_Flugfeld_000001_000230,01,crate (black),standard objects,box,41.0,19.47,18.79,18.79
07_Festplatz_Flugfeld_000001_000230,03,"crate (black, upright)",standard objects,obstacle,103.0,7.16,7.63,7.63
07_Festplatz_Flugfeld_000002_000200,07,bumper,random hazards,car,19.0,96.91,,111.16
07_Festplatz_Flugfeld_000002_000250,08,cardboard box,random hazards,traffic cone,13.0,70.26,,
07_Festplatz_Flugfeld_000002_000250,07,bumper,random hazards,car,21.0,81.85,,79.55
07_Festplatz_Flugfeld_000002_000260,08,cardboard box,random hazards,traffic cone,13.0,66.52,,
07_Festplatz_Flugfeld_000002_000260,07,bumper,random hazards,car,22.0,79.18,,81.82
07_Festplatz_Flugfeld_000002_000270,08,cardboard box,random hazards,traffic cone,14.0,65.08,30.09,30.09
07_Festplatz_Flugfeld_000002_000270,07,bumper,random hazards,car,23.0,74.13,35.0,76.06
07_Festplatz_Flugfeld_000002_000290,08,cardboard box,random hazards,traffic cone,15.0,55.77,71.92,71.92
07_Festplatz_Flugfeld_000002_000290,07,bumper,random hazards,car,23.0,64.3,108.36,173.4
07_Festplatz_Flugfeld_000002_000300,08,cardboard box,random hazards,traffic cone,17.0,50.66,,
07_Festplatz_Flugfeld_000002_000300,07,bumper,random hazards,car,26.0,61.45,,144.5
07_Festplatz_Flugfeld_000002_000310,08,cardboard box,random hazards,traffic cone,19.0,48.05,22.22,22.22
07_Festplatz_Flugfeld_000002_000310,07,bumper,random hazards,car,26.0,57.05,25.93,180.64
07_Festplatz_Flugfeld_000002_000320,08,cardboard box,random hazards,traffic cone,21.0,42.8,22.52,22.52
07_Festplatz_Flugfeld_000002_000320,07,bumper,random hazards,car,27.0,51.62,26.75,144.51
07_Festplatz_Flugfeld_000002_000330,08,cardboard box,random hazards,traffic cone,22.0,39.31,34.33,34.33
07_Festplatz_Flugfeld_000002_000330,07,bumper,random hazards,car,30.0,48.6,47.73,139.84
07_Festplatz_Flugfeld_000002_000340,08,cardboard box,random hazards,traffic cone,24.0,35.66,,
07_Festplatz_Flugfeld_000002_000340,07,bumper,random hazards,car,33.0,43.1,,114.08
07_Festplatz_Flugfeld_000002_000350,08,cardboard box,random hazards,traffic cone,26.0,31.73,19.68,19.68
07_Festplatz_Flugfeld_000002_000350,07,bumper,random hazards,car,35.0,40.65,25.54,111.15
07_Festplatz_Flugfeld_000002_000360,08,cardboard box,random hazards,traffic cone,30.0,28.34,17.29,17.29
07_Festplatz_Flugfeld_000002_000360,07,bumper,random hazards,car,39.0,36.23,22.21,98.52
07_Festplatz_Flugfeld_000002_000370,08,cardboard box,random hazards,box,40.0,24.87,19.05,19.05
07_Festplatz_Flugfeld_000002_000370,07,bumper,random hazards,car,48.0,32.92,26.75,86.7
07_Festplatz_Flugfeld_000002_000380,08,cardboard box,random hazards,box,42.0,21.24,38.29,38.29
07_Festplatz_Flugfeld_000002_000380,07,bumper,random hazards,car,49.0,29.28,133.84,77.41
07_Festplatz_Flugfeld_000002_000390,08,cardboard box,random hazards,box,49.0,18.09,36.71,36.71
07_Festplatz_Flugfeld_000002_000390,07,bumper,random hazards,car,58.0,25.89,,69.36
07_Festplatz_Flugfeld_000002_000400,08,cardboard box,random hazards,box,59.0,14.72,11.95,11.95
07_Festplatz_Flugfeld_000002_000400,07,bumper,random hazards,car,63.0,22.92,18.98,57.04
07_Festplatz_Flugfeld_000002_000410,08,cardboard box,random hazards,traffic barricade,77.0,11.6,9.56,9.56
07_Festplatz_Flugfeld_000002_000410,07,bumper,random hazards,car,70.0,19.75,16.1,42.5
07_Festplatz_Flugfeld_000002_000420,07,bumper,random hazards,car,84.0,16.84,15.38,34.97
07_Festplatz_Flugfeld_000002_000420,08,cardboard box,random hazards,construction barrier,105.0,8.65,7.7,7.7
07_Festplatz_Flugfeld_000002_000430,07,bumper,random hazards,car,95.0,14.14,19.89,39.45
07_Festplatz_Flugfeld_000002_000440,07,bumper,random hazards,car,121.0,11.59,23.47,31.92
07_Festplatz_Flugfeld_000003_000110,07,bumper,random hazards,car,17.0,87.15,30.07,206.5
07_Festplatz_Flugfeld_000003_000120,07,bumper,random hazards,car,16.0,82.42,47.76,154.89
07_Festplatz_Flugfeld_000003_000130,07,bumper,random hazards,car,17.0,79.18,,100.87
07_Festplatz_Flugfeld_000003_000140,07,bumper,random hazards,car,18.0,76.01,,222.45
07_Festplatz_Flugfeld_000003_000150,07,bumper,random hazards,car,17.0,72.87,35.02,180.77
07_Festplatz_Flugfeld_000003_000160,07,bumper,random hazards,car,20.0,66.45,37.33,180.77
07_Festplatz_Flugfeld_000003_000170,07,bumper,random hazards,car,23.0,63.95,47.78,166.88
07_Festplatz_Flugfeld_000003_000180,07,bumper,random hazards,motorcycle,24.0,60.28,,156.69
07_Festplatz_Flugfeld_000003_000190,07,bumper,random hazards,motorcycle,23.0,58.16,53.81,156.7
07_Festplatz_Flugfeld_000003_000200,07,bumper,random hazards,motorcycle,25.0,53.63,29.57,144.67
07_Festplatz_Flugfeld_000003_000210,07,bumper,random hazards,car,28.0,51.13,26.79,144.7
07_Festplatz_Flugfeld_000003_000220,07,bumper,random hazards,motorcycle,29.0,47.44,40.01,125.46
07_Festplatz_Flugfeld_000003_000230,07,bumper,random hazards,car,31.0,43.27,,127.83
07_Festplatz_Flugfeld_000003_000240,07,bumper,random hazards,motorcycle,32.0,41.34,42.01,104.67
07_Festplatz_Flugfeld_000003_000250,07,bumper,random hazards,motorcycle,35.0,37.0,25.28,96.65
07_Festplatz_Flugfeld_000003_000260,07,bumper,random hazards,bicycle,38.0,34.24,25.68,69.38
07_Festplatz_Flugfeld_000003_000270,07,bumper,random hazards,motorcycle,43.0,30.74,33.13,75.54
07_Festplatz_Flugfeld_000003_000280,34,styrofoam,random hazards,obstacle,32.0,11.85,21.82,21.82
07_Festplatz_Flugfeld_000003_000280,07,bumper,random hazards,motorcycle,51.0,26.76,146.63,66.39
07_Festplatz_Flugfeld_000003_000290,34,styrofoam,random hazards,obstacle,53.0,8.0,8.74,8.74
07_Festplatz_Flugfeld_000003_000290,07,bumper,random hazards,motorcycle,56.0,23.24,20.04,59.09
07_Festplatz_Flugfeld_000003_000300,07,bumper,random hazards,motorcycle,73.0,19.75,15.93,48.4
07_Festplatz_Flugfeld_000003_000310,07,bumper,random hazards,motorcycle,88.0,16.45,14.24,38.55
07_Festplatz_Flugfeld_000003_000320,07,bumper,random hazards,motorcycle,114.0,13.15,18.45,29.14
07_Festplatz_Flugfeld_000003_000330,07,bumper,random hazards,motorcycle,154.0,10.12,16.59,21.47
07_Festplatz_Flugfeld_000003_000340,07,bumper,random hazards,obstacle,215.0,7.54,7.8,7.8
07_Festplatz_Flugfeld_000004_000030,20,tire,random hazards,obstacle,14.0,51.41,20.98,20.98
07_Festplatz_Flugfeld_000004_000060,20,tire,random hazards,obstacle,15.0,48.55,41.08,41.08
07_Festplatz_Flugfeld_000004_000080,20,tire,random hazards,obstacle,17.0,44.14,34.4,34.4
07_Festplatz_Flugfeld_000004_000100,20,tire,random hazards,obstacle,20.0,38.09,33.67,33.67
07_Festplatz_Flugfeld_000004_000110,08,cardboard box,random hazards,obstacle,11.0,40.75,34.31,34.31
07_Festplatz_Flugfeld_000004_000120,08,cardboard box,random hazards,obstacle,14.0,36.31,33.63,33.63
07_Festplatz_Flugfeld_000004_000120,20,tire,random hazards,obstacle,24.0,31.38,29.6,29.6
07_Festplatz_Flugfeld_000004_000130,20,tire,random hazards,obstacle,29.0,28.1,27.28,27.28
07_Festplatz_Flugfeld_000004_000140,08,cardboard box,random hazards,obstacle,18.0,30.37,30.6,30.6
07_Festplatz_Flugfeld_000004_000140,20,tire,random hazards,obstacle,34.0,23.81,25.31,25.31
07_Festplatz_Flugfeld_000004_000150,08,cardboard box,random hazards,obstacle,20.0,26.66,29.54,29.54
07_Festplatz_Flugfeld_000004_000150,20,tire,random hazards,obstacle,38.0,20.29,22.99,22.99
07_Festplatz_Flugfeld_000004_000160,08,cardboard box,random hazards,obstacle,21.0,23.61,25.18,25.18
07_Festplatz_Flugfeld_000004_000160,20,tire,random hazards,obstacle,48.0,17.03,18.75,18.75
07_Festplatz_Flugfeld_000004_000170,08,cardboard box,random hazards,obstacle,24.0,20.48,21.13,21.13
07_Festplatz_Flugfeld_000004_000170,20,tire,random hazards,obstacle,56.0,13.72,15.05,15.05
07_Festplatz_Flugfeld_000004_000180,08,cardboard box,random hazards,obstacle,28.0,17.31,17.64,17.64
07_Festplatz_Flugfeld_000004_000180,20,tire,random hazards,obstacle,71.0,10.66,11.67,11.67
07_Festplatz_Flugfeld_000004_000190,08,cardboard box,random hazards,box,37.0,14.72,15.14,15.14
07_Festplatz_Flugfeld_000004_000190,20,tire,random hazards,obstacle,100.0,7.87,8.82,8.82
07_Festplatz_Flugfeld_000004_000200,08,cardboard box,random hazards,box,44.0,11.83,12.12,12.12
07_Festplatz_Flugfeld_000004_000210,08,cardboard box,random hazards,box,61.0,9.21,9.48,9.48
07_Festplatz_Flugfeld_000004_000220,08,cardboard box,random hazards,box,80.0,6.89,7.24,7.24
07_Festplatz_Flugfeld_000005_000120,09,crate (blue),random hazards,box,19.0,27.73,26.4,26.4
07_Festplatz_Flugfeld_000005_000130,09,crate (blue),random hazards,obstacle,25.0,24.88,26.41,26.41
07_Festplatz_Flugfeld_000005_000140,09,crate (blue),random hazards,box,26.0,21.7,22.88,22.88
07_Festplatz_Flugfeld_000005_000160,09,crate (blue),random hazards,box,38.0,15.82,16.54,16.54
07_Festplatz_Flugfeld_000005_000170,09,crate (blue),random hazards,box,44.0,12.9,13.52,13.52
07_Festplatz_Flugfeld_000005_000180,09,crate (blue),random hazards,box,61.0,10.04,10.67,10.67
07_Festplatz_Flugfeld_000005_000190,09,crate (blue),random hazards,box,90.0,7.07,7.66,7.66
07_Festplatz_Flugfeld_000005_000200,13,exhaust pipe,random hazards,ball,99.0,8.56,8.7,8.7
15_Rechbergstr_Deckenpfronn_000000_000040,39,kid (walking),humans,person,52.0,44.16,124.43,78.2
15_Rechbergstr_Deckenpfronn_000000_000040,40,kid (on a bobby car),humans,motorcycle,48.0,43.18,115.86,67.21
15_Rechbergstr_Deckenpfronn_000000_000050,40,kid (on a bobby car),humans,motorcycle,51.0,43.23,124.32,58.82
15_Rechbergstr_Deckenpfronn_000000_000060,39,kid (walking),humans,person,28.0,44.4,,98.46
15_Rechbergstr_Deckenpfronn_000000_000060,40,kid (on a bobby car),humans,motorcycle,48.0,43.39,124.32,59.76
15_Rechbergstr_Deckenpfronn_000000_000070,39,kid (walking),humans,person,31.0,45.04,,205.19
15_Rechbergstr_Deckenpfronn_000000_000070,40,kid (on a bobby car),humans,motorcycle,49.0,43.31,124.32,58.82
15_Rechbergstr_Deckenpfronn_000000_000080,39,kid (walking),humans,person,50.0,45.09,134.3,79.52
15_Rechbergstr_Deckenpfronn_000000_000080,40,kid (on a bobby car),humans,motorcycle,50.0,43.24,124.33,64.36
15_Rechbergstr_Deckenpfronn_000000_000090,40,kid (on a bobby car),humans,motorcycle,50.0,43.31,124.33,66.05
15_Rechbergstr_Deckenpfronn_000000_000100,40,kid (on a bobby car),humans,motorcycle,49.0,43.47,115.86,64.9
15_Rechbergstr_Deckenpfronn_000000_000110,41,kid (on a small bobby car),humans,person,38.0,46.37,145.54,108.23
15_Rechbergstr_Deckenpfronn_000000_000110,40,kid (on a bobby car),humans,motorcycle,46.0,43.64,124.27,71.0
15_Rechbergstr_Deckenpfronn_000000_000120,40,kid (on a bobby car),humans,person,45.0,44.11,124.27,94.6
15_Rechbergstr_Deckenpfronn_000000_000120,41,kid (on a small bobby car),humans,person,37.0,46.99,145.54,109.42
15_Rechbergstr_Deckenpfronn_000000_000130,40,kid (on a bobby car),humans,person,47.0,45.48,145.37,91.08
15_Rechbergstr_Deckenpfronn_000000_000130,41,kid (on a small bobby car),humans,person,36.0,47.81,,108.22
15_Rechbergstr_Deckenpfronn_000000_000140,40,kid (on a bobby car),humans,motorcycle,46.0,47.36,145.35,70.29
15_Rechbergstr_Deckenpfronn_000000_000140,41,kid (on a small bobby car),humans,person,37.0,47.34,145.52,110.65
15_Rechbergstr_Deckenpfronn_000000_000150,40,kid (on a bobby car),humans,motorcycle,47.0,48.08,,68.37
15_Rechbergstr_Deckenpfronn_000000_000150,41,kid (on a small bobby car),humans,person,38.0,47.74,145.53,109.42
15_Rechbergstr_Deckenpfronn_000000_000160,40,kid (on a bobby car),humans,person,47.0,47.93,,83.34
15_Rechbergstr_Deckenpfronn_000000_000160,41,kid (on a small bobby car),humans,person,37.0,47.58,145.5,111.91
15_Rechbergstr_Deckenpfronn_000000_000170,40,kid (on a bobby car),humans,person,48.0,48.64,,79.31
15_Rechbergstr_Deckenpfronn_000000_000170,41,kid (on a small bobby car),humans,person,37.0,47.76,145.49,111.89
15_Rechbergstr_Deckenpfronn_000000_000180,40,kid (on a bobby car),humans,person,48.0,47.81,,81.27
15_Rechbergstr_Deckenpfronn_000000_000180,41,kid (on a small bobby car),humans,person,37.0,47.54,145.49,113.18
15_Rechbergstr_Deckenpfronn_000001_000040,41,kid (on a small bobby car),humans,person,25.0,62.59,,175.73
15_Rechbergstr_Deckenpfronn_000001_000040,39,kid (walking),humans,person,34.0,64.3,,131.1
15_Rechbergstr_Deckenpfronn_000001_000050,41,kid (on a small bobby car),humans,person,26.0,62.04,,175.73
15_Rechbergstr_Deckenpfronn_000001_000050,39,kid (walking),humans,person,33.0,64.56,,117.06
15_Rechbergstr_Deckenpfronn_000001_000050,40,kid (on a bobby car),humans,person,28.0,62.46,,91.87
15_Rechbergstr_Deckenpfronn_000001_000060,41,kid (on a small bobby car),humans,person,26.0,61.57,,175.73
15_Rechbergstr_Deckenpfronn_000001_000060,40,kid (on a bobby car),humans,person,27.0,63.86,,121.39
15_Rechbergstr_Deckenpfronn_000001_000060,39,kid (walking),humans,person,35.0,64.82,,117.08
15_Rechbergstr_Deckenpfronn_000001_000070,41,kid (on a small bobby car),humans,person,26.0,61.81,,169.67
15_Rechbergstr_Deckenpfronn_000001_000070,40,kid (on a bobby car),humans,person,26.0,63.73,,115.68
15_Rechbergstr_Deckenpfronn_000001_000070,39,kid (walking),humans,person,35.0,64.05,,117.08
15_Rechbergstr_Deckenpfronn_000001_000080,40,kid (on a bobby car),humans,person,34.0,63.79,,114.33
15_Rechbergstr_Deckenpfronn_000001_000080,41,kid (on a small bobby car),humans,person,27.0,62.37,,169.67
15_Rechbergstr_Deckenpfronn_000001_000080,39,kid (walking),humans,person,35.0,63.64,,117.07
15_Rechbergstr_Deckenpfronn_000001_000090,39,kid (walking),humans,person,34.0,63.76,,111.74
15_Rechbergstr_Deckenpfronn_000001_000090,41,kid (on a small bobby car),humans,person,26.0,62.34,,172.64
15_Rechbergstr_Deckenpfronn_000001_000100,40,kid (on a bobby car),humans,person,34.0,62.86,,106.88
15_Rechbergstr_Deckenpfronn_000001_000100,41,kid (on a small bobby car),humans,person,27.0,62.46,,182.23
15_Rechbergstr_Deckenpfronn_000001_000100,39,kid (walking),humans,person,33.0,62.98,,97.35
15_Rechbergstr_Deckenpfronn_000001_000110,40,kid (on a bobby car),humans,person,36.0,62.8,,109.25
15_Rechbergstr_Deckenpfronn_000001_000120,41,kid (on a small bobby car),humans,person,26.0,61.54,,71.82
15_Rechbergstr_Deckenpfronn_000001_000120,40,kid (on a bobby car),humans,person,36.0,63.86,,111.74
15_Rechbergstr_Deckenpfronn_000001_000130,41,kid (on a small bobby car),humans,person,26.0,61.92,,172.64
15_Rechbergstr_Deckenpfronn_000001_000130,40,kid (on a bobby car),humans,person,35.0,63.6,,111.74
15_Rechbergstr_Deckenpfronn_000001_000140,41,kid (on a small bobby car),humans,person,28.0,61.72,,175.72
15_Rechbergstr_Deckenpfronn_000001_000140,40,kid (on a bobby car),humans,person,35.0,63.76,,124.47
15_Rechbergstr_Deckenpfronn_000001_000150,41,kid (on a small bobby car),humans,person,27.0,61.75,,169.66
15_Rechbergstr_Deckenpfronn_000001_000150,40,kid (on a bobby car),humans,person,39.0,63.51,,111.74
15_Rechbergstr_Deckenpfronn_000001_000160,41,kid (on a small bobby car),humans,person,26.0,61.81,,172.63
15_Rechbergstr_Deckenpfronn_000001_000160,40,kid (on a bobby car),humans,person,36.0,64.53,,108.05
15_Rechbergstr_Deckenpfronn_000001_000170,41,kid (on a small bobby car),humans,person,26.0,61.98,,175.72
15_Rechbergstr_Deckenpfronn_000001_000170,39,kid (walking),humans,person,30.0,64.08,,114.33
15_Rechbergstr_Deckenpfronn_000001_000180,41,kid (on a small bobby car),humans,person,27.0,62.16,,182.23
15_Rechbergstr_Deckenpfronn_000001_000180,39,kid (walking),humans,person,31.0,65.21,,132.88
15_Rechbergstr_Deckenpfronn_000001_000190,41,kid (on a small bobby car),humans,person,26.0,61.66,,182.23
15_Rechbergstr_Deckenpfronn_000001_000190,39,kid (walking),humans,person,30.0,63.95,,144.59
15_Rechbergstr_Deckenpfronn_000001_000190,40,kid (on a bobby car),humans,person,38.0,61.63,,106.86
15_Rechbergstr_Deckenpfronn_000001_000200,40,kid (on a bobby car),humans,motorcycle,15.0,68.36,,221.15
15_Rechbergstr_Deckenpfronn_000001_000200,41,kid (on a small bobby car),humans,person,27.0,62.22,,175.72
15_Rechbergstr_Deckenpfronn_000001_000200,40,kid (on a bobby car),humans,motorcycle,29.0,61.89,,96.37
15_Rechbergstr_Deckenpfronn_000001_000210,41,kid (on a small bobby car),humans,person,26.0,61.89,,175.72
15_Rechbergstr_Deckenpfronn_000001_000210,40,kid (on a bobby car),humans,motorcycle,15.0,63.29,,112.2
15_Rechbergstr_Deckenpfronn_000001_000210,40,kid (on a bobby car),humans,motorcycle,34.0,61.13,,102.97
15_Rechbergstr_Deckenpfronn_000001_000220,41,kid (on a small bobby car),humans,person,26.0,62.07,,175.72
15_Rechbergstr_Deckenpfronn_000001_000220,40,kid (on a bobby car),humans,motorcycle,21.0,64.59,,72.3
15_Rechbergstr_Deckenpfronn_000001_000220,40,kid (on a bobby car),humans,motorcycle,34.0,60.93,,93.96
15_Rechbergstr_Deckenpfronn_000001_000230,40,kid (on a bobby car),humans,motorcycle,18.0,64.33,,144.68
15_Rechbergstr_Deckenpfronn_000001_000230,41,kid (on a small bobby car),humans,person,27.0,62.65,,175.72
15_Rechbergstr_Deckenpfronn_000001_000230,40,kid (on a bobby car),humans,bicycle,34.0,60.67,,82.6
15_Rechbergstr_Deckenpfronn_000001_000240,41,kid (on a small bobby car),humans,motorcycle,26.0,61.6,,139.34
15_Rechbergstr_Deckenpfronn_000001_000240,40,kid (on a bobby car),humans,bicycle,33.0,61.72,,109.66
15_Rechbergstr_Deckenpfronn_000001_000250,41,kid (on a small bobby car),humans,bicycle,26.0,62.8,,113.7
15_Rechbergstr_Deckenpfronn_000001_000250,40,kid (on a bobby car),humans,motorcycle,34.0,61.81,,95.16
15_Rechbergstr_Deckenpfronn_000001_000260,40,kid (on a bobby car),humans,motorcycle,33.0,61.84,,98.96
15_Rechbergstr_Deckenpfronn_000001_000270,41,kid (on a small bobby car),humans,motorcycle,26.0,61.84,,117.57
15_Rechbergstr_Deckenpfronn_000001_000270,40,kid (on a bobby car),humans,motorcycle,33.0,61.78,,95.22
15_Rechbergstr_Deckenpfronn_000001_000270,39,kid (walking),humans,motorcycle,33.0,64.43,,112.21
15_Rechbergstr_Deckenpfronn_000001_000280,39,kid (walking),humans,motorcycle,33.0,64.46,,91.71
15_Rechbergstr_Deckenpfronn_000001_000280,39,kid (walking),humans,person,33.0,63.98,,132.9
15_Rechbergstr_Deckenpfronn_000001_000280,40,kid (on a bobby car),humans,motorcycle,33.0,61.98,,99.01
15_Rechbergstr_Deckenpfronn_000001_000290,40,kid (on a bobby car),humans,person,34.0,61.63,,88.68
15_Rechbergstr_Deckenpfronn_000001_000290,39,kid (walking),humans,person,33.0,63.7,,119.93
15_Rechbergstr_Deckenpfronn_000001_000290,39,kid (walking),humans,person,34.0,63.57,,126.07
15_Rechbergstr_Deckenpfronn_000001_000300,40,kid (on a bobby car),humans,motorcycle,34.0,62.04,,121.47
15_Rechbergstr_Deckenpfronn_000001_000300,39,kid (walking),humans,motorcycle,34.0,64.21,,98.95
15_Rechbergstr_Deckenpfronn_000002_000130,40,kid (on a bobby car),humans,motorcycle,57.0,41.8,55.71,47.0
15_Rechbergstr_Deckenpfronn_000002_000140,40,kid (on a bobby car),humans,motorcycle,55.0,37.5,50.71,67.27
15_Rechbergstr_Deckenpfronn_000002_000150,40,kid (on a bobby car),humans,motorcycle,60.0,35.88,53.83,58.99
15_Rechbergstr_Deckenpfronn_000002_000160,40,kid (on a bobby car),humans,motorcycle,63.0,33.36,52.14,67.1
15_Rechbergstr_Deckenpfronn_000002_000170,40,kid (on a bobby car),humans,motorcycle,66.0,31.83,50.59,46.97
15_Rechbergstr_Deckenpfronn_000002_000180,40,kid (on a bobby car),humans,motorcycle,71.0,31.04,55.57,47.66
15_Rechbergstr_Deckenpfronn_000003_000120,40,kid (on a bobby car),humans,motorcycle,59.0,36.89,53.83,51.57
15_Rechbergstr_Deckenpfronn_000003_000130,40,kid (on a bobby car),humans,motorcycle,62.0,35.36,49.16,53.71
15_Rechbergstr_Deckenpfronn_000003_000140,40,kid (on a bobby car),humans,motorcycle,67.0,31.98,49.11,57.8
15_Rechbergstr_Deckenpfronn_000003_000150,40,kid (on a bobby car),humans,motorcycle,70.0,30.42,47.75,50.11
15_Rechbergstr_Deckenpfronn_000003_000160,40,kid (on a bobby car),humans,motorcycle,76.0,28.11,44.17,43.78
15_Rechbergstr_Deckenpfronn_000003_000170,40,kid (on a bobby car),humans,person,83.0,25.69,39.15,48.41
15_Rechbergstr_Deckenpfronn_000004_000150,41,kid (on a small bobby car),humans,person,40.0,42.73,59.52,111.96
15_Rechbergstr_Deckenpfronn_000004_000160,41,kid (on a small bobby car),humans,person,41.0,40.22,57.49,100.47
15_Rechbergstr_Deckenpfronn_000004_000170,41,kid (on a small bobby car),humans,person,44.0,37.22,55.58,91.1
15_Rechbergstr_Deckenpfronn_000004_000180,41,kid (on a small bobby car),humans,dog,48.0,35.79,52.15,31.55
15_Rechbergstr_Deckenpfronn_000004_000190,41,kid (on a small bobby car),humans,person,51.0,32.83,50.57,81.9
15_Rechbergstr_Deckenpfronn_000004_000200,41,kid (on a small bobby car),humans,person,56.0,31.3,45.2,74.44
15_Rechbergstr_Deckenpfronn_000004_000210,41,kid (on a small bobby car),humans,motorcycle,59.0,28.25,45.21,52.19
15_Rechbergstr_Deckenpfronn_000004_000220,41,kid (on a small bobby car),humans,person,65.0,25.91,37.3,59.93
15_Rechbergstr_Deckenpfronn_000004_000230,41,kid (on a small bobby car),humans,motorcycle,71.0,23.51,32.97,43.69
15_Rechbergstr_Deckenpfronn_000004_000240,41,kid (on a small bobby car),humans,person,79.0,21.23,27.62,51.18
15_Rechbergstr_Deckenpfronn_000004_000250,41,kid (on a small bobby car),humans,person,87.0,19.39,24.45,47.24
15_Rechbergstr_Deckenpfronn_000004_000260,41,kid (on a small bobby car),humans,person,95.0,17.54,20.6,43.1
15_Rechbergstr_Deckenpfronn_000004_000270,41,kid (on a small bobby car),humans,person,108.0,15.74,17.99,38.09
15_Rechbergstr_Deckenpfronn_000004_000280,41,kid (on a small bobby car),humans,motorcycle,120.0,14.11,16.11,25.74
15_Rechbergstr_Deckenpfronn_000004_000290,41,kid (on a small bobby car),humans,person,132.0,13.19,14.97,31.1
15_Rechbergstr_Deckenpfronn_000005_000020,42,kid (crawling),humans,person,85.0,12.41,14.1,49.13
15_Rechbergstr_Deckenpfronn_000005_000030,42,kid (crawling),humans,person,82.0,12.47,14.21,50.13
15_Rechbergstr_Deckenpfronn_000005_000040,42,kid (crawling),humans,person,84.0,12.54,14.21,48.18
15_Rechbergstr_Deckenpfronn_000005_000050,42,kid (crawling),humans,person,82.0,12.6,14.46,49.16
15_Rechbergstr_Deckenpfronn_000005_000060,42,kid (crawling),humans,person,74.0,12.66,14.47,53.47
15_Rechbergstr_Deckenpfronn_000005_000070,42,kid (crawling),humans,person,67.0,12.69,14.73,61.58
15_Rechbergstr_Deckenpfronn_000005_000080,42,kid (crawling),humans,person,68.0,12.68,14.77,60.92
15_Rechbergstr_Deckenpfronn_000005_000090,42,kid (crawling),humans,person,69.0,12.71,14.81,59.54
15_Rechbergstr_Deckenpfronn_000005_000100,42,kid (crawling),humans,person,76.0,12.71,14.8,53.81
15_Rechbergstr_Deckenpfronn_000006_000090,39,kid (walking),humans,person,45.0,48.24,86.52,91.52
15_Rechbergstr_Deckenpfronn_000006_000100,39,kid (walking),humans,person,47.0,45.15,78.52,94.54
15_Rechbergstr_Deckenpfronn_000006_000110,39,kid (walking),humans,person,49.0,43.56,66.29,89.34
15_Rechbergstr_Deckenpfronn_000006_000120,39,kid (walking),humans,person,52.0,42.37,66.28,83.27
15_Rechbergstr_Deckenpfronn_000006_000130,39,kid (walking),humans,person,53.0,41.58,61.51,74.46
15_Rechbergstr_Deckenpfronn_000006_000140,39,kid (walking),humans,person,55.0,40.46,59.41,71.27
15_Rechbergstr_Deckenpfronn_000006_000160,39,kid (walking),humans,person,68.0,36.15,55.63,66.58
15_Rechbergstr_Deckenpfronn_000006_000170,39,kid (walking),humans,person,72.0,33.22,53.83,58.58
15_Rechbergstr_Deckenpfronn_000006_000180,39,kid (walking),humans,person,75.0,31.62,46.47,55.86
15_Rechbergstr_Deckenpfronn_000006_000190,39,kid (walking),humans,person,79.0,29.68,49.11,51.72
15_Rechbergstr_Deckenpfronn_000006_000200,39,kid (walking),humans,person,84.0,28.1,42.94,49.64
15_Rechbergstr_Deckenpfronn_000006_000210,39,kid (walking),humans,person,89.0,26.16,39.04,45.98
15_Rechbergstr_Deckenpfronn_000006_000220,39,kid (walking),humans,person,98.0,25.04,36.62,42.59
15_Rechbergstr_Deckenpfronn_000006_000230,39,kid (walking),humans,person,103.0,23.08,30.77,39.34
15_Rechbergstr_Deckenpfronn_000006_000230,39,kid (walking),humans,person,95.0,23.73,31.9,42.65
15_Rechbergstr_Deckenpfronn_000006_000240,39,kid (walking),humans,person,101.0,22.19,29.61,39.74
15_Rechbergstr_Deckenpfronn_000006_000250,39,kid (walking),humans,person,110.0,20.55,27.2,37.18
15_Rechbergstr_Deckenpfronn_000006_000260,39,kid (walking),humans,person,118.0,19.23,23.11,34.6
15_Rechbergstr_Deckenpfronn_000006_000270,39,kid (walking),humans,person,126.0,18.01,20.88,31.55
15_Rechbergstr_Deckenpfronn_000006_000280,39,kid (walking),humans,person,135.0,16.78,19.57,29.8
15_Rechbergstr_Deckenpfronn_000006_000320,39,kid (walking),humans,person,198.0,11.95,13.62,20.94
15_Rechbergstr_Deckenpfronn_000006_000330,39,kid (walking),humans,person,208.0,11.0,12.54,19.19
15_Rechbergstr_Deckenpfronn_000006_000340,39,kid (walking),humans,person,218.0,10.55,11.95,18.14
15_Rechbergstr_Deckenpfronn_000006_000350,39,kid (walking),humans,person,233.0,10.21,11.7,17.62
15_Rechbergstr_Deckenpfronn_000007_000050,39,kid (walking),humans,person,46.0,50.76,115.78,94.54
15_Rechbergstr_Deckenpfronn_000007_000060,39,kid (walking),humans,person,46.0,50.35,101.91,90.99
15_Rechbergstr_Deckenpfronn_000007_000070,39,kid (walking),humans,person,45.0,49.94,91.03,92.7
15_Rechbergstr_Deckenpfronn_000007_000080,39,kid (walking),humans,person,47.0,49.5,78.51,87.4
15_Rechbergstr_Deckenpfronn_000007_000090,39,kid (walking),humans,person,48.0,49.38,75.14,92.87
15_Rechbergstr_Deckenpfronn_000007_000150,39,kid (walking),humans,person,64.0,38.21,,67.02
15_Rechbergstr_Deckenpfronn_000007_000160,39,kid (walking),humans,person,65.0,36.33,96.33,63.1
15_Rechbergstr_Deckenpfronn_000007_000170,39,kid (walking),humans,person,68.0,34.63,82.33,59.26
15_Rechbergstr_Deckenpfronn_000007_000180,39,kid (walking),humans,person,74.0,31.96,50.59,57.82
15_Rechbergstr_Deckenpfronn_000007_000190,39,kid (walking),humans,person,78.0,29.63,57.37,53.4
15_Rechbergstr_Deckenpfronn_000007_000200,39,kid (walking),humans,person,84.0,27.9,57.38,49.03
15_Rechbergstr_Deckenpfronn_000007_000230,39,kid (walking),humans,person,98.0,22.7,42.4,41.61
15_Rechbergstr_Deckenpfronn_000007_000240,39,kid (walking),humans,person,105.0,21.11,34.54,39.23
15_Rechbergstr_Deckenpfronn_000007_000250,39,kid (walking),humans,person,110.0,19.78,30.13,37.3
15_Rechbergstr_Deckenpfronn_000007_000260,39,kid (walking),humans,person,117.0,18.57,26.34,34.18
15_Rechbergstr_Deckenpfronn_000007_000270,39,kid (walking),humans,person,125.0,17.83,23.78,31.97
15_Rechbergstr_Deckenpfronn_000007_000280,39,kid (walking),humans,person,132.0,16.9,21.47,30.65
15_Rechbergstr_Deckenpfronn_000007_000350,39,kid (walking),humans,person,150.0,14.55,17.07,26.67
15_Rechbergstr_Deckenpfronn_000007_000360,39,kid (walking),humans,person,152.0,14.74,16.64,26.49
