frame,label,type,group,box_height_px,true_m,ground_plane,combined
02_Hanns_Klemm_Str_44_000000_000020,05,"crate (gray, 2x stacked)",standard objects,12.0,62.8,49.29,49.29
02_Hanns_Klemm_Str_44_000000_000060,05,"crate (gray, 2x stacked)",standard objects,14.0,53.3,86.97,86.97
02_Hanns_Klemm_Str_44_000000_000100,05,"crate (gray, 2x stacked)",standard objects,19.0,39.82,65.97,65.97
02_Hanns_Klemm_Str_44_000000_000140,05,"crate (gray, 2x stacked)",standard objects,34.0,22.13,35.73,35.73
02_Hanns_Klemm_Str_44_000000_000180,05,"crate (gray, 2x stacked)",standard objects,120.0,7.16,9.51,9.51
02_Hanns_Klemm_Str_44_000001_000040,05,"crate (gray, 2x stacked)",standard objects,13.0,59.22,81.76,81.76
02_Hanns_Klemm_Str_44_000001_000040,04,crate (gray),standard objects,8.0,57.15,79.43,79.43
02_Hanns_Klemm_Str_44_000001_000080,05,"crate (gray, 2x stacked)",standard objects,15.0,49.69,84.29,84.29
02_Hanns_Klemm_Str_44_000001_000080,04,crate (gray),standard objects,9.0,49.94,81.79,81.79
02_Hanns_Klemm_Str_44_000001_000120,05,"crate (gray, 2x stacked)",standard objects,19.0,37.86,62.93,62.93
02_Hanns_Klemm_Str_44_000001_000120,04,crate (gray),standard objects,11.0,38.76,61.53,61.53
02_Hanns_Klemm_Str_44_000001_000160,05,"crate (gray, 2x stacked)",standard objects,33.0,23.13,38.79,38.79
02_Hanns_Klemm_Str_44_000001_000160,04,crate (gray),standard objects,19.0,23.54,38.27,38.27
02_Hanns_Klemm_Str_44_000001_000200,05,"crate (gray, 2x stacked)",standard objects,105.0,7.93,12.63,12.63
02_Hanns_Klemm_Str_44_000001_000200,04,crate (gray),standard objects,70.0,7.99,12.43,12.43
02_Hanns_Klemm_Str_44_000002_000040,02,"crate (black, 2x stacked)",standard objects,23.0,58.42,67.6,67.6
02_Hanns_Klemm_Str_44_000002_000040,01,crate (black),standard objects,10.0,57.87,64.48,64.48
02_Hanns_Klemm_Str_44_000002_000080,02,"crate (black, 2x stacked)",standard objects,28.0,49.14,61.5,61.5
02_Hanns_Klemm_Str_44_000002_000080,01,crate (black),standard objects,14.0,48.2,58.89,58.89
02_Hanns_Klemm_Str_44_000002_000120,01,crate (black),standard objects,19.0,33.73,47.62,47.62
02_Hanns_Klemm_Str_44_000002_000120,02,"crate (black, 2x stacked)",standard objects,40.0,33.43,46.76,46.76
02_Hanns_Klemm_Str_44_000002_000160,02,"crate (black, 2x stacked)",standard objects,87.0,15.94,22.5,22.5
02_Hanns_Klemm_Str_44_000002_000160,01,crate (black),standard objects,42.0,16.07,22.72,22.72
02_Hanns_Klemm_Str_44_000003_000020,20,tire,random hazards,9.0,62.98,45.97,45.97
02_Hanns_Klemm_Str_44_000003_000020,34,styrofoam,random hazards,6.0,63.42,46.02,46.02
02_Hanns_Klemm_Str_44_000003_000060,20,tire,random hazards,10.0,54.2,92.88,92.88
02_Hanns_Klemm_Str_44_000003_000060,34,styrofoam,random hazards,8.0,52.78,87.03,87.03
02_Hanns_Klemm_Str_44_000003_000100,20,tire,random hazards,15.0,39.29,62.92,62.92
02_Hanns_Klemm_Str_44_000003_000100,34,styrofoam,random hazards,11.0,39.63,61.56,61.56
02_Hanns_Klemm_Str_44_000003_000140,20,tire,random hazards,27.0,22.01,32.35,32.35
02_Hanns_Klemm_Str_44_000003_000140,34,styrofoam,random hazards,19.0,22.25,32.81,32.81
02_Hanns_Klemm_Str_44_000005_000020,08,cardboard box,random hazards,10.0,60.42,50.2,50.2
02_Hanns_Klemm_Str_44_000005_000020,13,exhaust pipe,random hazards,10.0,60.3,51.17,51.17
02_Hanns_Klemm_Str_44_000005_000060,08,cardboard box,random hazards,10.0,53.48,86.97,86.97
02_Hanns_Klemm_Str_44_000005_000060,13,exhaust pipe,random hazards,9.0,52.82,87.01,87.01
02_Hanns_Klemm_Str_44_000005_000100,13,exhaust pipe,random hazards,14.0,40.54,62.96,62.96
02_Hanns_Klemm_Str_44_000005_000100,08,cardboard box,random hazards,14.0,40.37,61.5,61.5
02_Hanns_Klemm_Str_44_000005_000140,08,cardboard box,random hazards,25.0,24.19,47.57,47.57
02_Hanns_Klemm_Str_44_000005_000140,13,exhaust pipe,random hazards,26.0,24.75,49.42,49.42
02_Hanns_Klemm_Str_44_000005_000180,08,cardboard box,random hazards,63.0,9.69,15.45,15.45
02_Hanns_Klemm_Str_44_000005_000180,13,exhaust pipe,random hazards,65.0,10.26,16.73,16.73
02_Hanns_Klemm_Str_44_000006_000030,13,exhaust pipe,random hazards,11.0,47.44,,
02_Hanns_Klemm_Str_44_000006_000030,08,cardboard box,random hazards,10.0,51.8,,
02_Hanns_Klemm_Str_44_000006_000070,13,exhaust pipe,random hazards,15.0,46.95,111.99,111.99
02_Hanns_Klemm_Str_44_000006_000070,08,cardboard box,random hazards,12.0,45.26,107.51,107.51
02_Hanns_Klemm_Str_44_000006_000110,13,exhaust pipe,random hazards,18.0,34.67,18.8,18.8
02_Hanns_Klemm_Str_44_000006_000110,08,cardboard box,random hazards,15.0,34.35,18.0,18.0
02_Hanns_Klemm_Str_44_000006_000150,13,exhaust pipe,random hazards,33.0,21.58,117.08,117.08
02_Hanns_Klemm_Str_44_000006_000150,08,cardboard box,random hazards,27.0,21.27,111.97,111.97
02_Hanns_Klemm_Str_44_000006_000190,13,exhaust pipe,random hazards,113.0,7.59,8.23,8.23
02_Hanns_Klemm_Str_44_000006_000190,08,cardboard box,random hazards,82.0,7.34,8.13,8.13
02_Hanns_Klemm_Str_44_000007_000040,20,tire,random hazards,10.0,56.75,28.02,28.02
02_Hanns_Klemm_Str_44_000007_000080,20,tire,random hazards,11.0,53.13,,
02_Hanns_Klemm_Str_44_000007_000120,20,tire,random hazards,14.0,43.31,23.04,23.04
02_Hanns_Klemm_Str_44_000007_000160,20,tire,random hazards,18.0,32.51,16.38,16.38
02_Hanns_Klemm_Str_44_000007_000200,20,tire,random hazards,30.0,20.28,52.13,52.13
02_Hanns_Klemm_Str_44_000007_000240,20,tire,random hazards,95.0,7.22,7.79,7.79
02_Hanns_Klemm_Str_44_000008_000040,20,tire,random hazards,9.0,61.92,,
02_Hanns_Klemm_Str_44_000008_000080,20,tire,random hazards,11.0,55.38,38.24,38.24
02_Hanns_Klemm_Str_44_000008_000120,20,tire,random hazards,15.0,40.77,19.56,19.56
02_Hanns_Klemm_Str_44_000008_000160,20,tire,random hazards,21.0,26.35,,
02_Hanns_Klemm_Str_44_000008_000200,20,tire,random hazards,54.0,11.87,13.42,13.42
02_Hanns_Klemm_Str_44_000009_000030,02,"crate (black, 2x stacked)",standard objects,20.0,64.53,27.45,27.45
02_Hanns_Klemm_Str_44_000009_000030,01,crate (black),standard objects,10.0,66.25,27.46,27.46
02_Hanns_Klemm_Str_44_000009_000070,02,"crate (black, 2x stacked)",standard objects,22.0,63.01,,
02_Hanns_Klemm_Str_44_000009_000070,01,crate (black),standard objects,11.0,61.19,,
02_Hanns_Klemm_Str_44_000009_000110,02,"crate (black, 2x stacked)",standard objects,26.0,50.97,23.84,23.84
02_Hanns_Klemm_Str_44_000009_000110,01,crate (black),standard objects,14.0,51.87,23.07,23.07
02_Hanns_Klemm_Str_44_000009_000150,02,"crate (black, 2x stacked)",standard objects,36.0,37.31,14.77,14.77
02_Hanns_Klemm_Str_44_000009_000150,01,crate (black),standard objects,19.0,37.96,14.71,14.71
02_Hanns_Klemm_Str_44_000009_000190,02,"crate (black, 2x stacked)",standard objects,65.0,22.58,47.58,47.58
02_Hanns_Klemm_Str_44_000009_000190,01,crate (black),standard objects,31.0,22.63,49.4,49.4
02_Hanns_Klemm_Str_44_000009_000230,02,"crate (black, 2x stacked)",standard objects,227.0,6.35,7.11,7.11
02_Hanns_Klemm_Str_44_000009_000230,01,crate (black),standard objects,117.0,6.48,7.26,7.26
02_Hanns_Klemm_Str_44_000010_000040,05,"crate (gray, 2x stacked)",standard objects,11.0,62.62,127.7,127.7
02_Hanns_Klemm_Str_44_000010_000040,04,crate (gray),standard objects,7.0,62.89,122.23,122.23
02_Hanns_Klemm_Str_44_000010_000080,05,"crate (gray, 2x stacked)",standard objects,12.0,57.48,,
02_Hanns_Klemm_Str_44_000010_000080,04,crate (gray),standard objects,7.0,60.29,,
02_Hanns_Klemm_Str_44_000010_000120,05,"crate (gray, 2x stacked)",standard objects,16.0,42.63,22.1,22.1
02_Hanns_Klemm_Str_44_000010_000120,04,crate (gray),standard objects,11.0,43.28,21.25,21.25
02_Hanns_Klemm_Str_44_000010_000160,05,"crate (gray, 2x stacked)",standard objects,29.0,27.84,,
02_Hanns_Klemm_Str_44_000010_000160,04,crate (gray),standard objects,18.0,27.92,,
02_Hanns_Klemm_Str_44_000010_000200,04,crate (gray),standard objects,43.0,11.64,12.98,12.98
02_Hanns_Klemm_Str_44_000010_000200,05,"crate (gray, 2x stacked)",standard objects,66.0,11.48,12.99,12.99
02_Hanns_Klemm_Str_44_000011_000040,23,dog (black),emotional hazards,16.0,72.47,77.15,77.15
02_Hanns_Klemm_Str_44_000011_000080,23,dog (black),emotional hazards,16.0,70.68,111.96,111.96
02_Hanns_Klemm_Str_44_000011_000120,23,dog (black),emotional hazards,21.0,54.66,103.51,103.51
02_Hanns_Klemm_Str_44_000011_000160,23,dog (black),emotional hazards,29.0,36.3,79.41,79.41
02_Hanns_Klemm_Str_44_000011_000200,23,dog (black),emotional hazards,46.0,21.3,41.74,41.74
02_Hanns_Klemm_Str_44_000011_000240,23,dog (black),emotional hazards,118.0,8.99,7.59,7.59
02_Hanns_Klemm_Str_44_000012_000050,24,dog (white),emotional hazards,7.0,67.6,121.92,121.92
02_Hanns_Klemm_Str_44_000012_000090,24,dog (white),emotional hazards,8.0,59.36,103.48,103.48
02_Hanns_Klemm_Str_44_000012_000130,24,dog (white),emotional hazards,10.0,42.51,67.6,67.6
02_Hanns_Klemm_Str_44_000012_000170,24,dog (white),emotional hazards,23.0,26.63,35.28,35.28
02_Hanns_Klemm_Str_44_000013_000020,26,bobby car (gray),emotional hazards,13.0,67.11,81.79,81.79
02_Hanns_Klemm_Str_44_000013_000060,26,bobby car (gray),emotional hazards,15.0,62.56,121.95,121.95
02_Hanns_Klemm_Str_44_000013_000100,26,bobby car (gray),emotional hazards,17.0,54.49,121.98,121.98
02_Hanns_Klemm_Str_44_000013_000140,26,bobby car (gray),emotional hazards,21.0,41.95,107.56,107.56
02_Hanns_Klemm_Str_44_000013_000180,26,bobby car (gray),emotional hazards,33.0,26.95,50.44,50.44
02_Hanns_Klemm_Str_44_000013_000220,26,bobby car (gray),emotional hazards,81.0,12.05,14.98,14.98
02_Hanns_Klemm_Str_44_000014_000040,27,bobby car (red),emotional hazards,11.0,74.91,103.45,103.45
02_Hanns_Klemm_Str_44_000014_000080,27,bobby car (red),emotional hazards,12.0,69.54,89.94,89.94
02_Hanns_Klemm_Str_44_000014_000120,27,bobby car (red),emotional hazards,16.0,48.95,111.93,111.93
02_Hanns_Klemm_Str_44_000014_000160,27,bobby car (red),emotional hazards,25.0,33.43,49.31,49.31
02_Hanns_Klemm_Str_44_000014_000200,27,bobby car (red),emotional hazards,56.0,17.55,13.03,13.03
02_Hanns_Klemm_Str_44_000015_000060,27,bobby car (red),emotional hazards,8.0,50.0,23.65,23.65
02_Hanns_Klemm_Str_44_000015_000100,27,bobby car (red),emotional hazards,10.0,41.04,133.84,133.84
02_Hanns_Klemm_Str_44_000015_000140,27,bobby car (red),emotional hazards,26.0,32.17,18.75,18.75
02_Hanns_Klemm_Str_44_000015_000180,27,bobby car (red),emotional hazards,56.0,17.83,9.56,9.56
02_Hanns_Klemm_Str_44_000016_000020,26,bobby car (gray),emotional hazards,10.0,45.07,27.73,27.73
02_Hanns_Klemm_Str_44_000016_000060,26,bobby car (gray),emotional hazards,11.0,44.07,111.91,111.91
02_Hanns_Klemm_Str_44_000016_000100,26,bobby car (gray),emotional hazards,15.0,32.71,45.98,45.98
02_Hanns_Klemm_Str_44_000016_000140,26,bobby car (gray),emotional hazards,55.0,19.06,12.42,12.42
02_Hanns_Klemm_Str_44_000016_000180,26,bobby car (gray),emotional hazards,156.0,6.4,6.71,6.71
02_Hanns_Klemm_Str_44_000017_000050,23,dog (black),emotional hazards,13.0,48.93,96.17,96.17
02_Hanns_Klemm_Str_44_000017_000090,23,dog (black),emotional hazards,19.0,37.58,35.27,35.27
02_Hanns_Klemm_Str_44_000017_000130,23,dog (black),emotional hazards,45.0,22.98,12.64,12.64
02_Hanns_Klemm_Str_44_000017_000170,23,dog (black),emotional hazards,132.0,7.92,9.61,9.61
02_Hanns_Klemm_Str_44_000018_000110,24,dog (white),emotional hazards,11.0,42.68,,
02_Hanns_Klemm_Str_44_000018_000150,24,dog (white),emotional hazards,30.0,27.73,14.74,14.74
02_Hanns_Klemm_Str_44_000018_000190,24,dog (white),emotional hazards,58.0,13.84,20.42,20.42
04_Maurener_Weg_8_000000_000030,04,crate (gray),standard objects,9.0,62.86,39.96,39.96
04_Maurener_Weg_8_000000_000030,05,"crate (gray, 2x stacked)",standard objects,12.0,72.3,43.78,43.78
04_Maurener_Weg_8_000000_000030,06,"crate (gray, upright)",standard objects,21.0,71.32,39.91,39.91
04_Maurener_Weg_8_000000_000070,04,crate (gray),standard objects,11.0,51.21,50.23,50.23
04_Maurener_Weg_8_000000_000070,05,"crate (gray, 2x stacked)",standard objects,14.0,60.84,60.15,60.15
04_Maurener_Weg_8_000000_000070,06,"crate (gray, upright)",standard objects,25.0,59.39,50.21,50.21
04_Maurener_Weg_8_000000_000110,04,crate (gray),standard objects,18.0,32.78,46.8,46.8
04_Maurener_Weg_8_000000_000110,05,"crate (gray, 2x stacked)",standard objects,20.0,42.43,62.92,62.92
04_Maurener_Weg_8_000000_000110,06,"crate (gray, upright)",standard objects,34.0,42.64,49.34,49.34
04_Maurener_Weg_8_000000_000150,04,crate (gray),standard objects,35.0,16.61,21.13,21.13
04_Maurener_Weg_8_000000_000150,05,"crate (gray, 2x stacked)",standard objects,34.0,25.85,32.73,32.73
04_Maurener_Weg_8_000000_000150,06,"crate (gray, upright)",standard objects,60.0,24.26,25.5,25.5
04_Maurener_Weg_8_000000_000190,05,"crate (gray, 2x stacked)",standard objects,70.0,12.06,12.78,12.78
04_Maurener_Weg_8_000000_000190,06,"crate (gray, upright)",standard objects,150.0,9.65,10.35,10.35
04_Maurener_Weg_8_000001_000050,03,"crate (black, upright)",standard objects,11.0,66.25,38.04,38.04
04_Maurener_Weg_8_000001_000050,03,"crate (black, upright)",standard objects,9.0,77.84,43.56,43.56
04_Maurener_Weg_8_000001_000050,02,"crate (black, 2x stacked)",standard objects,16.0,71.11,38.32,38.32
04_Maurener_Weg_8_000001_000090,03,"crate (black, upright)",standard objects,17.0,52.86,54.18,54.18
04_Maurener_Weg_8_000001_000090,03,"crate (black, upright)",standard objects,12.0,62.43,71.12,71.12
04_Maurener_Weg_8_000001_000090,02,"crate (black, 2x stacked)",standard objects,19.0,58.16,54.25,54.25
04_Maurener_Weg_8_000001_000130,03,"crate (black, upright)",standard objects,23.0,36.42,64.41,64.41
04_Maurener_Weg_8_000001_000130,03,"crate (black, upright)",standard objects,15.0,48.13,107.56,107.56
04_Maurener_Weg_8_000001_000130,02,"crate (black, 2x stacked)",standard objects,26.0,42.43,64.63,64.63
04_Maurener_Weg_8_000001_000170,03,"crate (black, upright)",standard objects,37.0,18.45,20.02,20.02
04_Maurener_Weg_8_000001_000170,03,"crate (black, upright)",standard objects,25.0,30.81,33.54,33.54
04_Maurener_Weg_8_000001_000170,02,"crate (black, 2x stacked)",standard objects,43.0,24.93,26.2,26.2
04_Maurener_Weg_8_000001_000210,03,"crate (black, upright)",standard objects,48.0,14.97,16.72,16.72
04_Maurener_Weg_8_000001_000210,02,"crate (black, 2x stacked)",standard objects,122.0,9.33,10.15,10.15
04_Maurener_Weg_8_000002_000040,04,crate (gray),standard objects,10.0,36.57,36.21,36.21
04_Maurener_Weg_8_000002_000040,05,"crate (gray, 2x stacked)",standard objects,19.0,39.21,36.75,36.75
04_Maurener_Weg_8_000002_000040,06,"crate (gray, upright)",standard objects,33.0,51.7,43.76,43.76
04_Maurener_Weg_8_000002_000080,04,crate (gray),standard objects,15.0,25.97,24.99,24.99
04_Maurener_Weg_8_000002_000080,05,"crate (gray, 2x stacked)",standard objects,26.0,28.26,25.9,25.9
04_Maurener_Weg_8_000002_000080,06,"crate (gray, upright)",standard objects,43.0,36.7,31.6,31.6
04_Maurener_Weg_8_000002_000120,04,crate (gray),standard objects,39.0,11.76,11.67,11.67
04_Maurener_Weg_8_000002_000120,05,"crate (gray, 2x stacked)",standard objects,58.0,14.18,13.92,13.92
04_Maurener_Weg_8_000002_000120,06,"crate (gray, upright)",standard objects,70.0,19.9,19.42,19.42
04_Maurener_Weg_8_000003_000010,03,"crate (black, upright)",standard objects,20.0,32.8,42.41,42.41
04_Maurener_Weg_8_000003_000010,02,"crate (black, 2x stacked)",standard objects,30.0,38.22,48.45,48.45
04_Maurener_Weg_8_000003_000010,01,crate (black),standard objects,16.0,46.87,65.96,65.96
04_Maurener_Weg_8_000003_000050,03,"crate (black, upright)",standard objects,24.0,28.21,29.6,29.6
04_Maurener_Weg_8_000003_000050,02,"crate (black, 2x stacked)",standard objects,32.0,33.86,34.82,34.82
04_Maurener_Weg_8_000003_000050,01,crate (black),standard objects,18.0,41.91,43.77,43.77
04_Maurener_Weg_8_000003_000090,03,"crate (black, upright)",standard objects,42.0,16.64,14.84,14.84
04_Maurener_Weg_8_000003_000090,02,"crate (black, 2x stacked)",standard objects,49.0,21.29,18.89,18.89
04_Maurener_Weg_8_000003_000090,01,crate (black),standard objects,27.0,29.14,24.5,24.5
04_Maurener_Weg_8_000003_000130,02,"crate (black, 2x stacked)",standard objects,122.0,8.62,9.14,9.14
04_Maurener_Weg_8_000003_000130,01,crate (black),standard objects,50.0,16.18,18.24,18.24
04_Maurener_Weg_8_000004_000040,15,euro pallet,random hazards,12.0,53.19,59.49,59.49
04_Maurener_Weg_8_000004_000080,15,euro pallet,random hazards,13.0,50.15,42.58,42.58
04_Maurener_Weg_8_000004_000120,15,euro pallet,random hazards,12.0,39.86,38.78,38.78
04_Maurener_Weg_8_000004_000160,15,euro pallet,random hazards,23.0,25.4,21.4,21.4
04_Maurener_Weg_8_000004_000160,21,ball,emotional hazards,40.0,14.07,14.62,14.62
04_Maurener_Weg_8_000004_000200,15,euro pallet,random hazards,60.0,11.23,11.0,11.0
04_Maurener_Weg_8_000005_000030,16,pylon,random hazards,16.0,48.24,65.42,65.42
04_Maurener_Weg_8_000005_000030,18,pylon (white),random hazards,19.0,47.6,62.05,62.05
04_Maurener_Weg_8_000005_000070,16,pylon,random hazards,15.0,44.71,42.42,42.42
04_Maurener_Weg_8_000005_000070,18,pylon (white),random hazards,20.0,42.29,40.25,40.25
04_Maurener_Weg_8_000005_000110,18,pylon (white),random hazards,24.0,34.89,35.28,35.28
04_Maurener_Weg_8_000005_000110,16,pylon,random hazards,20.0,37.73,37.33,37.33
04_Maurener_Weg_8_000005_000150,18,pylon (white),random hazards,38.0,21.77,18.64,18.64
04_Maurener_Weg_8_000005_000150,16,pylon,random hazards,30.0,24.51,20.15,20.15
04_Maurener_Weg_8_000005_000190,18,pylon (white),random hazards,87.0,9.25,10.04,10.04
04_Maurener_Weg_8_000005_000190,16,pylon,random hazards,61.0,11.81,12.82,12.82
04_Maurener_Weg_8_000006_000040,18,pylon (white),random hazards,12.0,44.14,39.91,39.91
04_Maurener_Weg_8_000006_000080,18,pylon (white),random hazards,18.0,34.22,36.69,36.69
04_Maurener_Weg_8_000006_000120,18,pylon (white),random hazards,30.0,18.18,16.3,16.3
04_Maurener_Weg_8_000007_000020,25,kid dummy,emotional hazards,10.0,61.81,79.48,79.48
04_Maurener_Weg_8_000007_000020,21,ball,emotional hazards,10.0,65.08,92.95,92.95
04_Maurener_Weg_8_000007_000060,25,kid dummy,emotional hazards,8.0,51.23,39.47,39.47
04_Maurener_Weg_8_000007_000060,21,ball,emotional hazards,10.0,51.04,41.85,41.85
04_Maurener_Weg_8_000007_000100,25,kid dummy,emotional hazards,11.0,32.66,28.96,28.96
04_Maurener_Weg_8_000007_000100,21,ball,emotional hazards,15.0,32.42,29.57,29.57
04_Maurener_Weg_8_000007_000140,25,kid dummy,emotional hazards,24.0,13.94,19.19,19.19
04_Maurener_Weg_8_000007_000140,21,ball,emotional hazards,36.0,13.87,19.3,19.3
04_Maurener_Weg_8_000008_000020,31,plastic bag (bloated),random hazards,8.0,59.36,60.15,60.15
04_Maurener_Weg_8_000008_000020,11,crate (green),random hazards,12.0,66.7,60.24,60.24
04_Maurener_Weg_8_000008_000020,31,plastic bag (bloated),random hazards,8.0,56.65,37.41,37.41
04_Maurener_Weg_8_000008_000060,11,crate (green),random hazards,15.0,60.19,38.5,38.5
04_Maurener_Weg_8_000008_000060,31,plastic bag (bloated),random hazards,11.0,49.08,37.26,37.26
04_Maurener_Weg_8_000008_000060,31,plastic bag (bloated),random hazards,13.0,45.4,27.04,27.04
04_Maurener_Weg_8_000008_000100,31,plastic bag (bloated),random hazards,22.0,28.1,23.08,23.08
04_Maurener_Weg_8_000008_000100,11,crate (green),random hazards,19.0,42.25,34.04,34.04
04_Maurener_Weg_8_000008_000100,31,plastic bag (bloated),random hazards,14.0,33.31,26.64,26.64
04_Maurener_Weg_8_000008_000140,11,crate (green),random hazards,34.0,21.55,24.74,24.74
04_Maurener_Weg_8_000008_000140,31,plastic bag (bloated),random hazards,32.0,15.03,15.34,15.34
04_Maurener_Weg_8_000008_000140,31,plastic bag (bloated),random hazards,68.0,8.82,8.67,8.67
04_Maurener_Weg_8_000008_000180,11,crate (green),random hazards,98.0,7.8,10.33,10.33
04_Maurener_Weg_8_000009_000050,24,dog (white),emotional hazards,11.0,68.25,57.71,57.71
04_Maurener_Weg_8_000009_000090,24,dog (white),emotional hazards,14.0,58.85,61.63,61.63
04_Maurener_Weg_8_000009_000130,24,dog (white),emotional hazards,20.0,41.29,29.39,29.39
04_Maurener_Weg_8_000009_000170,24,dog (white),emotional hazards,31.0,23.04,21.41,21.41
04_Maurener_Weg_8_000009_000210,24,dog (white),emotional hazards,81.0,8.72,8.87,8.87
04_Maurener_Weg_8_000010_000040,23,dog (black),emotional hazards,22.0,50.66,52.12,52.12
04_Maurener_Weg_8_000010_000080,23,dog (black),emotional hazards,29.0,38.05,41.76,41.76
04_Maurener_Weg_8_000010_000120,23,dog (black),emotional hazards,52.0,20.63,22.1,22.1
04_Maurener_Weg_8_000011_000020,26,bobby car (gray),emotional hazards,18.0,62.34,89.83,89.83
04_Maurener_Weg_8_000011_000060,26,bobby car (gray),emotional hazards,18.0,60.67,89.83,89.83
04_Maurener_Weg_8_000011_000100,26,bobby car (gray),emotional hazards,23.0,47.01,45.21,45.21
04_Maurener_Weg_8_000011_000140,26,bobby car (gray),emotional hazards,33.0,30.78,31.6,31.6
04_Maurener_Weg_8_000011_000180,26,bobby car (gray),emotional hazards,64.0,15.12,16.3,16.3
04_Maurener_Weg_8_000012_000040,27,bobby car (red),emotional hazards,19.0,64.05,65.96,65.96
04_Maurener_Weg_8_000012_000080,27,bobby car (red),emotional hazards,22.0,54.27,73.02,73.02
04_Maurener_Weg_8_000012_000120,27,bobby car (red),emotional hazards,28.0,38.29,33.53,33.53
04_Maurener_Weg_8_000012_000160,27,bobby car (red),emotional hazards,54.0,19.74,18.12,18.12
04_Maurener_Weg_8_000013_000180,28,bobby car (yellow),emotional hazards,39.0,27.71,23.08,23.08
04_Maurener_Weg_8_000013_000220,28,bobby car (yellow),emotional hazards,84.0,12.64,12.95,12.95
05_Schafgasse_1_000000_000030,05,"crate (gray, 2x stacked)",standard objects,13.0,61.02,58.9,58.9
05_Schafgasse_1_000000_000070,05,"crate (gray, 2x stacked)",standard objects,13.0,51.7,77.14,77.14
05_Schafgasse_1_000000_000110,05,"crate (gray, 2x stacked)",standard objects,18.0,39.22,79.52,79.52
05_Schafgasse_1_000000_000150,05,"crate (gray, 2x stacked)",standard objects,31.0,24.92,27.05,27.05
05_Schafgasse_1_000000_000190,05,"crate (gray, 2x stacked)",standard objects,81.0,10.13,10.26,10.26
05_Schafgasse_1_000001_000090,03,"crate (black, upright)",standard objects,14.0,52.29,92.95,92.95
05_Schafgasse_1_000001_000130,03,"crate (black, upright)",standard objects,17.0,43.01,77.53,77.53
05_Schafgasse_1_000001_000170,03,"crate (black, upright)",standard objects,27.0,31.48,49.83,49.83
05_Schafgasse_1_000001_000210,03,"crate (black, upright)",standard objects,40.0,20.73,20.22,20.22
05_Schafgasse_1_000001_000250,03,"crate (black, upright)",standard objects,69.0,10.79,12.49,12.49
05_Schafgasse_1_000002_000130,08,cardboard box,random hazards,15.0,44.9,,
05_Schafgasse_1_000002_000130,18,pylon (white),random hazards,15.0,35.78,62.92,62.92
05_Schafgasse_1_000002_000170,08,cardboard box,random hazards,18.0,35.89,84.29,84.29
05_Schafgasse_1_000002_000170,18,pylon (white),random hazards,19.0,27.82,33.61,33.61
05_Schafgasse_1_000002_000210,08,cardboard box,random hazards,26.0,24.34,43.76,43.76
05_Schafgasse_1_000002_000210,18,pylon (white),random hazards,31.0,15.72,17.97,17.97
05_Schafgasse_1_000003_000030,20,tire,random hazards,16.0,42.15,,
05_Schafgasse_1_000003_000070,20,tire,random hazards,19.0,34.59,79.4,79.4
05_Schafgasse_1_000003_000110,20,tire,random hazards,27.0,23.44,31.97,31.97
05_Schafgasse_1_000003_000150,20,tire,random hazards,61.0,10.63,12.46,12.46
05_Schafgasse_1_000004_000030,11,crate (green),random hazards,13.0,45.13,99.68,99.68
05_Schafgasse_1_000004_000030,10,"crate (blue, small)",random hazards,11.0,41.74,56.44,56.44
05_Schafgasse_1_000004_000070,11,crate (green),random hazards,17.0,39.66,116.69,116.69
05_Schafgasse_1_000004_000070,10,"crate (blue, small)",random hazards,18.0,36.16,55.39,55.39
05_Schafgasse_1_000004_000110,11,crate (green),random hazards,23.0,30.01,52.11,52.11
05_Schafgasse_1_000004_000110,10,"crate (blue, small)",random hazards,18.0,25.48,32.78,32.78
05_Schafgasse_1_000004_000150,10,"crate (blue, small)",random hazards,43.0,11.52,11.76,11.76
05_Schafgasse_1_000004_000150,11,crate (green),random hazards,41.0,15.85,18.66,18.66
05_Schafgasse_1_000005_000040,29,cardboard box,random hazards,9.0,42.5,52.11,52.11
05_Schafgasse_1_000005_000080,29,cardboard box,random hazards,10.0,37.5,67.6,67.6
05_Schafgasse_1_000005_000120,29,cardboard box,random hazards,13.0,26.45,37.19,37.19
05_Schafgasse_1_000005_000120,21,ball,emotional hazards,27.0,21.28,30.27,30.27
05_Schafgasse_1_000007_000020,20,tire,random hazards,10.0,40.63,,
05_Schafgasse_1_000007_000060,20,tire,random hazards,10.0,33.22,127.67,127.67
05_Schafgasse_1_000007_000100,20,tire,random hazards,16.0,21.67,36.69,36.69
05_Schafgasse_1_000007_000140,20,tire,random hazards,39.0,9.29,10.3,10.3
05_Schafgasse_1_000008_000030,34,styrofoam,random hazards,7.0,47.08,,
05_Schafgasse_1_000008_000030,14,headlight,random hazards,18.0,36.73,,
05_Schafgasse_1_000008_000070,34,styrofoam,random hazards,10.0,36.55,,
05_Schafgasse_1_000008_000070,14,headlight,random hazards,22.0,26.37,48.44,48.44
05_Schafgasse_1_000008_000110,34,styrofoam,random hazards,16.0,23.57,37.2,37.2
05_Schafgasse_1_000008_000110,14,headlight,random hazards,47.0,13.23,15.77,15.77
05_Schafgasse_1_000009_000090,23,dog (black),emotional hazards,21.0,53.46,42.41,42.41
05_Schafgasse_1_000009_000130,23,dog (black),emotional hazards,25.0,44.83,48.41,48.41
05_Schafgasse_1_000009_000170,23,dog (black),emotional hazards,33.0,32.2,35.27,35.27
05_Schafgasse_1_000009_000210,23,dog (black),emotional hazards,59.0,18.28,20.67,20.67
05_Schafgasse_1_000010_000040,24,dog (white),emotional hazards,15.0,53.21,41.13,41.13
05_Schafgasse_1_000010_000080,24,dog (white),emotional hazards,16.0,48.51,47.65,47.65
05_Schafgasse_1_000010_000120,24,dog (white),emotional hazards,22.0,35.82,39.52,39.52
05_Schafgasse_1_000010_000160,24,dog (white),emotional hazards,38.0,19.55,21.34,21.34
05_Schafgasse_1_000011_000140,27,bobby car (red),emotional hazards,36.0,28.89,34.05,34.05
05_Schafgasse_1_000011_000180,27,bobby car (red),emotional hazards,105.0,9.75,10.66,10.66
05_Schafgasse_1_000012_000060,28,bobby car (yellow),emotional hazards,20.0,72.06,57.68,57.68
05_Schafgasse_1_000012_000100,28,bobby car (yellow),emotional hazards,21.0,57.89,57.61,57.61
05_Schafgasse_1_000012_000140,28,bobby car (yellow),emotional hazards,28.0,40.13,61.5,61.5
05_Schafgasse_1_000012_000180,28,bobby car (yellow),emotional hazards,47.0,22.57,21.27,21.27
05_Schafgasse_1_000012_000220,28,bobby car (yellow),emotional hazards,142.0,7.32,8.84,8.84
05_Schafgasse_1_000013_000060,26,bobby car (gray),emotional hazards,17.0,61.51,48.41,48.41
05_Schafgasse_1_000013_000100,26,bobby car (gray),emotional hazards,22.0,45.71,56.44,56.44
05_Schafgasse_1_000013_000140,26,bobby car (gray),emotional hazards,39.0,28.02,38.4,38.4
05_Schafgasse_1_000013_000180,26,bobby car (gray),emotional hazards,97.0,10.46,10.79,10.79
05_Schafgasse_1_000014_000060,24,dog (white),emotional hazards,26.0,41.49,69.31,69.31
05_Schafgasse_1_000014_000100,24,dog (white),emotional hazards,32.0,28.71,36.2,36.2
05_Schafgasse_1_000014_000140,24,dog (white),emotional hazards,62.0,14.09,15.44,15.44
05_Schafgasse_1_000015_000060,27,bobby car (red),emotional hazards,25.0,43.62,65.98,65.98
05_Schafgasse_1_000015_000100,27,bobby car (red),emotional hazards,36.0,29.06,53.13,53.13
05_Schafgasse_1_000015_000140,27,bobby car (red),emotional hazards,68.0,14.93,16.38,16.38
05_Schafgasse_1_000016_000030,27,bobby car (red),emotional hazards,20.0,52.31,,
05_Schafgasse_1_000016_000070,27,bobby car (red),emotional hazards,24.0,45.53,,
05_Schafgasse_1_000016_000110,27,bobby car (red),emotional hazards,34.0,31.6,64.44,64.44
05_Schafgasse_1_000016_000150,27,bobby car (red),emotional hazards,63.0,16.08,18.51,18.51
05_Schafgasse_1_000017_000040,26,bobby car (gray),emotional hazards,21.0,52.37,,
05_Schafgasse_1_000017_000080,26,bobby car (gray),emotional hazards,26.0,43.18,,
05_Schafgasse_1_000017_000120,26,bobby car (gray),emotional hazards,35.0,28.26,62.98,62.98
05_Schafgasse_1_000017_000160,26,bobby car (gray),emotional hazards,70.0,14.1,17.2,17.2
05_Schafgasse_1_000018_000040,24,dog (white),emotional hazards,23.0,52.2,,
05_Schafgasse_1_000018_000080,24,dog (white),emotional hazards,29.0,39.39,111.91,111.91
05_Schafgasse_1_000018_000120,24,dog (white),emotional hazards,50.0,21.02,26.39,26.39
05_Schafgasse_1_000019_000070,23,dog (black),emotional hazards,21.0,58.47,,
05_Schafgasse_1_000019_000110,23,dog (black),emotional hazards,28.0,48.86,,
05_Schafgasse_1_000019_000150,23,dog (black),emotional hazards,37.0,33.25,61.66,61.66
05_Schafgasse_1_000019_000190,23,dog (black),emotional hazards,68.0,15.91,19.32,19.32
07_Festplatz_Flugfeld_000000_000040,04,crate (gray),standard objects,8.0,77.52,49.31,49.31
07_Festplatz_Flugfeld_000000_000040,05,"crate (gray, 2x stacked)",standard objects,11.0,91.55,53.17,53.17
07_Festplatz_Flugfeld_000000_000040,06,"crate (gray, upright)",standard objects,15.0,106.56,57.61,57.61
07_Festplatz_Flugfeld_000000_000080,04,crate (gray),standard objects,8.0,64.92,,
07_Festplatz_Flugfeld_000000_000080,05,"crate (gray, 2x stacked)",standard objects,12.0,76.82,,
07_Festplatz_Flugfeld_000000_000080,06,"crate (gray, upright)",standard objects,17.0,94.08,,
07_Festplatz_Flugfeld_000000_000120,04,crate (gray),standard objects,9.0,48.99,73.18,73.18
07_Festplatz_Flugfeld_000000_000120,05,"crate (gray, 2x stacked)",standard objects,13.0,63.95,87.06,87.06
07_Festplatz_Flugfeld_000000_000120,06,"crate (gray, upright)",standard objects,21.0,68.72,111.92,111.92
07_Festplatz_Flugfeld_000000_000160,04,crate (gray),standard objects,14.0,33.12,22.78,22.78
07_Festplatz_Flugfeld_000000_000160,05,"crate (gray, 2x stacked)",standard objects,19.0,47.21,27.49,27.49
07_Festplatz_Flugfeld_000000_000160,06,"crate (gray, upright)",standard objects,30.0,52.01,29.87,29.87
07_Festplatz_Flugfeld_000000_000200,04,crate (gray),standard objects,24.0,18.02,16.2,16.2
07_Festplatz_Flugfeld_000000_000200,05,"crate (gray, 2x stacked)",standard objects,26.0,31.42,24.65,24.65
07_Festplatz_Flugfeld_000000_000200,06,"crate (gray, upright)",standard objects,42.0,36.24,28.6,28.6
07_Festplatz_Flugfeld_000000_000240,05,"crate (gray, 2x stacked)",standard objects,51.0,15.84,13.15,13.15
07_Festplatz_Flugfeld_000000_000240,06,"crate (gray, upright)",standard objects,64.0,20.94,16.68,16.68
07_Festplatz_Flugfeld_000001_000040,03,"crate (black, upright)",standard objects,7.0,88.02,35.32,35.32
07_Festplatz_Flugfeld_000001_000040,02,"crate (black, 2x stacked)",standard objects,10.0,104.11,38.27,38.27
07_Festplatz_Flugfeld_000001_000040,01,crate (black),standard objects,9.0,99.3,36.33,36.33
07_Festplatz_Flugfeld_000001_000080,03,"crate (black, upright)",standard objects,11.0,73.41,26.15,26.15
07_Festplatz_Flugfeld_000001_000080,02,"crate (black, 2x stacked)",standard objects,11.0,93.0,28.91,28.91
07_Festplatz_Flugfeld_000001_000080,01,crate (black),standard objects,9.0,87.15,27.5,27.5
07_Festplatz_Flugfeld_000001_000120,03,"crate (black, upright)",standard objects,13.0,52.22,35.27,35.27
07_Festplatz_Flugfeld_000001_000120,02,"crate (black, 2x stacked)",standard objects,14.0,70.93,43.06,43.06
07_Festplatz_Flugfeld_000001_000120,01,crate (black),standard objects,11.0,64.13,39.41,39.41
07_Festplatz_Flugfeld_000001_000160,03,"crate (black, upright)",standard objects,20.0,34.27,21.92,21.92
07_Festplatz_Flugfeld_000001_000160,02,"crate (black, 2x stacked)",standard objects,21.0,50.39,28.31,28.31
07_Festplatz_Flugfeld_000001_000160,01,crate (black),standard objects,17.0,47.37,25.94,25.94
07_Festplatz_Flugfeld_000001_000200,03,"crate (black, upright)",standard objects,42.0,16.73,14.69,14.69
07_Festplatz_Flugfeld_000001_000200,02,"crate (black, 2x stacked)",standard objects,32.0,32.75,26.66,26.66
07_Festplatz_Flugfeld_000001_000200,01,crate (black),standard objects,28.0,29.38,22.2,22.2
07_Festplatz_Flugfeld_000002_000190,08,cardboard box,random hazards,11.0,86.86,42.43,42.43
07_Festplatz_Flugfeld_000002_000190,07,bumper,random hazards,17.0,99.53,45.97,45.97
07_Festplatz_Flugfeld_000002_000230,08,cardboard box,random hazards,11.0,76.87,28.92,28.92
07_Festplatz_Flugfeld_000002_000230,07,bumper,random hazards,18.0,84.86,30.87,30.87
07_Festplatz_Flugfeld_000002_000270,08,cardboard box,random hazards,14.0,65.08,29.25,29.25
07_Festplatz_Flugfeld_000002_000270,07,bumper,random hazards,23.0,74.13,32.34,32.34
07_Festplatz_Flugfeld_000002_000310,08,cardboard box,random hazards,19.0,48.05,21.93,21.93
07_Festplatz_Flugfeld_000002_000310,07,bumper,random hazards,26.0,57.05,24.71,24.71
07_Festplatz_Flugfeld_000002_000350,08,cardboard box,random hazards,26.0,31.73,19.6,19.6
07_Festplatz_Flugfeld_000002_000350,07,bumper,random hazards,35.0,40.65,24.27,24.27
07_Festplatz_Flugfeld_000002_000390,08,cardboard box,random hazards,49.0,18.09,35.95,35.95
07_Festplatz_Flugfeld_000002_000390,07,bumper,random hazards,58.0,25.89,,
07_Festplatz_Flugfeld_000002_000430,07,bumper,random hazards,95.0,14.14,19.15,19.15
07_Festplatz_Flugfeld_000003_000100,34,styrofoam,random hazards,5.0,76.96,29.56,29.56
07_Festplatz_Flugfeld_000003_000100,07,bumper,random hazards,16.0,89.7,31.23,31.23
07_Festplatz_Flugfeld_000003_000140,34,styrofoam,random hazards,6.0,62.07,,
07_Festplatz_Flugfeld_000003_000140,07,bumper,random hazards,18.0,76.01,,
07_Festplatz_Flugfeld_000003_000180,34,styrofoam,random hazards,9.0,45.84,,
07_Festplatz_Flugfeld_000003_000180,07,bumper,random hazards,24.0,60.28,,
07_Festplatz_Flugfeld_000003_000220,34,styrofoam,random hazards,13.0,32.7,27.01,27.01
07_Festplatz_Flugfeld_000003_000220,07,bumper,random hazards,29.0,47.44,36.74,36.74
07_Festplatz_Flugfeld_000003_000260,34,styrofoam,random hazards,25.0,18.93,16.14,16.14
07_Festplatz_Flugfeld_000003_000260,07,bumper,random hazards,38.0,34.24,24.8,24.8
07_Festplatz_Flugfeld_000003_000300,07,bumper,random hazards,73.0,19.75,15.05,15.05
07_Festplatz_Flugfeld_000003_000340,07,bumper,random hazards,215.0,7.54,7.6,7.6
07_Festplatz_Flugfeld_000004_000060,08,cardboard box,random hazards,10.0,51.6,43.78,43.78
07_Festplatz_Flugfeld_000004_000060,20,tire,random hazards,15.0,48.55,40.71,40.71
07_Festplatz_Flugfeld_000004_000100,08,cardboard box,random hazards,12.0,43.65,35.74,35.74
07_Festplatz_Flugfeld_000004_000100,20,tire,random hazards,20.0,38.09,32.78,32.78
07_Festplatz_Flugfeld_000004_000140,08,cardboard box,random hazards,18.0,30.37,29.54,29.54
07_Festplatz_Flugfeld_000004_000140,20,tire,random hazards,34.0,23.81,24.4,24.4
07_Festplatz_Flugfeld_000004_000180,08,cardboard box,random hazards,28.0,17.31,17.57,17.57
07_Festplatz_Flugfeld_000004_000180,20,tire,random hazards,71.0,10.66,11.49,11.49
07_Festplatz_Flugfeld_000004_000220,08,cardboard box,random hazards,80.0,6.89,7.18,7.18
07_Festplatz_Flugfeld_000005_000050,09,crate (blue),random hazards,13.0,43.17,28.64,28.64
07_Festplatz_Flugfeld_000005_000050,13,exhaust pipe,random hazards,16.0,48.38,29.58,29.58
07_Festplatz_Flugfeld_000005_000090,09,crate (blue),random hazards,16.0,35.7,30.54,30.54
07_Festplatz_Flugfeld_000005_000090,13,exhaust pipe,random hazards,20.0,39.95,33.26,33.26
07_Festplatz_Flugfeld_000005_000130,09,crate (blue),random hazards,25.0,24.88,25.22,25.22
07_Festplatz_Flugfeld_000005_000130,13,exhaust pipe,random hazards,29.0,28.88,29.35,29.35
07_Festplatz_Flugfeld_000005_000170,09,crate (blue),random hazards,44.0,12.9,13.27,13.27
07_Festplatz_Flugfeld_000005_000170,13,exhaust pipe,random hazards,43.0,17.13,17.27,17.27
15_Rechbergstr_Deckenpfronn_000000_000040,39,kid (walking),humans,52.0,44.16,112.23,112.23
15_Rechbergstr_Deckenpfronn_000000_000040,40,kid (on a bobby car),humans,48.0,43.18,107.71,107.71
15_Rechbergstr_Deckenpfronn_000000_000080,39,kid (walking),humans,50.0,45.09,112.31,112.31
15_Rechbergstr_Deckenpfronn_000000_000080,40,kid (on a bobby car),humans,50.0,43.24,107.72,107.72
15_Rechbergstr_Deckenpfronn_000000_000120,40,kid (on a bobby car),humans,45.0,44.11,116.84,116.84
15_Rechbergstr_Deckenpfronn_000000_000120,41,kid (on a small bobby car),humans,37.0,46.99,134.14,134.14
15_Rechbergstr_Deckenpfronn_000000_000160,40,kid (on a bobby car),humans,47.0,47.93,133.93,133.93
15_Rechbergstr_Deckenpfronn_000000_000160,41,kid (on a small bobby car),humans,37.0,47.58,134.13,134.13
15_Rechbergstr_Deckenpfronn_000001_000050,40,kid (on a bobby car),humans,25.0,63.6,,
15_Rechbergstr_Deckenpfronn_000001_000050,41,kid (on a small bobby car),humans,26.0,62.04,,
15_Rechbergstr_Deckenpfronn_000001_000050,39,kid (walking),humans,33.0,64.56,,
15_Rechbergstr_Deckenpfronn_000001_000050,40,kid (on a bobby car),humans,28.0,62.46,,
15_Rechbergstr_Deckenpfronn_000001_000090,40,kid (on a bobby car),humans,28.0,63.56,,
15_Rechbergstr_Deckenpfronn_000001_000090,39,kid (walking),humans,34.0,63.76,,
15_Rechbergstr_Deckenpfronn_000001_000090,40,kid (on a bobby car),humans,27.0,62.13,,
15_Rechbergstr_Deckenpfronn_000001_000090,41,kid (on a small bobby car),humans,26.0,62.34,,
15_Rechbergstr_Deckenpfronn_000001_000130,41,kid (on a small bobby car),humans,26.0,61.92,,
15_Rechbergstr_Deckenpfronn_000001_000130,40,kid (on a bobby car),humans,35.0,63.6,,
15_Rechbergstr_Deckenpfronn_000001_000130,40,kid (on a bobby car),humans,13.0,61.13,,
15_Rechbergstr_Deckenpfronn_000001_000170,41,kid (on a small bobby car),humans,26.0,61.98,,
15_Rechbergstr_Deckenpfronn_000001_000170,40,kid (on a bobby car),humans,12.0,64.53,,
15_Rechbergstr_Deckenpfronn_000001_000170,40,kid (on a bobby car),humans,29.0,64.01,,
15_Rechbergstr_Deckenpfronn_000001_000170,39,kid (walking),humans,30.0,64.08,,
15_Rechbergstr_Deckenpfronn_000001_000170,40,kid (on a bobby car),humans,29.0,62.34,,
15_Rechbergstr_Deckenpfronn_000001_000210,41,kid (on a small bobby car),humans,26.0,61.89,,
15_Rechbergstr_Deckenpfronn_000001_000210,40,kid (on a bobby car),humans,15.0,63.29,,
15_Rechbergstr_Deckenpfronn_000001_000210,40,kid (on a bobby car),humans,34.0,61.13,,
15_Rechbergstr_Deckenpfronn_000001_000250,40,kid (on a bobby car),humans,16.0,63.42,,
15_Rechbergstr_Deckenpfronn_000001_000250,41,kid (on a small bobby car),humans,26.0,62.8,,
15_Rechbergstr_Deckenpfronn_000001_000250,40,kid (on a bobby car),humans,34.0,61.81,,
15_Rechbergstr_Deckenpfronn_000001_000290,41,kid (on a small bobby car),humans,26.0,61.87,,
15_Rechbergstr_Deckenpfronn_000001_000290,40,kid (on a bobby car),humans,34.0,61.63,,
15_Rechbergstr_Deckenpfronn_000001_000290,39,kid (walking),humans,33.0,63.7,,
15_Rechbergstr_Deckenpfronn_000001_000290,39,kid (walking),humans,34.0,63.57,,
15_Rechbergstr_Deckenpfronn_000002_000140,40,kid (on a bobby car),humans,55.0,37.5,48.56,48.56
15_Rechbergstr_Deckenpfronn_000002_000180,40,kid (on a bobby car),humans,71.0,31.04,51.2,51.2
15_Rechbergstr_Deckenpfronn_000003_000150,40,kid (on a bobby car),humans,70.0,30.42,45.97,45.97
15_Rechbergstr_Deckenpfronn_000004_000160,41,kid (on a small bobby car),humans,41.0,40.22,54.29,54.29
15_Rechbergstr_Deckenpfronn_000004_000200,41,kid (on a small bobby car),humans,56.0,31.3,42.39,42.39
15_Rechbergstr_Deckenpfronn_000004_000240,41,kid (on a small bobby car),humans,79.0,21.23,26.65,26.65
15_Rechbergstr_Deckenpfronn_000004_000280,41,kid (on a small bobby car),humans,120.0,14.11,15.72,15.72
15_Rechbergstr_Deckenpfronn_000005_000040,42,kid (crawling),humans,84.0,12.54,13.94,13.94
15_Rechbergstr_Deckenpfronn_000005_000080,42,kid (crawling),humans,68.0,12.68,14.44,14.44
15_Rechbergstr_Deckenpfronn_000006_000100,39,kid (walking),humans,47.0,45.15,73.05,73.05
15_Rechbergstr_Deckenpfronn_000006_000140,39,kid (walking),humans,55.0,40.46,56.47,56.47
15_Rechbergstr_Deckenpfronn_000006_000180,39,kid (walking),humans,75.0,31.62,43.09,43.09
15_Rechbergstr_Deckenpfronn_000006_000220,39,kid (walking),humans,98.0,25.04,34.07,34.07
15_Rechbergstr_Deckenpfronn_000006_000260,39,kid (walking),humans,118.0,19.23,22.1,22.1
15_Rechbergstr_Deckenpfronn_000006_000340,39,kid (walking),humans,218.0,10.55,11.89,11.89
15_Rechbergstr_Deckenpfronn_000007_000060,39,kid (walking),humans,46.0,50.35,92.9,92.9
15_Rechbergstr_Deckenpfronn_000007_000180,39,kid (walking),humans,74.0,31.96,45.99,45.99
15_Rechbergstr_Deckenpfronn_000007_000260,39,kid (walking),humans,117.0,18.57,25.41,25.41
