image,type,class,predicted_class,occluded,truncated,box_height_px,true_centre_m,true_nearest_surface_m,lateral_gap_m,da3-metric-large_median,da3-metric-large_p10,da3-metric-large_p25,in_path
000000,Pedestrian,pedestrian,person,0,0.0,164.9,8.61,8.27,1.24,7.31,7.08,7.23,False
000001,Truck,truck,train,0,0.0,32.8,69.44,63.27,0.0,56.78,56.33,56.43,True
000001,Car,car,car,0,0.0,21.6,60.78,58.75,15.59,46.5,44.51,45.02,False
000002,Car,car,car,0,0.0,33.3,34.53,32.28,2.37,31.87,31.57,31.67,False
000009,Car,car,car,0,0.0,52.5,23.89,22.25,0.0,21.55,20.97,21.12,True
000009,Car,car,car,0,0.0,15.4,68.29,66.48,1.14,57.25,52.73,53.81,True
000009,Car,car,car,2,0.0,16.2,66.37,64.42,0.0,53.47,23.74,29.7,True
000012,Car,car,car,0,0.0,19.2,59.08,57.21,4.37,52.49,50.57,51.06,False
000012,Van,van,bus,0,0.0,29.3,66.31,63.31,11.72,53.13,50.85,51.62,False
000015,Car,car,car,0,0.89,178.3,4.94,2.95,1.62,3.67,3.13,3.33,False
000015,Pedestrian,pedestrian,person,1,0.0,183.3,8.95,8.31,4.13,6.78,6.64,6.71,False
000015,Pedestrian,pedestrian,person,0,0.0,56.3,23.37,22.82,1.31,23.77,21.47,22.12,False
000015,Pedestrian,pedestrian,person,0,0.0,54.9,24.44,23.96,2.8,25.31,22.09,23.49,False
000015,Pedestrian,pedestrian,person,0,0.0,52.6,24.27,23.83,2.0,23.17,21.63,22.07,False
000019,Car,car,car,0,0.0,20.2,59.71,57.7,2.98,48.88,46.74,47.65,False
000019,Truck,truck,truck,1,0.74,374.0,6.31,3.48,2.14,3.46,2.78,3.15,False
000019,Car,car,car,0,0.0,136.9,10.13,8.14,1.98,7.55,7.36,7.41,False
000019,Van,van,truck,0,0.0,43.3,35.42,33.17,1.51,26.66,26.27,26.4,False
000026,Truck,truck,bus,1,0.0,56.6,37.35,34.09,1.13,29.69,29.09,29.28,True
000026,Car,car,car,0,0.0,16.8,68.47,66.58,3.15,57.02,56.1,56.57,False
000027,Van,van,truck,3,0.0,197.1,14.87,11.89,6.38,10.42,9.41,9.68,False
000027,Car,car,car,0,0.0,12.9,73.47,71.69,0.32,76.92,72.07,74.03,True
000030,Car,car,car,0,0.0,26.0,41.95,39.71,1.19,30.61,28.4,29.29,True
000031,Car,car,car,0,0.0,116.8,12.61,10.57,2.29,10.58,10.29,10.37,False
000031,Car,car,car,0,0.0,161.1,9.04,7.32,2.4,6.67,6.46,6.53,False
000031,Car,car,car,0,0.0,43.3,26.55,24.65,1.85,23.13,22.62,22.97,False
000031,Truck,truck,truck,2,0.0,96.7,22.54,19.72,2.42,18.49,18.0,18.23,False
000031,Van,van,truck,0,0.0,28.9,51.93,49.69,0.82,44.69,43.57,43.96,True
000031,Car,car,car,1,0.0,98.0,13.46,11.56,2.08,11.39,10.88,11.04,False
000052,Car,car,car,0,0.0,66.3,18.93,16.88,5.41,15.43,14.95,15.11,False
000052,Van,van,car,0,0.0,144.1,12.2,9.79,0.0,10.07,9.65,9.8,True
000052,Car,car,car,0,0.0,62.7,19.99,17.91,2.98,19.05,18.66,18.74,False
000052,Car,car,car,1,0.0,40.1,34.91,33.71,9.46,30.64,29.52,29.97,False
000052,Car,car,car,1,0.0,61.7,21.17,19.12,0.37,22.63,22.11,22.35,True
000052,Car,car,car,0,0.0,25.2,68.3,65.72,39.25,45.26,43.76,44.32,False
000058,Pedestrian,pedestrian,person,0,0.0,163.2,7.46,7.08,1.02,6.39,6.3,6.32,True
000063,Van,van,car,0,0.0,46.1,36.84,34.59,10.81,29.83,29.0,29.28,False
000063,Car,car,car,0,0.0,68.7,20.38,18.03,6.76,15.84,15.57,15.66,False
000063,Car,car,car,2,0.0,112.8,11.79,10.35,1.58,10.81,9.8,10.19,False
000064,Car,car,car,0,0.0,40.0,26.95,25.21,1.86,25.63,25.06,25.2,False
000064,Car,car,car,1,0.0,28.3,39.77,37.66,5.98,40.97,36.59,38.3,False
000064,Car,car,car,0,0.0,95.4,13.89,11.8,2.56,11.57,11.34,11.4,False
000064,Truck,truck,truck,1,0.0,206.3,17.97,13.83,5.85,12.29,12.08,12.11,False
000069,Car,car,car,0,0.0,71.0,18.5,16.91,6.15,14.75,14.16,14.33,False
000069,Car,car,car,1,0.0,16.4,62.9,61.64,4.7,55.31,48.78,51.09,False
000072,Car,car,car,0,0.0,101.2,13.25,10.92,3.0,11.19,10.39,10.58,False
000072,Car,car,car,0,0.0,39.0,32.6,30.35,0.0,30.8,30.2,30.37,True
000072,Car,car,car,1,0.25,49.8,32.14,29.78,19.09,21.42,20.8,20.97,False
000075,Car,car,car,1,0.0,40.5,28.36,26.48,0.02,24.36,23.62,23.84,True
000075,Car,car,car,0,0.0,77.0,16.81,14.65,1.02,14.5,13.84,14.03,True
000075,Car,car,car,1,0.0,55.0,22.83,20.89,0.0,20.2,19.1,19.46,True
000075,Car,car,car,0,1.0,236.3,3.3,2.09,2.06,2.55,2.32,2.43,False
000078,Car,car,car,0,0.0,34.5,34.61,33.24,2.23,28.53,27.39,27.73,False
000078,Van,van,car,0,0.66,231.5,6.86,4.54,2.65,4.23,3.48,3.8,False
000078,Car,car,car,0,0.0,21.2,51.28,49.05,0.39,39.88,38.98,39.25,True
000078,Car,car,car,1,0.0,141.7,11.61,9.21,2.89,9.02,7.96,8.29,False
000079,Car,car,car,0,0.0,119.7,10.93,9.04,0.76,9.06,8.62,8.77,True
000079,Car,car,car,0,0.0,29.5,37.43,35.28,4.42,36.13,34.92,35.3,False
000079,Car,car,car,0,0.16,147.7,11.54,9.63,4.61,7.89,6.98,7.29,False
000079,Car,car,car,0,0.0,21.6,47.03,44.75,3.67,41.24,40.36,40.81,False
000079,Truck,truck,truck,2,0.0,187.2,25.97,18.71,7.03,16.4,13.55,13.96,False
000081,Truck,truck,truck,0,0.0,29.9,75.8,69.63,0.0,56.63,56.02,56.24,True
000081,Car,car,car,0,0.0,16.2,76.57,74.99,3.05,70.21,66.43,67.78,False
000082,Truck,truck,truck,0,0.64,134.0,27.13,23.66,12.42,14.22,13.83,14.07,False
000082,Car,car,car,0,0.0,16.6,64.64,62.57,8.59,53.81,51.53,52.21,False
000101,Car,car,car,0,0.0,63.3,19.47,17.81,0.0,16.37,16.22,16.26,True
000101,Car,car,car,0,0.0,53.4,29.65,27.64,14.56,21.41,20.28,20.57,False
000101,Car,car,car,3,0.3,52.1,30.81,28.62,18.2,20.99,19.71,20.15,False
000103,Pedestrian,pedestrian,person,0,0.0,138.5,9.89,9.48,3.19,8.06,7.93,7.99,False
000108,Car,car,car,0,0.0,101.4,13.49,11.97,0.0,9.84,9.7,9.74,True
000108,Cyclist,cyclist,person,3,0.0,99.1,15.36,14.33,5.34,12.8,12.23,12.41,False
000117,Car,car,car,0,0.0,25.6,50.08,47.94,7.78,36.97,35.78,36.14,False
000117,Car,car,car,1,0.16,108.0,13.69,12.07,5.6,9.3,9.03,9.12,False
000117,Car,car,car,0,0.0,124.2,11.07,9.65,2.64,9.0,8.72,8.83,False
000117,Car,car,car,2,0.0,83.2,18.39,17.12,6.53,12.32,10.76,11.41,False
000117,Car,car,car,2,0.0,78.7,20.53,19.36,6.6,13.31,12.91,13.06,False
000120,Car,car,car,1,0.06,171.6,8.96,6.89,3.02,6.34,5.62,5.73,False
000120,Car,car,car,0,0.0,97.3,14.39,12.02,4.24,11.17,10.66,10.77,False
000120,Car,car,car,0,0.0,49.7,25.12,23.2,1.73,19.88,19.65,19.73,False
000120,Car,car,car,1,0.0,37.2,33.64,31.9,4.75,25.68,24.8,25.17,False
000120,Car,car,car,1,0.0,92.4,14.64,12.69,2.8,12.04,11.26,11.48,False
000120,Car,car,car,1,0.0,45.9,25.65,23.47,2.36,21.87,20.12,20.92,False
000120,Car,car,car,1,0.0,56.8,20.7,18.78,2.44,16.45,15.91,16.09,False
000125,Car,car,car,0,0.0,31.2,40.65,39.11,11.36,32.94,32.0,32.31,False
000125,Car,car,car,1,0.0,31.3,46.01,44.17,24.62,28.61,27.63,27.98,False
000125,Car,car,car,0,0.0,20.0,55.31,52.8,11.39,46.11,44.23,44.87,False
000125,Car,car,car,0,0.01,208.3,7.01,5.35,0.0,5.07,4.89,4.95,True
000125,Car,car,car,0,0.0,32.7,38.41,36.22,14.32,29.1,28.52,28.81,False
000125,Car,car,car,2,0.0,20.0,55.43,53.27,14.68,44.18,38.74,41.28,False
000126,Van,van,truck,3,0.0,48.1,43.72,40.85,0.91,37.09,36.55,36.73,True
000126,Car,car,car,0,0.0,77.3,16.34,13.94,3.8,13.22,12.71,12.84,False
000132,Car,car,car,0,0.0,41.0,30.89,28.95,5.22,25.21,24.7,24.89,False
000132,Car,car,car,1,0.0,14.0,77.22,75.26,17.77,34.8,26.32,28.22,False
000135,Car,car,car,1,0.0,45.9,26.12,24.15,1.99,24.16,22.51,23.15,False
000135,Car,car,car,1,0.0,52.7,23.18,21.29,5.42,19.65,18.87,19.12,False
000135,Van,van,car,0,0.0,50.2,43.3,40.83,23.45,30.79,29.89,30.14,False
000135,Car,car,car,1,0.0,37.2,36.75,34.59,5.28,32.13,28.68,29.55,False
000135,Car,car,car,1,0.0,43.9,36.1,33.78,19.95,24.46,24.13,24.22,False
000135,Car,car,car,1,0.0,40.3,28.39,26.26,5.36,23.8,21.53,23.01,False
000139,Truck,truck,truck,0,0.0,30.6,74.22,67.96,1.58,58.31,57.01,57.47,False
000139,Van,van,truck,3,0.0,66.9,27.2,24.78,12.32,19.46,18.68,18.89,False
000139,Car,car,car,0,0.0,26.1,48.08,46.55,0.0,45.89,44.72,45.12,True
000152,Car,car,car,0,0.35,177.2,6.91,4.66,1.83,4.17,3.9,3.96,False
000152,Car,car,car,0,0.0,25.5,41.41,39.59,2.67,37.12,34.49,35.58,False
000152,Car,car,car,0,0.26,218.1,6.79,4.78,1.57,4.31,4.17,4.21,False
000152,Car,car,car,1,0.0,58.5,20.37,18.23,2.37,15.72,14.86,15.3,False
000152,Car,car,car,0,0.0,24.3,46.87,44.8,1.25,40.03,38.57,39.14,False
000152,Car,car,car,2,0.0,72.9,16.76,14.57,1.33,12.87,12.29,12.5,False
000165,Car,car,car,0,0.0,44.5,24.12,22.43,0.0,21.54,20.76,20.98,True
000165,Van,van,car,3,0.01,227.2,9.08,6.73,2.42,5.87,5.47,5.61,False
000165,Van,van,bus,3,0.0,58.5,32.58,29.62,2.07,27.25,26.54,26.77,False
000165,Car,car,car,3,0.82,184.4,7.01,4.88,2.86,4.11,3.89,3.99,False
000165,Car,car,car,2,0.0,79.4,19.23,17.21,3.11,11.8,11.17,11.34,False
000165,Car,car,car,2,0.0,47.7,29.43,27.46,2.94,26.15,19.81,22.75,False
000167,Cyclist,cyclist,person,3,0.0,32.5,41.19,40.31,4.12,42.3,36.61,39.5,False
000167,Pedestrian,pedestrian,person,0,0.0,116.9,12.28,11.75,5.12,10.78,10.41,10.55,False
000167,Cyclist,cyclist,person,3,0.0,54.9,26.32,25.32,3.54,33.41,26.15,27.05,False
000168,Car,car,car,0,0.0,33.5,34.26,32.76,10.18,27.98,27.61,27.74,False
000168,Car,car,car,0,0.0,35.9,27.84,26.06,0.47,28.18,27.41,27.68,True
000168,Car,car,car,0,0.0,36.3,39.46,37.35,16.6,27.85,27.17,27.42,False
000168,Car,car,car,0,0.0,26.8,40.03,38.19,4.07,38.74,37.12,37.73,False
000177,Van,van,truck,0,0.0,88.8,23.11,20.25,2.44,19.48,19.16,19.23,False
000177,Pedestrian,pedestrian,person,0,0.0,71.3,19.36,18.86,7.77,18.46,18.05,18.24,False
000177,Pedestrian,pedestrian,person,0,0.0,83.1,17.19,16.82,8.38,14.7,14.59,14.62,False
000177,Person_sitting,pedestrian,person,0,0.0,51.2,20.35,19.92,6.07,20.21,19.94,20.01,False
000177,Car,car,car,1,0.0,30.8,36.72,35.14,8.5,32.45,31.14,31.45,False
000178,Car,car,car,0,0.0,64.5,19.07,16.95,2.22,15.81,15.44,15.54,False
000178,Car,car,car,1,0.0,50.1,26.49,25.08,9.68,19.34,18.74,18.97,False
000178,Car,car,car,0,0.0,25.2,46.6,44.77,0.0,41.83,39.85,40.42,True
000178,Car,car,car,0,0.93,183.0,4.55,2.66,2.05,2.78,2.28,2.46,False
000178,Car,car,car,0,0.0,51.8,29.46,27.58,15.19,15.47,14.76,15.01,False
000178,Car,car,car,1,0.0,173.6,8.99,6.96,2.18,6.25,5.9,6.0,False
000178,Car,car,car,1,0.0,30.9,37.33,35.3,2.57,31.43,29.56,30.42,False
000180,Car,car,car,1,0.0,23.1,52.32,51.08,7.44,45.12,41.38,43.54,False
000180,Car,car,car,0,0.0,16.3,63.79,61.63,3.98,60.69,55.24,57.34,False
000186,Truck,truck,truck,2,0.0,44.7,60.38,59.01,1.06,49.3,46.95,47.55,True
000186,Car,car,car,1,0.0,27.7,41.12,39.08,10.37,37.51,37.06,37.15,False
000186,Car,car,car,1,0.67,178.2,9.2,7.27,5.03,6.53,5.6,5.97,False
000186,Car,car,car,0,0.0,34.3,32.52,30.62,4.13,30.2,29.47,29.73,False
000186,Car,car,car,1,0.9,184.1,4.83,3.02,2.09,3.33,2.76,2.94,False
000186,Car,car,car,2,0.0,53.2,28.48,26.44,13.8,21.57,20.05,21.0,False
000186,Pedestrian,pedestrian,person,0,0.0,41.4,30.12,29.58,2.67,38.41,32.33,35.62,False
000186,Car,car,car,1,0.0,21.2,53.47,51.68,2.29,49.92,48.31,48.72,False
000186,Car,car,car,1,0.0,22.6,49.8,48.05,0.71,48.04,47.09,47.35,True
000201,Car,car,car,1,0.45,198.3,6.4,4.34,2.03,5.07,4.12,4.34,False
000201,Car,car,car,0,0.0,81.1,14.99,13.16,1.11,13.11,12.94,13.01,True
000201,Car,car,car,0,0.0,34.0,33.93,32.04,0.15,29.99,28.89,29.34,True
000201,Car,car,car,0,0.0,65.5,18.48,16.57,4.75,15.35,15.1,15.18,False
000201,Car,car,truck,1,0.0,61.7,21.91,19.89,0.0,20.3,19.48,19.86,True
000201,Car,car,car,1,0.0,25.6,43.86,42.09,2.37,35.51,35.04,35.16,False
000201,Cyclist,cyclist,person,0,0.0,62.9,20.92,19.9,3.75,24.53,21.24,22.62,False
000201,Cyclist,cyclist,person,0,0.0,72.7,18.99,18.04,4.24,18.77,18.46,18.51,False
000207,Car,car,car,1,0.0,44.0,34.21,32.1,15.94,23.61,22.88,22.96,False
000207,Car,car,car,0,0.0,47.0,30.64,28.52,13.01,22.83,21.7,22.03,False
000207,Car,car,car,0,0.0,24.4,51.7,49.58,13.17,44.87,42.98,43.54,False
000209,Pedestrian,pedestrian,person,0,0.0,177.0,8.09,7.64,2.08,6.27,6.16,6.21,False
000213,Car,car,car,0,0.0,92.8,13.62,11.42,1.8,11.01,10.67,10.75,False
000213,Car,car,car,1,0.0,30.9,43.75,41.5,2.3,34.52,33.31,33.76,False
000213,Car,car,car,2,0.0,111.1,13.32,11.63,4.63,9.58,8.51,9.3,False
000213,Car,car,car,1,0.0,66.3,18.15,16.67,3.67,13.48,9.89,13.41,False
000213,Car,car,car,0,0.71,179.1,9.17,7.33,4.48,5.41,5.02,5.15,False
000213,Car,car,car,0,0.92,169.8,4.67,2.99,2.06,3.64,3.17,3.31,False
000213,Car,car,car,1,0.0,44.9,24.29,22.16,2.14,22.24,19.55,20.59,False
000213,Car,car,car,3,0.29,131.8,11.25,9.52,4.65,7.28,6.97,7.07,False
000218,Car,car,car,0,0.0,70.6,19.12,17.17,5.25,15.0,14.44,14.58,False
000218,Car,car,car,1,0.0,26.8,41.43,39.6,5.53,35.15,32.39,33.55,False
000218,Car,car,car,0,0.0,179.0,8.19,6.14,2.2,5.45,5.23,5.28,False
000218,Car,car,car,1,0.0,84.7,14.01,12.36,2.03,11.65,11.08,11.48,False
000218,Car,car,car,1,0.0,26.0,44.52,42.59,1.97,41.15,37.43,38.72,False
000218,Car,car,car,2,0.0,22.6,46.95,44.85,5.48,39.95,37.71,38.46,False
000226,Car,car,car,0,0.0,26.6,41.83,39.64,1.79,35.47,34.71,34.96,False
000226,Car,car,car,0,0.8,157.0,5.08,3.25,1.91,3.7,3.19,3.43,False
000226,Van,van,car,2,0.0,39.6,38.75,37.65,3.77,40.24,35.62,37.19,False
000226,Truck,truck,truck,2,0.0,32.0,58.01,54.69,1.21,47.22,45.2,46.13,False
000226,Car,car,car,0,0.03,197.2,8.4,6.15,1.55,5.65,5.43,5.5,False
000226,Car,car,car,2,0.0,44.0,26.75,25.51,4.07,24.43,17.78,22.86,False
000226,Car,car,car,2,0.0,70.7,17.21,15.88,4.53,14.01,13.37,13.65,False
000226,Car,car,car,3,0.02,109.3,12.99,11.42,4.59,10.9,8.65,9.82,False
000228,Car,car,car,1,0.0,32.3,35.82,33.93,4.46,29.88,28.82,29.32,False
000228,Car,car,car,1,0.0,25.1,44.92,42.96,0.0,36.75,35.75,36.05,True
000228,Van,van,car,2,0.0,35.3,43.65,41.3,6.7,32.3,30.79,31.26,False
000228,Pedestrian,pedestrian,person,0,0.0,70.9,18.19,17.9,6.03,13.53,11.93,12.33,False
000228,Car,car,car,2,0.0,40.3,29.14,27.45,10.32,21.7,14.05,20.86,False
000236,Car,car,car,0,0.0,43.1,25.71,23.51,2.49,22.55,21.79,21.93,False
000236,Car,car,car,0,0.0,102.6,15.69,13.56,6.98,11.0,10.51,10.65,False
000236,Car,car,car,0,0.0,37.9,32.61,30.69,0.0,29.43,28.74,28.96,True
000236,Car,car,car,0,0.0,97.5,13.57,11.52,2.78,10.73,10.41,10.49,False
000236,Car,car,car,1,0.0,28.2,40.07,38.03,6.82,26.28,21.74,24.34,False
000236,Van,van,truck,1,0.0,36.2,57.93,54.91,3.55,49.58,47.79,48.16,False
000236,Car,car,car,2,0.0,57.3,21.8,19.73,6.7,17.24,16.88,16.99,False
000236,Car,car,car,3,0.36,79.5,19.56,17.59,11.32,13.01,12.37,12.66,False
000240,Car,car,car,0,0.0,38.1,29.37,27.14,0.04,24.9,24.08,24.33,True
000246,Van,van,truck,0,0.0,133.2,18.9,15.52,6.6,12.71,12.48,12.53,False
000246,Car,car,car,0,0.0,35.0,35.14,33.22,0.0,30.25,29.1,29.43,True
000246,Car,car,car,0,0.82,166.8,6.09,4.31,3.01,3.91,3.28,3.47,False
000246,Truck,truck,bus,1,0.0,54.6,62.09,53.83,3.7,38.31,35.57,37.09,False
000251,Pedestrian,pedestrian,person,0,0.0,139.2,9.83,9.27,3.61,8.87,8.65,8.74,False
000251,Pedestrian,pedestrian,person,0,0.02,175.2,7.09,6.59,1.97,6.32,6.26,6.28,False
000258,Car,car,car,0,0.0,25.4,46.89,45.0,4.16,44.58,42.35,43.18,False
000258,Car,car,car,0,0.0,47.4,26.7,24.72,3.45,24.18,23.3,23.51,False
000258,Car,car,car,0,0.0,73.2,19.16,17.16,5.37,16.05,15.39,15.54,False
000258,Car,car,car,1,0.0,68.0,23.46,21.31,4.66,20.78,19.6,20.1,False
000265,Cyclist,cyclist,person,3,0.0,30.4,40.17,39.37,6.08,45.15,36.49,40.25,False
000265,Pedestrian,pedestrian,person,0,0.0,42.8,30.19,29.71,7.77,24.26,23.65,23.82,False
000265,Pedestrian,pedestrian,person,2,0.0,42.8,30.0,29.58,6.93,25.24,24.41,24.83,False
000265,Cyclist,cyclist,person,3,0.0,56.9,24.32,23.42,4.96,20.22,19.43,19.57,False
000270,Car,car,car,1,0.0,40.6,29.75,27.59,8.29,24.23,22.94,23.18,False
000270,Car,car,car,0,0.0,26.5,47.13,45.31,0.0,50.27,49.07,49.27,True
000270,Car,car,car,1,0.0,24.7,52.57,50.56,9.43,48.98,44.87,46.39,False
000272,Car,car,car,0,0.0,26.6,43.01,41.01,0.0,38.3,36.62,37.18,True
000275,Pedestrian,pedestrian,person,0,0.0,48.3,25.35,24.82,3.57,25.57,21.21,22.09,False
000275,Car,car,car,1,0.17,95.3,17.43,15.12,9.01,12.34,11.46,11.74,False
000275,Car,car,car,0,0.42,200.0,7.48,5.45,2.59,4.25,3.88,4.02,False
000275,Car,car,car,0,0.0,100.6,13.14,11.29,0.0,10.62,10.41,10.47,True
000275,Van,van,car,1,0.0,22.9,67.42,64.56,5.37,56.43,50.79,54.35,False
000275,Car,car,car,2,0.0,151.7,10.25,8.06,2.27,7.68,7.33,7.47,False
000288,Pedestrian,pedestrian,person,0,0.0,151.2,8.92,8.32,1.36,7.59,7.51,7.54,False
000290,Pedestrian,pedestrian,person,0,0.0,208.6,6.51,5.94,0.59,5.61,5.53,5.57,True
000292,Car,car,car,0,0.0,64.9,19.66,18.06,0.0,16.44,16.23,16.3,True
000292,Pedestrian,pedestrian,person,0,0.0,30.1,40.19,39.69,9.77,37.45,36.9,37.09,False
000294,Pedestrian,pedestrian,person,0,0.0,183.6,8.72,8.2,4.14,6.2,6.02,6.08,False
000298,Pedestrian,pedestrian,person,0,0.0,162.4,9.72,9.33,3.12,7.6,7.51,7.54,False
000309,Car,car,car,1,0.0,120.8,14.01,11.42,3.19,9.61,9.19,9.35,False
000309,Car,car,car,1,0.01,196.8,8.45,6.25,2.85,5.16,4.83,4.9,False
000309,Car,car,car,2,0.0,53.7,24.73,22.67,5.24,20.0,17.28,18.06,False
000312,Truck,truck,truck,0,0.0,62.7,41.33,37.68,2.55,31.42,30.78,30.99,False
000312,Car,car,car,0,0.0,122.0,11.17,9.23,3.03,8.52,7.87,8.0,False
000312,Car,car,car,1,0.0,35.6,32.33,30.71,0.02,28.41,28.1,28.18,True
000312,Car,car,car,1,0.0,84.8,17.09,15.0,3.08,14.04,13.15,13.52,False
000313,Car,car,car,1,0.0,43.5,25.75,24.15,6.39,20.79,20.21,20.41,False
000316,Car,car,car,0,0.37,188.7,6.56,4.59,2.14,3.98,3.58,3.65,False
000316,Car,car,car,0,0.0,54.7,21.45,19.56,2.32,18.69,18.05,18.21,False
000316,Car,car,car,0,0.0,23.1,50.53,48.7,0.0,42.68,41.02,41.47,True
000316,Car,car,car,1,0.0,26.3,45.52,44.37,10.61,30.98,28.26,29.43,False
000316,Car,car,car,1,0.0,141.9,10.73,8.63,1.82,8.08,7.68,7.8,False
000316,Car,car,car,1,0.0,49.8,24.07,22.09,1.66,20.92,18.8,20.42,False
000316,Car,car,car,2,0.0,42.3,29.14,27.21,1.61,30.93,23.15,25.45,False
000316,Car,car,car,2,0.0,95.3,14.53,13.08,1.82,14.57,13.04,13.69,False
000316,Car,car,car,2,0.0,29.1,39.32,37.25,1.47,35.68,32.34,33.34,False
000318,Car,car,car,0,0.27,218.3,7.49,5.22,2.2,4.38,3.69,3.83,False
000318,Car,car,car,1,0.0,28.8,40.02,38.13,0.87,34.49,31.48,32.36,True
000318,Car,car,car,0,0.0,43.1,28.5,26.34,0.46,23.29,22.41,22.68,True
000318,Car,car,car,1,0.0,35.8,34.66,32.73,0.0,28.12,25.85,27.06,True
000318,Car,car,car,1,0.0,124.6,13.15,10.89,2.02,10.48,9.79,9.97,False
000322,Car,car,car,0,0.0,19.4,56.89,54.77,1.99,50.35,49.06,49.34,False
000322,Car,car,car,0,0.87,174.2,5.92,3.75,2.74,3.73,2.99,3.24,False
000327,Pedestrian,pedestrian,person,0,0.0,158.4,9.06,8.66,2.13,7.68,7.41,7.53,False
000331,Car,car,car,0,0.13,113.5,12.66,11.14,5.22,8.97,8.88,8.91,False
000331,Car,car,car,0,0.0,49.0,23.52,22.36,5.25,21.44,21.0,21.17,False
000331,Cyclist,cyclist,person,0,0.0,50.7,25.54,24.47,0.0,28.21,27.43,27.71,True
000332,Car,car,car,0,0.0,37.5,32.4,30.26,0.22,25.52,24.91,25.07,True
000332,Pedestrian,pedestrian,person,1,0.0,109.2,11.91,11.4,1.76,10.2,9.94,10.07,False
000332,Pedestrian,pedestrian,person,0,0.0,120.1,11.7,11.22,2.71,9.67,9.58,9.61,False
000332,Pedestrian,pedestrian,person,0,0.0,144.3,9.54,9.0,1.67,7.59,7.41,7.48,False
000332,Pedestrian,pedestrian,person,0,0.0,121.5,11.52,11.06,3.89,9.81,9.56,9.66,False
000332,Pedestrian,pedestrian,person,1,0.0,97.6,13.28,12.77,1.52,10.69,10.45,10.55,False
000332,Pedestrian,pedestrian,person,2,0.0,95.8,14.47,13.93,3.2,12.07,10.04,11.29,False
000332,Pedestrian,pedestrian,person,1,0.0,115.4,12.3,11.83,4.12,9.4,9.28,9.33,False
000333,Car,car,car,0,0.0,37.4,29.22,27.29,0.54,25.97,25.34,25.55,True
000333,Car,car,car,0,0.96,167.4,4.61,2.74,2.25,3.61,3.17,3.29,False
000333,Car,car,car,1,0.54,88.1,19.64,17.27,11.46,15.76,14.92,15.13,False
000337,Pedestrian,pedestrian,person,0,0.0,142.4,9.64,9.25,3.01,7.4,7.23,7.32,False
000344,Car,car,car,0,0.0,74.8,19.0,17.11,5.42,15.2,14.56,14.71,False
000344,Car,car,car,0,0.0,23.6,48.69,46.42,5.27,41.66,39.31,39.92,False
000344,Car,car,car,0,0.05,44.5,30.86,28.74,18.15,21.0,19.93,20.33,False
000344,Car,car,car,0,0.0,52.5,23.97,22.37,0.0,21.26,20.84,20.97,True
000345,Truck,truck,bus,0,0.0,141.3,29.2,20.9,2.51,19.65,19.46,19.53,False
000345,Car,car,car,0,0.0,48.0,26.13,24.21,0.0,25.17,24.47,24.74,True
000345,Car,car,car,1,0.0,39.8,28.7,26.66,7.36,15.08,11.65,12.02,False
000346,Car,car,car,0,0.0,39.5,28.74,26.93,4.64,23.5,22.92,23.1,False
000346,Car,car,car,0,0.0,26.6,40.36,38.53,0.88,35.68,33.87,34.27,True
000346,Van,van,car,2,0.0,62.9,24.47,23.17,4.27,21.7,20.26,20.98,False
000346,Car,car,car,0,0.73,192.3,9.7,7.84,4.83,5.35,5.03,5.11,False
000346,Car,car,car,0,0.99,189.6,4.06,2.33,2.04,2.38,2.02,2.15,False
000346,Car,car,car,2,0.0,94.8,13.65,12.22,4.81,7.66,7.45,7.49,False
000346,Car,car,car,2,0.0,62.7,20.36,19.12,5.3,14.46,13.16,13.57,False
000358,Car,car,car,0,0.0,26.3,49.32,47.22,17.65,40.83,39.38,39.91,False
000358,Truck,truck,train,0,0.0,67.4,43.46,37.95,0.32,39.4,38.75,39.0,True
000358,Car,car,car,1,0.0,21.2,54.47,52.2,17.54,44.97,41.92,43.16,False
000358,Car,car,car,1,0.0,18.9,61.49,59.18,17.11,53.36,48.31,50.35,False
000363,Car,car,car,0,0.0,38.6,32.06,29.92,3.01,30.32,29.55,29.77,False
000363,Car,car,car,0,0.0,44.4,28.89,26.64,0.0,29.26,28.6,28.84,True
000363,Car,car,car,0,0.0,21.7,53.2,51.27,2.96,58.86,54.1,55.79,False
000364,Person_sitting,pedestrian,person,1,0.65,144.5,8.82,8.26,5.48,6.23,6.03,6.11,False
000364,Pedestrian,pedestrian,person,0,0.0,64.8,17.8,17.5,2.87,16.84,16.57,16.72,False
000365,Pedestrian,pedestrian,person,0,0.0,171.6,7.47,7.13,1.17,6.4,6.29,6.33,True
000368,Pedestrian,pedestrian,person,1,0.0,160.9,8.94,8.48,3.8,7.18,7.03,7.05,False
000370,Car,car,car,0,0.0,69.4,17.08,15.65,1.32,15.19,14.9,14.98,False
000370,Car,car,car,0,0.0,19.1,66.73,64.58,13.54,53.71,50.38,51.11,False
000370,Car,car,car,2,0.0,78.2,19.21,17.92,7.02,14.45,14.23,14.37,False
000370,Car,car,car,3,0.58,126.2,11.53,9.94,5.64,7.04,6.8,6.84,False
000370,Car,car,car,2,0.0,53.2,24.31,22.89,7.44,17.28,15.9,16.45,False
000370,Car,car,car,1,0.0,43.2,27.47,26.36,0.27,26.47,25.41,25.6,True
000370,Car,car,car,3,0.23,110.2,13.68,12.2,6.17,9.16,8.32,8.79,False
000370,Car,car,car,1,0.0,42.8,29.1,28.03,7.83,24.35,23.25,23.82,False
000374,Car,car,car,0,0.0,54.8,23.04,21.44,0.0,21.67,21.45,21.55,True
000374,Car,car,car,1,0.0,19.9,54.28,52.55,2.5,56.11,52.52,53.55,False
000374,Car,car,car,1,0.0,17.1,65.1,62.9,18.1,63.58,58.28,60.07,False
000378,Car,car,car,0,0.0,66.3,19.28,18.25,0.23,17.22,16.97,17.06,True
000378,Car,car,car,2,0.0,52.3,23.56,21.51,3.55,20.04,19.42,19.57,False
000383,Pedestrian,pedestrian,person,0,0.0,123.2,11.19,10.8,1.96,9.78,9.49,9.68,False
000383,Car,car,car,0,0.82,176.0,5.58,3.57,2.32,3.39,2.76,2.94,False
000383,Pedestrian,pedestrian,person,0,0.0,147.0,9.2,8.8,1.28,8.61,8.36,8.49,False
000383,Cyclist,cyclist,bicycle,2,0.0,111.3,11.61,11.21,1.08,11.11,9.6,10.58,True
000383,Car,car,car,3,0.89,44.3,28.46,26.5,17.85,18.7,18.34,18.48,False
000385,Car,car,car,0,0.0,58.0,21.13,19.08,1.82,18.93,18.42,18.58,False
000385,Car,car,car,0,0.0,48.5,25.14,22.87,1.74,22.97,22.6,22.69,False
000385,Car,car,car,0,0.0,180.6,8.35,6.39,1.91,5.74,5.45,5.53,False
000385,Car,car,car,1,0.0,30.8,40.74,38.92,2.21,36.36,32.69,33.95,False
000385,Car,car,car,1,0.0,27.7,40.36,38.69,1.51,34.14,31.05,33.14,False
000388,Truck,truck,bus,0,0.0,29.5,76.74,70.57,1.81,53.88,53.37,53.55,False
000388,Car,car,car,0,0.0,19.7,63.53,61.96,5.31,52.13,51.27,51.5,False
000395,Van,van,truck,0,0.0,53.3,35.0,31.88,1.44,25.57,25.2,25.33,False
000395,Car,car,car,2,0.0,54.0,25.77,24.43,3.94,19.61,18.61,19.07,False
000395,Car,car,car,0,0.1,173.7,7.89,6.03,2.15,5.36,4.99,5.09,False
000395,Van,van,car,3,0.53,194.9,9.23,7.65,4.3,5.39,5.2,5.22,False
000395,Car,car,car,1,0.0,108.6,13.53,12.23,4.61,9.85,9.59,9.67,False
000395,Van,van,car,2,0.0,29.0,74.01,72.83,4.65,44.12,28.99,40.74,False
000395,Car,car,car,2,0.0,80.4,22.24,20.9,4.83,13.59,12.34,12.61,False
000395,Car,car,car,2,0.0,72.8,18.22,17.13,4.45,13.93,12.65,13.37,False
000395,Car,car,car,1,0.0,36.5,31.49,30.31,4.8,23.77,23.15,23.48,False
000395,Van,van,truck,2,0.0,38.2,52.42,49.06,1.17,37.38,31.89,35.23,True
000407,Pedestrian,pedestrian,person,0,0.0,153.1,9.13,8.67,3.24,6.77,6.62,6.66,False
000408,Car,car,car,0,0.0,63.1,21.89,19.74,2.12,18.76,18.28,18.38,False
000408,Car,car,car,0,0.0,141.8,9.68,8.31,1.55,7.99,7.72,7.79,False
000408,Car,car,car,0,0.0,24.3,46.59,44.68,1.69,40.76,39.34,39.86,False
000408,Cyclist,cyclist,person,3,0.0,54.2,24.81,24.2,0.3,32.54,26.28,27.54,True
000408,Car,car,car,1,0.0,80.9,17.02,15.43,4.98,13.48,10.55,13.34,False
000408,Car,car,car,1,0.0,80.6,14.42,12.75,1.54,12.4,11.41,11.92,False
000408,Car,car,car,1,0.0,37.0,29.64,27.69,1.89,25.76,23.58,24.86,False
000429,Car,car,car,0,0.0,136.2,11.16,9.1,3.89,8.36,7.65,7.79,False
000429,Car,car,car,0,0.0,30.0,37.17,35.48,3.18,33.41,32.29,32.62,False
000429,Car,car,car,1,0.75,180.2,6.36,4.41,2.9,4.13,3.42,3.65,False
000429,Car,car,car,1,0.0,121.8,11.39,9.46,2.91,9.06,8.56,8.69,False
000429,Car,car,car,1,0.0,77.2,16.38,14.34,3.77,13.96,13.36,13.51,False
000429,Car,car,car,2,0.0,78.7,16.37,14.17,2.82,14.11,13.19,13.58,False
000429,Car,car,car,2,0.0,44.5,26.8,24.97,3.25,24.95,20.3,21.91,False
000429,Car,car,car,2,0.0,54.3,21.61,19.3,3.64,19.48,17.9,18.43,False
000429,Car,car,car,2,0.0,57.1,21.33,19.48,2.91,19.72,16.73,18.71,False
000429,Car,car,car,2,0.0,36.2,32.28,30.3,3.44,25.44,21.75,22.57,False
000430,Car,car,car,3,0.13,130.9,13.0,11.04,6.11,9.17,8.57,8.71,False
000430,Car,car,car,1,0.0,33.4,39.03,37.23,16.06,31.22,26.25,29.78,False
000430,Van,van,truck,3,0.0,54.5,41.96,39.69,21.58,26.02,25.6,25.78,False
000430,Car,car,car,1,0.0,75.9,19.52,17.76,8.45,15.16,14.55,14.71,False
000441,Car,car,car,0,0.57,131.3,12.96,11.15,6.48,8.06,7.87,7.94,False
000441,Car,car,car,0,0.0,31.9,37.7,36.04,6.68,31.27,29.4,29.96,False
000441,Car,car,car,2,0.0,46.2,26.5,25.6,6.39,20.0,19.31,19.58,False
000441,Car,car,car,2,0.0,83.5,19.22,18.19,6.87,12.36,12.08,12.21,False
000454,Car,car,car,1,0.0,33.0,35.4,34.47,11.91,23.94,17.73,21.01,False
000454,Truck,truck,truck,0,0.0,29.8,75.99,69.82,0.0,55.68,55.28,55.45,True
000454,Car,car,car,1,0.0,24.8,50.16,47.64,19.88,40.55,35.66,37.84,False
000466,Car,car,car,1,0.0,34.8,38.88,36.65,17.87,26.17,21.73,23.38,False
000473,Car,car,car,0,0.0,27.8,41.31,39.31,0.0,34.73,33.7,34.02,True
000475,Car,car,car,1,0.0,89.2,15.59,13.41,4.67,11.95,11.26,11.36,False
000475,Car,car,car,0,0.0,147.3,9.66,7.69,2.49,7.39,6.82,6.91,False
000475,Car,car,car,1,0.0,51.1,23.53,21.64,2.15,19.32,18.52,18.87,False
000475,Car,car,car,0,0.92,154.5,7.91,6.19,4.94,5.84,5.39,5.58,False
000475,Car,car,car,1,0.0,41.2,29.98,28.05,4.85,25.31,24.01,24.3,False
000475,Car,car,car,1,0.0,83.4,15.15,13.05,2.32,12.45,11.8,11.95,False
000475,Car,car,car,2,0.0,41.0,29.09,27.3,2.23,28.93,24.4,25.93,False
000476,Car,car,car,0,0.0,35.6,32.77,30.76,1.64,27.37,26.84,26.98,False
000484,Car,car,car,0,0.45,213.6,6.25,4.21,1.92,3.76,3.49,3.57,False
000484,Car,car,car,0,0.0,22.3,52.48,50.64,0.0,45.04,43.15,43.84,True
000484,Car,car,car,0,0.0,67.9,17.4,15.53,1.91,14.22,14.03,14.09,False
000484,Car,car,car,2,0.0,53.7,22.43,20.44,2.03,18.02,15.95,16.65,False
000484,Car,car,car,2,0.0,35.3,32.6,30.69,2.28,25.75,19.63,21.89,False
000484,Car,car,car,2,0.0,34.0,37.2,35.19,1.98,32.18,29.76,30.64,False
000492,Car,car,car,0,0.0,61.4,21.8,19.58,2.46,17.43,17.13,17.23,False
000492,Car,car,car,0,0.17,196.7,7.69,5.56,2.37,4.74,4.49,4.53,False
000492,Car,car,car,0,0.0,51.2,24.64,22.72,0.0,22.7,21.83,22.1,True
000492,Car,car,car,0,0.0,34.6,33.53,31.53,7.51,28.61,26.94,27.51,False
000492,Car,car,car,1,0.0,27.9,42.98,40.85,11.91,26.61,24.49,25.74,False
000492,Car,car,car,1,0.0,22.1,47.64,45.48,3.57,44.19,39.99,41.78,False
000492,Car,car,car,1,0.0,32.9,34.93,32.94,3.33,28.87,19.98,21.78,False
000492,Car,car,car,1,0.8,141.5,11.12,9.18,6.79,8.2,7.69,7.9,False
000493,Car,car,car,0,0.0,42.7,26.96,24.77,0.0,21.22,20.79,20.91,True
000493,Car,car,truck,1,0.18,189.7,7.73,5.88,2.13,4.88,4.55,4.66,False
000493,Car,car,car,0,0.0,25.4,43.87,41.58,0.71,33.11,31.94,32.23,True
000493,Car,car,car,0,0.0,34.0,37.14,35.17,5.96,27.64,26.89,27.11,False
000500,Car,car,car,0,0.0,29.0,37.33,35.42,5.72,32.22,30.59,31.05,False
000500,Car,car,car,0,0.0,192.8,8.98,6.86,2.2,6.0,5.62,5.76,False
000500,Car,car,car,0,0.87,187.0,6.25,4.16,2.24,3.32,3.1,3.18,False
000500,Car,car,car,0,0.0,41.7,29.11,27.26,0.0,24.76,24.41,24.51,True
000500,Car,car,car,2,0.0,88.4,15.78,13.69,2.33,13.46,12.58,13.12,False
000500,Car,car,car,2,0.0,26.7,40.05,37.97,2.2,32.79,22.0,31.8,False
000500,Car,car,car,1,0.0,14.6,70.82,68.79,6.4,65.71,57.11,61.12,False
000502,Car,car,car,0,0.0,94.7,13.85,12.01,0.0,11.11,10.85,10.92,True
000502,Car,car,car,0,0.0,177.6,9.06,6.98,2.58,6.17,5.72,5.85,False
000502,Car,car,car,0,0.74,103.5,14.47,12.48,8.8,10.81,10.21,10.44,False
000502,Pedestrian,pedestrian,person,1,0.0,45.2,26.9,26.37,3.02,25.6,23.18,23.69,False
000502,Van,van,car,1,0.0,20.9,73.37,70.5,5.56,56.71,53.79,54.75,False
000502,Car,car,car,1,0.0,83.3,18.98,16.66,9.04,14.27,13.34,13.66,False
000502,Car,car,car,2,0.0,120.0,12.01,9.83,2.24,9.45,9.07,9.19,False
000502,Car,car,car,0,0.96,210.0,6.03,4.25,2.65,3.75,3.69,3.73,False
000509,Pedestrian,pedestrian,person,0,0.0,146.2,9.6,9.12,3.16,7.29,7.17,7.21,False
000510,Car,car,car,0,0.0,76.7,17.23,15.22,0.72,13.48,13.32,13.37,True
000510,Car,car,car,0,0.17,142.0,11.03,9.17,4.34,7.26,7.09,7.15,False
000510,Car,car,car,1,0.0,45.9,32.94,30.67,9.36,25.43,22.92,24.04,False
000510,Car,car,car,0,0.0,91.3,16.22,14.05,5.83,11.76,11.41,11.5,False
000510,Car,car,car,2,0.0,36.8,30.92,29.25,4.08,23.24,18.68,22.11,False
000510,Car,car,car,2,0.0,58.5,22.54,20.17,7.13,17.45,15.28,16.28,False
000511,Car,car,car,0,0.0,33.5,40.32,38.44,21.79,29.11,26.39,27.4,False
000511,Car,car,car,0,0.26,41.5,36.02,34.15,21.76,24.09,22.21,23.15,False
000511,Truck,truck,truck,0,0.0,76.5,38.88,33.46,0.0,35.69,35.16,35.28,True
000511,Car,car,car,1,0.0,27.0,49.88,48.05,22.39,37.21,34.55,35.53,False
000511,Car,car,car,1,0.0,28.1,44.75,42.65,22.17,32.93,30.75,31.5,False
000511,Car,car,car,1,0.0,22.2,54.24,52.42,22.61,41.3,37.93,39.25,False
000515,Car,car,car,0,0.0,87.7,17.46,15.32,7.03,12.37,11.94,12.05,False
000515,Car,car,car,0,0.0,86.4,14.94,12.9,2.81,11.59,11.38,11.44,False
000515,Car,car,car,0,0.0,40.7,27.09,24.9,2.55,22.29,21.51,21.69,False
000515,Car,car,car,0,0.0,38.5,32.14,30.22,0.0,26.98,26.37,26.53,True
000515,Car,car,car,0,0.73,116.1,12.7,10.76,7.62,9.26,8.64,8.89,False
000515,Car,car,car,2,0.0,51.7,23.67,21.6,6.72,18.82,18.43,18.58,False
000515,Car,car,car,2,0.0,26.9,41.76,39.72,6.91,24.36,16.19,20.8,False
000515,Van,van,truck,1,0.0,35.4,59.3,56.27,3.68,51.05,48.11,49.25,False
000515,Car,car,car,3,0.0,69.7,21.16,19.17,11.37,14.22,11.98,13.15,False
000521,Car,car,car,1,0.0,59.7,21.53,19.48,8.77,17.05,15.89,16.2,False
000521,Car,car,car,0,0.0,27.1,46.19,44.36,0.0,51.76,49.25,50.13,True
000521,Car,car,car,1,0.0,19.0,60.18,57.9,9.51,61.41,55.07,56.91,False
000521,Car,car,car,2,0.0,45.1,31.16,29.11,11.3,27.52,23.92,26.36,False
000523,Car,car,car,1,0.0,44.5,26.94,25.62,6.08,23.28,22.41,22.72,False
000530,Pedestrian,pedestrian,person,0,0.0,87.8,15.32,14.8,3.9,14.66,14.47,14.55,False
000530,Car,car,car,0,0.0,45.0,32.59,30.34,1.09,28.83,28.4,28.58,True
000530,Pedestrian,pedestrian,person,1,0.0,87.5,15.57,15.06,3.53,15.2,14.76,14.95,False
000537,Car,car,car,0,0.0,26.0,49.73,47.47,14.44,49.02,45.13,46.81,False
000537,Car,car,car,0,0.0,22.4,68.72,66.12,16.69,62.21,59.2,60.33,False
000537,Truck,truck,truck,0,0.0,71.0,41.48,36.06,0.0,36.12,35.34,35.62,True
000539,Car,car,car,0,0.0,38.6,37.33,35.07,20.23,26.36,24.41,25.06,False
000539,Car,car,car,1,0.0,31.9,41.9,39.98,20.34,31.51,30.15,30.82,False
000539,Truck,truck,truck,0,0.0,74.2,39.97,34.56,0.38,35.4,34.93,35.1,True
000539,Car,car,car,1,0.0,26.3,46.71,44.83,20.24,35.14,32.7,33.49,False
000539,Car,car,car,1,0.0,18.8,61.0,59.18,20.42,50.21,45.42,47.57,False
000539,Car,car,car,0,0.78,44.8,31.25,29.09,19.88,20.73,20.0,20.26,False
000539,Car,car,car,0,0.0,22.9,51.2,49.08,20.24,39.18,36.29,37.41,False
000539,Car,car,car,1,0.0,22.6,56.45,54.62,20.25,44.17,40.93,42.25,False
000543,Van,van,truck,3,0.0,46.0,45.55,42.68,0.87,40.82,40.2,40.39,True
000543,Car,car,car,0,0.0,67.5,18.09,15.7,3.81,14.89,14.44,14.57,False
000543,Car,car,car,0,0.64,127.2,12.45,11.33,5.89,8.32,8.11,8.2,False
000544,Car,car,car,1,0.0,35.8,31.7,30.57,6.6,29.98,26.42,26.99,False
000544,Car,car,car,2,0.0,33.4,36.97,35.87,6.73,31.96,28.08,30.26,False
000545,Car,car,car,0,0.11,79.4,19.0,17.95,8.76,13.33,12.82,13.02,False
000545,Van,van,truck,3,0.0,51.9,37.53,34.78,0.0,30.44,29.57,29.8,True
000545,Van,van,bus,3,0.0,28.9,62.36,60.1,6.3,47.73,45.56,46.17,False
000545,Car,car,car,1,0.0,35.7,32.1,30.07,3.18,28.2,27.41,27.69,False
000557,Car,car,car,0,0.0,94.9,12.84,11.04,1.95,10.66,10.42,10.47,False
000557,Van,van,car,1,0.0,89.8,17.82,15.5,5.43,13.95,13.3,13.48,False
000557,Car,car,car,0,0.0,45.8,26.67,24.78,1.19,24.52,24.17,24.28,True
000557,Car,car,car,0,0.0,51.1,23.83,21.64,0.0,20.7,20.42,20.51,True
000557,Car,car,car,1,0.0,27.2,40.37,38.19,4.52,29.18,26.54,27.92,False
000557,Car,car,car,0,0.97,172.3,4.05,2.09,1.76,2.34,1.97,2.08,False
000565,Car,car,car,0,0.0,22.3,49.79,47.66,2.01,45.26,43.52,44.06,False
000573,Car,car,car,1,0.0,79.6,16.7,15.23,6.75,12.11,12.0,12.03,False
000573,Car,car,car,2,0.0,28.8,44.95,43.75,6.81,35.3,33.18,34.32,False
000573,Car,car,car,1,0.0,62.0,21.54,20.22,6.8,17.56,17.35,17.43,False
000573,Car,car,car,2,0.0,36.9,32.31,31.13,6.56,23.19,21.81,22.57,False
000576,Car,car,car,0,0.0,54.8,29.0,26.87,10.94,22.91,21.73,22.17,False
000576,Van,van,truck,1,0.0,49.9,51.14,47.71,22.56,31.38,30.39,30.65,False
000576,Car,car,car,0,0.0,27.3,42.34,40.38,7.82,39.26,37.65,38.11,False
000577,Car,car,car,0,0.0,31.1,38.03,35.89,0.48,33.54,31.97,32.47,True
000577,Car,car,car,0,0.0,124.1,11.36,9.4,1.58,9.63,9.03,9.16,False
000577,Car,car,car,1,0.0,95.6,16.7,14.49,0.98,14.66,14.1,14.28,True
000577,Car,car,car,1,0.0,64.8,22.6,20.38,0.0,20.03,19.25,19.6,True
000580,Car,car,car,1,0.0,28.5,37.43,36.02,6.14,31.75,28.8,30.08,False
000589,Van,van,bus,1,0.0,38.0,48.52,45.49,8.42,43.23,40.4,41.67,False
000589,Car,car,car,1,0.0,106.5,16.02,13.85,7.67,11.63,10.17,10.49,False
000589,Van,van,car,2,0.0,66.9,28.08,25.81,11.05,21.35,18.32,20.18,False
000589,Car,car,car,0,0.0,25.8,48.37,46.55,0.0,42.35,41.04,41.46,True
000592,Car,car,car,2,0.0,68.8,20.9,18.74,0.0,19.24,13.3,14.07,True
000592,Car,car,car,0,0.0,85.0,15.1,13.26,0.0,12.58,12.45,12.49,True
000592,Car,car,car,0,0.0,93.4,14.47,12.63,2.05,11.95,11.73,11.79,False
000592,Car,car,car,1,0.0,23.9,53.58,52.37,21.44,30.31,25.32,27.9,False
000592,Car,car,car,1,0.0,23.2,52.45,51.52,14.3,44.5,38.06,41.22,False
000592,Car,car,car,1,0.0,61.3,20.26,18.13,1.62,17.48,16.58,16.89,False
000592,Car,car,car,1,0.0,46.4,26.01,23.88,1.29,24.37,22.91,23.53,False
000599,Car,car,car,0,0.0,25.5,46.03,44.2,0.0,44.1,42.23,42.74,True
000599,Car,car,car,0,0.0,73.9,16.97,14.83,2.21,14.93,14.61,14.73,False
000599,Car,car,car,1,0.34,56.8,27.77,25.83,15.22,16.39,13.68,14.96,False
000599,Car,car,car,1,0.24,198.6,6.95,4.92,2.16,4.45,4.06,4.17,False
000599,Car,car,car,1,0.0,55.4,24.58,23.08,9.72,18.56,18.17,18.25,False
000599,Car,car,car,1,0.0,32.9,35.19,33.16,2.49,31.25,29.91,30.6,False
000599,Car,car,car,2,0.0,57.2,21.66,19.78,2.43,20.53,16.96,18.11,False
000604,Truck,truck,bus,0,1.0,369.0,5.49,1.94,1.9,4.33,3.91,4.06,False
000604,Pedestrian,pedestrian,person,0,0.0,184.6,7.71,7.1,0.0,6.26,6.21,6.23,True
000606,Car,car,car,1,0.0,22.5,46.75,45.41,5.82,40.34,36.87,37.9,False
000617,Car,car,car,1,0.0,44.5,24.93,22.82,0.0,20.23,19.98,20.06,True
000617,Car,car,car,0,0.0,106.5,12.81,10.93,0.0,10.69,10.4,10.49,True
000617,Car,car,car,0,0.0,19.8,62.92,60.61,26.35,39.09,36.23,37.26,False
000625,Pedestrian,pedestrian,person,0,0.0,60.8,20.94,20.55,1.28,19.05,18.75,18.86,False
000625,Pedestrian,pedestrian,person,0,0.0,60.6,19.92,19.36,2.27,19.35,18.83,19.03,False
000625,Pedestrian,pedestrian,person,2,0.0,56.6,19.62,19.23,2.83,18.78,18.35,18.45,False
000625,Pedestrian,pedestrian,person,0,0.0,192.5,7.34,6.8,2.17,6.04,5.97,6.01,False
000625,Van,van,bus,3,0.97,369.0,4.86,2.08,1.32,3.69,1.79,2.43,False
000625,Pedestrian,pedestrian,person,1,0.0,116.7,11.31,10.8,2.22,10.12,9.91,9.98,False
000625,Pedestrian,pedestrian,person,1,0.0,121.5,12.64,12.3,4.57,9.1,7.64,8.11,False
000625,Pedestrian,pedestrian,person,1,0.0,68.1,19.85,19.21,4.69,12.36,10.72,11.34,False
000625,Pedestrian,pedestrian,person,1,0.0,113.0,11.47,11.0,2.62,10.09,9.86,9.92,False
000626,Car,car,car,0,0.0,37.9,27.81,25.71,0.0,22.62,22.13,22.24,True
000626,Van,van,truck,1,0.0,93.9,23.57,20.28,3.18,18.33,17.31,17.7,False
000626,Car,car,car,0,0.0,94.6,13.66,11.35,2.97,9.76,9.59,9.63,False
000626,Car,car,car,1,0.0,29.6,37.06,34.94,0.0,26.93,24.96,25.71,True
000631,Car,car,car,0,0.0,30.1,36.05,34.37,2.22,33.49,32.38,32.69,False
000631,Car,car,car,0,0.0,106.7,11.76,9.95,2.3,9.82,9.47,9.56,False
000631,Car,car,car,1,0.0,33.5,33.59,31.83,6.25,31.8,27.73,29.85,False
000631,Car,car,car,1,0.0,58.8,21.22,19.1,6.49,17.49,16.8,17.29,False
000638,Car,car,car,0,0.0,109.7,12.2,10.36,0.0,9.97,9.72,9.79,True
000638,Car,car,car,0,0.65,215.1,6.67,4.56,2.23,3.77,3.46,3.59,False
000638,Van,van,car,1,0.0,29.1,53.71,50.83,5.44,48.13,44.59,45.86,False
000638,Pedestrian,pedestrian,person,0,0.0,55.3,22.5,21.97,4.77,20.05,19.42,19.55,False
000638,Car,car,car,1,0.92,100.7,14.44,12.22,9.13,11.35,11.07,11.18,False
000638,Car,car,car,2,0.0,145.9,9.9,7.85,2.72,7.07,6.7,6.82,False
000643,Car,car,car,0,0.0,43.4,29.69,27.23,9.18,24.46,22.97,23.31,False
000643,Car,car,car,0,0.0,73.3,17.48,15.63,0.0,14.93,14.75,14.79,True
000643,Car,car,car,0,0.0,74.3,17.76,15.65,2.95,15.1,14.53,14.68,False
000643,Car,car,car,1,0.0,44.0,30.12,28.39,13.62,24.0,23.2,23.38,False
000643,Car,car,car,1,0.0,45.4,27.91,25.72,5.62,24.56,23.08,23.47,False
000643,Car,car,car,1,0.0,27.5,44.86,42.85,3.71,41.41,39.96,40.52,False
000643,Car,car,car,0,0.0,20.0,60.92,58.83,1.62,60.94,55.35,57.37,False
000643,Car,car,car,0,0.76,90.6,15.54,13.55,9.63,10.86,10.3,10.5,False
000643,Car,car,car,2,0.0,41.4,35.57,33.45,9.32,29.0,26.43,26.98,False
000643,Car,car,car,1,0.0,42.7,28.39,26.55,3.24,28.13,27.21,27.65,False
000643,Car,car,car,2,0.0,27.2,45.61,43.36,8.33,45.38,40.21,42.83,False
000645,Car,car,car,0,0.0,47.4,25.38,23.87,5.3,21.56,20.63,20.98,False
000645,Car,car,car,0,0.0,20.8,52.36,50.54,0.0,48.17,45.55,47.46,True
000645,Car,car,car,0,0.0,25.6,42.7,40.54,0.63,37.34,36.44,36.83,True
000647,Car,car,car,0,0.0,64.6,19.88,17.96,0.57,14.87,14.68,14.73,True
000647,Car,car,car,0,0.0,22.9,46.95,45.14,6.1,38.87,37.37,37.96,False
000647,Car,car,car,1,0.0,34.4,32.1,30.09,5.09,22.77,20.93,21.62,False
000647,Car,car,car,1,0.0,15.9,69.79,67.74,15.82,33.79,32.48,33.2,False
000656,Car,car,car,0,0.0,23.4,47.63,45.56,0.53,37.18,36.46,36.72,True
000656,Car,car,car,0,0.0,20.5,56.15,53.95,1.12,48.1,45.9,46.74,True
000657,Car,car,car,0,0.0,15.1,68.48,66.69,2.72,70.16,64.11,65.86,False
000657,Car,car,car,0,0.0,16.6,57.17,55.38,0.2,57.81,53.72,55.24,True
000659,Van,van,car,0,0.0,34.2,52.75,50.08,18.8,37.49,36.98,37.18,False
000659,Car,car,car,0,0.0,38.9,33.62,31.7,15.09,22.91,21.91,22.2,False
000661,Car,car,car,0,0.0,73.9,17.52,15.74,6.85,13.61,13.25,13.38,False
000661,Car,car,car,0,0.0,71.0,16.68,14.96,2.84,13.9,13.56,13.65,False
000666,Car,car,truck,1,0.0,49.5,34.26,31.67,9.99,27.55,26.52,26.88,False
000666,Car,car,car,1,0.0,34.8,35.94,33.84,12.98,27.49,27.22,27.34,False
000666,Car,car,car,2,0.0,69.2,19.87,18.46,4.42,10.8,10.71,10.74,False
000666,Car,car,car,2,0.0,46.1,29.63,28.34,4.3,25.78,24.63,25.04,False
000667,Car,car,car,0,0.11,188.6,8.32,6.24,2.31,5.29,5.04,5.08,False
000667,Car,car,car,0,0.88,195.8,4.91,3.27,2.41,3.27,2.81,2.98,False
000667,Truck,truck,truck,1,0.0,128.2,17.8,14.95,2.33,13.47,13.1,13.14,False
000667,Car,car,car,0,0.0,53.6,21.88,19.96,1.9,18.54,18.28,18.36,False
000667,Car,car,car,0,0.0,16.7,71.12,69.11,3.46,60.0,57.03,58.25,False
000667,Car,car,car,1,0.0,167.4,8.94,7.01,2.03,6.6,6.16,6.25,False
000667,Van,van,truck,0,0.0,31.8,47.3,45.04,1.0,38.83,38.23,38.46,True
000668,Car,car,car,1,0.81,116.4,14.61,12.93,8.21,9.02,8.79,8.9,False
000668,Car,car,car,0,0.0,41.7,32.99,30.94,14.43,26.26,25.68,25.86,False
000668,Car,car,car,0,0.0,108.3,13.36,12.42,0.0,11.49,11.19,11.26,True
000668,Car,car,car,0,0.0,57.8,21.56,19.41,6.02,17.84,17.05,17.18,False
000674,Car,car,car,0,0.0,82.4,16.99,15.01,4.91,13.7,12.94,13.06,False
000674,Car,car,car,0,0.0,137.0,10.28,8.35,2.15,7.94,7.64,7.73,False
000674,Car,car,car,2,0.0,82.5,15.56,13.75,2.2,13.33,12.36,12.74,False
000674,Car,car,car,2,0.0,56.5,21.76,19.88,4.94,18.04,17.37,17.58,False
000674,Car,car,car,2,0.0,53.5,20.98,19.17,2.55,18.04,15.55,16.13,False
000683,Car,car,car,1,0.0,24.8,46.13,43.93,11.04,40.48,38.86,39.44,False
000683,Car,car,car,1,0.0,24.0,45.05,43.13,7.72,44.19,42.53,42.98,False
000683,Car,car,car,0,0.0,27.5,45.57,43.75,0.0,47.06,45.73,46.27,True
000683,Car,car,car,1,0.0,15.7,68.69,66.64,8.14,68.29,62.1,64.8,False
000685,Car,car,car,0,0.36,201.2,6.82,4.79,1.78,4.3,4.08,4.15,False
000685,Car,car,car,1,0.0,77.7,16.85,14.94,0.0,14.5,14.24,14.31,True
000685,Car,car,car,0,0.0,134.8,10.14,8.02,0.55,8.15,7.8,7.87,True
000685,Van,van,car,0,0.0,38.2,41.1,38.88,6.56,35.34,33.99,34.32,False
000685,Car,car,car,1,0.0,118.6,13.75,11.57,5.8,9.64,8.62,8.85,False
000685,Van,van,car,2,0.0,87.1,18.87,16.58,6.68,15.08,13.6,14.15,False
000685,Car,car,car,2,0.0,41.1,29.54,27.61,9.18,24.93,23.0,23.42,False
000688,Car,car,car,1,0.0,27.7,45.81,43.51,18.73,36.79,34.05,34.97,False
000688,Car,car,car,0,0.0,43.9,34.66,32.6,18.89,26.32,24.48,24.93,False
000688,Truck,truck,truck,0,0.0,71.9,41.14,35.73,1.23,33.02,32.24,32.51,False
000688,Car,car,car,1,0.0,33.5,39.17,36.92,18.68,30.05,27.89,28.85,False
000688,Car,car,car,1,0.0,24.0,50.76,48.83,18.55,40.68,38.71,39.32,False
000692,Car,car,car,1,0.0,66.3,19.72,17.94,1.87,16.88,16.53,16.68,False
000692,Car,car,car,0,0.0,15.9,67.1,65.01,1.48,55.74,53.34,54.07,False
000692,Car,car,car,0,0.74,210.8,5.28,3.27,1.84,3.25,2.62,2.78,False
000692,Car,car,car,1,0.0,32.0,33.36,31.61,1.85,27.49,25.83,26.81,False
000692,Car,car,car,1,0.0,118.4,10.83,8.75,1.92,8.61,8.17,8.3,False
000692,Car,car,car,3,0.61,165.8,9.84,7.99,4.64,5.89,5.53,5.62,False
000692,Car,car,car,2,0.0,31.1,50.7,49.61,4.48,38.78,35.7,36.79,False
000692,Car,car,car,2,0.0,63.9,24.18,22.96,5.13,19.95,18.81,19.41,False
000692,Car,car,car,2,0.0,66.1,19.2,17.7,4.1,11.24,11.1,11.12,False
000693,Car,car,car,0,0.0,41.1,36.25,34.29,21.33,27.73,27.27,27.37,False
000698,Van,van,bus,0,0.0,106.5,21.33,18.65,4.61,16.4,16.23,16.29,False
000698,Car,car,car,0,0.1,218.6,8.59,6.39,3.27,5.21,4.96,5.02,False
000698,Cyclist,cyclist,person,0,0.0,38.4,34.27,33.34,6.79,35.6,35.12,35.29,False
000701,Pedestrian,pedestrian,person,0,0.0,180.9,8.4,7.93,3.05,6.46,6.31,6.36,False
000708,Car,car,car,0,0.0,42.4,27.02,25.31,3.88,26.91,26.01,26.24,False
000708,Car,car,car,1,0.62,184.1,6.69,4.52,2.58,4.25,3.54,3.78,False
000708,Car,car,car,0,0.83,168.0,7.33,5.37,3.92,5.14,4.39,4.68,False
000708,Car,car,car,2,0.0,75.9,16.66,14.78,2.85,14.9,14.25,14.49,False
000708,Car,car,car,1,0.0,124.3,11.18,9.27,2.58,9.24,8.82,9.0,False
000708,Car,car,car,1,0.0,123.5,11.87,9.55,4.05,9.63,8.46,8.78,False
000708,Car,car,car,2,0.0,36.9,31.66,29.7,3.58,33.43,29.99,31.36,False
000708,Car,car,car,2,0.0,42.5,27.68,25.82,3.34,23.92,22.57,23.01,False
000709,Car,car,car,1,0.0,55.8,22.42,20.47,2.02,22.08,20.98,21.23,False
000709,Car,car,car,0,0.01,171.8,9.15,7.3,2.66,7.03,6.53,6.63,False
000709,Car,car,car,1,0.0,85.4,15.59,13.68,2.97,14.06,13.15,13.43,False
000712,Car,car,car,0,0.0,38.1,36.81,34.73,5.91,32.11,31.44,31.69,False
000712,Car,car,car,1,0.0,56.8,25.66,23.49,11.68,18.57,17.75,18.0,False
000712,Car,car,car,0,0.0,62.9,21.59,19.57,7.56,17.91,17.01,17.18,False
000712,Van,van,truck,0,0.0,40.9,56.23,52.8,13.95,46.16,44.0,44.98,False
000712,Car,car,car,0,0.0,22.0,54.99,53.03,20.37,45.72,44.34,44.75,False
000712,Car,car,car,1,0.0,22.4,55.71,54.61,22.7,36.81,24.18,28.41,False
000712,Pedestrian,pedestrian,person,0,0.0,25.0,52.62,52.18,11.71,45.23,38.49,41.39,False
000735,Car,car,car,0,0.0,80.0,17.17,15.19,5.85,13.39,12.63,12.82,False
000735,Car,car,car,0,0.0,21.4,54.41,52.41,1.36,56.71,52.4,54.46,False
000735,Car,car,car,0,0.0,20.8,57.64,55.69,4.59,53.1,50.79,51.84,False
000735,Car,car,car,0,0.0,23.9,49.53,47.54,4.42,45.27,42.07,43.27,False
000742,Car,car,car,0,0.36,190.2,6.65,4.47,2.03,4.19,3.89,3.95,False
000742,Car,car,car,0,0.0,48.5,24.6,22.55,2.07,22.4,21.88,22.03,False
000742,Car,car,car,0,0.0,27.5,42.74,40.9,0.0,40.07,38.43,38.91,True
000742,Pedestrian,pedestrian,person,1,0.0,52.1,23.59,23.16,4.04,29.32,23.04,25.87,False
000742,Car,car,car,1,0.0,125.5,11.17,9.24,2.2,9.35,8.72,8.97,False
000742,Car,car,car,1,0.0,29.5,40.17,38.08,6.94,32.39,29.9,31.11,False
000742,Car,car,car,1,0.0,41.7,27.19,25.22,6.65,22.2,21.3,21.62,False
000742,Car,car,car,1,0.0,37.4,32.69,30.5,6.87,27.23,24.44,25.4,False
000742,Car,car,car,1,0.0,27.6,48.14,46.04,2.16,42.96,39.25,40.77,False
000742,Car,car,car,2,0.0,40.1,29.75,28.1,1.86,30.79,25.13,28.04,False
000745,Van,van,truck,0,0.39,311.0,8.32,5.83,3.22,4.38,4.05,4.1,False
000745,Car,car,car,0,0.0,43.6,28.57,26.65,0.0,23.75,23.1,23.25,True
000745,Van,van,truck,1,0.0,42.1,46.63,43.47,4.09,38.97,37.98,38.29,False
000745,Car,car,car,0,0.0,65.2,22.46,20.17,3.9,18.12,17.82,17.93,False
000745,Car,car,car,1,0.0,32.3,34.83,32.8,4.35,29.21,27.4,27.87,False
000747,Car,car,car,0,0.0,22.8,51.3,49.44,0.04,48.3,45.36,46.2,True
000747,Car,car,car,0,0.0,30.6,40.02,38.01,5.74,36.71,35.31,35.7,False
000747,Car,car,car,0,0.0,25.1,48.05,46.12,2.97,47.21,45.55,46.09,False
000747,Car,car,car,1,0.0,33.3,44.59,42.44,5.18,40.15,37.87,38.86,False
000749,Car,car,car,0,0.45,186.9,7.23,5.15,2.72,4.49,4.02,4.14,False
000749,Car,car,car,0,0.0,61.7,18.33,16.56,2.14,16.01,15.77,15.84,False
000749,Car,car,car,0,0.0,23.1,46.37,44.7,1.85,43.64,41.54,41.95,False
000749,Car,car,car,1,0.0,39.6,29.44,27.31,6.28,26.06,25.77,25.86,False
000750,Car,car,car,0,0.0,53.3,22.07,20.13,5.83,19.26,18.9,19.0,False
000750,Car,car,car,0,0.0,18.5,51.68,49.86,3.09,62.8,56.5,58.7,False
000750,Van,van,truck,0,0.0,27.6,62.19,59.57,0.24,64.11,59.71,61.53,True
000750,Car,car,car,0,0.0,60.0,21.58,19.55,2.47,18.9,18.61,18.73,False
000750,Car,car,car,0,0.0,15.5,71.01,69.9,6.66,65.37,61.24,63.39,False
000758,Car,car,car,0,0.0,46.7,27.6,25.34,0.0,24.77,24.03,24.23,True
000758,Car,car,bus,1,0.0,34.6,61.48,58.96,27.57,46.39,45.98,46.18,False
000758,Car,car,car,0,0.0,20.3,57.55,55.41,21.59,44.22,43.4,43.62,False
000764,Pedestrian,pedestrian,person,0,0.0,47.5,34.53,34.24,16.66,31.58,29.36,29.62,False
000764,Pedestrian,pedestrian,person,0,0.0,63.6,24.08,23.35,10.27,23.95,20.83,22.22,False
000764,Pedestrian,pedestrian,person,0,0.0,115.9,12.28,11.56,0.36,10.52,10.09,10.28,True
000764,Pedestrian,pedestrian,person,1,0.0,109.3,13.2,12.51,2.07,10.5,10.23,10.3,False
000764,Car,car,car,1,0.0,48.8,28.8,27.0,15.3,19.32,18.96,19.09,False
000764,Pedestrian,pedestrian,person,0,0.0,155.6,9.01,8.35,0.0,8.23,7.89,8.05,True
000764,Pedestrian,pedestrian,person,1,0.0,129.1,9.98,9.39,0.35,8.95,8.63,8.78,True
000764,Car,car,car,1,0.0,52.5,27.86,25.89,12.77,20.04,19.27,19.55,False
000764,Pedestrian,pedestrian,person,0,0.0,124.1,11.3,10.65,1.24,10.24,9.9,9.97,False
000764,Pedestrian,pedestrian,person,1,0.0,48.6,32.1,31.52,14.08,29.58,26.99,28.45,False
000764,Pedestrian,pedestrian,person,1,0.0,164.9,9.09,8.48,1.71,7.07,6.89,6.94,False
000765,Car,car,car,0,0.0,38.6,30.68,28.29,3.67,26.58,25.86,26.01,False
000765,Car,car,car,0,0.0,22.2,57.05,54.63,15.15,42.86,41.09,41.71,False
000765,Car,car,car,0,0.96,167.8,4.61,2.74,2.25,3.55,3.12,3.23,False
000767,Truck,truck,bus,0,0.0,49.6,48.1,41.92,0.44,43.32,42.92,43.1,True
000767,Car,car,car,0,0.0,25.6,45.8,43.55,15.65,36.87,35.09,35.71,False
000776,Car,car,car,0,0.0,87.1,15.04,12.74,0.0,12.71,11.99,12.16,True
000776,Car,car,car,0,0.0,49.1,24.99,22.93,5.52,21.34,20.86,20.99,False
000776,Car,car,car,1,0.0,40.1,27.7,25.71,4.18,24.61,22.32,23.99,False
000776,Car,car,car,1,0.0,58.9,20.4,18.12,1.08,17.63,16.11,16.58,True
000801,Truck,truck,bus,0,0.75,374.0,7.94,4.31,2.46,3.71,2.93,3.14,False
000801,Car,car,car,1,0.0,103.1,11.96,10.32,0.27,9.76,9.61,9.65,True
000801,Pedestrian,pedestrian,person,1,0.0,103.4,12.03,11.71,0.0,10.84,10.04,10.25,True
000803,Truck,truck,truck,0,0.0,29.9,75.67,69.5,0.0,55.36,54.95,55.06,True
000803,Van,van,car,3,0.0,30.2,49.42,46.92,15.75,38.64,35.81,36.8,False
000803,Car,car,car,1,0.0,33.4,40.1,38.21,16.46,28.63,27.09,27.77,False
000803,Car,car,car,0,0.0,66.3,18.38,16.63,4.11,13.83,13.4,13.5,False
000803,Cyclist,cyclist,person,3,0.0,34.3,46.97,46.22,26.69,27.31,25.25,25.96,False
000808,Car,car,car,0,0.0,52.4,21.04,19.34,0.0,20.88,20.49,20.62,True
000808,Car,car,car,0,0.0,27.3,46.75,44.66,10.75,41.01,38.23,38.83,False
000808,Van,van,car,3,0.0,36.6,44.56,42.34,2.14,46.45,35.53,40.49,False
000808,Car,car,car,2,0.0,38.3,30.96,29.15,0.0,45.81,32.26,37.33,True
000808,Car,car,car,1,0.0,34.7,36.77,34.93,16.16,29.0,10.23,28.3,False
000808,Pedestrian,pedestrian,person,0,0.0,55.1,25.13,24.61,8.25,32.3,28.02,29.7,False
000809,Car,car,car,0,0.0,39.7,31.52,29.55,2.15,24.23,23.94,24.02,False
000809,Car,car,car,1,0.85,178.6,5.1,2.98,1.91,3.27,2.61,2.82,False
000809,Car,car,car,0,0.0,68.7,18.06,15.87,1.34,13.67,13.47,13.53,False
000809,Car,car,car,2,0.0,29.5,47.34,45.08,0.88,37.6,30.01,32.95,True
000809,Car,car,car,2,0.0,41.1,30.33,28.22,1.12,22.35,20.08,21.24,True
000809,Car,car,car,0,1.0,174.3,3.17,1.73,1.49,2.29,2.11,2.19,False
000809,Car,car,car,2,0.0,24.6,45.12,43.46,2.66,35.43,26.01,28.49,False
000810,Car,car,car,0,0.0,69.6,17.93,15.65,1.58,16.29,15.8,15.93,False
000812,Car,car,car,0,0.0,48.3,26.61,25.09,0.0,23.52,23.14,23.24,True
000812,Cyclist,cyclist,person,3,0.0,73.5,19.68,18.65,5.01,17.12,16.8,16.92,False
000814,Car,car,car,0,0.38,90.8,17.22,15.34,9.79,11.38,10.51,10.86,False
000814,Car,car,car,0,0.0,83.0,15.73,13.81,2.77,12.16,11.78,11.9,False
000814,Car,car,car,1,0.0,68.4,21.81,19.47,9.71,15.82,14.49,14.79,False
000814,Car,car,car,0,0.0,40.1,30.21,28.36,0.0,25.02,24.45,24.7,True
000814,Car,car,car,0,0.0,16.1,78.5,76.16,9.82,63.23,57.22,59.6,False
000814,Car,car,car,0,0.0,13.9,74.61,72.73,5.72,69.23,56.82,60.99,False
000814,Car,car,car,2,0.0,39.8,29.37,27.23,2.44,23.21,20.29,21.78,False
000814,Car,car,car,2,0.0,51.8,22.38,20.17,2.22,15.5,15.02,15.18,False
000820,Car,car,car,0,0.0,39.2,30.37,28.13,2.47,27.51,26.92,27.07,False
000824,Car,car,car,0,0.0,21.8,49.69,47.45,2.21,44.02,39.49,41.01,False
000831,Car,car,car,3,0.36,184.4,10.56,8.61,3.9,6.53,6.29,6.33,False
000831,Car,car,car,1,0.0,47.0,24.88,23.0,2.0,22.5,21.74,21.98,False
000831,Car,car,car,0,0.78,195.6,8.85,7.14,4.59,4.84,4.51,4.61,False
000831,Car,car,car,3,0.12,178.7,7.64,5.82,2.0,5.33,4.96,5.06,False
000831,Car,car,car,1,0.0,106.3,12.97,10.98,2.06,10.56,9.97,10.21,False
000831,Car,car,car,1,0.0,36.0,35.6,33.72,1.9,31.69,29.22,30.3,False
000831,Car,car,car,0,1.0,208.2,3.28,2.01,1.93,2.95,2.72,2.83,False
000831,Car,car,car,1,0.0,51.1,28.77,27.6,4.35,23.57,22.67,23.03,False
000831,Car,car,car,2,0.0,96.2,14.28,12.75,4.28,9.4,9.01,9.17,False
000831,Car,car,car,2,0.0,51.4,24.12,22.76,4.37,20.21,19.89,19.97,False
000835,Car,car,car,0,0.0,22.4,51.97,49.78,2.86,45.43,43.29,43.97,False
000838,Car,car,car,1,0.0,31.2,35.78,34.68,2.28,33.32,31.19,31.7,False
000840,Van,van,truck,0,1.0,373.0,3.22,1.7,1.7,2.53,2.08,2.22,False
000840,Pedestrian,pedestrian,person,0,0.0,49.0,25.84,25.37,0.38,31.14,26.94,30.2,True
000840,Pedestrian,pedestrian,person,0,0.0,201.7,8.85,8.56,4.89,6.49,6.34,6.37,False
000840,Pedestrian,pedestrian,person,0,0.0,104.0,11.28,10.59,0.98,10.49,10.33,10.42,True
000840,Pedestrian,pedestrian,person,0,0.0,102.0,12.51,12.12,2.86,12.1,11.33,11.57,False
000840,Pedestrian,pedestrian,person,1,0.0,82.0,15.7,15.24,1.37,15.18,14.04,14.65,False
000840,Pedestrian,pedestrian,person,0,0.0,61.6,21.19,20.72,0.0,22.32,19.98,20.28,True
000857,Car,car,car,0,0.0,43.2,33.72,31.64,7.61,32.21,30.84,31.44,False
000857,Car,car,car,0,0.0,88.1,17.88,15.83,8.13,13.9,12.74,13.04,False
000857,Van,van,truck,0,0.0,43.4,54.31,50.88,16.9,47.19,42.11,44.22,False
000857,Car,car,car,0,0.0,23.8,49.93,47.97,15.7,42.81,41.65,41.95,False
000857,Car,car,car,1,0.22,76.9,22.27,20.13,12.52,15.52,14.54,14.86,False
000858,Van,van,truck,1,0.0,109.8,18.56,16.0,4.7,13.79,13.56,13.64,False
000858,Car,car,car,1,0.0,63.5,22.35,20.41,11.57,16.18,15.12,15.4,False
000862,Pedestrian,pedestrian,person,0,0.0,196.1,7.55,7.06,1.96,6.01,5.93,5.97,False
000862,Pedestrian,pedestrian,person,0,0.0,129.9,10.8,10.42,5.91,7.94,7.82,7.85,False
000863,Car,car,car,0,0.0,23.7,48.13,46.13,1.7,41.92,40.82,41.22,False
000863,Car,car,car,3,0.87,180.8,4.85,2.98,1.72,3.18,2.65,2.86,False
000863,Car,car,car,0,0.62,199.3,5.12,3.6,1.73,3.26,2.96,3.05,False
000878,Truck,truck,truck,3,0.1,110.3,30.93,27.27,16.47,18.06,17.15,17.49,False
000878,Car,car,car,0,0.0,28.4,45.88,43.54,11.62,38.93,36.09,37.08,False
000884,Car,car,car,0,0.0,71.9,18.26,15.96,1.78,15.34,14.92,15.05,False
000884,Van,van,car,0,0.0,92.8,18.34,15.91,2.3,14.19,13.97,14.03,False
000884,Van,van,car,0,0.93,226.2,4.49,2.42,1.86,2.77,2.24,2.41,False
000889,Car,car,car,0,0.0,56.9,26.14,23.9,0.0,21.92,21.45,21.62,True
000889,Pedestrian,pedestrian,person,0,0.0,201.4,7.51,7.01,2.93,5.87,5.74,5.77,False
000889,Cyclist,cyclist,person,0,0.0,28.5,43.54,42.68,4.65,39.79,36.53,37.17,False
000889,Pedestrian,pedestrian,person,0,0.0,65.1,19.54,19.03,5.83,16.0,15.34,15.57,False
000889,Pedestrian,pedestrian,person,0,0.0,214.6,7.22,6.68,3.28,5.38,5.3,5.33,False
000890,Car,car,car,0,0.0,28.9,37.45,35.77,2.18,35.31,33.79,34.25,False
000890,Car,car,car,0,0.0,97.4,12.6,10.8,2.27,10.35,10.06,10.14,False
000890,Car,car,car,1,0.0,32.2,34.82,33.06,6.2,33.08,26.72,30.14,False
000890,Car,car,car,2,0.0,55.3,22.28,20.15,6.45,18.42,17.55,18.09,False
000893,Truck,truck,bus,0,0.0,65.4,38.06,31.85,1.41,26.91,26.63,26.71,False
000893,Car,car,car,0,0.0,55.5,27.59,25.31,13.07,18.6,17.23,17.7,False
000909,Car,car,car,0,0.0,43.2,28.75,26.71,2.3,22.96,22.62,22.71,False
000909,Car,car,car,2,0.0,78.1,15.76,13.76,2.01,12.55,11.6,11.95,False
000909,Van,van,truck,0,0.8,344.7,5.19,2.87,1.9,3.14,2.43,2.62,False
000909,Car,car,car,2,0.0,56.6,21.56,19.42,1.88,18.23,16.57,17.52,False
000909,Car,car,car,2,0.0,29.6,37.67,35.86,2.01,31.72,28.97,29.79,False
000909,Car,car,car,1,0.0,135.6,10.3,8.12,1.82,7.55,7.22,7.32,False
000918,Car,car,car,0,0.0,55.3,23.0,21.19,2.37,19.92,19.55,19.68,False
000918,Car,car,car,0,0.25,193.2,6.8,5.02,2.34,4.53,4.21,4.31,False
000918,Car,car,car,0,0.0,55.7,22.08,20.25,0.0,19.69,19.17,19.35,True
000918,Car,car,car,1,0.0,20.3,60.95,59.84,18.74,39.95,33.31,36.82,False
000918,Car,car,car,2,0.0,47.6,29.23,27.07,0.0,30.78,20.76,22.55,True
000918,Car,car,car,1,0.0,34.2,34.52,32.39,1.84,30.69,27.77,29.17,False
000920,Car,car,car,0,0.0,43.1,27.5,25.19,3.23,22.15,21.65,21.75,False
000920,Car,car,car,0,0.0,63.2,20.72,18.68,1.14,17.22,16.84,16.96,True
000920,Car,car,car,0,0.0,141.1,10.69,8.44,2.82,7.94,7.23,7.36,False
000929,Car,car,car,1,0.0,33.6,32.77,30.94,4.99,27.22,26.82,26.92,False
000929,Car,car,car,0,0.0,39.3,28.65,26.71,2.38,25.5,24.59,24.8,False
000929,Car,car,car,0,0.0,52.2,24.05,22.44,0.02,20.58,20.2,20.31,True
000937,Pedestrian,pedestrian,person,0,0.0,62.1,20.27,19.89,1.51,18.29,17.87,18.04,False
000937,Pedestrian,pedestrian,person,0,0.0,48.3,24.19,23.76,0.9,20.99,19.75,20.18,True
000937,Pedestrian,pedestrian,person,0,0.0,50.7,28.35,27.78,4.58,24.96,23.15,23.57,False
000937,Pedestrian,pedestrian,person,1,0.0,100.4,14.26,13.83,7.57,10.72,10.65,10.68,False
000937,Pedestrian,pedestrian,person,0,0.0,48.3,28.46,27.89,5.26,24.73,23.43,24.16,False
000937,Pedestrian,pedestrian,person,0,0.0,115.3,13.68,13.19,7.59,10.42,10.33,10.37,False
000941,Car,car,car,0,0.0,77.5,17.36,15.28,2.0,13.97,13.43,13.57,False
000941,Car,car,car,0,0.57,186.4,7.03,4.56,2.25,4.02,3.56,3.71,False
000941,Car,car,car,0,0.0,23.8,46.16,44.06,1.45,36.83,35.05,35.49,False
000942,Car,car,car,2,0.0,38.7,29.74,27.89,4.87,23.59,22.08,22.71,False
000942,Car,car,car,0,0.1,160.6,10.82,8.72,4.67,7.48,6.48,6.71,False
000942,Car,car,car,0,0.0,50.9,24.84,22.89,4.85,19.87,19.34,19.48,False
000942,Car,car,car,1,0.0,67.8,18.29,16.38,2.14,14.83,14.5,14.59,False
000942,Car,car,car,0,0.91,203.2,5.05,3.27,2.46,3.84,3.31,3.49,False
000942,Car,car,car,1,0.0,142.0,10.03,7.92,2.33,7.41,7.02,7.09,False
000942,Car,car,car,2,0.0,51.2,23.71,21.91,2.23,21.33,18.55,19.54,False
000944,Car,car,car,0,0.82,201.0,5.07,2.89,1.74,2.97,2.3,2.49,False
000944,Car,car,car,0,0.0,28.8,38.21,36.02,2.36,33.52,32.75,33.01,False
000944,Car,car,car,1,0.58,158.9,10.08,8.26,4.43,6.23,6.09,6.14,False
000944,Car,car,car,2,0.0,50.6,23.23,21.93,3.62,20.46,12.55,19.14,False
000944,Van,van,car,2,0.0,43.6,35.23,34.09,3.22,36.65,33.39,34.5,False
000944,Truck,truck,truck,2,0.0,34.2,54.47,51.14,2.14,49.15,47.3,47.67,False
000944,Car,car,car,1,0.0,91.2,13.92,12.45,4.33,10.46,10.34,10.36,False
000944,Car,car,car,2,0.0,34.1,32.88,31.68,3.37,30.45,23.52,25.47,False
000944,Car,car,car,2,0.0,46.8,25.6,24.17,3.57,22.31,21.43,21.83,False
000948,Truck,truck,truck,0,0.0,29.4,76.8,70.58,0.21,61.98,61.51,61.67,True
000948,Car,car,car,0,0.0,21.1,59.08,57.54,0.47,59.89,57.53,58.69,True
000948,Van,van,truck,0,0.0,47.8,39.88,37.35,18.16,28.08,27.44,27.67,False
000950,Car,car,car,0,0.0,28.5,45.85,43.88,2.55,39.2,36.94,37.57,False
000951,Van,van,truck,0,0.39,163.2,16.7,13.75,6.94,10.61,10.53,10.56,False
000951,Car,car,car,0,0.0,73.8,19.45,16.97,7.71,12.56,12.16,12.3,False
000951,Van,van,car,0,0.0,92.8,17.9,15.61,0.83,13.37,13.11,13.19,True
000951,Car,car,car,0,0.0,46.9,24.82,22.76,4.71,22.18,21.53,21.76,False
000951,Van,van,truck,0,0.0,45.9,46.59,43.46,0.65,42.69,41.81,42.09,True
000951,Car,car,car,0,0.0,36.9,35.75,33.5,0.0,28.32,27.36,27.91,True
000951,Car,car,car,0,0.0,65.2,19.74,17.33,3.5,15.92,15.41,15.54,False
000951,Car,car,truck,1,0.0,98.8,21.07,18.69,11.07,12.6,12.2,12.24,False
000951,Car,car,car,1,0.0,68.0,21.0,18.62,5.95,16.57,16.38,16.43,False
000959,Car,car,car,0,0.0,29.9,37.31,35.47,2.11,31.65,30.28,30.72,False
000959,Car,car,car,0,0.83,188.2,5.09,3.1,2.03,2.9,2.23,2.45,False
000959,Car,car,car,0,0.0,85.9,14.82,12.85,2.28,11.83,11.59,11.65,False
000959,Car,car,car,0,0.0,22.7,51.52,49.68,0.0,46.56,44.26,45.06,True
000959,Car,car,car,1,0.0,21.8,53.95,52.91,10.16,35.43,30.43,32.82,False
000959,Car,car,car,2,0.0,69.9,19.24,17.19,1.94,16.25,15.32,15.63,False
000959,Car,car,car,2,0.0,23.6,47.95,45.89,1.86,40.42,37.36,38.8,False
000959,Car,car,car,1,0.0,35.7,32.7,30.73,1.92,29.58,25.12,27.78,False
000959,Car,car,car,1,0.0,22.8,55.38,53.97,15.59,27.56,24.39,25.45,False
000960,Car,car,car,0,0.0,18.7,59.03,56.96,2.88,64.47,51.5,56.32,False
000967,Car,car,car,0,0.0,28.6,37.45,35.68,5.18,32.85,32.24,32.47,False
000967,Car,car,car,0,0.0,33.5,36.62,34.6,1.16,31.01,30.3,30.52,True
000968,Car,car,car,0,0.0,24.4,45.14,42.86,0.0,38.45,37.09,37.51,True
000972,Car,car,car,0,0.0,16.9,67.9,65.84,4.98,60.3,54.39,55.85,False
000972,Car,car,car,0,0.97,168.5,6.25,4.02,3.39,4.14,3.72,3.9,False
000974,Car,car,car,1,0.0,27.8,42.13,40.25,11.87,37.28,29.69,35.13,False
000974,Truck,truck,bus,0,0.0,30.8,73.75,67.46,3.52,54.89,53.84,54.03,False
000974,Car,car,car,0,0.0,28.3,44.36,42.84,0.0,40.25,39.35,39.61,True
000980,Van,van,truck,0,0.0,42.7,54.84,51.41,16.11,44.97,42.04,43.25,False
000980,Car,car,car,0,0.0,79.7,18.78,16.74,7.98,15.2,14.19,14.45,False
000980,Car,car,car,0,0.0,41.6,34.53,32.44,7.14,31.5,30.14,30.65,False
000980,Car,car,car,0,0.0,23.3,51.25,49.29,16.97,45.26,43.61,44.06,False
000980,Car,car,car,1,0.0,71.4,23.14,20.99,12.32,16.56,15.37,15.7,False
000980,Car,car,car,1,0.0,24.1,54.24,53.11,24.53,41.28,22.52,31.89,False
000987,Car,car,car,1,0.0,92.7,13.74,12.05,3.45,11.46,11.12,11.23,False
000987,Car,car,car,1,0.71,205.4,7.74,5.8,3.34,4.61,4.33,4.4,False
000987,Car,car,car,3,0.15,157.8,9.47,8.0,3.56,7.44,7.11,7.22,False
000987,Pedestrian,pedestrian,person,0,0.0,50.0,28.31,27.64,4.37,25.56,18.69,19.78,False
000987,Car,car,car,1,0.0,62.0,18.56,17.46,3.26,17.48,16.51,17.03,False
000989,Car,car,car,0,0.0,44.7,25.37,23.41,3.75,22.92,22.31,22.46,False
000994,Car,car,car,0,0.0,39.8,36.68,34.6,18.69,27.95,26.05,26.65,False
000994,Car,car,car,1,0.0,25.7,48.08,45.78,18.29,40.01,35.77,37.3,False
000994,Truck,truck,truck,0,0.0,71.3,41.43,36.01,1.26,32.88,32.32,32.53,False
000994,Car,car,car,1,0.0,30.7,41.31,39.06,18.4,32.46,30.52,31.19,False
000994,Car,car,car,1,0.0,22.5,53.13,51.19,18.25,45.24,41.63,42.96,False
000995,Van,van,truck,2,0.0,149.2,15.97,13.01,6.17,11.42,10.81,10.96,False
000995,Car,car,car,0,0.0,175.7,8.32,6.47,2.33,5.96,5.59,5.67,False
000995,Car,car,car,0,0.0,71.2,17.8,15.61,0.34,16.16,15.9,15.97,True
000995,Car,car,car,0,0.0,28.5,38.33,36.61,5.4,33.38,32.76,32.95,False
000995,Car,car,car,0,0.0,37.9,29.41,28.29,0.0,28.59,28.02,28.18,True
000997,Car,car,car,0,0.0,61.2,21.84,20.31,5.87,17.56,17.12,17.3,False
001009,Car,car,car,0,0.0,49.6,23.59,21.5,4.34,21.51,20.62,20.86,False
001009,Car,car,car,0,0.0,37.9,30.22,28.14,1.22,28.56,27.92,28.11,False
001009,Car,car,car,0,0.0,27.8,42.07,39.87,0.46,41.76,40.57,40.73,True
001009,Car,car,car,1,0.0,22.4,52.4,50.55,0.0,52.5,49.6,50.6,True
001009,Car,car,car,2,0.0,26.1,40.89,39.17,0.86,42.9,35.74,39.78,True
001010,Car,car,car,0,0.88,199.3,4.84,2.9,2.11,3.4,2.8,3.01,False
001010,Car,car,car,0,0.0,106.7,12.77,10.74,2.15,10.15,9.91,10.0,False
001010,Car,car,car,0,0.92,162.4,6.42,4.46,3.54,4.7,4.16,4.35,False
001010,Car,car,car,0,0.0,16.7,66.93,65.0,0.22,54.21,52.61,53.14,True
001010,Van,van,truck,1,0.0,88.1,26.63,23.6,1.75,22.59,21.62,22.25,False
001010,Car,car,car,1,0.0,155.6,10.88,8.86,3.59,8.15,7.38,7.53,False
001010,Car,car,car,1,0.0,65.3,18.84,16.64,2.12,17.01,13.94,15.03,False
001010,Car,car,car,1,0.0,91.3,15.99,13.88,3.43,13.11,12.23,12.54,False
001010,Car,car,car,1,0.0,23.0,47.75,46.03,1.1,42.01,36.81,39.86,True
001010,Car,car,car,0,0.0,20.3,50.56,48.69,4.74,44.1,42.99,43.25,False
001010,Car,car,car,1,0.0,23.3,54.67,52.63,0.0,50.77,48.4,49.17,True
001014,Van,van,car,0,0.0,22.8,62.57,60.3,0.0,59.62,55.24,57.07,True
001014,Car,car,car,0,0.0,54.5,22.22,20.0,2.52,19.51,18.91,19.11,False
001018,Car,car,car,0,0.0,115.7,11.55,9.23,1.94,9.25,8.9,8.98,False
001022,Car,car,car,0,0.0,28.8,45.48,43.06,14.26,33.98,32.17,32.7,False
001022,Car,car,car,0,0.0,45.7,25.05,24.08,1.22,20.31,20.12,20.21,False
001022,Car,car,car,0,0.96,167.7,4.61,2.74,2.25,3.56,3.13,3.24,False
001022,Car,car,car,0,0.0,21.9,49.95,48.07,8.71,42.69,39.72,40.3,False
001025,Car,car,car,0,0.0,20.6,53.55,51.32,2.38,48.51,46.83,47.46,False
001025,Car,car,car,0,0.0,145.8,10.31,8.07,2.8,7.79,7.21,7.28,False
001041,Car,car,car,0,0.16,176.6,7.96,5.74,2.18,5.16,4.5,4.62,False
001041,Car,car,car,0,0.0,28.4,52.97,50.68,2.54,40.99,40.79,40.84,False
001043,Car,car,car,0,0.59,195.3,6.07,4.0,2.08,3.78,3.28,3.39,False
001043,Car,car,car,0,0.66,159.7,9.69,7.69,5.33,6.6,5.85,6.13,False
001043,Car,car,car,1,0.0,21.4,54.93,52.82,1.89,44.47,42.14,43.01,False
001043,Car,car,car,1,0.0,92.9,16.81,14.6,5.23,13.12,12.45,12.56,False
001043,Car,car,car,0,0.0,25.8,42.28,40.0,2.75,34.56,33.87,34.09,False
001043,Car,car,car,1,0.0,23.5,48.32,47.11,5.87,41.51,39.8,40.55,False
001043,Car,car,car,1,0.0,33.9,33.69,31.7,5.64,27.63,24.45,25.55,False
001043,Car,car,car,2,0.0,58.2,23.05,20.9,5.45,18.43,17.51,17.89,False
001049,Car,car,car,0,0.0,30.3,36.85,35.21,0.0,28.31,27.57,27.86,True
001049,Pedestrian,pedestrian,person,0,0.0,96.2,15.49,14.82,5.54,12.18,11.93,12.06,False
001049,Pedestrian,pedestrian,person,0,0.0,104.1,13.93,13.28,2.7,11.36,10.96,11.13,False
001049,Pedestrian,pedestrian,person,0,0.0,82.3,16.03,15.39,4.35,13.49,12.46,12.9,False
001049,Pedestrian,pedestrian,person,0,0.0,92.2,14.5,13.79,1.89,12.17,11.85,11.91,False
001049,Pedestrian,pedestrian,person,0,0.0,92.4,15.74,15.06,4.85,12.07,11.9,11.97,False
001049,Car,car,car,1,0.0,48.8,28.8,27.01,15.29,18.6,18.27,18.39,False
001049,Pedestrian,pedestrian,person,0,0.0,162.3,9.02,8.37,2.37,7.16,6.92,7.04,False
001049,Car,car,car,1,0.0,52.6,27.85,25.89,12.76,19.38,18.65,18.96,False
001058,Car,car,car,0,0.0,24.9,52.58,50.57,12.93,50.89,46.76,47.78,False
001058,Car,car,car,0,0.0,21.7,44.26,42.47,0.98,45.73,44.32,44.69,True
001058,Car,car,car,0,0.0,147.9,10.46,8.37,2.91,7.86,7.4,7.55,False
001058,Car,car,car,0,0.0,26.4,40.89,39.03,5.46,37.02,36.05,36.37,False
001062,Car,car,car,0,0.0,29.5,40.31,38.11,2.21,36.37,35.6,35.82,False
001062,Car,car,car,1,0.0,42.3,29.81,27.93,0.22,28.39,27.43,27.77,True
001062,Car,car,car,0,0.0,139.2,10.63,8.56,2.61,8.52,7.77,7.93,False
001062,Car,car,car,0,0.93,181.0,5.28,3.6,2.89,3.26,2.82,2.99,False
001062,Car,car,car,2,0.0,54.2,23.95,21.92,3.34,19.54,17.86,18.79,False
001062,Car,car,car,1,0.0,149.7,10.05,7.83,2.92,6.99,6.6,6.67,False
001062,Car,car,car,1,0.0,80.9,16.56,14.24,3.17,13.35,12.86,13.03,False
001062,Car,car,car,1,0.0,60.7,23.22,21.03,2.26,21.73,20.47,20.85,False
001062,Car,car,car,1,0.0,80.5,15.81,14.0,2.46,14.27,13.36,13.64,False
001063,Car,car,car,0,0.0,58.3,26.18,23.85,11.8,18.2,17.25,17.51,False
001063,Car,car,car,0,0.0,26.4,52.48,50.09,18.29,40.07,38.58,39.13,False
001063,Car,car,car,0,0.0,19.9,63.6,61.67,14.87,48.44,46.48,46.92,False
001066,Car,car,car,0,0.0,96.9,13.93,12.84,3.23,11.46,11.3,11.36,False
001069,Car,car,car,0,0.0,39.1,29.63,27.71,2.73,26.41,25.8,25.92,False
001069,Car,car,truck,1,0.61,75.2,20.6,18.54,11.67,16.89,16.34,16.44,False
001069,Pedestrian,pedestrian,person,0,0.0,36.7,35.9,35.55,6.47,31.14,28.18,28.9,False
001069,Cyclist,cyclist,bicycle,0,0.0,36.0,37.53,37.09,2.56,36.46,34.25,35.21,False
001081,Car,car,car,0,0.0,18.4,59.81,57.61,4.99,54.87,52.47,53.02,False
001081,Van,van,truck,0,0.0,48.6,33.74,31.38,5.67,29.78,28.97,29.36,False
001081,Car,car,car,1,0.0,27.3,42.94,41.31,11.05,38.99,36.73,37.54,False
001082,Car,car,car,0,0.0,49.5,23.76,21.65,6.14,19.33,18.26,18.55,False
001082,Car,car,car,0,0.0,98.5,13.62,11.45,2.49,10.73,10.19,10.35,False
001082,Van,van,truck,1,0.0,42.6,34.45,32.03,2.05,29.25,28.0,28.47,False
001082,Car,car,car,0,0.0,46.6,26.26,24.41,0.0,22.12,21.75,21.84,True
001082,Car,car,car,0,0.0,15.7,70.66,68.23,9.62,59.42,57.82,58.37,False
001082,Car,car,car,2,0.0,49.1,23.72,21.68,2.55,16.6,16.06,16.21,False
001082,Car,car,car,1,0.0,32.0,41.75,39.36,10.16,41.74,22.99,26.61,False
001082,Car,car,car,1,0.0,26.6,47.83,45.6,10.08,40.42,23.76,33.99,False
001083,Car,car,car,0,0.07,139.9,11.5,9.41,5.31,7.73,6.7,6.91,False
001083,Car,car,car,0,0.0,23.6,45.85,43.58,2.55,39.31,38.12,38.47,False
001083,Car,car,car,1,0.0,79.5,18.94,16.73,5.18,15.03,14.49,14.59,False
001083,Car,car,car,1,0.0,20.5,57.11,55.01,2.14,47.17,44.28,45.43,False
001083,Car,car,car,1,0.0,22.4,50.52,49.31,6.1,43.91,41.77,42.74,False
001083,Car,car,car,0,0.0,196.0,8.1,6.02,2.12,5.56,5.25,5.31,False
001083,Car,car,car,1,0.0,31.6,35.85,33.87,5.49,28.49,25.65,26.47,False
001083,Car,car,car,2,0.0,52.2,25.22,23.08,5.36,20.34,19.63,19.8,False
001084,Car,car,car,0,0.0,26.0,45.08,43.76,0.0,40.9,39.52,39.86,True
001084,Car,car,car,0,0.2,127.0,11.24,9.56,3.94,7.74,7.66,7.69,False
001084,Van,van,car,0,0.0,114.2,13.5,11.5,2.03,10.83,10.66,10.72,False
001084,Van,van,car,3,0.0,115.8,13.92,11.75,1.79,11.08,10.53,10.65,False
001084,Van,van,car,2,0.0,51.7,28.3,26.06,1.32,25.41,23.43,24.39,False
001084,Car,car,car,1,0.0,53.1,22.47,20.18,1.44,18.85,18.22,18.48,False
001085,Car,car,car,0,0.0,33.8,34.99,32.79,0.14,36.9,34.03,35.14,True
001085,Car,car,car,0,0.0,54.5,21.66,19.55,1.47,19.59,19.22,19.35,False
001085,Van,van,truck,1,0.0,48.6,31.32,28.95,4.49,28.11,27.28,27.54,False
001085,Car,car,car,1,0.0,33.5,32.21,30.48,1.37,35.27,26.57,31.75,False
001085,Car,car,car,1,0.0,26.0,45.44,43.57,0.33,39.43,37.44,38.24,True
001087,Car,car,car,1,0.33,149.9,11.29,9.36,5.93,7.78,6.61,6.99,False
001087,Car,car,car,0,0.0,27.3,40.18,38.19,0.0,31.51,30.69,30.98,True
001087,Car,car,car,1,0.0,35.6,32.45,31.58,2.79,21.0,20.18,20.48,False
001087,Car,car,car,2,0.0,46.3,25.03,23.95,3.01,17.67,16.18,16.84,False
001092,Truck,truck,train,0,0.0,58.1,49.53,44.09,0.0,46.05,45.4,45.61,True
001092,Car,car,car,0,0.0,15.9,76.39,74.29,16.46,75.8,68.09,71.02,False
001101,Car,car,car,1,0.0,57.9,21.72,19.57,0.0,18.41,17.26,17.81,True
001101,Pedestrian,pedestrian,person,0,0.23,203.6,5.81,5.25,2.46,4.27,4.11,4.2,False
001101,Pedestrian,pedestrian,person,0,0.0,163.2,8.25,7.64,0.59,7.24,6.96,7.02,True
001101,Pedestrian,pedestrian,person,0,0.0,209.4,6.64,6.09,1.66,5.5,5.43,5.45,False
001101,Pedestrian,pedestrian,person,0,0.0,109.2,13.14,12.52,0.87,11.62,11.42,11.47,True
001101,Pedestrian,pedestrian,person,1,0.0,160.0,9.42,8.83,2.99,7.94,7.68,7.76,False
001101,Pedestrian,pedestrian,person,0,0.0,126.9,11.21,10.68,2.0,10.16,9.95,10.02,False
001104,Car,car,car,0,0.0,57.7,22.07,20.15,0.0,19.1,18.8,18.91,True
001104,Van,van,truck,0,0.0,162.1,15.0,11.75,3.41,9.74,9.6,9.66,False
001104,Car,car,car,1,0.0,49.4,26.19,24.13,3.25,20.6,20.38,20.45,False
001104,Car,car,car,1,0.0,74.8,18.28,16.13,7.66,12.77,12.41,12.49,False
001104,Car,car,car,1,0.0,31.2,38.44,36.54,3.99,34.03,23.75,31.48,False
001104,Car,car,car,0,0.95,169.8,6.3,4.44,3.75,4.24,3.92,4.04,False
001110,Car,car,car,0,0.0,163.7,9.43,7.17,2.92,5.87,5.03,5.15,False
001110,Car,car,car,1,0.0,41.6,29.88,28.44,5.69,26.19,25.23,25.69,False
001112,Car,car,car,0,0.0,61.9,20.94,19.54,6.49,15.54,15.17,15.29,False
001112,Car,car,car,0,0.0,23.6,53.01,50.68,19.14,52.99,51.4,51.69,False
001112,Car,car,car,1,0.0,47.1,25.73,24.26,6.62,19.86,18.58,19.46,False
001112,Cyclist,cyclist,person,0,0.0,69.9,20.41,19.49,9.64,22.77,19.25,21.3,False
001124,Pedestrian,pedestrian,person,0,0.0,187.1,7.87,7.37,2.67,6.21,6.08,6.15,False
001125,Car,car,car,0,0.42,173.9,10.5,8.53,4.23,6.22,6.09,6.14,False
001125,Car,car,car,0,0.0,80.9,15.69,14.15,4.41,11.85,11.73,11.77,False
001125,Van,van,truck,0,0.0,111.3,18.53,15.37,1.89,12.87,12.76,12.8,False
001125,Van,van,truck,2,0.0,37.5,57.59,56.35,3.96,44.77,41.98,43.02,False
001125,Van,van,truck,2,0.0,57.7,35.84,32.44,1.7,26.6,25.19,25.76,False
001125,Car,car,car,0,0.72,160.8,9.82,8.2,5.17,5.84,5.42,5.56,False
001125,Car,car,car,2,0.0,34.2,37.75,36.59,4.45,27.57,25.05,26.05,False
001125,Car,car,car,2,0.0,73.0,20.24,19.07,3.76,16.63,16.47,16.5,False
001125,Car,car,car,2,0.0,34.5,35.19,34.1,5.41,26.45,24.51,25.61,False
001128,Car,car,car,0,0.14,211.7,7.92,5.81,2.78,5.07,4.81,4.9,False
001128,Car,car,car,0,0.0,28.1,37.5,35.79,1.53,37.39,34.52,35.46,False
001128,Car,car,car,0,0.0,50.7,23.81,21.76,2.34,21.84,21.18,21.35,False
001128,Truck,truck,truck,0,0.0,116.2,27.04,22.86,5.53,21.4,21.13,21.22,False
001134,Car,car,car,0,0.0,28.0,39.62,37.58,0.37,34.12,32.94,33.19,True
001134,Car,car,car,0,0.0,74.7,16.38,14.4,1.69,13.87,13.12,13.25,False
001134,Van,van,truck,1,0.0,45.7,47.97,46.53,13.86,37.59,34.36,36.74,False
001134,Cyclist,cyclist,person,0,0.0,106.7,13.28,12.35,2.39,11.99,11.8,11.85,False
001140,Car,car,car,1,0.0,90.0,14.47,12.45,2.12,11.61,11.24,11.35,False
001140,Car,car,car,0,0.0,124.7,12.27,10.37,5.29,9.03,8.22,8.38,False
001140,Car,car,car,1,0.0,56.2,25.29,23.1,5.09,20.1,19.62,19.75,False
001140,Car,car,car,1,0.0,18.4,63.59,61.48,2.5,52.25,49.14,50.33,False
001140,Car,car,car,1,0.0,73.1,17.4,15.25,5.2,13.66,12.91,13.16,False
001140,Car,car,car,2,0.0,40.5,31.78,29.66,5.2,24.59,22.1,23.35,False
001143,Car,car,car,0,0.0,26.5,47.23,45.41,0.0,50.97,49.21,49.77,True
001143,Car,car,car,1,0.23,105.7,15.46,13.22,8.09,11.65,10.24,10.74,False
001143,Car,car,car,1,0.0,33.2,35.04,32.9,8.4,32.06,30.91,31.28,False
001143,Car,car,car,1,0.0,22.3,57.71,55.7,9.76,67.14,57.46,61.64,False
001144,Car,car,car,2,0.0,39.3,32.26,30.13,1.83,27.33,26.05,26.34,False
001150,Car,car,car,0,0.0,87.9,14.75,12.97,4.5,12.77,12.04,12.21,False
001150,Car,car,car,1,0.94,183.2,4.93,3.19,2.56,3.71,3.23,3.42,False
001150,Car,car,car,1,0.0,150.4,9.76,7.68,2.37,7.18,6.88,6.95,False
001150,Car,car,car,2,0.0,84.5,15.08,13.17,2.69,13.75,12.01,12.95,False
001150,Car,car,car,2,0.0,65.7,19.14,17.14,4.38,17.51,16.38,16.74,False
001152,Car,car,car,0,0.0,16.7,67.63,65.57,7.67,67.24,59.4,62.07,False
001152,Car,car,car,0,0.0,26.6,44.58,42.4,7.16,40.47,38.48,39.04,False
001152,Car,car,car,0,0.0,12.9,73.35,71.57,0.93,80.11,73.01,75.63,True
001154,Truck,truck,bus,0,0.0,51.8,46.39,40.22,0.64,39.74,38.91,39.27,True
001154,Car,car,car,0,0.0,17.5,69.24,67.01,12.99,56.83,48.22,50.67,False
001154,Car,car,car,0,0.0,25.0,46.93,44.96,13.06,42.28,39.28,40.21,False
001154,Car,car,car,0,0.0,35.6,36.25,34.01,15.71,26.67,25.8,26.07,False
001162,Car,car,car,0,0.0,38.2,29.14,27.09,4.28,26.47,25.84,26.01,False
001162,Car,car,car,0,0.0,83.6,14.13,12.09,0.0,12.79,12.36,12.5,True
001162,Van,van,car,0,0.2,253.2,7.39,5.08,0.97,4.46,4.14,4.26,True
001162,Car,car,car,0,0.0,30.3,44.48,42.49,17.49,36.74,35.36,35.84,False
001162,Car,car,car,1,0.0,43.5,30.37,29.12,0.21,27.94,26.96,27.33,True
001162,Car,car,car,0,0.83,95.2,15.91,13.81,9.41,12.48,11.93,12.16,False
001162,Car,car,car,3,0.02,110.1,14.86,12.91,7.06,10.72,10.19,10.39,False
001162,Car,car,car,1,0.0,22.0,63.49,60.91,14.59,65.05,54.27,59.64,False
001163,Car,car,car,0,0.0,46.2,24.03,21.86,2.29,23.85,23.32,23.48,False
001163,Van,van,truck,2,0.0,32.2,56.62,53.79,2.46,47.24,44.35,45.43,False
001163,Car,car,car,0,0.85,187.1,5.28,3.06,2.0,3.26,2.74,2.97,False
001163,Car,car,car,0,0.84,163.3,5.13,3.22,1.98,3.47,2.8,3.02,False
001163,Car,car,car,0,0.0,26.1,44.13,42.19,2.53,40.78,39.82,40.1,False
001163,Car,car,car,1,0.0,61.2,19.28,17.57,2.4,17.2,16.79,16.89,False
001163,Car,car,car,1,0.0,133.5,10.87,8.86,2.45,9.31,8.31,8.59,False
001163,Car,car,car,1,0.0,146.9,10.24,7.85,1.93,8.59,7.62,7.88,False
001163,Car,car,car,2,0.0,41.3,26.4,24.46,2.18,24.84,23.44,24.57,False
001165,Car,car,car,0,0.0,31.7,46.32,44.38,20.25,33.06,32.05,32.34,False
001165,Car,car,car,0,0.0,36.9,34.28,32.03,0.02,27.3,26.89,27.02,True
001165,Car,car,car,0,0.0,21.9,56.4,54.5,20.47,42.82,40.52,41.04,False
001167,Car,car,car,0,0.0,34.1,38.65,36.51,13.32,34.91,32.06,33.33,False
001167,Pedestrian,pedestrian,person,1,0.0,40.6,32.02,31.63,5.52,35.01,30.52,31.2,False
001169,Pedestrian,pedestrian,person,0,0.0,94.4,13.03,12.48,0.54,11.5,11.03,11.27,True
001169,Cyclist,cyclist,person,1,0.0,115.9,12.43,11.57,3.56,16.34,5.77,11.87,False
001169,Pedestrian,pedestrian,person,1,0.0,42.5,30.65,30.12,2.52,38.68,37.44,38.19,False
001173,Car,car,car,0,0.0,17.7,70.23,68.66,3.79,57.84,54.22,55.94,False
001173,Truck,truck,train,0,0.0,29.8,76.0,69.83,0.0,50.41,49.95,50.16,True
001173,Van,van,truck,2,0.0,53.3,39.41,36.62,21.42,20.55,20.02,20.15,False
001193,Car,car,truck,0,0.0,138.6,13.52,11.03,1.03,10.42,10.03,10.1,True
001193,Pedestrian,pedestrian,person,0,0.0,102.0,13.19,12.61,0.0,12.03,11.72,11.8,True
001193,Pedestrian,pedestrian,person,0,0.14,224.9,6.16,5.47,2.05,4.21,4.15,4.17,False
001193,Pedestrian,pedestrian,person,0,0.0,82.0,16.36,15.91,0.0,17.72,16.01,16.92,True
001193,Person_sitting,pedestrian,other,2,0.0,113.2,9.73,9.35,4.11,4.19,4.16,4.17,False
001198,Van,van,car,0,0.0,192.1,9.36,7.31,2.24,6.08,5.95,5.98,False
001198,Pedestrian,pedestrian,person,2,0.0,105.2,13.65,13.31,4.77,10.55,10.46,10.49,False
001198,Person_sitting,pedestrian,person,1,0.0,83.8,12.07,11.64,1.87,10.17,10.05,10.11,False
001198,Person_sitting,pedestrian,person,1,0.0,82.3,12.21,11.77,2.54,10.16,9.96,10.02,False
001198,Person_sitting,pedestrian,person,2,0.0,64.8,15.15,14.81,2.44,10.16,10.05,10.11,False
001203,Car,car,car,0,0.0,38.2,29.12,27.18,1.15,25.01,23.58,23.94,True
001203,Car,car,car,0,0.86,202.8,7.26,5.11,3.9,4.94,4.32,4.54,False
001203,Car,car,car,0,0.0,104.2,13.55,11.2,3.25,10.2,9.52,9.67,False
001203,Car,car,car,0,0.0,20.7,52.49,50.45,1.45,41.74,40.31,40.7,False
001203,Cyclist,cyclist,person,0,0.0,72.3,18.86,17.93,1.94,17.12,16.79,16.9,False
001208,Pedestrian,pedestrian,person,0,0.0,165.9,8.8,8.3,3.69,6.43,6.35,6.37,False
001212,Truck,truck,truck,0,0.0,59.0,48.8,43.4,0.0,45.42,44.73,44.95,True
001212,Car,car,car,1,0.0,36.0,38.07,35.82,16.22,32.67,31.35,31.64,False
001215,Car,car,car,0,0.0,120.6,11.13,10.04,1.78,8.8,8.2,8.43,False
001219,Car,car,car,0,0.0,36.5,35.13,33.06,3.39,28.58,27.98,28.16,False
001219,Car,car,car,0,0.0,18.7,58.95,56.93,3.72,48.25,44.22,45.13,False
001224,Car,car,car,3,0.6,153.3,10.08,7.84,4.63,6.68,5.78,6.06,False
001224,Car,car,car,1,0.0,72.2,19.35,17.37,2.05,16.63,16.28,16.38,False
001224,Car,car,car,2,0.0,38.8,31.72,29.58,6.59,23.37,21.49,22.08,False
001224,Car,car,car,1,0.0,27.7,49.02,47.03,18.23,41.02,37.67,39.28,False
001224,Car,car,car,0,0.52,168.3,5.57,3.73,0.61,3.69,3.28,3.44,True
001224,Car,car,car,1,0.0,63.4,27.61,25.45,10.84,23.52,22.49,22.84,False
001224,Car,car,car,1,0.0,149.9,9.77,7.42,0.0,7.77,7.29,7.44,True
001224,Car,car,car,1,0.0,93.7,14.11,12.03,0.0,12.71,12.16,12.34,True
001224,Car,car,car,2,0.0,94.7,16.54,14.75,7.19,12.74,11.94,12.23,False
001225,Car,car,car,1,0.0,36.6,31.54,29.69,1.48,31.07,28.08,28.6,False
001225,Car,car,car,2,0.0,50.9,26.28,24.79,7.08,22.63,19.34,21.57,False
001225,Pedestrian,pedestrian,person,0,0.0,123.8,11.34,10.82,4.41,10.41,10.12,10.29,False
001225,Car,car,car,0,0.0,32.9,35.05,33.1,0.59,32.9,31.92,32.39,True
001225,Car,car,car,0,0.0,140.2,10.82,8.62,3.08,7.93,7.26,7.42,False
001225,Truck,truck,truck,1,0.0,60.9,52.36,49.46,24.17,29.18,27.87,28.94,False
001237,Car,car,car,0,0.29,168.4,11.01,9.32,4.41,6.67,6.53,6.6,False
001237,Car,car,car,0,0.0,82.4,16.71,14.79,1.7,13.17,12.96,13.02,False
001237,Car,car,car,0,0.47,176.2,6.23,4.27,1.85,3.94,3.66,3.74,False
001237,Car,car,car,2,0.0,39.6,31.65,29.89,1.69,29.46,26.45,27.21,False
001237,Car,car,car,2,0.0,26.6,41.09,40.12,4.5,33.28,24.33,26.13,False
001237,Car,car,car,2,0.0,83.1,15.33,13.94,4.35,11.27,10.58,10.83,False
001237,Car,car,car,2,0.0,48.7,22.73,20.71,1.7,20.17,17.31,19.23,False
001238,Car,car,car,0,0.85,171.7,8.18,5.86,4.46,5.94,5.26,5.49,False
001238,Car,car,car,1,0.36,55.2,27.18,24.93,15.18,17.37,16.93,17.04,False
001238,Pedestrian,pedestrian,person,1,0.0,155.4,10.11,9.6,4.31,8.4,7.93,8.13,False
001238,Pedestrian,pedestrian,person,0,0.0,121.3,11.62,11.14,3.41,10.17,10.02,10.07,False
001238,Pedestrian,pedestrian,person,1,0.0,121.6,12.13,11.61,3.2,10.43,10.24,10.35,False
001239,Car,car,car,0,0.0,86.5,14.1,12.92,0.0,11.96,11.79,11.84,True
001240,Van,van,truck,1,0.38,222.2,12.73,9.88,6.2,8.34,7.24,7.76,False
001240,Car,car,car,0,0.0,71.4,17.76,15.57,0.34,15.67,15.44,15.5,True
001240,Car,car,car,0,0.0,174.2,8.39,6.55,2.33,5.79,5.44,5.52,False
001240,Car,car,car,0,0.0,31.8,34.65,32.93,5.53,31.72,31.21,31.4,False
001240,Car,car,car,0,0.0,38.1,29.27,28.15,0.0,28.08,27.58,27.69,True
001256,Pedestrian,pedestrian,person,0,0.0,143.0,9.75,9.34,3.32,7.49,7.44,7.45,False
001259,Van,van,car,0,0.0,22.6,62.8,60.53,0.0,59.17,53.48,56.22,True
001259,Car,car,car,0,0.0,64.5,19.25,17.01,2.49,16.2,15.7,15.83,False
001260,Car,car,car,0,0.0,163.7,9.51,7.8,2.57,6.92,6.55,6.68,False
001260,Car,car,car,1,0.54,136.4,12.98,11.0,6.6,8.44,7.97,8.13,False
001265,Car,car,car,2,0.0,22.8,49.03,48.13,2.45,32.99,26.5,30.91,False
001265,Car,car,car,0,0.0,41.8,27.03,25.89,2.42,21.77,21.52,21.64,False
001271,Car,car,car,0,0.0,122.8,11.65,9.41,2.86,8.97,8.43,8.5,False
001271,Car,car,car,1,0.0,20.0,55.1,52.87,2.2,50.37,47.04,48.57,False
001275,Car,car,car,1,0.0,33.7,33.09,31.15,7.75,33.75,32.53,33.08,False
001275,Car,car,car,1,0.0,33.1,35.98,33.76,11.04,34.09,31.78,32.36,False
001275,Car,car,car,0,0.0,27.5,45.48,43.66,0.0,47.06,45.97,46.35,True
001275,Car,car,car,1,0.0,19.1,56.71,54.65,7.92,60.63,55.76,57.25,False
001277,Car,car,car,0,0.0,74.5,18.15,16.19,1.5,15.92,15.56,15.67,False
001277,Car,car,car,1,0.0,29.5,49.22,47.06,0.99,44.67,42.5,43.42,True
001277,Car,car,car,0,0.88,163.4,4.64,2.7,1.65,3.21,2.62,2.8,False
001277,Car,car,car,1,0.0,83.5,16.28,14.52,2.11,14.29,13.41,13.76,False
001277,Car,car,car,2,0.0,43.8,28.29,26.55,1.92,24.66,22.24,23.09,False
001277,Car,car,car,1,0.0,138.9,10.18,8.47,1.79,8.47,8.15,8.23,False
001277,Car,car,car,2,0.0,35.6,33.16,31.2,1.69,31.09,28.29,29.86,False
001277,Car,car,car,2,0.0,58.7,21.6,19.75,1.77,20.02,18.52,19.39,False
001279,Pedestrian,pedestrian,person,0,0.0,157.8,10.1,9.62,3.3,7.89,7.75,7.79,False
001281,Truck,truck,bus,0,0.0,33.4,68.47,62.3,0.0,56.35,55.79,56.03,True
001281,Car,car,car,0,0.0,15.0,82.57,80.38,12.19,66.47,57.29,62.58,False
001281,Car,car,car,0,0.0,34.2,41.63,39.57,15.84,30.13,28.69,29.19,False
001286,Car,car,car,0,0.0,15.7,70.46,68.58,2.38,68.08,63.95,65.82,False
001286,Car,car,car,1,0.0,20.1,57.74,56.33,11.86,38.75,25.15,29.82,False
001291,Car,car,car,0,0.0,29.8,35.78,34.02,3.74,33.84,32.84,33.27,False
001291,Car,car,car,0,0.0,33.2,36.88,34.87,0.02,32.42,31.68,31.91,True
001296,Van,van,truck,1,0.0,82.6,21.31,18.79,8.82,15.03,14.15,14.5,False
001296,Car,car,car,1,0.0,25.6,46.17,43.91,9.83,39.09,37.25,38.03,False
001296,Car,car,car,0,0.0,26.7,46.81,44.99,0.15,46.26,45.03,45.47,True
001296,Car,car,car,0,0.0,35.2,35.86,33.56,2.62,30.84,30.53,30.61,False
001311,Car,car,car,0,0.0,70.3,17.7,15.7,1.73,15.05,14.82,14.9,False
001311,Car,car,car,0,0.89,195.8,4.7,2.68,1.88,2.61,2.01,2.22,False
001311,Car,car,car,0,0.0,144.5,9.87,7.92,2.15,7.77,7.1,7.27,False
001311,Car,car,car,1,0.0,191.4,8.23,6.74,1.89,6.29,5.75,5.96,False
001311,Car,car,car,2,0.0,55.3,22.79,20.84,1.78,21.25,17.11,18.92,False
001311,Car,car,car,2,0.0,35.2,32.92,30.84,1.59,29.73,26.27,28.05,False
001311,Car,car,car,0,0.0,23.6,49.52,47.69,0.0,47.69,45.24,45.93,True
001311,Car,car,car,1,0.0,32.5,41.48,39.87,15.82,24.14,22.44,22.86,False
001316,Car,car,car,0,0.0,65.2,19.61,18.01,0.0,16.56,16.42,16.47,True
001326,Car,car,car,1,0.0,34.3,32.37,30.62,2.9,31.65,30.53,30.82,False
001326,Car,car,car,0,0.0,56.9,22.21,20.6,0.0,20.89,20.71,20.78,True
001326,Car,car,car,0,0.0,39.9,39.67,37.68,18.54,29.96,29.11,29.42,False
001326,Car,car,car,1,0.0,27.0,44.76,42.54,18.66,35.84,34.02,34.46,False
001329,Car,car,car,0,0.0,26.4,47.43,45.61,0.13,47.13,45.21,45.96,True
001334,Pedestrian,pedestrian,person,1,0.0,94.3,15.56,15.07,7.43,10.47,10.25,10.33,False
001334,Pedestrian,pedestrian,person,0,0.0,95.8,15.75,15.26,8.28,11.65,11.36,11.5,False
001334,Cyclist,cyclist,person,3,0.0,43.6,28.85,28.05,6.94,26.04,24.6,24.9,False
001335,Car,car,car,0,0.0,34.0,31.98,29.8,2.69,33.08,28.41,29.65,False
001335,Car,car,car,0,0.0,31.1,39.24,37.9,6.02,34.36,33.18,33.71,False
001339,Car,car,car,0,0.8,170.8,6.47,4.44,2.65,3.68,3.18,3.35,False
001339,Car,car,car,0,0.0,42.3,29.09,26.85,8.76,25.45,24.94,25.11,False
001341,Car,car,car,0,0.0,52.9,23.73,22.09,0.0,21.22,20.8,20.92,True
001342,Car,car,car,1,0.0,30.4,47.01,45.87,23.81,30.12,29.58,29.79,False
001357,Pedestrian,pedestrian,person,0,0.0,133.2,10.12,9.51,0.0,8.93,8.73,8.77,True
001357,Pedestrian,pedestrian,person,0,0.0,132.4,10.96,10.33,1.51,9.51,9.2,9.31,False
001357,Pedestrian,pedestrian,person,0,0.0,115.9,11.14,10.58,0.97,9.49,9.31,9.37,True
001364,Car,car,car,0,0.0,30.4,38.76,36.81,12.87,32.13,30.53,31.0,False
001378,Truck,truck,bus,1,0.0,75.3,32.94,31.03,3.56,29.88,28.34,29.1,False
001378,Car,car,car,0,0.0,19.7,57.61,55.63,5.2,52.74,49.09,50.13,False
001378,Car,car,car,0,0.0,19.3,56.73,54.61,1.76,51.87,48.73,49.84,False
001378,Van,van,truck,1,0.0,74.7,20.6,18.66,4.14,18.95,17.7,18.19,False
001378,Pedestrian,pedestrian,person,0,0.0,98.1,14.06,13.62,4.9,12.63,12.39,12.54,False
001378,Car,car,car,1,0.0,26.4,47.22,45.35,18.17,34.13,33.25,33.61,False
001378,Car,car,car,2,0.0,16.6,63.57,61.57,4.18,51.33,49.15,49.88,False
001387,Car,car,car,2,0.0,19.5,72.55,70.23,12.83,54.08,49.23,51.31,False
001387,Truck,truck,train,0,0.0,40.6,57.36,51.14,0.0,45.78,45.38,45.57,True
001387,Car,car,car,0,0.0,31.8,39.57,37.07,12.96,31.46,29.22,29.91,False
001396,Car,car,car,0,0.0,46.0,23.41,21.72,0.0,21.66,21.22,21.38,True
001396,Car,car,car,0,0.0,23.6,52.48,50.39,11.15,47.56,44.47,45.62,False
001396,Van,van,car,3,0.0,32.1,50.37,48.16,1.71,53.37,35.14,39.41,False
001396,Car,car,car,2,0.0,35.7,32.82,31.01,0.0,46.63,30.53,33.15,True
001403,Car,car,car,0,0.0,36.7,29.21,27.48,1.77,28.14,27.25,27.47,False
001403,Car,car,car,0,0.0,81.0,15.88,13.8,2.53,12.96,12.77,12.84,False
001403,Car,car,car,2,0.0,26.1,42.78,40.67,5.84,44.41,39.22,42.22,False
001403,Truck,truck,truck,1,0.0,177.7,19.81,15.65,5.76,13.39,13.18,13.24,False
001413,Car,car,car,0,0.0,44.1,28.49,26.5,3.49,25.34,24.74,24.92,False
001413,Car,car,car,0,0.0,25.3,47.04,45.12,3.72,42.69,41.1,41.58,False
001413,Car,car,car,0,0.0,65.9,20.89,18.88,5.35,17.09,16.54,16.69,False
001413,Car,car,car,1,0.0,62.4,25.19,23.03,4.67,22.05,20.47,21.09,False
001420,Car,car,car,0,0.0,18.9,58.18,56.07,8.22,56.41,51.66,53.55,False
001420,Car,car,car,0,0.0,18.1,60.62,58.34,3.04,58.34,54.08,55.66,False
001431,Pedestrian,pedestrian,person,0,0.0,174.7,9.52,8.87,4.88,6.18,6.07,6.11,False
001432,Car,car,car,0,0.0,40.0,28.74,26.5,1.72,26.33,26.02,26.11,False
001448,Car,car,car,1,0.0,33.6,40.39,38.1,11.43,33.81,32.12,32.58,False
001448,Car,car,car,0,0.0,24.4,46.54,44.28,2.15,39.72,37.88,38.52,False
001448,Car,car,car,1,0.0,18.7,59.23,57.32,0.9,48.47,44.92,47.03,True
001448,Car,car,car,0,0.0,22.9,49.33,47.39,0.0,40.9,40.37,40.44,True
001449,Pedestrian,pedestrian,person,0,0.0,141.3,9.74,9.35,3.21,8.31,8.2,8.23,False
001457,Van,van,truck,0,0.0,179.0,16.9,13.32,6.18,11.32,9.82,10.34,False
001457,Car,car,car,1,0.0,18.4,64.67,62.43,8.32,56.98,52.98,54.8,False
001457,Van,van,truck,0,0.0,146.8,12.4,9.91,2.27,9.14,8.67,8.83,False
001457,Car,car,car,0,0.91,223.1,6.8,4.97,3.0,3.58,3.41,3.47,False
001457,Car,car,car,0,0.0,72.8,17.46,15.62,0.0,14.45,14.27,14.3,True
001457,Car,car,car,1,0.0,23.6,48.28,45.83,9.29,40.67,38.95,39.48,False
001457,Car,car,car,1,0.0,25.6,54.53,52.45,9.32,47.83,37.25,40.71,False
001457,Car,car,car,1,0.0,37.9,33.96,32.06,18.24,17.6,16.33,16.75,False
001457,Car,car,car,2,0.0,32.3,36.78,34.75,2.89,32.55,29.24,31.39,False
001457,Car,car,car,2,0.0,63.7,19.4,17.2,2.34,16.46,16.09,16.19,False
001460,Car,car,car,0,0.0,107.5,13.3,11.05,4.77,10.3,9.46,9.62,False
001460,Car,car,car,0,0.0,27.7,41.28,39.19,4.61,36.4,34.48,34.99,False
001460,Car,car,car,0,0.0,75.9,16.04,14.06,1.51,13.76,13.43,13.5,False
001460,Car,car,car,0,0.0,62.5,20.8,18.69,4.54,17.6,16.98,17.13,False
001460,Car,car,car,2,0.0,48.0,25.83,23.73,4.48,22.41,20.48,21.2,False
001471,Car,car,car,0,0.0,35.4,35.79,34.25,0.0,27.82,27.35,27.5,True
