frame,label,type,group,predicted_class,box_height_px,true_m,metric3d-v2-small-fp16_median,metric3d-v2-small-fp16_p10,metric3d-v2-small-fp16_p25
02_Hanns_Klemm_Str_44_000000_000090,05,"crate (gray, 2x stacked)",standard objects,obstacle,17.0,43.3,93.67,70.85,76.81
02_Hanns_Klemm_Str_44_000000_000110,05,"crate (gray, 2x stacked)",standard objects,obstacle,21.0,35.36,57.48,52.22,53.52
02_Hanns_Klemm_Str_44_000000_000120,05,"crate (gray, 2x stacked)",standard objects,obstacle,24.0,30.89,47.7,43.99,45.05
02_Hanns_Klemm_Str_44_000000_000130,05,"crate (gray, 2x stacked)",standard objects,box,29.0,26.44,37.1,35.97,36.41
02_Hanns_Klemm_Str_44_000000_000140,05,"crate (gray, 2x stacked)",standard objects,box,34.0,22.13,28.66,28.06,28.33
02_Hanns_Klemm_Str_44_000000_000150,05,"crate (gray, 2x stacked)",standard objects,box,44.0,18.09,22.2,21.92,21.99
02_Hanns_Klemm_Str_44_000000_000160,05,"crate (gray, 2x stacked)",standard objects,box,56.0,14.09,16.9,16.78,16.83
02_Hanns_Klemm_Str_44_000000_000170,05,"crate (gray, 2x stacked)",standard objects,obstacle,76.0,10.47,11.69,11.63,11.65
02_Hanns_Klemm_Str_44_000000_000180,05,"crate (gray, 2x stacked)",standard objects,box,120.0,7.16,7.9,7.83,7.85
02_Hanns_Klemm_Str_44_000001_000020,05,"crate (gray, 2x stacked)",standard objects,car,12.0,60.81,126.35,116.09,119.9
02_Hanns_Klemm_Str_44_000001_000100,05,"crate (gray, 2x stacked)",standard objects,car,18.0,44.2,83.21,76.87,79.13
02_Hanns_Klemm_Str_44_000001_000130,05,"crate (gray, 2x stacked)",standard objects,obstacle,22.0,35.13,73.55,62.48,65.11
02_Hanns_Klemm_Str_44_000001_000140,05,"crate (gray, 2x stacked)",standard objects,obstacle,25.0,31.16,63.22,54.24,56.49
02_Hanns_Klemm_Str_44_000001_000150,05,"crate (gray, 2x stacked)",standard objects,obstacle,28.0,27.29,44.3,41.78,42.76
02_Hanns_Klemm_Str_44_000001_000150,04,crate (gray),standard objects,obstacle,17.0,27.53,43.05,40.01,40.91
02_Hanns_Klemm_Str_44_000001_000160,05,"crate (gray, 2x stacked)",standard objects,box,33.0,23.13,31.15,30.54,30.7
02_Hanns_Klemm_Str_44_000001_000170,05,"crate (gray, 2x stacked)",standard objects,box,41.0,19.38,25.97,25.47,25.73
02_Hanns_Klemm_Str_44_000001_000170,04,crate (gray),standard objects,box,25.0,19.65,26.43,25.33,25.62
02_Hanns_Klemm_Str_44_000001_000180,05,"crate (gray, 2x stacked)",standard objects,obstacle,53.0,15.19,18.96,18.82,18.88
02_Hanns_Klemm_Str_44_000001_000180,04,crate (gray),standard objects,obstacle,32.0,15.51,18.79,18.46,18.59
02_Hanns_Klemm_Str_44_000001_000190,05,"crate (gray, 2x stacked)",standard objects,obstacle,72.0,11.46,13.49,13.38,13.42
02_Hanns_Klemm_Str_44_000001_000190,04,crate (gray),standard objects,box,44.0,11.63,13.25,13.09,13.15
02_Hanns_Klemm_Str_44_000001_000200,05,"crate (gray, 2x stacked)",standard objects,box,105.0,7.93,9.68,9.64,9.66
02_Hanns_Klemm_Str_44_000001_000200,04,crate (gray),standard objects,box,70.0,7.99,9.57,9.45,9.49
02_Hanns_Klemm_Str_44_000002_000130,01,crate (black),standard objects,obstacle,21.0,28.82,41.13,40.87,40.96
02_Hanns_Klemm_Str_44_000002_000140,01,crate (black),standard objects,obstacle,26.0,24.9,33.04,32.72,32.81
02_Hanns_Klemm_Str_44_000002_000150,01,crate (black),standard objects,obstacle,34.0,20.54,26.87,26.49,26.64
02_Hanns_Klemm_Str_44_000002_000160,02,"crate (black, 2x stacked)",standard objects,box,87.0,15.94,20.54,20.37,20.43
02_Hanns_Klemm_Str_44_000002_000160,01,crate (black),standard objects,box,42.0,16.07,20.46,20.25,20.33
02_Hanns_Klemm_Str_44_000002_000170,02,"crate (black, 2x stacked)",standard objects,traffic barricade,120.0,11.89,14.28,14.16,14.23
02_Hanns_Klemm_Str_44_000002_000170,01,crate (black),standard objects,obstacle,59.0,12.01,14.31,14.11,14.22
02_Hanns_Klemm_Str_44_000002_000180,02,"crate (black, 2x stacked)",standard objects,traffic barricade,172.0,8.2,10.26,10.13,10.21
02_Hanns_Klemm_Str_44_000002_000180,01,crate (black),standard objects,obstacle,87.0,8.27,10.05,9.94,9.99
02_Hanns_Klemm_Str_44_000003_000100,20,tire,random hazards,obstacle,15.0,39.29,69.5,61.58,63.8
02_Hanns_Klemm_Str_44_000003_000110,20,tire,random hazards,obstacle,17.0,36.09,64.7,59.11,60.59
02_Hanns_Klemm_Str_44_000003_000120,20,tire,random hazards,obstacle,19.0,30.76,46.66,44.07,45.04
02_Hanns_Klemm_Str_44_000003_000130,20,tire,random hazards,obstacle,22.0,26.6,38.11,36.02,36.68
02_Hanns_Klemm_Str_44_000003_000140,34,styrofoam,random hazards,obstacle,19.0,22.25,29.77,28.15,28.65
02_Hanns_Klemm_Str_44_000003_000150,20,tire,random hazards,obstacle,36.0,17.27,20.98,20.61,20.71
02_Hanns_Klemm_Str_44_000003_000150,34,styrofoam,random hazards,obstacle,25.0,17.54,21.56,20.86,21.09
02_Hanns_Klemm_Str_44_000003_000160,20,tire,random hazards,obstacle,50.0,12.73,14.72,14.48,14.57
02_Hanns_Klemm_Str_44_000003_000160,34,styrofoam,random hazards,obstacle,37.0,13.05,15.55,15.16,15.26
02_Hanns_Klemm_Str_44_000003_000170,20,tire,random hazards,obstacle,79.0,8.62,9.43,9.28,9.32
02_Hanns_Klemm_Str_44_000003_000170,34,styrofoam,random hazards,box,57.0,8.85,9.82,9.65,9.69
02_Hanns_Klemm_Str_44_000005_000140,08,cardboard box,random hazards,obstacle,25.0,24.19,30.42,29.64,29.92
02_Hanns_Klemm_Str_44_000005_000150,08,cardboard box,random hazards,obstacle,30.0,20.45,24.7,24.24,24.38
02_Hanns_Klemm_Str_44_000005_000160,08,cardboard box,random hazards,box,37.0,16.67,18.8,18.47,18.57
02_Hanns_Klemm_Str_44_000005_000170,08,cardboard box,random hazards,box,47.0,12.98,14.18,13.98,14.06
02_Hanns_Klemm_Str_44_000005_000180,08,cardboard box,random hazards,box,63.0,9.69,10.17,10.08,10.11
02_Hanns_Klemm_Str_44_000005_000190,08,cardboard box,random hazards,box,96.0,6.74,7.29,7.19,7.22
02_Hanns_Klemm_Str_44_000006_000160,08,cardboard box,random hazards,obstacle,32.0,17.87,18.85,18.52,18.68
02_Hanns_Klemm_Str_44_000006_000170,08,cardboard box,random hazards,box,39.0,14.29,15.15,14.93,15.04
02_Hanns_Klemm_Str_44_000006_000180,08,cardboard box,random hazards,box,55.0,10.69,11.46,11.33,11.39
02_Hanns_Klemm_Str_44_000006_000180,13,exhaust pipe,random hazards,bicycle,71.0,11.04,11.78,11.35,11.46
02_Hanns_Klemm_Str_44_000006_000190,13,exhaust pipe,random hazards,motorcycle,113.0,7.59,8.86,8.47,8.59
02_Hanns_Klemm_Str_44_000006_000190,08,cardboard box,random hazards,box,82.0,7.34,9.31,8.41,8.59
02_Hanns_Klemm_Str_44_000007_000150,20,tire,random hazards,obstacle,17.0,34.94,17.75,16.94,17.3
02_Hanns_Klemm_Str_44_000007_000190,20,tire,random hazards,obstacle,25.0,23.46,51.84,46.95,48.46
02_Hanns_Klemm_Str_44_000007_000200,20,tire,random hazards,obstacle,30.0,20.28,21.15,20.91,20.97
02_Hanns_Klemm_Str_44_000007_000210,20,tire,random hazards,obstacle,36.0,17.09,17.57,17.36,17.44
02_Hanns_Klemm_Str_44_000007_000220,20,tire,random hazards,obstacle,43.0,13.72,14.25,14.11,14.14
02_Hanns_Klemm_Str_44_000007_000230,20,tire,random hazards,obstacle,62.0,10.22,10.8,10.62,10.68
02_Hanns_Klemm_Str_44_000007_000240,20,tire,random hazards,obstacle,95.0,7.22,9.39,8.21,8.42
02_Hanns_Klemm_Str_44_000008_000150,20,tire,random hazards,obstacle,21.0,30.6,35.2,34.01,34.43
02_Hanns_Klemm_Str_44_000008_000160,20,tire,random hazards,obstacle,21.0,26.35,29.85,29.16,29.4
02_Hanns_Klemm_Str_44_000008_000170,20,tire,random hazards,obstacle,26.0,22.88,25.51,25.18,25.34
02_Hanns_Klemm_Str_44_000008_000210,20,tire,random hazards,obstacle,80.0,8.44,9.74,9.37,9.45
02_Hanns_Klemm_Str_44_000009_000020,02,"crate (black, 2x stacked)",standard objects,traffic cone,20.0,67.22,79.79,75.63,77.19
02_Hanns_Klemm_Str_44_000009_000030,02,"crate (black, 2x stacked)",standard objects,traffic cone,20.0,64.53,91.96,84.96,87.48
02_Hanns_Klemm_Str_44_000009_000040,02,"crate (black, 2x stacked)",standard objects,traffic cone,20.0,64.27,99.57,87.99,92.1
02_Hanns_Klemm_Str_44_000009_000090,02,"crate (black, 2x stacked)",standard objects,traffic barricade,23.0,58.71,81.93,70.95,74.02
02_Hanns_Klemm_Str_44_000009_000100,02,"crate (black, 2x stacked)",standard objects,bicycle,25.0,54.7,69.34,64.64,65.73
02_Hanns_Klemm_Str_44_000009_000120,02,"crate (black, 2x stacked)",standard objects,traffic barricade,29.0,48.38,63.15,55.9,57.28
02_Hanns_Klemm_Str_44_000009_000130,02,"crate (black, 2x stacked)",standard objects,traffic barricade,30.0,44.14,58.08,53.98,54.86
02_Hanns_Klemm_Str_44_000009_000180,02,"crate (black, 2x stacked)",standard objects,construction barrier,52.0,26.13,29.88,29.07,29.57
02_Hanns_Klemm_Str_44_000009_000180,01,crate (black),standard objects,obstacle,27.0,26.49,31.15,30.38,30.66
02_Hanns_Klemm_Str_44_000009_000190,02,"crate (black, 2x stacked)",standard objects,obstacle,65.0,22.58,24.49,24.26,24.39
02_Hanns_Klemm_Str_44_000009_000190,01,crate (black),standard objects,box,31.0,22.63,26.53,26.16,26.29
02_Hanns_Klemm_Str_44_000009_000200,02,"crate (black, 2x stacked)",standard objects,obstacle,78.0,17.93,19.35,19.09,19.26
02_Hanns_Klemm_Str_44_000009_000200,01,crate (black),standard objects,box,38.0,18.04,20.36,20.12,20.22
02_Hanns_Klemm_Str_44_000009_000210,02,"crate (black, 2x stacked)",standard objects,obstacle,103.0,13.54,14.38,13.93,14.2
02_Hanns_Klemm_Str_44_000009_000210,01,crate (black),standard objects,obstacle,52.0,13.69,15.04,14.98,15.0
02_Hanns_Klemm_Str_44_000009_000220,02,"crate (black, 2x stacked)",standard objects,traffic barricade,147.0,9.63,10.0,9.82,9.88
02_Hanns_Klemm_Str_44_000009_000220,01,crate (black),standard objects,obstacle,75.0,9.7,10.51,10.37,10.43
02_Hanns_Klemm_Str_44_000009_000230,02,"crate (black, 2x stacked)",standard objects,box,227.0,6.35,6.86,6.69,6.73
02_Hanns_Klemm_Str_44_000009_000230,01,crate (black),standard objects,box,117.0,6.48,6.93,6.85,6.89
02_Hanns_Klemm_Str_44_000010_000170,05,"crate (gray, 2x stacked)",standard objects,box,30.0,23.53,28.63,27.35,27.86
02_Hanns_Klemm_Str_44_000010_000180,05,"crate (gray, 2x stacked)",standard objects,obstacle,39.0,19.59,22.88,22.32,22.46
02_Hanns_Klemm_Str_44_000010_000190,05,"crate (gray, 2x stacked)",standard objects,box,50.0,15.6,16.87,16.75,16.77
02_Hanns_Klemm_Str_44_000010_000190,04,crate (gray),standard objects,box,30.0,15.8,17.38,17.21,17.3
02_Hanns_Klemm_Str_44_000010_000200,04,crate (gray),standard objects,box,43.0,11.64,12.39,12.24,12.3
02_Hanns_Klemm_Str_44_000010_000200,05,"crate (gray, 2x stacked)",standard objects,box,66.0,11.48,12.03,11.95,11.99
02_Hanns_Klemm_Str_44_000010_000210,05,"crate (gray, 2x stacked)",standard objects,box,108.0,7.7,8.32,8.23,8.27
02_Hanns_Klemm_Str_44_000010_000210,04,crate (gray),standard objects,box,73.0,7.86,8.56,8.46,8.51
02_Hanns_Klemm_Str_44_000011_000200,23,dog (black),emotional hazards,bicycle,46.0,21.3,36.28,30.27,32.41
02_Hanns_Klemm_Str_44_000011_000210,23,dog (black),emotional hazards,dog,57.0,18.03,30.71,28.81,29.65
02_Hanns_Klemm_Str_44_000011_000220,23,dog (black),emotional hazards,dog,71.0,14.78,18.65,17.57,17.9
02_Hanns_Klemm_Str_44_000011_000230,23,dog (black),emotional hazards,dog,90.0,11.62,13.67,13.03,13.37
02_Hanns_Klemm_Str_44_000011_000240,23,dog (black),emotional hazards,dog,118.0,8.99,10.57,9.76,10.28
02_Hanns_Klemm_Str_44_000012_000180,24,dog (white),emotional hazards,dog,31.0,22.21,29.76,23.91,25.55
02_Hanns_Klemm_Str_44_000012_000190,24,dog (white),emotional hazards,dog,47.0,17.9,21.13,19.46,20.05
02_Hanns_Klemm_Str_44_000012_000200,24,dog (white),emotional hazards,dog,59.0,13.31,14.5,13.96,14.19
02_Hanns_Klemm_Str_44_000013_000050,26,bobby car (gray),emotional hazards,car,15.0,62.94,103.44,94.5,96.78
02_Hanns_Klemm_Str_44_000013_000090,26,bobby car (gray),emotional hazards,car,16.0,59.69,96.53,84.05,87.34
02_Hanns_Klemm_Str_44_000013_000100,26,bobby car (gray),emotional hazards,car,17.0,54.49,73.47,71.79,72.13
02_Hanns_Klemm_Str_44_000013_000110,26,bobby car (gray),emotional hazards,car,16.0,51.04,80.2,72.4,74.84
02_Hanns_Klemm_Str_44_000013_000120,26,bobby car (gray),emotional hazards,car,18.0,48.53,82.7,75.73,77.35
02_Hanns_Klemm_Str_44_000013_000130,26,bobby car (gray),emotional hazards,car,19.0,44.62,91.83,73.95,76.23
02_Hanns_Klemm_Str_44_000013_000140,26,bobby car (gray),emotional hazards,car,21.0,41.95,69.31,62.77,64.87
02_Hanns_Klemm_Str_44_000013_000150,26,bobby car (gray),emotional hazards,car,24.0,37.61,53.14,50.21,51.02
02_Hanns_Klemm_Str_44_000013_000160,26,bobby car (gray),emotional hazards,motorcycle,27.0,34.79,46.31,44.46,45.2
02_Hanns_Klemm_Str_44_000013_000170,26,bobby car (gray),emotional hazards,motorcycle,30.0,30.93,38.45,37.56,37.81
02_Hanns_Klemm_Str_44_000013_000180,26,bobby car (gray),emotional hazards,motorcycle,33.0,26.95,34.92,33.55,33.99
02_Hanns_Klemm_Str_44_000013_000190,26,bobby car (gray),emotional hazards,motorcycle,40.0,22.91,28.75,27.76,28.12
02_Hanns_Klemm_Str_44_000013_000200,26,bobby car (gray),emotional hazards,motorcycle,50.0,19.21,24.15,23.57,23.75
02_Hanns_Klemm_Str_44_000013_000210,26,bobby car (gray),emotional hazards,motorcycle,61.0,15.55,20.02,19.58,19.81
02_Hanns_Klemm_Str_44_000013_000220,26,bobby car (gray),emotional hazards,motorcycle,81.0,12.05,13.13,12.98,13.03
02_Hanns_Klemm_Str_44_000013_000230,26,bobby car (gray),emotional hazards,motorcycle,112.0,8.87,10.01,9.8,9.95
02_Hanns_Klemm_Str_44_000014_000130,27,bobby car (red),emotional hazards,car,18.0,45.05,64.99,61.13,63.07
02_Hanns_Klemm_Str_44_000014_000160,27,bobby car (red),emotional hazards,car,25.0,33.43,40.71,39.24,39.66
02_Hanns_Klemm_Str_44_000014_000170,27,bobby car (red),emotional hazards,car,30.0,29.11,45.86,36.34,39.92
02_Hanns_Klemm_Str_44_000014_000180,27,bobby car (red),emotional hazards,car,36.0,25.13,29.69,27.56,28.18
02_Hanns_Klemm_Str_44_000014_000190,27,bobby car (red),emotional hazards,dog,44.0,21.31,22.15,21.23,21.37
02_Hanns_Klemm_Str_44_000014_000200,27,bobby car (red),emotional hazards,motorcycle,56.0,17.55,17.19,16.58,16.84
02_Hanns_Klemm_Str_44_000014_000210,27,bobby car (red),emotional hazards,motorcycle,72.0,13.71,15.38,14.98,15.12
02_Hanns_Klemm_Str_44_000014_000220,27,bobby car (red),emotional hazards,motorcycle,94.0,10.26,10.93,10.5,10.59
02_Hanns_Klemm_Str_44_000015_000140,27,bobby car (red),emotional hazards,person,26.0,32.17,29.78,27.33,28.17
02_Hanns_Klemm_Str_44_000015_000150,27,bobby car (red),emotional hazards,dog,35.0,28.26,27.31,25.74,26.16
02_Hanns_Klemm_Str_44_000015_000160,27,bobby car (red),emotional hazards,dog,39.0,24.97,24.38,23.71,23.88
02_Hanns_Klemm_Str_44_000015_000170,27,bobby car (red),emotional hazards,dog,47.0,21.07,21.0,20.56,20.71
02_Hanns_Klemm_Str_44_000015_000180,27,bobby car (red),emotional hazards,car,56.0,17.83,17.09,16.75,16.87
02_Hanns_Klemm_Str_44_000015_000190,27,bobby car (red),emotional hazards,motorcycle,67.0,14.14,13.18,12.96,13.06
02_Hanns_Klemm_Str_44_000015_000200,27,bobby car (red),emotional hazards,car,93.0,10.82,10.35,10.2,10.25
02_Hanns_Klemm_Str_44_000015_000210,27,bobby car (red),emotional hazards,car,128.0,7.71,8.2,7.9,8.05
02_Hanns_Klemm_Str_44_000016_000120,26,bobby car (gray),emotional hazards,dog,37.0,25.79,21.81,21.34,21.43
02_Hanns_Klemm_Str_44_000016_000130,26,bobby car (gray),emotional hazards,dog,43.0,22.69,19.31,18.89,19.04
02_Hanns_Klemm_Str_44_000016_000140,26,bobby car (gray),emotional hazards,motorcycle,55.0,19.06,17.23,16.86,16.94
02_Hanns_Klemm_Str_44_000016_000150,26,bobby car (gray),emotional hazards,car,64.0,15.65,14.92,14.75,14.81
02_Hanns_Klemm_Str_44_000016_000160,26,bobby car (gray),emotional hazards,car,81.0,12.22,11.46,11.27,11.33
02_Hanns_Klemm_Str_44_000016_000170,26,bobby car (gray),emotional hazards,car,105.0,9.07,8.78,8.63,8.67
02_Hanns_Klemm_Str_44_000016_000180,26,bobby car (gray),emotional hazards,car,156.0,6.4,6.71,6.46,6.55
02_Hanns_Klemm_Str_44_000017_000100,23,dog (black),emotional hazards,dog,28.0,34.64,28.99,26.92,27.59
02_Hanns_Klemm_Str_44_000017_000110,23,dog (black),emotional hazards,dog,34.0,30.94,27.12,25.4,25.72
02_Hanns_Klemm_Str_44_000017_000120,23,dog (black),emotional hazards,dog,39.0,26.67,24.13,23.35,23.59
02_Hanns_Klemm_Str_44_000017_000130,23,dog (black),emotional hazards,dog,45.0,22.98,20.59,19.91,20.15
02_Hanns_Klemm_Str_44_000017_000140,23,dog (black),emotional hazards,dog,55.0,19.01,18.0,17.61,17.76
02_Hanns_Klemm_Str_44_000017_000150,23,dog (black),emotional hazards,dog,69.0,15.04,14.25,14.0,14.1
02_Hanns_Klemm_Str_44_000017_000160,23,dog (black),emotional hazards,dog,92.0,11.45,11.06,10.82,10.9
02_Hanns_Klemm_Str_44_000017_000170,23,dog (black),emotional hazards,dog,132.0,7.92,7.97,7.79,7.88
02_Hanns_Klemm_Str_44_000018_000130,24,dog (white),emotional hazards,dog,23.0,35.56,31.38,28.97,29.73
02_Hanns_Klemm_Str_44_000018_000140,24,dog (white),emotional hazards,dog,25.0,31.41,30.94,28.31,29.31
02_Hanns_Klemm_Str_44_000018_000150,24,dog (white),emotional hazards,dog,30.0,27.73,28.44,26.7,27.3
02_Hanns_Klemm_Str_44_000018_000160,24,dog (white),emotional hazards,dog,33.0,24.1,24.68,23.08,23.5
02_Hanns_Klemm_Str_44_000018_000170,24,dog (white),emotional hazards,dog,38.0,20.61,20.26,19.68,19.86
02_Hanns_Klemm_Str_44_000018_000180,24,dog (white),emotional hazards,dog,44.0,16.97,16.38,15.96,16.12
02_Hanns_Klemm_Str_44_000018_000190,24,dog (white),emotional hazards,dog,58.0,13.84,13.66,13.34,13.42
02_Hanns_Klemm_Str_44_000018_000200,24,dog (white),emotional hazards,dog,75.0,10.4,9.98,9.91,9.94
02_Hanns_Klemm_Str_44_000018_000210,24,dog (white),emotional hazards,dog,112.0,6.94,7.01,6.9,6.95
04_Maurener_Weg_8_000000_000130,05,"crate (gray, 2x stacked)",standard objects,obstacle,26.0,34.75,35.0,32.88,33.36
04_Maurener_Weg_8_000000_000130,06,"crate (gray, upright)",standard objects,construction barrier,44.0,32.38,30.31,29.14,29.29
04_Maurener_Weg_8_000000_000140,04,crate (gray),standard objects,construction barrier,28.0,20.67,21.77,20.73,20.96
04_Maurener_Weg_8_000000_000140,06,"crate (gray, upright)",standard objects,construction barrier,51.0,28.35,28.59,27.2,27.45
04_Maurener_Weg_8_000000_000150,04,crate (gray),standard objects,obstacle,35.0,16.61,17.24,16.89,16.99
04_Maurener_Weg_8_000000_000160,04,crate (gray),standard objects,obstacle,41.0,12.79,13.77,13.42,13.54
04_Maurener_Weg_8_000000_000160,05,"crate (gray, 2x stacked)",standard objects,obstacle,40.0,22.6,22.75,22.05,22.28
04_Maurener_Weg_8_000000_000170,04,crate (gray),standard objects,box,65.0,9.15,9.89,9.65,9.75
04_Maurener_Weg_8_000000_000170,05,"crate (gray, 2x stacked)",standard objects,obstacle,45.0,18.5,19.92,19.54,19.68
04_Maurener_Weg_8_000000_000170,06,"crate (gray, upright)",standard objects,construction barrier,90.0,15.98,16.48,16.22,16.3
04_Maurener_Weg_8_000000_000180,05,"crate (gray, 2x stacked)",standard objects,obstacle,56.0,15.01,16.69,16.44,16.55
04_Maurener_Weg_8_000000_000180,06,"crate (gray, upright)",standard objects,construction barrier,110.0,12.63,13.26,13.18,13.21
04_Maurener_Weg_8_000000_000190,05,"crate (gray, 2x stacked)",standard objects,obstacle,70.0,12.06,12.37,12.16,12.22
04_Maurener_Weg_8_000000_000190,06,"crate (gray, upright)",standard objects,construction barrier,150.0,9.65,9.84,9.76,9.79
04_Maurener_Weg_8_000000_000200,05,"crate (gray, 2x stacked)",standard objects,obstacle,92.0,9.71,9.99,9.78,9.88
04_Maurener_Weg_8_000000_000200,06,"crate (gray, upright)",standard objects,obstacle,201.0,7.22,7.42,7.3,7.37
04_Maurener_Weg_8_000001_000190,03,"crate (black, upright)",standard objects,bicycle,67.0,10.43,10.75,10.62,10.67
04_Maurener_Weg_8_000001_000190,02,"crate (black, 2x stacked)",standard objects,obstacle,71.0,16.08,16.21,16.12,16.17
04_Maurener_Weg_8_000001_000200,03,"crate (black, upright)",standard objects,obstacle,110.0,6.65,7.07,6.99,7.04
04_Maurener_Weg_8_000001_000200,03,"crate (black, upright)",standard objects,obstacle,38.0,18.1,19.69,19.58,19.62
04_Maurener_Weg_8_000001_000210,03,"crate (black, upright)",standard objects,obstacle,48.0,14.97,16.29,16.11,16.21
04_Maurener_Weg_8_000001_000210,02,"crate (black, 2x stacked)",standard objects,obstacle,122.0,9.33,9.35,9.24,9.29
04_Maurener_Weg_8_000002_000050,06,"crate (gray, upright)",standard objects,construction barrier,34.0,45.4,54.22,49.36,52.25
04_Maurener_Weg_8_000002_000070,06,"crate (gray, upright)",standard objects,construction barrier,37.0,40.05,48.49,44.55,46.27
04_Maurener_Weg_8_000002_000100,04,crate (gray),standard objects,obstacle,24.0,19.19,20.1,19.83,19.94
04_Maurener_Weg_8_000002_000100,05,"crate (gray, 2x stacked)",standard objects,box,34.0,21.35,21.47,21.07,21.2
04_Maurener_Weg_8_000002_000110,04,crate (gray),standard objects,box,32.0,15.37,15.62,15.49,15.57
04_Maurener_Weg_8_000002_000110,05,"crate (gray, 2x stacked)",standard objects,box,43.0,18.0,17.38,17.25,17.29
04_Maurener_Weg_8_000002_000110,06,"crate (gray, upright)",standard objects,traffic barricade,57.0,24.03,24.68,23.79,23.94
04_Maurener_Weg_8_000002_000120,04,crate (gray),standard objects,box,39.0,11.76,12.34,12.17,12.25
04_Maurener_Weg_8_000002_000120,05,"crate (gray, 2x stacked)",standard objects,box,58.0,14.18,14.01,13.93,13.95
04_Maurener_Weg_8_000002_000130,04,crate (gray),standard objects,obstacle,64.0,8.39,8.64,8.54,8.55
04_Maurener_Weg_8_000002_000130,05,"crate (gray, 2x stacked)",standard objects,box,74.0,10.93,11.11,11.02,11.06
04_Maurener_Weg_8_000002_000130,06,"crate (gray, upright)",standard objects,obstacle,85.0,16.67,17.17,17.07,17.13
04_Maurener_Weg_8_000002_000140,05,"crate (gray, 2x stacked)",standard objects,box,102.0,8.19,8.47,8.42,8.44
04_Maurener_Weg_8_000002_000140,06,"crate (gray, upright)",standard objects,obstacle,96.0,13.97,14.63,14.52,14.57
04_Maurener_Weg_8_000002_000150,05,"crate (gray, 2x stacked)",standard objects,box,130.0,6.5,6.75,6.67,6.71
04_Maurener_Weg_8_000002_000150,06,"crate (gray, upright)",standard objects,obstacle,112.0,12.11,12.66,12.57,12.63
04_Maurener_Weg_8_000003_000010,02,"crate (black, 2x stacked)",standard objects,bucket,30.0,38.22,41.18,40.26,40.4
04_Maurener_Weg_8_000003_000040,02,"crate (black, 2x stacked)",standard objects,bucket,31.0,36.01,36.13,35.43,35.57
04_Maurener_Weg_8_000003_000060,03,"crate (black, upright)",standard objects,obstacle,26.0,26.12,28.03,27.52,27.67
04_Maurener_Weg_8_000003_000060,02,"crate (black, 2x stacked)",standard objects,box,35.0,31.34,32.44,31.51,31.85
04_Maurener_Weg_8_000003_000070,02,"crate (black, 2x stacked)",standard objects,box,37.0,28.18,27.21,26.97,27.05
04_Maurener_Weg_8_000003_000070,03,"crate (black, upright)",standard objects,box,31.0,23.02,23.23,22.62,22.9
04_Maurener_Weg_8_000003_000080,03,"crate (black, upright)",standard objects,box,36.0,19.89,20.27,19.88,20.06
04_Maurener_Weg_8_000003_000080,02,"crate (black, 2x stacked)",standard objects,box,43.0,25.15,24.77,24.18,24.36
04_Maurener_Weg_8_000003_000090,03,"crate (black, upright)",standard objects,obstacle,42.0,16.64,17.17,16.99,17.07
04_Maurener_Weg_8_000003_000090,02,"crate (black, 2x stacked)",standard objects,box,49.0,21.29,21.68,21.36,21.5
04_Maurener_Weg_8_000003_000100,03,"crate (black, upright)",standard objects,box,55.0,12.72,13.07,12.98,13.01
04_Maurener_Weg_8_000003_000100,02,"crate (black, 2x stacked)",standard objects,box,59.0,17.92,17.8,17.64,17.73
04_Maurener_Weg_8_000003_000100,01,crate (black),standard objects,obstacle,30.0,25.44,25.8,25.56,25.64
04_Maurener_Weg_8_000003_000110,03,"crate (black, upright)",standard objects,box,76.0,9.28,9.76,9.64,9.69
04_Maurener_Weg_8_000003_000110,02,"crate (black, 2x stacked)",standard objects,box,75.0,14.19,14.45,14.3,14.36
04_Maurener_Weg_8_000003_000120,02,"crate (black, 2x stacked)",standard objects,obstacle,93.0,11.11,11.55,11.4,11.46
04_Maurener_Weg_8_000003_000120,01,crate (black),standard objects,bucket,40.0,18.92,19.75,19.58,19.66
04_Maurener_Weg_8_000003_000130,02,"crate (black, 2x stacked)",standard objects,box,122.0,8.62,8.69,8.61,8.64
04_Maurener_Weg_8_000003_000130,01,crate (black),standard objects,box,50.0,16.18,16.66,16.57,16.6
04_Maurener_Weg_8_000003_000140,02,"crate (black, 2x stacked)",standard objects,box,153.0,6.94,7.0,6.91,6.97
04_Maurener_Weg_8_000003_000140,01,crate (black),standard objects,obstacle,58.0,14.57,15.12,14.93,15.06
04_Maurener_Weg_8_000004_000160,21,ball,emotional hazards,ball,40.0,14.07,15.27,14.9,15.02
04_Maurener_Weg_8_000004_000190,15,euro pallet,random hazards,obstacle,46.0,14.7,15.92,14.94,15.29
04_Maurener_Weg_8_000004_000200,15,euro pallet,random hazards,obstacle,60.0,11.23,11.75,11.26,11.43
04_Maurener_Weg_8_000004_000210,15,euro pallet,random hazards,traffic barricade,93.0,8.47,8.81,8.33,8.53
04_Maurener_Weg_8_000005_000050,16,pylon,random hazards,traffic cone,16.0,47.6,51.95,48.05,49.58
04_Maurener_Weg_8_000005_000070,16,pylon,random hazards,traffic cone,15.0,44.71,56.17,50.53,52.55
04_Maurener_Weg_8_000005_000090,18,pylon (white),random hazards,traffic cone,22.0,39.46,47.68,43.99,45.38
04_Maurener_Weg_8_000005_000100,18,pylon (white),random hazards,traffic cone,22.0,36.82,47.9,41.72,43.62
04_Maurener_Weg_8_000005_000100,16,pylon,random hazards,traffic cone,19.0,40.77,48.63,42.23,44.01
04_Maurener_Weg_8_000005_000110,18,pylon (white),random hazards,traffic cone,24.0,34.89,41.57,38.07,39.1
04_Maurener_Weg_8_000005_000110,16,pylon,random hazards,traffic cone,20.0,37.73,40.87,36.12,37.42
04_Maurener_Weg_8_000005_000120,18,pylon (white),random hazards,traffic cone,25.0,31.58,38.61,35.25,36.26
04_Maurener_Weg_8_000005_000120,16,pylon,random hazards,traffic cone,20.0,34.7,39.5,36.51,37.5
04_Maurener_Weg_8_000005_000130,18,pylon (white),random hazards,traffic cone,28.0,28.31,36.35,32.65,33.67
04_Maurener_Weg_8_000005_000130,16,pylon,random hazards,traffic cone,20.0,31.33,34.09,30.7,31.52
04_Maurener_Weg_8_000005_000140,18,pylon (white),random hazards,traffic cone,32.0,25.37,31.47,29.29,30.06
04_Maurener_Weg_8_000005_000140,16,pylon,random hazards,traffic cone,25.0,27.77,29.89,28.47,28.93
04_Maurener_Weg_8_000005_000150,18,pylon (white),random hazards,traffic cone,38.0,21.77,24.67,23.56,24.05
04_Maurener_Weg_8_000005_000150,16,pylon,random hazards,traffic cone,30.0,24.51,25.5,24.35,24.66
04_Maurener_Weg_8_000005_000160,18,pylon (white),random hazards,traffic cone,43.0,18.04,20.07,18.71,19.07
04_Maurener_Weg_8_000005_000160,16,pylon,random hazards,traffic cone,35.0,20.54,20.8,20.0,20.32
04_Maurener_Weg_8_000005_000170,18,pylon (white),random hazards,traffic cone,57.0,14.29,15.87,15.37,15.57
04_Maurener_Weg_8_000005_000170,16,pylon,random hazards,traffic cone,44.0,16.79,17.12,16.42,16.61
04_Maurener_Weg_8_000005_000180,16,pylon,random hazards,traffic cone,52.0,13.88,14.36,13.87,14.04
04_Maurener_Weg_8_000005_000180,18,pylon (white),random hazards,traffic cone,70.0,11.34,12.38,12.09,12.23
04_Maurener_Weg_8_000005_000190,18,pylon (white),random hazards,traffic cone,87.0,9.25,9.89,9.72,9.8
04_Maurener_Weg_8_000005_000190,16,pylon,random hazards,traffic cone,61.0,11.81,12.12,11.85,11.95
04_Maurener_Weg_8_000005_000200,18,pylon (white),random hazards,traffic cone,96.0,8.06,8.67,8.49,8.57
04_Maurener_Weg_8_000005_000200,16,pylon,random hazards,traffic cone,72.0,10.58,10.93,10.71,10.77
04_Maurener_Weg_8_000006_000090,18,pylon (white),random hazards,ball,20.0,30.45,34.25,31.68,32.61
04_Maurener_Weg_8_000006_000100,18,pylon (white),random hazards,ball,24.0,26.46,30.79,28.41,29.24
04_Maurener_Weg_8_000006_000110,18,pylon (white),random hazards,person,29.0,22.5,24.95,23.94,24.25
04_Maurener_Weg_8_000006_000130,18,pylon (white),random hazards,traffic cone,38.0,14.28,14.88,14.48,14.63
04_Maurener_Weg_8_000006_000150,18,pylon (white),random hazards,traffic cone,63.0,8.48,8.94,8.71,8.82
04_Maurener_Weg_8_000007_000120,21,ball,emotional hazards,ball,22.0,22.85,24.95,24.03,24.25
04_Maurener_Weg_8_000007_000140,21,ball,emotional hazards,ball,36.0,13.87,14.66,14.51,14.55
04_Maurener_Weg_8_000007_000150,25,kid dummy,emotional hazards,motorcycle,35.0,10.28,11.12,10.88,10.98
04_Maurener_Weg_8_000007_000160,25,kid dummy,emotional hazards,motorcycle,48.0,7.37,8.36,8.17,8.24
04_Maurener_Weg_8_000007_000160,21,ball,emotional hazards,ball,68.0,7.21,8.24,8.15,8.17
04_Maurener_Weg_8_000007_000170,25,kid dummy,emotional hazards,person,66.0,5.56,6.36,6.22,6.27
04_Maurener_Weg_8_000007_000170,21,ball,emotional hazards,ball,94.0,5.37,6.26,6.22,6.23
04_Maurener_Weg_8_000008_000090,11,crate (green),random hazards,box,18.0,47.86,45.3,43.95,44.23
04_Maurener_Weg_8_000008_000100,11,crate (green),random hazards,box,19.0,42.25,39.92,38.76,39.02
04_Maurener_Weg_8_000008_000130,11,crate (green),random hazards,box,28.0,26.86,27.76,27.17,27.34
04_Maurener_Weg_8_000008_000130,31,plastic bag (bloated),random hazards,traffic barricade,43.0,13.94,13.48,13.2,13.28
04_Maurener_Weg_8_000008_000140,11,crate (green),random hazards,box,34.0,21.55,23.25,22.69,22.88
04_Maurener_Weg_8_000008_000140,31,plastic bag (bloated),random hazards,motorcycle,68.0,8.82,9.04,8.75,8.86
04_Maurener_Weg_8_000008_000150,11,crate (green),random hazards,box,42.0,16.99,19.01,18.66,18.75
04_Maurener_Weg_8_000008_000160,11,crate (green),random hazards,box,55.0,13.03,14.85,14.51,14.62
04_Maurener_Weg_8_000008_000160,31,plastic bag (bloated),random hazards,dog,75.0,6.6,7.35,7.17,7.24
04_Maurener_Weg_8_000008_000170,11,crate (green),random hazards,box,74.0,9.99,10.94,10.67,10.75
04_Maurener_Weg_8_000008_000180,11,crate (green),random hazards,box,98.0,7.8,8.87,8.63,8.71
04_Maurener_Weg_8_000008_000190,11,crate (green),random hazards,box,120.0,6.42,7.59,7.32,7.41
04_Maurener_Weg_8_000008_000200,11,crate (green),random hazards,box,140.0,5.55,7.07,6.62,6.75
04_Maurener_Weg_8_000009_000140,24,dog (white),emotional hazards,dog,20.0,36.21,35.98,35.01,35.57
04_Maurener_Weg_8_000009_000150,24,dog (white),emotional hazards,dog,23.0,31.85,34.77,33.59,34.06
04_Maurener_Weg_8_000009_000160,24,dog (white),emotional hazards,dog,26.0,27.68,28.99,27.91,28.32
04_Maurener_Weg_8_000009_000170,24,dog (white),emotional hazards,dog,31.0,23.04,23.21,22.02,22.35
04_Maurener_Weg_8_000009_000180,24,dog (white),emotional hazards,dog,36.0,19.27,19.25,18.44,18.76
04_Maurener_Weg_8_000009_000190,24,dog (white),emotional hazards,dog,44.0,15.35,15.87,15.48,15.64
04_Maurener_Weg_8_000009_000200,24,dog (white),emotional hazards,dog,59.0,11.9,12.71,12.44,12.54
04_Maurener_Weg_8_000009_000210,24,dog (white),emotional hazards,dog,81.0,8.72,9.54,9.4,9.45
04_Maurener_Weg_8_000010_000100,23,dog (black),emotional hazards,dog,39.0,29.46,31.49,31.14,31.26
04_Maurener_Weg_8_000010_000110,23,dog (black),emotional hazards,dog,43.0,25.23,25.65,24.98,25.27
04_Maurener_Weg_8_000010_000120,23,dog (black),emotional hazards,dog,52.0,20.63,20.46,20.15,20.24
04_Maurener_Weg_8_000010_000130,23,dog (black),emotional hazards,dog,67.0,15.92,16.77,16.34,16.51
04_Maurener_Weg_8_000010_000140,23,dog (black),emotional hazards,dog,91.0,11.86,12.01,11.78,11.87
04_Maurener_Weg_8_000010_000150,23,dog (black),emotional hazards,dog,131.0,8.22,8.17,8.03,8.08
04_Maurener_Weg_8_000011_000030,26,bobby car (gray),emotional hazards,car,17.0,62.04,61.09,59.11,59.92
04_Maurener_Weg_8_000011_000040,26,bobby car (gray),emotional hazards,car,18.0,61.66,59.5,58.22,58.7
04_Maurener_Weg_8_000011_000050,26,bobby car (gray),emotional hazards,car,17.0,61.39,59.73,58.16,58.69
04_Maurener_Weg_8_000011_000070,26,bobby car (gray),emotional hazards,car,20.0,55.62,53.5,51.55,52.36
04_Maurener_Weg_8_000011_000080,26,bobby car (gray),emotional hazards,car,19.0,52.84,49.64,48.23,48.8
04_Maurener_Weg_8_000011_000090,26,bobby car (gray),emotional hazards,car,21.0,50.11,45.38,44.62,44.88
04_Maurener_Weg_8_000011_000100,26,bobby car (gray),emotional hazards,car,23.0,47.01,43.15,42.05,42.44
04_Maurener_Weg_8_000011_000110,26,bobby car (gray),emotional hazards,car,24.0,42.13,40.1,39.43,39.64
04_Maurener_Weg_8_000011_000120,26,bobby car (gray),emotional hazards,car,28.0,37.84,37.32,35.84,36.43
04_Maurener_Weg_8_000011_000130,26,bobby car (gray),emotional hazards,dog,30.0,34.69,33.64,32.42,32.75
04_Maurener_Weg_8_000011_000140,26,bobby car (gray),emotional hazards,dog,33.0,30.78,28.8,27.59,27.97
04_Maurener_Weg_8_000011_000150,26,bobby car (gray),emotional hazards,motorcycle,38.0,26.29,25.54,24.62,24.94
04_Maurener_Weg_8_000011_000160,26,bobby car (gray),emotional hazards,car,46.0,22.81,21.21,20.69,20.83
04_Maurener_Weg_8_000011_000170,26,bobby car (gray),emotional hazards,car,55.0,18.99,18.28,17.71,17.9
04_Maurener_Weg_8_000011_000180,26,bobby car (gray),emotional hazards,car,64.0,15.12,15.41,15.12,15.16
04_Maurener_Weg_8_000011_000190,26,bobby car (gray),emotional hazards,car,84.0,11.58,12.4,12.28,12.3
04_Maurener_Weg_8_000012_000030,27,bobby car (red),emotional hazards,traffic cone,19.0,65.71,60.14,55.5,57.11
04_Maurener_Weg_8_000012_000060,27,bobby car (red),emotional hazards,traffic cone,20.0,61.6,61.75,59.32,60.13
04_Maurener_Weg_8_000012_000080,27,bobby car (red),emotional hazards,traffic cone,22.0,54.27,52.44,49.29,50.36
04_Maurener_Weg_8_000012_000120,27,bobby car (red),emotional hazards,dog,28.0,38.29,38.71,37.37,37.85
04_Maurener_Weg_8_000012_000140,27,bobby car (red),emotional hazards,dog,35.0,28.59,27.79,27.07,27.29
04_Maurener_Weg_8_000012_000150,27,bobby car (red),emotional hazards,dog,43.0,24.58,22.79,21.97,22.19
04_Maurener_Weg_8_000012_000160,27,bobby car (red),emotional hazards,car,54.0,19.74,17.97,17.63,17.71
04_Maurener_Weg_8_000012_000170,27,bobby car (red),emotional hazards,car,70.0,15.63,14.98,14.7,14.8
04_Maurener_Weg_8_000012_000180,27,bobby car (red),emotional hazards,motorcycle,89.0,11.58,11.54,11.37,11.43
04_Maurener_Weg_8_000012_000190,27,bobby car (red),emotional hazards,car,129.0,8.28,8.73,8.57,8.62
04_Maurener_Weg_8_000013_000180,28,bobby car (yellow),emotional hazards,dog,39.0,27.71,26.03,25.17,25.41
04_Maurener_Weg_8_000013_000190,28,bobby car (yellow),emotional hazards,dog,47.0,23.1,21.23,20.76,20.94
04_Maurener_Weg_8_000013_000200,28,bobby car (yellow),emotional hazards,car,55.0,19.39,20.16,19.82,19.92
04_Maurener_Weg_8_000013_000210,28,bobby car (yellow),emotional hazards,motorcycle,66.0,15.86,17.7,17.58,17.63
04_Maurener_Weg_8_000013_000220,28,bobby car (yellow),emotional hazards,motorcycle,84.0,12.64,14.72,14.46,14.51
04_Maurener_Weg_8_000013_000230,28,bobby car (yellow),emotional hazards,motorcycle,113.0,9.49,11.19,10.99,11.03
05_Schafgasse_1_000000_000180,05,"crate (gray, 2x stacked)",standard objects,box,60.0,13.46,14.86,14.69,14.74
05_Schafgasse_1_000000_000190,05,"crate (gray, 2x stacked)",standard objects,obstacle,81.0,10.13,10.84,10.72,10.76
05_Schafgasse_1_000000_000200,05,"crate (gray, 2x stacked)",standard objects,box,124.0,7.13,7.44,7.39,7.41
05_Schafgasse_1_000001_000230,03,"crate (black, upright)",standard objects,box,46.0,15.46,18.05,17.91,17.99
05_Schafgasse_1_000001_000240,03,"crate (black, upright)",standard objects,box,56.0,13.01,13.54,13.46,13.5
05_Schafgasse_1_000001_000250,03,"crate (black, upright)",standard objects,obstacle,69.0,10.79,11.27,11.18,11.21
05_Schafgasse_1_000001_000260,03,"crate (black, upright)",standard objects,obstacle,82.0,8.69,8.66,8.58,8.62
05_Schafgasse_1_000002_000120,18,pylon (white),random hazards,traffic cone,15.0,38.37,47.3,45.08,45.95
05_Schafgasse_1_000002_000150,18,pylon (white),random hazards,traffic cone,17.0,32.82,38.68,36.89,37.51
05_Schafgasse_1_000002_000170,18,pylon (white),random hazards,traffic cone,19.0,27.82,30.34,28.87,29.49
05_Schafgasse_1_000002_000180,18,pylon (white),random hazards,traffic cone,21.0,25.14,27.76,26.43,26.88
05_Schafgasse_1_000002_000190,18,pylon (white),random hazards,ball,24.0,22.0,23.75,23.04,23.29
05_Schafgasse_1_000002_000200,18,pylon (white),random hazards,ball,28.0,18.91,19.28,18.78,18.97
05_Schafgasse_1_000002_000210,08,cardboard box,random hazards,obstacle,26.0,24.34,26.78,26.01,26.29
05_Schafgasse_1_000002_000210,18,pylon (white),random hazards,ball,31.0,15.72,15.52,15.19,15.31
05_Schafgasse_1_000002_000220,18,pylon (white),random hazards,ball,41.0,12.48,12.08,11.79,11.9
05_Schafgasse_1_000002_000230,08,cardboard box,random hazards,box,35.0,18.15,17.61,17.43,17.46
05_Schafgasse_1_000002_000230,18,pylon (white),random hazards,ball,57.0,9.12,8.62,8.49,8.54
05_Schafgasse_1_000003_000140,20,tire,random hazards,obstacle,46.0,13.89,12.79,12.72,12.75
05_Schafgasse_1_000003_000150,20,tire,random hazards,obstacle,61.0,10.63,10.06,9.95,9.99
05_Schafgasse_1_000003_000160,20,tire,random hazards,obstacle,87.0,7.86,8.0,7.86,7.9
05_Schafgasse_1_000004_000130,11,crate (green),random hazards,box,29.0,22.66,24.09,23.52,23.67
05_Schafgasse_1_000004_000130,10,"crate (blue, small)",random hazards,box,25.0,18.62,18.22,17.95,18.03
05_Schafgasse_1_000004_000140,11,crate (green),random hazards,box,37.0,19.53,20.19,20.0,20.04
05_Schafgasse_1_000004_000140,10,"crate (blue, small)",random hazards,box,32.0,15.19,14.87,14.71,14.77
05_Schafgasse_1_000004_000150,10,"crate (blue, small)",random hazards,box,43.0,11.52,11.45,11.36,11.39
05_Schafgasse_1_000004_000150,11,crate (green),random hazards,box,41.0,15.85,16.21,16.08,16.12
05_Schafgasse_1_000004_000160,11,crate (green),random hazards,box,55.0,12.54,12.71,12.58,12.64
05_Schafgasse_1_000004_000160,10,"crate (blue, small)",random hazards,obstacle,68.0,7.99,8.04,7.93,7.96
05_Schafgasse_1_000004_000170,11,crate (green),random hazards,box,74.0,9.57,9.31,9.26,9.28
05_Schafgasse_1_000005_000120,21,ball,emotional hazards,ball,27.0,21.28,26.73,25.94,26.27
05_Schafgasse_1_000005_000130,21,ball,emotional hazards,ball,31.0,18.1,21.34,20.99,21.1
05_Schafgasse_1_000007_000130,20,tire,random hazards,obstacle,30.0,12.21,12.32,11.99,12.11
05_Schafgasse_1_000007_000140,20,tire,random hazards,obstacle,39.0,9.29,8.88,8.68,8.76
05_Schafgasse_1_000007_000150,20,tire,random hazards,obstacle,63.0,6.47,6.23,6.07,6.13
05_Schafgasse_1_000008_000110,14,headlight,random hazards,cat,47.0,13.23,13.1,12.82,12.93
05_Schafgasse_1_000008_000120,14,headlight,random hazards,dog,63.0,9.97,9.38,9.17,9.25
05_Schafgasse_1_000009_000180,23,dog (black),emotional hazards,dog,37.0,28.77,29.86,28.32,28.58
05_Schafgasse_1_000009_000190,23,dog (black),emotional hazards,dog,41.0,25.54,26.22,25.22,25.47
05_Schafgasse_1_000009_000200,23,dog (black),emotional hazards,dog,51.0,21.69,24.91,24.04,24.35
05_Schafgasse_1_000009_000210,23,dog (black),emotional hazards,dog,59.0,18.28,21.29,20.56,20.91
05_Schafgasse_1_000009_000220,23,dog (black),emotional hazards,dog,75.0,14.99,16.87,16.32,16.5
05_Schafgasse_1_000009_000230,23,dog (black),emotional hazards,dog,92.0,11.99,12.4,12.22,12.29
05_Schafgasse_1_000009_000240,23,dog (black),emotional hazards,dog,114.0,9.26,9.63,9.37,9.5
05_Schafgasse_1_000010_000130,24,dog (white),emotional hazards,dog,24.0,31.65,33.44,30.8,31.79
05_Schafgasse_1_000010_000140,24,dog (white),emotional hazards,dog,27.0,27.83,29.46,27.17,27.91
05_Schafgasse_1_000010_000150,24,dog (white),emotional hazards,dog,32.0,23.42,26.26,24.84,25.32
05_Schafgasse_1_000010_000160,24,dog (white),emotional hazards,dog,38.0,19.55,21.86,20.65,20.99
05_Schafgasse_1_000010_000170,24,dog (white),emotional hazards,dog,46.0,15.87,17.38,16.85,17.01
05_Schafgasse_1_000010_000180,24,dog (white),emotional hazards,dog,59.0,12.55,12.37,11.91,12.06
05_Schafgasse_1_000010_000190,24,dog (white),emotional hazards,dog,76.0,9.31,9.55,9.26,9.36
05_Schafgasse_1_000011_000120,27,bobby car (red),emotional hazards,person,29.0,39.08,40.15,37.19,38.09
05_Schafgasse_1_000011_000130,27,bobby car (red),emotional hazards,person,32.0,33.58,34.89,33.14,33.59
05_Schafgasse_1_000011_000140,27,bobby car (red),emotional hazards,car,36.0,28.89,29.62,28.33,28.65
05_Schafgasse_1_000011_000150,27,bobby car (red),emotional hazards,car,41.0,23.8,26.08,25.41,25.56
05_Schafgasse_1_000011_000160,27,bobby car (red),emotional hazards,car,54.0,19.23,20.69,20.35,20.48
05_Schafgasse_1_000011_000170,27,bobby car (red),emotional hazards,motorcycle,71.0,14.17,13.09,12.84,12.91
05_Schafgasse_1_000011_000180,27,bobby car (red),emotional hazards,car,105.0,9.75,10.09,9.96,10.0
05_Schafgasse_1_000012_000180,28,bobby car (yellow),emotional hazards,dog,47.0,22.57,24.32,23.81,23.99
05_Schafgasse_1_000012_000190,28,bobby car (yellow),emotional hazards,car,58.0,18.22,19.89,19.53,19.65
05_Schafgasse_1_000012_000200,28,bobby car (yellow),emotional hazards,car,75.0,14.25,14.69,14.5,14.58
05_Schafgasse_1_000012_000210,28,bobby car (yellow),emotional hazards,car,99.0,10.6,10.75,10.56,10.62
05_Schafgasse_1_000012_000220,28,bobby car (yellow),emotional hazards,car,142.0,7.32,7.21,7.11,7.15
05_Schafgasse_1_000013_000050,26,bobby car (gray),emotional hazards,car,17.0,64.37,73.36,66.78,69.81
05_Schafgasse_1_000013_000080,26,bobby car (gray),emotional hazards,car,22.0,54.04,56.87,54.47,55.21
05_Schafgasse_1_000013_000090,26,bobby car (gray),emotional hazards,car,23.0,51.2,50.2,47.59,48.61
05_Schafgasse_1_000013_000100,26,bobby car (gray),emotional hazards,car,22.0,45.71,46.25,44.4,45.06
05_Schafgasse_1_000013_000110,26,bobby car (gray),emotional hazards,car,25.0,41.84,41.79,40.34,40.89
05_Schafgasse_1_000013_000120,26,bobby car (gray),emotional hazards,car,30.0,36.78,39.81,38.22,38.75
05_Schafgasse_1_000013_000130,26,bobby car (gray),emotional hazards,car,32.0,32.16,34.99,32.72,33.47
05_Schafgasse_1_000013_000140,26,bobby car (gray),emotional hazards,car,39.0,28.02,29.77,28.62,28.9
05_Schafgasse_1_000013_000150,26,bobby car (gray),emotional hazards,car,45.0,23.07,24.93,24.14,24.45
05_Schafgasse_1_000013_000160,26,bobby car (gray),emotional hazards,car,55.0,18.43,19.93,19.46,19.6
05_Schafgasse_1_000013_000170,26,bobby car (gray),emotional hazards,car,69.0,14.2,14.72,14.47,14.56
05_Schafgasse_1_000013_000180,26,bobby car (gray),emotional hazards,car,97.0,10.46,10.47,10.36,10.39
05_Schafgasse_1_000014_000090,24,dog (white),emotional hazards,dog,32.0,32.25,35.52,34.13,34.6
05_Schafgasse_1_000014_000100,24,dog (white),emotional hazards,dog,32.0,28.71,31.9,30.06,30.5
05_Schafgasse_1_000014_000110,24,dog (white),emotional hazards,dog,38.0,25.23,26.31,25.46,25.75
05_Schafgasse_1_000014_000120,24,dog (white),emotional hazards,dog,42.0,21.15,21.6,20.79,21.06
05_Schafgasse_1_000014_000130,24,dog (white),emotional hazards,dog,53.0,17.66,18.78,18.38,18.59
05_Schafgasse_1_000014_000140,24,dog (white),emotional hazards,dog,62.0,14.09,14.54,14.26,14.4
05_Schafgasse_1_000014_000150,24,dog (white),emotional hazards,dog,79.0,11.09,11.34,11.11,11.21
05_Schafgasse_1_000014_000160,24,dog (white),emotional hazards,dog,104.0,8.48,8.75,8.58,8.66
05_Schafgasse_1_000015_000050,27,bobby car (red),emotional hazards,traffic cone,24.0,47.76,52.97,49.88,50.77
05_Schafgasse_1_000015_000060,27,bobby car (red),emotional hazards,person,25.0,43.62,52.61,48.45,49.75
05_Schafgasse_1_000015_000070,27,bobby car (red),emotional hazards,person,26.0,41.34,47.44,45.37,46.03
05_Schafgasse_1_000015_000080,27,bobby car (red),emotional hazards,person,30.0,37.11,42.97,40.74,41.53
05_Schafgasse_1_000015_000090,27,bobby car (red),emotional hazards,person,33.0,33.46,35.74,34.35,34.77
05_Schafgasse_1_000015_000100,27,bobby car (red),emotional hazards,person,36.0,29.06,32.12,30.75,31.14
05_Schafgasse_1_000015_000110,27,bobby car (red),emotional hazards,car,41.0,25.47,25.66,25.03,25.19
05_Schafgasse_1_000015_000120,27,bobby car (red),emotional hazards,car,46.0,21.62,21.04,20.71,20.81
05_Schafgasse_1_000015_000130,27,bobby car (red),emotional hazards,car,55.0,18.15,16.84,16.59,16.66
05_Schafgasse_1_000015_000140,27,bobby car (red),emotional hazards,car,68.0,14.93,14.52,14.34,14.4
05_Schafgasse_1_000015_000150,27,bobby car (red),emotional hazards,car,82.0,12.05,11.69,11.54,11.58
05_Schafgasse_1_000015_000160,27,bobby car (red),emotional hazards,car,104.0,9.41,9.65,9.58,9.6
05_Schafgasse_1_000015_000170,27,bobby car (red),emotional hazards,car,135.0,7.29,7.32,7.26,7.28
05_Schafgasse_1_000016_000150,27,bobby car (red),emotional hazards,car,63.0,16.08,16.6,16.31,16.4
05_Schafgasse_1_000016_000160,27,bobby car (red),emotional hazards,car,80.0,12.51,11.99,11.68,11.8
05_Schafgasse_1_000016_000170,27,bobby car (red),emotional hazards,car,108.0,9.15,9.45,9.26,9.32
05_Schafgasse_1_000017_000080,26,bobby car (gray),emotional hazards,motorcycle,26.0,43.18,44.4,42.66,43.26
05_Schafgasse_1_000017_000090,26,bobby car (gray),emotional hazards,motorcycle,27.0,39.46,42.16,39.94,40.61
05_Schafgasse_1_000017_000100,26,bobby car (gray),emotional hazards,motorcycle,30.0,35.81,39.08,36.75,37.38
05_Schafgasse_1_000017_000110,26,bobby car (gray),emotional hazards,motorcycle,32.0,31.94,33.19,31.95,32.32
05_Schafgasse_1_000017_000120,26,bobby car (gray),emotional hazards,dog,35.0,28.26,29.2,28.47,28.69
05_Schafgasse_1_000017_000130,26,bobby car (gray),emotional hazards,dog,42.0,25.01,25.47,24.87,25.08
05_Schafgasse_1_000017_000140,26,bobby car (gray),emotional hazards,dog,49.0,21.2,21.16,20.61,20.83
05_Schafgasse_1_000017_000150,26,bobby car (gray),emotional hazards,motorcycle,57.0,17.74,18.55,18.14,18.3
05_Schafgasse_1_000017_000160,26,bobby car (gray),emotional hazards,car,70.0,14.1,15.4,15.18,15.23
05_Schafgasse_1_000017_000170,26,bobby car (gray),emotional hazards,motorcycle,92.0,10.89,11.57,11.41,11.47
05_Schafgasse_1_000017_000180,26,bobby car (gray),emotional hazards,motorcycle,127.0,7.91,8.2,8.09,8.13
05_Schafgasse_1_000018_000110,24,dog (white),emotional hazards,dog,43.0,25.71,25.99,25.27,25.49
05_Schafgasse_1_000018_000120,24,dog (white),emotional hazards,dog,50.0,21.02,20.24,19.75,19.89
05_Schafgasse_1_000018_000130,24,dog (white),emotional hazards,dog,62.0,16.71,16.35,16.1,16.18
05_Schafgasse_1_000018_000140,24,dog (white),emotional hazards,dog,77.0,12.49,11.42,11.3,11.33
05_Schafgasse_1_000018_000150,24,dog (white),emotional hazards,dog,111.0,8.45,8.41,8.29,8.34
05_Schafgasse_1_000019_000160,23,dog (black),emotional hazards,dog,44.0,28.7,28.66,27.26,27.63
05_Schafgasse_1_000019_000180,23,dog (black),emotional hazards,dog,58.0,20.05,20.18,19.88,20.03
05_Schafgasse_1_000019_000190,23,dog (black),emotional hazards,dog,68.0,15.91,15.22,15.06,15.11
05_Schafgasse_1_000019_000200,23,dog (black),emotional hazards,dog,88.0,12.12,13.06,12.89,12.94
05_Schafgasse_1_000019_000210,23,dog (black),emotional hazards,dog,125.0,8.76,9.66,9.52,9.6
07_Festplatz_Flugfeld_000000_000210,04,crate (gray),standard objects,traffic barricade,34.0,14.06,15.08,14.69,14.84
07_Festplatz_Flugfeld_000000_000210,05,"crate (gray, 2x stacked)",standard objects,obstacle,32.0,27.28,26.0,25.49,25.68
07_Festplatz_Flugfeld_000000_000220,04,crate (gray),standard objects,obstacle,43.0,10.2,12.97,12.78,12.84
07_Festplatz_Flugfeld_000000_000220,05,"crate (gray, 2x stacked)",standard objects,obstacle,35.0,23.19,27.8,27.35,27.51
07_Festplatz_Flugfeld_000000_000230,05,"crate (gray, 2x stacked)",standard objects,construction barrier,38.0,19.43,22.77,22.42,22.56
07_Festplatz_Flugfeld_000000_000240,05,"crate (gray, 2x stacked)",standard objects,obstacle,51.0,15.84,18.2,17.8,17.98
07_Festplatz_Flugfeld_000000_000250,05,"crate (gray, 2x stacked)",standard objects,obstacle,70.0,12.57,14.23,13.98,14.09
07_Festplatz_Flugfeld_000000_000250,06,"crate (gray, upright)",standard objects,obstacle,80.0,17.61,19.52,19.36,19.41
07_Festplatz_Flugfeld_000000_000260,05,"crate (gray, 2x stacked)",standard objects,obstacle,93.0,9.07,11.66,11.58,11.6
07_Festplatz_Flugfeld_000000_000260,06,"crate (gray, upright)",standard objects,obstacle,97.0,14.11,18.05,17.87,17.98
07_Festplatz_Flugfeld_000001_000120,01,crate (black),standard objects,traffic cone,11.0,64.13,45.97,43.24,43.79
07_Festplatz_Flugfeld_000001_000130,01,crate (black),standard objects,traffic cone,13.0,61.19,46.78,42.17,43.47
07_Festplatz_Flugfeld_000001_000210,03,"crate (black, upright)",standard objects,obstacle,52.0,13.15,15.29,15.12,15.21
07_Festplatz_Flugfeld_000001_000220,03,"crate (black, upright)",standard objects,obstacle,72.0,9.81,12.45,12.27,12.34
07_Festplatz_Flugfeld_000001_000230,01,crate (black),standard objects,box,41.0,19.47,20.44,20.09,20.28
07_Festplatz_Flugfeld_000001_000230,03,"crate (black, upright)",standard objects,obstacle,103.0,7.16,8.34,8.21,8.25
07_Festplatz_Flugfeld_000002_000200,07,bumper,random hazards,car,19.0,96.91,105.08,85.95,95.75
07_Festplatz_Flugfeld_000002_000250,08,cardboard box,random hazards,traffic cone,13.0,70.26,52.04,46.9,48.41
07_Festplatz_Flugfeld_000002_000250,07,bumper,random hazards,car,21.0,81.85,60.69,57.15,58.22
07_Festplatz_Flugfeld_000002_000260,08,cardboard box,random hazards,traffic cone,13.0,66.52,52.12,48.58,50.72
07_Festplatz_Flugfeld_000002_000260,07,bumper,random hazards,car,22.0,79.18,75.02,68.77,69.85
07_Festplatz_Flugfeld_000002_000270,08,cardboard box,random hazards,traffic cone,14.0,65.08,43.17,40.56,41.22
07_Festplatz_Flugfeld_000002_000270,07,bumper,random hazards,car,23.0,74.13,60.56,56.69,57.97
07_Festplatz_Flugfeld_000002_000290,08,cardboard box,random hazards,traffic cone,15.0,55.77,40.32,37.79,38.66
07_Festplatz_Flugfeld_000002_000290,07,bumper,random hazards,car,23.0,64.3,55.25,51.75,53.23
07_Festplatz_Flugfeld_000002_000300,08,cardboard box,random hazards,traffic cone,17.0,50.66,36.8,35.8,36.13
07_Festplatz_Flugfeld_000002_000300,07,bumper,random hazards,car,26.0,61.45,43.95,43.26,43.44
07_Festplatz_Flugfeld_000002_000310,08,cardboard box,random hazards,traffic cone,19.0,48.05,36.14,34.69,35.09
07_Festplatz_Flugfeld_000002_000310,07,bumper,random hazards,car,26.0,57.05,45.68,44.32,45.03
07_Festplatz_Flugfeld_000002_000320,08,cardboard box,random hazards,traffic cone,21.0,42.8,34.86,33.23,33.75
07_Festplatz_Flugfeld_000002_000320,07,bumper,random hazards,car,27.0,51.62,41.68,40.38,40.8
07_Festplatz_Flugfeld_000002_000330,08,cardboard box,random hazards,traffic cone,22.0,39.31,32.52,31.45,32.0
07_Festplatz_Flugfeld_000002_000330,07,bumper,random hazards,car,30.0,48.6,39.5,37.7,38.14
07_Festplatz_Flugfeld_000002_000340,08,cardboard box,random hazards,traffic cone,24.0,35.66,29.98,29.16,29.41
07_Festplatz_Flugfeld_000002_000340,07,bumper,random hazards,car,33.0,43.1,37.55,35.97,36.44
07_Festplatz_Flugfeld_000002_000350,08,cardboard box,random hazards,traffic cone,26.0,31.73,25.81,25.28,25.46
07_Festplatz_Flugfeld_000002_000350,07,bumper,random hazards,car,35.0,40.65,32.3,31.64,31.81
07_Festplatz_Flugfeld_000002_000360,08,cardboard box,random hazards,traffic cone,30.0,28.34,22.4,21.98,22.13
07_Festplatz_Flugfeld_000002_000360,07,bumper,random hazards,car,39.0,36.23,31.08,29.46,29.88
07_Festplatz_Flugfeld_000002_000370,08,cardboard box,random hazards,box,40.0,24.87,19.48,19.2,19.3
07_Festplatz_Flugfeld_000002_000370,07,bumper,random hazards,car,48.0,32.92,29.9,27.84,28.4
07_Festplatz_Flugfeld_000002_000380,08,cardboard box,random hazards,box,42.0,21.24,18.61,18.48,18.52
07_Festplatz_Flugfeld_000002_000380,07,bumper,random hazards,car,49.0,29.28,28.93,26.97,27.34
07_Festplatz_Flugfeld_000002_000390,08,cardboard box,random hazards,box,49.0,18.09,17.22,17.06,17.14
07_Festplatz_Flugfeld_000002_000390,07,bumper,random hazards,car,58.0,25.89,27.41,25.8,26.18
07_Festplatz_Flugfeld_000002_000400,08,cardboard box,random hazards,box,59.0,14.72,13.03,12.88,12.96
07_Festplatz_Flugfeld_000002_000400,07,bumper,random hazards,car,63.0,22.92,23.25,22.22,22.37
07_Festplatz_Flugfeld_000002_000410,08,cardboard box,random hazards,traffic barricade,77.0,11.6,10.38,10.29,10.32
07_Festplatz_Flugfeld_000002_000410,07,bumper,random hazards,car,70.0,19.75,21.36,19.99,20.21
07_Festplatz_Flugfeld_000002_000420,07,bumper,random hazards,car,84.0,16.84,16.86,16.45,16.58
07_Festplatz_Flugfeld_000002_000420,08,cardboard box,random hazards,construction barrier,105.0,8.65,7.5,7.41,7.44
07_Festplatz_Flugfeld_000002_000430,07,bumper,random hazards,car,95.0,14.14,15.0,14.72,14.8
07_Festplatz_Flugfeld_000002_000440,07,bumper,random hazards,car,121.0,11.59,12.56,12.39,12.46
07_Festplatz_Flugfeld_000003_000110,07,bumper,random hazards,car,17.0,87.15,62.6,57.44,59.22
07_Festplatz_Flugfeld_000003_000120,07,bumper,random hazards,car,16.0,82.42,90.78,61.57,67.2
07_Festplatz_Flugfeld_000003_000130,07,bumper,random hazards,car,17.0,79.18,119.75,60.02,73.44
07_Festplatz_Flugfeld_000003_000140,07,bumper,random hazards,car,18.0,76.01,84.7,61.69,68.65
07_Festplatz_Flugfeld_000003_000150,07,bumper,random hazards,car,17.0,72.87,58.08,53.66,55.86
07_Festplatz_Flugfeld_000003_000160,07,bumper,random hazards,car,20.0,66.45,57.63,45.67,48.61
07_Festplatz_Flugfeld_000003_000170,07,bumper,random hazards,car,23.0,63.95,61.77,47.43,49.52
07_Festplatz_Flugfeld_000003_000180,07,bumper,random hazards,motorcycle,24.0,60.28,51.06,44.34,46.4
07_Festplatz_Flugfeld_000003_000190,07,bumper,random hazards,motorcycle,23.0,58.16,49.59,41.09,42.74
07_Festplatz_Flugfeld_000003_000200,07,bumper,random hazards,motorcycle,25.0,53.63,41.17,37.06,37.89
07_Festplatz_Flugfeld_000003_000210,07,bumper,random hazards,car,28.0,51.13,39.71,35.45,36.38
07_Festplatz_Flugfeld_000003_000220,07,bumper,random hazards,motorcycle,29.0,47.44,36.96,34.46,34.92
07_Festplatz_Flugfeld_000003_000230,07,bumper,random hazards,car,31.0,43.27,37.88,34.87,35.93
07_Festplatz_Flugfeld_000003_000240,07,bumper,random hazards,motorcycle,32.0,41.34,34.33,31.87,32.4
07_Festplatz_Flugfeld_000003_000250,07,bumper,random hazards,motorcycle,35.0,37.0,30.84,29.79,30.22
07_Festplatz_Flugfeld_000003_000260,07,bumper,random hazards,bicycle,38.0,34.24,28.76,28.01,28.28
07_Festplatz_Flugfeld_000003_000270,07,bumper,random hazards,motorcycle,43.0,30.74,25.49,24.55,24.8
07_Festplatz_Flugfeld_000003_000280,34,styrofoam,random hazards,obstacle,32.0,11.85,12.62,12.21,12.33
07_Festplatz_Flugfeld_000003_000280,07,bumper,random hazards,motorcycle,51.0,26.76,24.43,23.34,23.6
07_Festplatz_Flugfeld_000003_000290,34,styrofoam,random hazards,obstacle,53.0,8.0,8.44,8.24,8.31
07_Festplatz_Flugfeld_000003_000290,07,bumper,random hazards,motorcycle,56.0,23.24,21.36,20.53,20.7
07_Festplatz_Flugfeld_000003_000300,07,bumper,random hazards,motorcycle,73.0,19.75,19.89,19.19,19.36
07_Festplatz_Flugfeld_000003_000310,07,bumper,random hazards,motorcycle,88.0,16.45,14.99,14.21,14.45
07_Festplatz_Flugfeld_000003_000320,07,bumper,random hazards,motorcycle,114.0,13.15,13.06,12.48,12.72
07_Festplatz_Flugfeld_000003_000330,07,bumper,random hazards,motorcycle,154.0,10.12,11.64,11.0,11.29
07_Festplatz_Flugfeld_000003_000340,07,bumper,random hazards,obstacle,215.0,7.54,8.5,8.05,8.19
07_Festplatz_Flugfeld_000004_000030,20,tire,random hazards,obstacle,14.0,51.41,45.98,42.6,43.61
07_Festplatz_Flugfeld_000004_000060,20,tire,random hazards,obstacle,15.0,48.55,40.93,37.8,38.68
07_Festplatz_Flugfeld_000004_000080,20,tire,random hazards,obstacle,17.0,44.14,37.56,35.64,36.12
07_Festplatz_Flugfeld_000004_000100,20,tire,random hazards,obstacle,20.0,38.09,32.5,31.55,31.81
07_Festplatz_Flugfeld_000004_000110,08,cardboard box,random hazards,obstacle,11.0,40.75,38.14,36.79,37.39
07_Festplatz_Flugfeld_000004_000120,08,cardboard box,random hazards,obstacle,14.0,36.31,34.08,33.08,33.46
07_Festplatz_Flugfeld_000004_000120,20,tire,random hazards,obstacle,24.0,31.38,25.55,25.04,25.21
07_Festplatz_Flugfeld_000004_000130,20,tire,random hazards,obstacle,29.0,28.1,23.68,23.11,23.3
07_Festplatz_Flugfeld_000004_000140,08,cardboard box,random hazards,obstacle,18.0,30.37,28.37,27.7,27.92
07_Festplatz_Flugfeld_000004_000140,20,tire,random hazards,obstacle,34.0,23.81,22.05,21.47,21.66
07_Festplatz_Flugfeld_000004_000150,08,cardboard box,random hazards,obstacle,20.0,26.66,24.46,23.84,24.05
07_Festplatz_Flugfeld_000004_000150,20,tire,random hazards,obstacle,38.0,20.29,18.22,17.85,17.99
07_Festplatz_Flugfeld_000004_000160,08,cardboard box,random hazards,obstacle,21.0,23.61,22.31,21.75,21.94
07_Festplatz_Flugfeld_000004_000160,20,tire,random hazards,obstacle,48.0,17.03,15.34,15.09,15.17
07_Festplatz_Flugfeld_000004_000170,08,cardboard box,random hazards,obstacle,24.0,20.48,19.1,18.52,18.68
07_Festplatz_Flugfeld_000004_000170,20,tire,random hazards,obstacle,56.0,13.72,12.73,12.44,12.55
07_Festplatz_Flugfeld_000004_000180,08,cardboard box,random hazards,obstacle,28.0,17.31,15.8,15.49,15.62
07_Festplatz_Flugfeld_000004_000180,20,tire,random hazards,obstacle,71.0,10.66,9.96,9.86,9.89
07_Festplatz_Flugfeld_000004_000190,08,cardboard box,random hazards,box,37.0,14.72,13.22,12.99,13.09
07_Festplatz_Flugfeld_000004_000190,20,tire,random hazards,obstacle,100.0,7.87,7.44,7.32,7.37
07_Festplatz_Flugfeld_000004_000200,08,cardboard box,random hazards,box,44.0,11.83,11.0,10.94,10.96
07_Festplatz_Flugfeld_000004_000210,08,cardboard box,random hazards,box,61.0,9.21,8.35,8.18,8.24
07_Festplatz_Flugfeld_000004_000220,08,cardboard box,random hazards,box,80.0,6.89,6.54,6.41,6.46
07_Festplatz_Flugfeld_000005_000120,09,crate (blue),random hazards,box,19.0,27.73,27.09,26.07,26.39
07_Festplatz_Flugfeld_000005_000130,09,crate (blue),random hazards,obstacle,25.0,24.88,26.33,25.53,25.76
07_Festplatz_Flugfeld_000005_000140,09,crate (blue),random hazards,box,26.0,21.7,22.34,21.89,22.03
07_Festplatz_Flugfeld_000005_000160,09,crate (blue),random hazards,box,38.0,15.82,16.18,15.84,15.97
07_Festplatz_Flugfeld_000005_000170,09,crate (blue),random hazards,box,44.0,12.9,13.07,12.78,12.91
07_Festplatz_Flugfeld_000005_000180,09,crate (blue),random hazards,box,61.0,10.04,10.48,10.28,10.37
07_Festplatz_Flugfeld_000005_000190,09,crate (blue),random hazards,box,90.0,7.07,7.39,7.27,7.32
07_Festplatz_Flugfeld_000005_000200,13,exhaust pipe,random hazards,ball,99.0,8.56,7.73,7.6,7.65
15_Rechbergstr_Deckenpfronn_000000_000040,39,kid (walking),humans,person,52.0,44.16,50.23,49.37,49.79
15_Rechbergstr_Deckenpfronn_000000_000040,40,kid (on a bobby car),humans,motorcycle,48.0,43.18,49.77,49.44,49.58
15_Rechbergstr_Deckenpfronn_000000_000050,40,kid (on a bobby car),humans,motorcycle,51.0,43.23,52.43,51.34,51.75
15_Rechbergstr_Deckenpfronn_000000_000060,39,kid (walking),humans,person,28.0,44.4,52.2,50.79,51.39
15_Rechbergstr_Deckenpfronn_000000_000060,40,kid (on a bobby car),humans,motorcycle,48.0,43.39,51.44,50.26,50.66
15_Rechbergstr_Deckenpfronn_000000_000070,39,kid (walking),humans,person,31.0,45.04,56.73,51.53,52.35
15_Rechbergstr_Deckenpfronn_000000_000070,40,kid (on a bobby car),humans,motorcycle,49.0,43.31,51.3,50.35,50.75
15_Rechbergstr_Deckenpfronn_000000_000080,39,kid (walking),humans,person,50.0,45.09,51.35,47.07,48.91
15_Rechbergstr_Deckenpfronn_000000_000080,40,kid (on a bobby car),humans,motorcycle,50.0,43.24,52.9,51.79,52.18
15_Rechbergstr_Deckenpfronn_000000_000090,40,kid (on a bobby car),humans,motorcycle,50.0,43.31,52.51,51.62,51.98
15_Rechbergstr_Deckenpfronn_000000_000100,40,kid (on a bobby car),humans,motorcycle,49.0,43.47,52.46,51.18,51.64
15_Rechbergstr_Deckenpfronn_000000_000110,41,kid (on a small bobby car),humans,person,38.0,46.37,57.81,54.24,55.04
15_Rechbergstr_Deckenpfronn_000000_000110,40,kid (on a bobby car),humans,motorcycle,46.0,43.64,53.73,52.89,53.1
15_Rechbergstr_Deckenpfronn_000000_000120,40,kid (on a bobby car),humans,person,45.0,44.11,53.36,52.94,53.06
15_Rechbergstr_Deckenpfronn_000000_000120,41,kid (on a small bobby car),humans,person,37.0,46.99,61.52,59.04,60.0
15_Rechbergstr_Deckenpfronn_000000_000130,40,kid (on a bobby car),humans,person,47.0,45.48,54.62,54.02,54.34
15_Rechbergstr_Deckenpfronn_000000_000130,41,kid (on a small bobby car),humans,person,36.0,47.81,63.35,60.99,61.82
15_Rechbergstr_Deckenpfronn_000000_000140,40,kid (on a bobby car),humans,motorcycle,46.0,47.36,57.53,56.82,57.0
15_Rechbergstr_Deckenpfronn_000000_000140,41,kid (on a small bobby car),humans,person,37.0,47.34,62.52,59.74,60.76
15_Rechbergstr_Deckenpfronn_000000_000150,40,kid (on a bobby car),humans,motorcycle,47.0,48.08,56.42,55.67,55.99
15_Rechbergstr_Deckenpfronn_000000_000150,41,kid (on a small bobby car),humans,person,38.0,47.74,60.19,57.91,58.57
15_Rechbergstr_Deckenpfronn_000000_000160,40,kid (on a bobby car),humans,person,47.0,47.93,60.2,59.29,59.7
15_Rechbergstr_Deckenpfronn_000000_000160,41,kid (on a small bobby car),humans,person,37.0,47.58,60.51,58.06,58.74
15_Rechbergstr_Deckenpfronn_000000_000170,40,kid (on a bobby car),humans,person,48.0,48.64,60.88,60.03,60.34
15_Rechbergstr_Deckenpfronn_000000_000170,41,kid (on a small bobby car),humans,person,37.0,47.76,63.59,60.63,61.48
15_Rechbergstr_Deckenpfronn_000000_000180,40,kid (on a bobby car),humans,person,48.0,47.81,61.05,59.92,60.28
15_Rechbergstr_Deckenpfronn_000000_000180,41,kid (on a small bobby car),humans,person,37.0,47.54,62.65,59.99,60.77
15_Rechbergstr_Deckenpfronn_000001_000040,41,kid (on a small bobby car),humans,person,25.0,62.59,81.77,73.27,75.54
15_Rechbergstr_Deckenpfronn_000001_000040,39,kid (walking),humans,person,34.0,64.3,77.85,72.1,73.43
15_Rechbergstr_Deckenpfronn_000001_000050,41,kid (on a small bobby car),humans,person,26.0,62.04,79.28,71.61,73.94
15_Rechbergstr_Deckenpfronn_000001_000050,39,kid (walking),humans,person,33.0,64.56,75.22,72.43,73.23
15_Rechbergstr_Deckenpfronn_000001_000050,40,kid (on a bobby car),humans,person,28.0,62.46,69.78,68.81,69.15
15_Rechbergstr_Deckenpfronn_000001_000060,41,kid (on a small bobby car),humans,person,26.0,61.57,82.24,75.18,77.26
15_Rechbergstr_Deckenpfronn_000001_000060,40,kid (on a bobby car),humans,person,27.0,63.86,75.19,73.69,74.25
15_Rechbergstr_Deckenpfronn_000001_000060,39,kid (walking),humans,person,35.0,64.82,82.42,77.14,78.47
15_Rechbergstr_Deckenpfronn_000001_000070,41,kid (on a small bobby car),humans,person,26.0,61.81,80.5,73.3,75.32
15_Rechbergstr_Deckenpfronn_000001_000070,40,kid (on a bobby car),humans,person,26.0,63.73,72.19,70.28,71.04
15_Rechbergstr_Deckenpfronn_000001_000070,39,kid (walking),humans,person,35.0,64.05,79.58,73.62,74.99
15_Rechbergstr_Deckenpfronn_000001_000080,40,kid (on a bobby car),humans,person,34.0,63.79,70.29,68.85,69.42
15_Rechbergstr_Deckenpfronn_000001_000080,41,kid (on a small bobby car),humans,person,27.0,62.37,84.72,72.43,75.8
15_Rechbergstr_Deckenpfronn_000001_000080,39,kid (walking),humans,person,35.0,63.64,74.51,71.44,72.35
15_Rechbergstr_Deckenpfronn_000001_000090,39,kid (walking),humans,person,34.0,63.76,65.73,64.29,64.82
15_Rechbergstr_Deckenpfronn_000001_000090,41,kid (on a small bobby car),humans,person,26.0,62.34,81.78,68.43,71.91
15_Rechbergstr_Deckenpfronn_000001_000100,40,kid (on a bobby car),humans,person,34.0,62.86,69.19,67.25,67.99
15_Rechbergstr_Deckenpfronn_000001_000100,41,kid (on a small bobby car),humans,person,27.0,62.46,81.79,74.15,76.72
15_Rechbergstr_Deckenpfronn_000001_000100,39,kid (walking),humans,person,33.0,62.98,68.77,66.91,67.6
15_Rechbergstr_Deckenpfronn_000001_000110,40,kid (on a bobby car),humans,person,36.0,62.8,66.14,64.51,65.12
15_Rechbergstr_Deckenpfronn_000001_000120,41,kid (on a small bobby car),humans,person,26.0,61.54,65.22,62.94,63.75
15_Rechbergstr_Deckenpfronn_000001_000120,40,kid (on a bobby car),humans,person,36.0,63.86,68.33,66.31,67.02
15_Rechbergstr_Deckenpfronn_000001_000130,41,kid (on a small bobby car),humans,person,26.0,61.92,71.7,68.95,69.75
15_Rechbergstr_Deckenpfronn_000001_000130,40,kid (on a bobby car),humans,person,35.0,63.6,68.63,66.86,67.49
15_Rechbergstr_Deckenpfronn_000001_000140,41,kid (on a small bobby car),humans,person,28.0,61.72,81.61,75.48,77.08
15_Rechbergstr_Deckenpfronn_000001_000140,40,kid (on a bobby car),humans,person,35.0,63.76,70.2,68.85,69.35
15_Rechbergstr_Deckenpfronn_000001_000150,41,kid (on a small bobby car),humans,person,27.0,61.75,77.5,72.67,73.97
15_Rechbergstr_Deckenpfronn_000001_000150,40,kid (on a bobby car),humans,person,39.0,63.51,70.85,68.52,69.19
15_Rechbergstr_Deckenpfronn_000001_000160,41,kid (on a small bobby car),humans,person,26.0,61.81,79.76,74.16,75.65
15_Rechbergstr_Deckenpfronn_000001_000160,40,kid (on a bobby car),humans,person,36.0,64.53,69.11,67.42,68.0
15_Rechbergstr_Deckenpfronn_000001_000170,41,kid (on a small bobby car),humans,person,26.0,61.98,81.83,76.34,77.81
15_Rechbergstr_Deckenpfronn_000001_000170,39,kid (walking),humans,person,30.0,64.08,73.2,70.94,71.71
15_Rechbergstr_Deckenpfronn_000001_000180,41,kid (on a small bobby car),humans,person,27.0,62.16,79.35,74.08,75.53
15_Rechbergstr_Deckenpfronn_000001_000180,39,kid (walking),humans,person,31.0,65.21,71.66,68.59,69.51
15_Rechbergstr_Deckenpfronn_000001_000190,41,kid (on a small bobby car),humans,person,26.0,61.66,85.49,77.97,80.0
15_Rechbergstr_Deckenpfronn_000001_000190,39,kid (walking),humans,person,30.0,63.95,80.21,69.89,71.49
15_Rechbergstr_Deckenpfronn_000001_000190,40,kid (on a bobby car),humans,person,38.0,61.63,69.04,67.54,68.07
15_Rechbergstr_Deckenpfronn_000001_000200,40,kid (on a bobby car),humans,motorcycle,15.0,68.36,83.91,69.64,72.81
15_Rechbergstr_Deckenpfronn_000001_000200,41,kid (on a small bobby car),humans,person,27.0,62.22,79.17,72.7,74.5
15_Rechbergstr_Deckenpfronn_000001_000200,40,kid (on a bobby car),humans,motorcycle,29.0,61.89,65.25,63.66,64.26
15_Rechbergstr_Deckenpfronn_000001_000210,41,kid (on a small bobby car),humans,person,26.0,61.89,82.79,73.59,75.69
15_Rechbergstr_Deckenpfronn_000001_000210,40,kid (on a bobby car),humans,motorcycle,15.0,63.29,64.21,62.74,63.22
15_Rechbergstr_Deckenpfronn_000001_000210,40,kid (on a bobby car),humans,motorcycle,34.0,61.13,63.11,62.35,62.57
15_Rechbergstr_Deckenpfronn_000001_000220,41,kid (on a small bobby car),humans,person,26.0,62.07,91.58,81.27,83.62
15_Rechbergstr_Deckenpfronn_000001_000220,40,kid (on a bobby car),humans,motorcycle,21.0,64.59,82.98,74.76,77.73
15_Rechbergstr_Deckenpfronn_000001_000220,40,kid (on a bobby car),humans,motorcycle,34.0,60.93,68.87,67.95,68.21
15_Rechbergstr_Deckenpfronn_000001_000230,40,kid (on a bobby car),humans,motorcycle,18.0,64.33,72.11,70.28,70.95
15_Rechbergstr_Deckenpfronn_000001_000230,41,kid (on a small bobby car),humans,person,27.0,62.65,76.04,70.72,71.99
15_Rechbergstr_Deckenpfronn_000001_000230,40,kid (on a bobby car),humans,bicycle,34.0,60.67,62.09,61.55,61.71
15_Rechbergstr_Deckenpfronn_000001_000240,41,kid (on a small bobby car),humans,motorcycle,26.0,61.6,74.11,71.8,72.56
15_Rechbergstr_Deckenpfronn_000001_000240,40,kid (on a bobby car),humans,bicycle,33.0,61.72,65.67,64.88,65.08
15_Rechbergstr_Deckenpfronn_000001_000250,41,kid (on a small bobby car),humans,bicycle,26.0,62.8,67.42,66.44,66.85
15_Rechbergstr_Deckenpfronn_000001_000250,40,kid (on a bobby car),humans,motorcycle,34.0,61.81,63.02,62.17,62.43
15_Rechbergstr_Deckenpfronn_000001_000260,40,kid (on a bobby car),humans,motorcycle,33.0,61.84,67.6,66.5,66.98
15_Rechbergstr_Deckenpfronn_000001_000270,41,kid (on a small bobby car),humans,motorcycle,26.0,61.84,65.33,65.14,65.24
15_Rechbergstr_Deckenpfronn_000001_000270,40,kid (on a bobby car),humans,motorcycle,33.0,61.78,65.53,65.21,65.33
15_Rechbergstr_Deckenpfronn_000001_000270,39,kid (walking),humans,motorcycle,33.0,64.43,71.51,68.82,69.95
15_Rechbergstr_Deckenpfronn_000001_000280,39,kid (walking),humans,motorcycle,33.0,64.46,77.11,74.63,75.36
15_Rechbergstr_Deckenpfronn_000001_000280,39,kid (walking),humans,person,33.0,63.98,76.79,73.93,74.92
15_Rechbergstr_Deckenpfronn_000001_000280,40,kid (on a bobby car),humans,motorcycle,33.0,61.98,66.24,64.81,65.41
15_Rechbergstr_Deckenpfronn_000001_000290,40,kid (on a bobby car),humans,person,34.0,61.63,62.27,61.75,61.98
15_Rechbergstr_Deckenpfronn_000001_000290,39,kid (walking),humans,person,33.0,63.7,73.02,71.28,71.9
15_Rechbergstr_Deckenpfronn_000001_000290,39,kid (walking),humans,person,34.0,63.57,72.4,70.71,71.36
15_Rechbergstr_Deckenpfronn_000001_000300,40,kid (on a bobby car),humans,motorcycle,34.0,62.04,66.59,65.83,66.1
15_Rechbergstr_Deckenpfronn_000001_000300,39,kid (walking),humans,motorcycle,34.0,64.21,80.91,78.57,79.5
15_Rechbergstr_Deckenpfronn_000002_000130,40,kid (on a bobby car),humans,motorcycle,57.0,41.8,41.02,39.3,39.54
15_Rechbergstr_Deckenpfronn_000002_000140,40,kid (on a bobby car),humans,motorcycle,55.0,37.5,41.19,40.07,40.28
15_Rechbergstr_Deckenpfronn_000002_000150,40,kid (on a bobby car),humans,motorcycle,60.0,35.88,40.0,39.05,39.42
15_Rechbergstr_Deckenpfronn_000002_000160,40,kid (on a bobby car),humans,motorcycle,63.0,33.36,37.85,36.46,36.9
15_Rechbergstr_Deckenpfronn_000002_000170,40,kid (on a bobby car),humans,motorcycle,66.0,31.83,34.21,33.68,33.88
15_Rechbergstr_Deckenpfronn_000002_000180,40,kid (on a bobby car),humans,motorcycle,71.0,31.04,34.67,34.03,34.24
15_Rechbergstr_Deckenpfronn_000003_000120,40,kid (on a bobby car),humans,motorcycle,59.0,36.89,44.33,42.67,43.19
15_Rechbergstr_Deckenpfronn_000003_000130,40,kid (on a bobby car),humans,motorcycle,62.0,35.36,41.96,40.58,41.19
15_Rechbergstr_Deckenpfronn_000003_000140,40,kid (on a bobby car),humans,motorcycle,67.0,31.98,36.23,35.91,36.09
15_Rechbergstr_Deckenpfronn_000003_000150,40,kid (on a bobby car),humans,motorcycle,70.0,30.42,33.33,32.81,33.0
15_Rechbergstr_Deckenpfronn_000003_000160,40,kid (on a bobby car),humans,motorcycle,76.0,28.11,31.67,30.65,30.99
15_Rechbergstr_Deckenpfronn_000003_000170,40,kid (on a bobby car),humans,person,83.0,25.69,29.39,28.26,28.84
15_Rechbergstr_Deckenpfronn_000004_000150,41,kid (on a small bobby car),humans,person,40.0,42.73,48.54,47.1,47.62
15_Rechbergstr_Deckenpfronn_000004_000160,41,kid (on a small bobby car),humans,person,41.0,40.22,48.23,46.61,47.21
15_Rechbergstr_Deckenpfronn_000004_000170,41,kid (on a small bobby car),humans,person,44.0,37.22,44.04,42.54,43.08
15_Rechbergstr_Deckenpfronn_000004_000180,41,kid (on a small bobby car),humans,dog,48.0,35.79,39.59,38.93,39.1
15_Rechbergstr_Deckenpfronn_000004_000190,41,kid (on a small bobby car),humans,person,51.0,32.83,37.11,36.27,36.57
15_Rechbergstr_Deckenpfronn_000004_000200,41,kid (on a small bobby car),humans,person,56.0,31.3,35.01,34.61,34.8
15_Rechbergstr_Deckenpfronn_000004_000210,41,kid (on a small bobby car),humans,motorcycle,59.0,28.25,31.51,30.87,31.14
15_Rechbergstr_Deckenpfronn_000004_000220,41,kid (on a small bobby car),humans,person,65.0,25.91,29.15,28.44,28.62
15_Rechbergstr_Deckenpfronn_000004_000230,41,kid (on a small bobby car),humans,motorcycle,71.0,23.51,26.46,25.3,25.61
15_Rechbergstr_Deckenpfronn_000004_000240,41,kid (on a small bobby car),humans,person,79.0,21.23,22.69,22.26,22.38
15_Rechbergstr_Deckenpfronn_000004_000250,41,kid (on a small bobby car),humans,person,87.0,19.39,20.8,20.43,20.53
15_Rechbergstr_Deckenpfronn_000004_000260,41,kid (on a small bobby car),humans,person,95.0,17.54,19.51,19.2,19.32
15_Rechbergstr_Deckenpfronn_000004_000270,41,kid (on a small bobby car),humans,person,108.0,15.74,16.73,16.59,16.63
15_Rechbergstr_Deckenpfronn_000004_000280,41,kid (on a small bobby car),humans,motorcycle,120.0,14.11,15.37,15.16,15.24
15_Rechbergstr_Deckenpfronn_000004_000290,41,kid (on a small bobby car),humans,person,132.0,13.19,14.4,14.21,14.3
15_Rechbergstr_Deckenpfronn_000005_000020,42,kid (crawling),humans,person,85.0,12.41,13.55,13.42,13.45
15_Rechbergstr_Deckenpfronn_000005_000030,42,kid (crawling),humans,person,82.0,12.47,13.33,13.23,13.26
15_Rechbergstr_Deckenpfronn_000005_000040,42,kid (crawling),humans,person,84.0,12.54,13.66,13.56,13.6
15_Rechbergstr_Deckenpfronn_000005_000050,42,kid (crawling),humans,person,82.0,12.6,13.73,13.6,13.64
15_Rechbergstr_Deckenpfronn_000005_000060,42,kid (crawling),humans,person,74.0,12.66,13.95,13.77,13.84
15_Rechbergstr_Deckenpfronn_000005_000070,42,kid (crawling),humans,person,67.0,12.69,14.1,13.98,14.01
15_Rechbergstr_Deckenpfronn_000005_000080,42,kid (crawling),humans,person,68.0,12.68,13.73,13.59,13.63
15_Rechbergstr_Deckenpfronn_000005_000090,42,kid (crawling),humans,person,69.0,12.71,13.94,13.85,13.9
15_Rechbergstr_Deckenpfronn_000005_000100,42,kid (crawling),humans,person,76.0,12.71,13.79,13.69,13.71
15_Rechbergstr_Deckenpfronn_000006_000090,39,kid (walking),humans,person,45.0,48.24,53.73,51.73,52.33
15_Rechbergstr_Deckenpfronn_000006_000100,39,kid (walking),humans,person,47.0,45.15,51.38,50.43,50.63
15_Rechbergstr_Deckenpfronn_000006_000110,39,kid (walking),humans,person,49.0,43.56,49.38,47.92,48.31
15_Rechbergstr_Deckenpfronn_000006_000120,39,kid (walking),humans,person,52.0,42.37,43.59,43.13,43.33
15_Rechbergstr_Deckenpfronn_000006_000130,39,kid (walking),humans,person,53.0,41.58,40.68,40.17,40.4
15_Rechbergstr_Deckenpfronn_000006_000140,39,kid (walking),humans,person,55.0,40.46,43.56,43.09,43.33
15_Rechbergstr_Deckenpfronn_000006_000160,39,kid (walking),humans,person,68.0,36.15,40.09,39.59,39.74
15_Rechbergstr_Deckenpfronn_000006_000170,39,kid (walking),humans,person,72.0,33.22,41.47,41.01,41.16
15_Rechbergstr_Deckenpfronn_000006_000180,39,kid (walking),humans,person,75.0,31.62,34.79,34.12,34.38
15_Rechbergstr_Deckenpfronn_000006_000190,39,kid (walking),humans,person,79.0,29.68,32.69,32.23,32.35
15_Rechbergstr_Deckenpfronn_000006_000200,39,kid (walking),humans,person,84.0,28.1,29.54,28.94,29.1
15_Rechbergstr_Deckenpfronn_000006_000210,39,kid (walking),humans,person,89.0,26.16,27.63,27.28,27.38
15_Rechbergstr_Deckenpfronn_000006_000220,39,kid (walking),humans,person,98.0,25.04,27.64,27.1,27.28
15_Rechbergstr_Deckenpfronn_000006_000230,39,kid (walking),humans,person,103.0,23.08,27.27,26.9,27.06
15_Rechbergstr_Deckenpfronn_000006_000230,39,kid (walking),humans,person,95.0,23.73,28.37,27.84,27.97
15_Rechbergstr_Deckenpfronn_000006_000240,39,kid (walking),humans,person,101.0,22.19,27.47,26.99,27.18
15_Rechbergstr_Deckenpfronn_000006_000250,39,kid (walking),humans,person,110.0,20.55,24.67,24.35,24.46
15_Rechbergstr_Deckenpfronn_000006_000260,39,kid (walking),humans,person,118.0,19.23,22.23,22.02,22.13
15_Rechbergstr_Deckenpfronn_000006_000270,39,kid (walking),humans,person,126.0,18.01,20.79,20.0,20.6
15_Rechbergstr_Deckenpfronn_000006_000280,39,kid (walking),humans,person,135.0,16.78,18.56,18.42,18.46
15_Rechbergstr_Deckenpfronn_000006_000320,39,kid (walking),humans,person,198.0,11.95,13.96,13.41,13.7
15_Rechbergstr_Deckenpfronn_000006_000330,39,kid (walking),humans,person,208.0,11.0,13.2,12.77,12.93
15_Rechbergstr_Deckenpfronn_000006_000340,39,kid (walking),humans,person,218.0,10.55,11.9,11.72,11.82
15_Rechbergstr_Deckenpfronn_000006_000350,39,kid (walking),humans,person,233.0,10.21,11.95,11.84,11.89
15_Rechbergstr_Deckenpfronn_000007_000050,39,kid (walking),humans,person,46.0,50.76,66.02,65.49,65.61
15_Rechbergstr_Deckenpfronn_000007_000060,39,kid (walking),humans,person,46.0,50.35,63.98,63.14,63.33
15_Rechbergstr_Deckenpfronn_000007_000070,39,kid (walking),humans,person,45.0,49.94,60.67,59.39,59.58
15_Rechbergstr_Deckenpfronn_000007_000080,39,kid (walking),humans,person,47.0,49.5,61.29,60.11,60.36
15_Rechbergstr_Deckenpfronn_000007_000090,39,kid (walking),humans,person,48.0,49.38,59.27,58.08,58.35
15_Rechbergstr_Deckenpfronn_000007_000150,39,kid (walking),humans,person,64.0,38.21,42.83,41.83,42.11
15_Rechbergstr_Deckenpfronn_000007_000160,39,kid (walking),humans,person,65.0,36.33,40.91,39.99,40.43
15_Rechbergstr_Deckenpfronn_000007_000170,39,kid (walking),humans,person,68.0,34.63,38.85,37.69,38.09
15_Rechbergstr_Deckenpfronn_000007_000180,39,kid (walking),humans,person,74.0,31.96,32.84,31.74,31.92
15_Rechbergstr_Deckenpfronn_000007_000190,39,kid (walking),humans,person,78.0,29.63,30.06,28.85,29.3
15_Rechbergstr_Deckenpfronn_000007_000200,39,kid (walking),humans,person,84.0,27.9,29.27,28.37,28.67
15_Rechbergstr_Deckenpfronn_000007_000230,39,kid (walking),humans,person,98.0,22.7,26.18,25.91,26.01
15_Rechbergstr_Deckenpfronn_000007_000240,39,kid (walking),humans,person,105.0,21.11,22.86,22.56,22.69
15_Rechbergstr_Deckenpfronn_000007_000250,39,kid (walking),humans,person,110.0,19.78,21.86,21.67,21.75
15_Rechbergstr_Deckenpfronn_000007_000260,39,kid (walking),humans,person,117.0,18.57,20.86,20.38,20.53
15_Rechbergstr_Deckenpfronn_000007_000270,39,kid (walking),humans,person,125.0,17.83,19.67,19.32,19.49
15_Rechbergstr_Deckenpfronn_000007_000280,39,kid (walking),humans,person,132.0,16.9,18.59,18.14,18.28
15_Rechbergstr_Deckenpfronn_000007_000350,39,kid (walking),humans,person,150.0,14.55,16.71,16.56,16.63
15_Rechbergstr_Deckenpfronn_000007_000360,39,kid (walking),humans,person,152.0,14.74,17.43,17.29,17.33
