image,type,class,predicted_class,occluded,truncated,box_height_px,true_centre_m,true_nearest_surface_m,lateral_gap_m,da2-metric-small_median,da2-metric-small_p10,da2-metric-small_p25,in_path
000000,Pedestrian,pedestrian,person,0,0.0,164.9,8.61,8.27,1.24,11.64,9.66,9.95,False
000001,Truck,truck,train,0,0.0,32.8,69.44,63.27,0.0,76.31,75.12,75.62,True
000001,Car,car,car,0,0.0,21.6,60.78,58.75,15.59,63.33,58.66,60.03,False
000002,Car,car,car,0,0.0,33.3,34.53,32.28,2.37,40.0,38.56,39.16,False
000009,Car,car,car,0,0.0,52.5,23.89,22.25,0.0,24.0,22.38,22.83,True
000009,Car,car,car,0,0.0,15.4,68.29,66.48,1.14,57.77,53.59,55.78,True
000009,Car,car,car,2,0.0,16.2,66.37,64.42,0.0,44.41,29.46,37.94,True
000012,Car,car,car,0,0.0,19.2,59.08,57.21,4.37,74.56,71.69,73.06,False
000012,Van,van,bus,0,0.0,29.3,66.31,63.31,11.72,73.31,70.0,71.67,False
000015,Car,car,car,0,0.89,178.3,4.94,2.95,1.62,5.09,4.32,4.6,False
000015,Pedestrian,pedestrian,person,1,0.0,183.3,8.95,8.31,4.13,11.46,8.51,11.24,False
000015,Pedestrian,pedestrian,person,0,0.0,56.3,23.37,22.82,1.31,37.06,31.6,34.44,False
000015,Pedestrian,pedestrian,person,0,0.0,54.9,24.44,23.96,2.8,35.02,28.72,30.86,False
000015,Pedestrian,pedestrian,person,0,0.0,52.6,24.27,23.83,2.0,48.09,31.09,32.84,False
000019,Car,car,car,0,0.0,20.2,59.71,57.7,2.98,70.0,67.16,69.0,False
000019,Truck,truck,truck,1,0.74,374.0,6.31,3.48,2.14,5.76,4.92,5.27,False
000019,Car,car,car,0,0.0,136.9,10.13,8.14,1.98,9.58,8.98,9.15,False
000019,Van,van,truck,0,0.0,43.3,35.42,33.17,1.51,39.38,36.69,37.56,False
000026,Truck,truck,bus,1,0.0,56.6,37.35,34.09,1.13,34.94,33.0,33.69,True
000026,Car,car,car,0,0.0,16.8,68.47,66.58,3.15,63.31,52.95,57.64,False
000027,Van,van,truck,3,0.0,197.1,14.87,11.89,6.38,12.62,10.62,11.21,False
000027,Car,car,car,0,0.0,12.9,73.47,71.69,0.32,68.06,60.9,63.44,True
000030,Car,car,car,0,0.0,26.0,41.95,39.71,1.19,21.23,18.95,20.25,True
000031,Car,car,car,0,0.0,116.8,12.61,10.57,2.29,11.45,10.79,10.97,False
000031,Car,car,car,0,0.0,161.1,9.04,7.32,2.4,8.29,7.86,8.02,False
000031,Car,car,car,0,0.0,43.3,26.55,24.65,1.85,27.56,23.27,23.7,False
000031,Truck,truck,truck,2,0.0,96.7,22.54,19.72,2.42,41.31,19.2,21.08,False
000031,Van,van,truck,0,0.0,28.9,51.93,49.69,0.82,60.12,52.78,55.66,True
000031,Car,car,car,1,0.0,98.0,13.46,11.56,2.08,13.3,11.52,12.05,False
000052,Car,car,car,0,0.0,66.3,18.93,16.88,5.41,14.91,14.45,14.55,False
000052,Van,van,car,0,0.0,144.1,12.2,9.79,0.0,10.09,9.68,9.82,True
000052,Car,car,car,0,0.0,62.7,19.99,17.91,2.98,23.11,21.59,22.42,False
000052,Car,car,car,1,0.0,40.1,34.91,33.71,9.46,31.98,29.04,31.05,False
000052,Car,car,car,1,0.0,61.7,21.17,19.12,0.37,19.91,13.52,15.95,True
000052,Car,car,car,0,0.0,25.2,68.3,65.72,39.25,51.84,47.69,49.98,False
000058,Pedestrian,pedestrian,person,0,0.0,163.2,7.46,7.08,1.02,10.27,8.43,9.35,True
000063,Van,van,car,0,0.0,46.1,36.84,34.59,10.81,43.25,34.94,36.62,False
000063,Car,car,car,0,0.0,68.7,20.38,18.03,6.76,18.02,17.12,17.36,False
000063,Car,car,car,2,0.0,112.8,11.79,10.35,1.58,16.75,13.98,16.27,False
000064,Car,car,car,0,0.0,40.0,26.95,25.21,1.86,30.25,26.91,27.72,False
000064,Car,car,car,1,0.0,28.3,39.77,37.66,5.98,44.66,42.09,43.75,False
000064,Car,car,car,0,0.0,95.4,13.89,11.8,2.56,12.7,12.07,12.23,False
000064,Truck,truck,truck,1,0.0,206.3,17.97,13.83,5.85,13.45,12.76,12.98,False
000069,Car,car,car,0,0.0,71.0,18.5,16.91,6.15,15.59,14.98,15.21,False
000069,Car,car,car,1,0.0,16.4,62.9,61.64,4.7,58.8,54.78,56.32,False
000072,Car,car,car,0,0.0,101.2,13.25,10.92,3.0,11.08,10.24,10.41,False
000072,Car,car,car,0,0.0,39.0,32.6,30.35,0.0,31.34,29.09,29.62,True
000072,Car,car,car,1,0.25,49.8,32.14,29.78,19.09,23.05,21.59,22.12,False
000075,Car,car,car,1,0.0,40.5,28.36,26.48,0.02,32.28,29.09,30.28,True
000075,Car,car,car,0,0.0,77.0,16.81,14.65,1.02,15.82,14.7,15.08,True
000075,Car,car,car,1,0.0,55.0,22.83,20.89,0.0,22.25,19.03,20.01,True
000075,Car,car,car,0,1.0,236.3,3.3,2.09,2.06,4.18,3.87,3.99,False
000078,Car,car,car,0,0.0,34.5,34.61,33.24,2.23,33.97,31.86,32.44,False
000078,Van,van,car,0,0.66,231.5,6.86,4.54,2.65,5.51,4.68,5.02,False
000078,Car,car,car,0,0.0,21.2,51.28,49.05,0.39,53.16,49.66,50.56,True
000078,Car,car,car,1,0.0,141.7,11.61,9.21,2.89,9.48,7.75,8.36,False
000079,Car,car,car,0,0.0,119.7,10.93,9.04,0.76,9.92,9.17,9.37,True
000079,Car,car,car,0,0.0,29.5,37.43,35.28,4.42,36.0,34.94,35.3,False
000079,Car,car,car,0,0.16,147.7,11.54,9.63,4.61,8.45,7.61,7.93,False
000079,Car,car,car,0,0.0,21.6,47.03,44.75,3.67,39.66,38.62,39.0,False
000079,Truck,truck,truck,2,0.0,187.2,25.97,18.71,7.03,17.81,15.62,15.9,False
000081,Truck,truck,truck,0,0.0,29.9,75.8,69.63,0.0,74.69,72.08,73.98,True
000081,Car,car,car,0,0.0,16.2,76.57,74.99,3.05,74.56,72.8,74.12,False
000082,Truck,truck,truck,0,0.64,134.0,27.13,23.66,12.42,17.16,16.2,16.5,False
000082,Car,car,car,0,0.0,16.6,64.64,62.57,8.59,56.75,55.09,55.78,False
000101,Car,car,car,0,0.0,63.3,19.47,17.81,0.0,17.03,16.41,16.75,True
000101,Car,car,car,0,0.0,53.4,29.65,27.64,14.56,19.86,18.31,18.62,False
000101,Car,car,car,3,0.3,52.1,30.81,28.62,18.2,17.05,16.23,16.59,False
000103,Pedestrian,pedestrian,person,0,0.0,138.5,9.89,9.48,3.19,11.56,10.41,10.72,False
000108,Car,car,car,0,0.0,101.4,13.49,11.97,0.0,12.34,11.5,11.73,True
000108,Cyclist,cyclist,person,3,0.0,99.1,15.36,14.33,5.34,22.41,20.31,20.94,False
000117,Car,car,car,0,0.0,25.6,50.08,47.94,7.78,42.0,40.61,41.34,False
000117,Car,car,car,1,0.16,108.0,13.69,12.07,5.6,10.59,9.94,10.08,False
000117,Car,car,car,0,0.0,124.2,11.07,9.65,2.64,9.77,9.48,9.59,False
000117,Car,car,car,2,0.0,83.2,18.39,17.12,6.53,15.01,13.09,13.74,False
000117,Car,car,car,2,0.0,78.7,20.53,19.36,6.6,17.16,14.51,15.35,False
000120,Car,car,car,1,0.06,171.6,8.96,6.89,3.02,7.2,6.08,6.34,False
000120,Car,car,car,0,0.0,97.3,14.39,12.02,4.24,12.66,11.9,12.07,False
000120,Car,car,car,0,0.0,49.7,25.12,23.2,1.73,22.83,21.89,22.2,False
000120,Car,car,car,1,0.0,37.2,33.64,31.9,4.75,32.19,29.55,30.5,False
000120,Car,car,car,1,0.0,92.4,14.64,12.69,2.8,14.72,12.16,12.85,False
000120,Car,car,car,1,0.0,45.9,25.65,23.47,2.36,26.02,23.27,24.36,False
000120,Car,car,car,1,0.0,56.8,20.7,18.78,2.44,19.78,18.08,18.69,False
000125,Car,car,car,0,0.0,31.2,40.65,39.11,11.36,36.38,34.12,34.75,False
000125,Car,car,car,1,0.0,31.3,46.01,44.17,24.62,27.91,26.61,27.22,False
000125,Car,car,car,0,0.0,20.0,55.31,52.8,11.39,47.41,44.94,45.78,False
000125,Car,car,car,0,0.01,208.3,7.01,5.35,0.0,5.72,5.53,5.57,True
000125,Car,car,car,0,0.0,32.7,38.41,36.22,14.32,30.36,29.34,29.78,False
000125,Car,car,car,2,0.0,20.0,55.43,53.27,14.68,44.06,40.41,42.44,False
000126,Van,van,truck,3,0.0,48.1,43.72,40.85,0.91,43.5,42.0,42.78,True
000126,Car,car,car,0,0.0,77.3,16.34,13.94,3.8,13.83,12.59,12.83,False
000132,Car,car,car,0,0.0,41.0,30.89,28.95,5.22,37.94,27.58,31.2,False
000132,Car,car,car,1,0.0,14.0,77.22,75.26,17.77,54.88,45.69,49.59,False
000135,Car,car,car,1,0.0,45.9,26.12,24.15,1.99,24.77,23.08,23.56,False
000135,Car,car,car,1,0.0,52.7,23.18,21.29,5.42,21.25,19.86,20.19,False
000135,Van,van,car,0,0.0,50.2,43.3,40.83,23.45,35.59,34.25,34.91,False
000135,Car,car,car,1,0.0,37.2,36.75,34.59,5.28,36.44,32.34,33.44,False
000135,Car,car,car,1,0.0,43.9,36.1,33.78,19.95,26.27,25.44,25.77,False
000135,Car,car,car,1,0.0,40.3,28.39,26.26,5.36,26.8,22.78,25.39,False
000139,Truck,truck,truck,0,0.0,30.6,74.22,67.96,1.58,63.94,60.98,61.9,False
000139,Van,van,truck,3,0.0,66.9,27.2,24.78,12.32,18.58,17.2,17.72,False
000139,Car,car,car,0,0.0,26.1,48.08,46.55,0.0,50.09,45.06,45.94,True
000152,Car,car,car,0,0.35,177.2,6.91,4.66,1.83,5.72,5.25,5.39,False
000152,Car,car,car,0,0.0,25.5,41.41,39.59,2.67,48.5,43.38,45.81,False
000152,Car,car,car,0,0.26,218.1,6.79,4.78,1.57,5.62,5.36,5.43,False
000152,Car,car,car,1,0.0,58.5,20.37,18.23,2.37,21.44,18.71,19.64,False
000152,Car,car,car,0,0.0,24.3,46.87,44.8,1.25,51.97,49.22,50.38,False
000152,Car,car,car,2,0.0,72.9,16.76,14.57,1.33,18.39,15.62,16.3,False
000165,Car,car,car,0,0.0,44.5,24.12,22.43,0.0,28.06,23.16,26.52,True
000165,Van,van,car,3,0.01,227.2,9.08,6.73,2.42,6.62,6.22,6.42,False
000165,Van,van,bus,3,0.0,58.5,32.58,29.62,2.07,42.06,28.06,29.62,False
000165,Car,car,car,3,0.82,184.4,7.01,4.88,2.86,5.25,4.9,5.06,False
000165,Car,car,car,2,0.0,79.4,19.23,17.21,3.11,13.87,11.63,12.88,False
000165,Car,car,car,2,0.0,47.7,29.43,27.46,2.94,27.91,21.33,23.48,False
000167,Cyclist,cyclist,person,3,0.0,32.5,41.19,40.31,4.12,48.67,46.34,47.79,False
000167,Pedestrian,pedestrian,person,0,0.0,116.9,12.28,11.75,5.12,13.98,13.3,13.67,False
000167,Cyclist,cyclist,person,3,0.0,54.9,26.32,25.32,3.54,48.31,34.66,43.92,False
000168,Car,car,car,0,0.0,33.5,34.26,32.76,10.18,32.62,32.38,32.47,False
000168,Car,car,car,0,0.0,35.9,27.84,26.06,0.47,32.38,30.3,30.77,True
000168,Car,car,car,0,0.0,36.3,39.46,37.35,16.6,31.53,30.94,31.16,False
000168,Car,car,car,0,0.0,26.8,40.03,38.19,4.07,39.72,39.0,39.38,False
000177,Van,van,truck,0,0.0,88.8,23.11,20.25,2.44,20.62,19.97,20.19,False
000177,Pedestrian,pedestrian,person,0,0.0,71.3,19.36,18.86,7.77,24.09,20.78,23.0,False
000177,Pedestrian,pedestrian,person,0,0.0,83.1,17.19,16.82,8.38,17.5,17.03,17.16,False
000177,Person_sitting,pedestrian,person,0,0.0,51.2,20.35,19.92,6.07,23.0,20.58,21.15,False
000177,Car,car,car,1,0.0,30.8,36.72,35.14,8.5,26.2,22.86,24.06,False
000178,Car,car,car,0,0.0,64.5,19.07,16.95,2.22,19.5,18.27,18.73,False
000178,Car,car,car,1,0.0,50.1,26.49,25.08,9.68,21.47,19.22,20.48,False
000178,Car,car,car,0,0.0,25.2,46.6,44.77,0.0,69.62,50.3,55.66,True
000178,Car,car,car,0,0.93,183.0,4.55,2.66,2.05,4.29,3.73,3.96,False
000178,Car,car,car,0,0.0,51.8,29.46,27.58,15.19,17.56,14.88,15.94,False
000178,Car,car,car,1,0.0,173.6,8.99,6.96,2.18,8.63,7.68,7.95,False
000178,Car,car,car,1,0.0,30.9,37.33,35.3,2.57,39.12,34.16,35.43,False
000180,Car,car,car,1,0.0,23.1,52.32,51.08,7.44,38.19,35.5,36.44,False
000180,Car,car,car,0,0.0,16.3,63.79,61.63,3.98,57.09,49.13,51.34,False
000186,Truck,truck,truck,2,0.0,44.7,60.38,59.01,1.06,54.75,50.75,52.62,True
000186,Car,car,car,1,0.0,27.7,41.12,39.08,10.37,45.91,43.62,44.62,False
000186,Car,car,car,1,0.67,178.2,9.2,7.27,5.03,7.29,6.48,6.81,False
000186,Car,car,car,0,0.0,34.3,32.52,30.62,4.13,38.97,35.09,36.34,False
000186,Car,car,car,1,0.9,184.1,4.83,3.02,2.09,4.14,3.63,3.82,False
000186,Car,car,car,2,0.0,53.2,28.48,26.44,13.8,23.73,21.0,22.91,False
000186,Pedestrian,pedestrian,person,0,0.0,41.4,30.12,29.58,2.67,51.55,40.2,44.33,False
000186,Car,car,car,1,0.0,21.2,53.47,51.68,2.29,59.3,54.13,56.3,False
000186,Car,car,car,1,0.0,22.6,49.8,48.05,0.71,59.23,57.72,58.47,True
000201,Car,car,car,1,0.45,198.3,6.4,4.34,2.03,6.06,5.14,5.41,False
000201,Car,car,car,0,0.0,81.1,14.99,13.16,1.11,15.99,14.62,15.2,True
000201,Car,car,car,0,0.0,34.0,33.93,32.04,0.15,34.69,32.81,33.84,True
000201,Car,car,car,0,0.0,65.5,18.48,16.57,4.75,18.05,17.08,17.38,False
000201,Car,car,truck,1,0.0,61.7,21.91,19.89,0.0,23.05,19.61,20.81,True
000201,Car,car,car,1,0.0,25.6,43.86,42.09,2.37,44.94,41.53,42.68,False
000201,Cyclist,cyclist,person,0,0.0,62.9,20.92,19.9,3.75,42.25,25.22,26.99,False
000201,Cyclist,cyclist,person,0,0.0,72.7,18.99,18.04,4.24,27.41,24.26,24.66,False
000207,Car,car,car,1,0.0,44.0,34.21,32.1,15.94,27.02,25.77,26.14,False
000207,Car,car,car,0,0.0,47.0,30.64,28.52,13.01,26.69,25.55,25.94,False
000207,Car,car,car,0,0.0,24.4,51.7,49.58,13.17,53.44,50.17,51.16,False
000209,Pedestrian,pedestrian,person,0,0.0,177.0,8.09,7.64,2.08,10.8,8.92,9.16,False
000213,Car,car,car,0,0.0,92.8,13.62,11.42,1.8,12.18,11.69,11.83,False
000213,Car,car,car,1,0.0,30.9,43.75,41.5,2.3,46.12,44.62,45.03,False
000213,Car,car,car,2,0.0,111.1,13.32,11.63,4.63,11.07,9.44,9.93,False
000213,Car,car,car,1,0.0,66.3,18.15,16.67,3.67,15.21,10.78,14.65,False
000213,Car,car,car,0,0.71,179.1,9.17,7.33,4.48,6.69,6.06,6.31,False
000213,Car,car,car,0,0.92,169.8,4.67,2.99,2.06,4.14,3.75,3.87,False
000213,Car,car,car,1,0.0,44.9,24.29,22.16,2.14,27.7,18.73,21.86,False
000213,Car,car,car,3,0.29,131.8,11.25,9.52,4.65,8.59,7.77,8.09,False
000218,Car,car,car,0,0.0,70.6,19.12,17.17,5.25,16.16,14.99,15.3,False
000218,Car,car,car,1,0.0,26.8,41.43,39.6,5.53,41.06,38.84,39.72,False
000218,Car,car,car,0,0.0,179.0,8.19,6.14,2.2,6.76,6.34,6.47,False
000218,Car,car,car,1,0.0,84.7,14.01,12.36,2.03,13.93,12.75,13.22,False
000218,Car,car,car,1,0.0,26.0,44.52,42.59,1.97,49.91,47.5,48.32,False
000218,Car,car,car,2,0.0,22.6,46.95,44.85,5.48,46.3,44.12,44.81,False
000226,Car,car,car,0,0.0,26.6,41.83,39.64,1.79,40.31,39.12,39.47,False
000226,Car,car,car,0,0.8,157.0,5.08,3.25,1.91,4.78,4.14,4.39,False
000226,Van,van,car,2,0.0,39.6,38.75,37.65,3.77,43.78,35.97,40.53,False
000226,Truck,truck,truck,2,0.0,32.0,58.01,54.69,1.21,54.22,49.66,52.12,False
000226,Car,car,car,0,0.03,197.2,8.4,6.15,1.55,6.82,6.34,6.46,False
000226,Car,car,car,2,0.0,44.0,26.75,25.51,4.07,23.45,19.61,21.58,False
000226,Car,car,car,2,0.0,70.7,17.21,15.88,4.53,17.36,14.61,16.16,False
000226,Car,car,car,3,0.02,109.3,12.99,11.42,4.59,12.59,5.75,7.61,False
000228,Car,car,car,1,0.0,32.3,35.82,33.93,4.46,32.47,30.42,31.44,False
000228,Car,car,car,1,0.0,25.1,44.92,42.96,0.0,36.22,34.72,35.38,True
000228,Van,van,car,2,0.0,35.3,43.65,41.3,6.7,34.53,33.28,33.84,False
000228,Pedestrian,pedestrian,person,0,0.0,70.9,18.19,17.9,6.03,18.17,17.41,17.69,False
000228,Car,car,car,2,0.0,40.3,29.14,27.45,10.32,24.97,23.77,24.47,False
000236,Car,car,car,0,0.0,43.1,25.71,23.51,2.49,26.34,22.91,24.77,False
000236,Car,car,car,0,0.0,102.6,15.69,13.56,6.98,12.71,11.85,12.12,False
000236,Car,car,car,0,0.0,37.9,32.61,30.69,0.0,38.0,33.84,34.69,True
000236,Car,car,car,0,0.0,97.5,13.57,11.52,2.78,12.7,12.04,12.23,False
000236,Car,car,car,1,0.0,28.2,40.07,38.03,6.82,31.08,20.89,25.86,False
000236,Van,van,truck,1,0.0,36.2,57.93,54.91,3.55,63.56,49.47,55.22,False
000236,Car,car,car,2,0.0,57.3,21.8,19.73,6.7,16.23,14.96,15.32,False
000236,Car,car,car,3,0.36,79.5,19.56,17.59,11.32,13.42,12.47,12.95,False
000240,Car,car,car,0,0.0,38.1,29.37,27.14,0.04,30.8,28.47,29.38,True
000246,Van,van,truck,0,0.0,133.2,18.9,15.52,6.6,16.42,14.68,15.21,False
000246,Car,car,car,0,0.0,35.0,35.14,33.22,0.0,37.75,33.28,34.12,True
000246,Car,car,car,0,0.82,166.8,6.09,4.31,3.01,5.04,4.55,4.72,False
000246,Truck,truck,bus,1,0.0,54.6,62.09,53.83,3.7,41.09,37.38,39.52,False
000251,Pedestrian,pedestrian,person,0,0.0,139.2,9.83,9.27,3.61,9.9,8.7,9.33,False
000251,Pedestrian,pedestrian,person,0,0.02,175.2,7.09,6.59,1.97,7.57,7.02,7.23,False
000258,Car,car,car,0,0.0,25.4,46.89,45.0,4.16,38.97,36.5,37.09,False
000258,Car,car,car,0,0.0,47.4,26.7,24.72,3.45,27.08,25.0,25.66,False
000258,Car,car,car,0,0.0,73.2,19.16,17.16,5.37,16.02,14.91,15.2,False
000258,Car,car,car,1,0.0,68.0,23.46,21.31,4.66,19.2,17.52,18.31,False
000265,Cyclist,cyclist,person,3,0.0,30.4,40.17,39.37,6.08,53.47,44.31,51.19,False
000265,Pedestrian,pedestrian,person,0,0.0,42.8,30.19,29.71,7.77,33.75,30.81,31.83,False
000265,Pedestrian,pedestrian,person,2,0.0,42.8,30.0,29.58,6.93,33.7,31.83,32.74,False
000265,Cyclist,cyclist,person,3,0.0,56.9,24.32,23.42,4.96,36.98,28.31,32.22,False
000270,Car,car,car,1,0.0,40.6,29.75,27.59,8.29,26.7,24.97,25.64,False
000270,Car,car,car,0,0.0,26.5,47.13,45.31,0.0,52.14,48.5,50.33,True
000270,Car,car,car,1,0.0,24.7,52.57,50.56,9.43,47.75,44.38,45.88,False
000272,Car,car,car,0,0.0,26.6,43.01,41.01,0.0,43.5,41.03,41.66,True
000275,Pedestrian,pedestrian,person,0,0.0,48.3,25.35,24.82,3.57,35.17,26.9,29.17,False
000275,Car,car,car,1,0.17,95.3,17.43,15.12,9.01,14.82,12.89,13.49,False
000275,Car,car,car,0,0.42,200.0,7.48,5.45,2.59,5.36,4.92,5.1,False
000275,Car,car,car,0,0.0,100.6,13.14,11.29,0.0,11.93,11.42,11.55,True
000275,Van,van,car,1,0.0,22.9,67.42,64.56,5.37,56.91,51.66,53.37,False
000275,Car,car,car,2,0.0,151.7,10.25,8.06,2.27,9.77,9.07,9.33,False
000288,Pedestrian,pedestrian,person,0,0.0,151.2,8.92,8.32,1.36,12.18,9.7,9.91,False
000290,Pedestrian,pedestrian,person,0,0.0,208.6,6.51,5.94,0.59,8.97,7.58,7.86,True
000292,Car,car,car,0,0.0,64.9,19.66,18.06,0.0,18.08,17.45,17.62,True
000292,Pedestrian,pedestrian,person,0,0.0,30.1,40.19,39.69,9.77,42.78,41.05,41.52,False
000294,Pedestrian,pedestrian,person,0,0.0,183.6,8.72,8.2,4.14,11.57,8.37,9.83,False
000298,Pedestrian,pedestrian,person,0,0.0,162.4,9.72,9.33,3.12,11.8,10.79,11.38,False
000309,Car,car,car,1,0.0,120.8,14.01,11.42,3.19,13.3,10.36,11.54,False
000309,Car,car,car,1,0.01,196.8,8.45,6.25,2.85,6.95,6.36,6.56,False
000309,Car,car,car,2,0.0,53.7,24.73,22.67,5.24,24.11,18.41,20.27,False
000312,Truck,truck,truck,0,0.0,62.7,41.33,37.68,2.55,53.09,41.66,45.5,False
000312,Car,car,car,0,0.0,122.0,11.17,9.23,3.03,9.61,8.61,8.81,False
000312,Car,car,car,1,0.0,35.6,32.33,30.71,0.02,37.56,33.69,34.82,True
000312,Car,car,car,1,0.0,84.8,17.09,15.0,3.08,18.23,14.57,15.99,False
000313,Car,car,car,1,0.0,43.5,25.75,24.15,6.39,23.11,21.53,22.17,False
000316,Car,car,car,0,0.37,188.7,6.56,4.59,2.14,5.56,4.84,4.98,False
000316,Car,car,car,0,0.0,54.7,21.45,19.56,2.32,24.3,21.39,22.33,False
000316,Car,car,car,0,0.0,23.1,50.53,48.7,0.0,62.66,53.88,56.5,True
000316,Car,car,car,1,0.0,26.3,45.52,44.37,10.61,33.72,27.46,29.8,False
000316,Car,car,car,1,0.0,141.9,10.73,8.63,1.82,10.53,8.77,9.22,False
000316,Car,car,car,1,0.0,49.8,24.07,22.09,1.66,24.86,22.84,23.67,False
000316,Car,car,car,2,0.0,42.3,29.14,27.21,1.61,32.77,27.13,29.97,False
000316,Car,car,car,2,0.0,95.3,14.53,13.08,1.82,20.98,15.07,16.7,False
000316,Car,car,car,2,0.0,29.1,39.32,37.25,1.47,36.66,34.56,35.25,False
000318,Car,car,car,0,0.27,218.3,7.49,5.22,2.2,6.3,5.33,5.59,False
000318,Car,car,car,1,0.0,28.8,40.02,38.13,0.87,41.0,37.84,39.5,True
000318,Car,car,car,0,0.0,43.1,28.5,26.34,0.46,28.23,26.05,27.06,True
000318,Car,car,car,1,0.0,35.8,34.66,32.73,0.0,33.69,30.56,31.98,True
000318,Car,car,car,1,0.0,124.6,13.15,10.89,2.02,12.32,10.52,11.12,False
000322,Car,car,car,0,0.0,19.4,56.89,54.77,1.99,44.25,38.09,40.38,False
000322,Car,car,car,0,0.87,174.2,5.92,3.75,2.74,4.79,4.21,4.4,False
000327,Pedestrian,pedestrian,person,0,0.0,158.4,9.06,8.66,2.13,11.53,10.33,10.8,False
000331,Car,car,car,0,0.13,113.5,12.66,11.14,5.22,10.16,9.51,9.78,False
000331,Car,car,car,0,0.0,49.0,23.52,22.36,5.25,26.86,25.17,25.77,False
000331,Cyclist,cyclist,person,0,0.0,50.7,25.54,24.47,0.0,35.22,33.54,34.59,True
000332,Car,car,car,0,0.0,37.5,32.4,30.26,0.22,32.94,30.56,31.45,True
000332,Pedestrian,pedestrian,person,1,0.0,109.2,11.91,11.4,1.76,13.03,12.09,12.49,False
000332,Pedestrian,pedestrian,person,0,0.0,120.1,11.7,11.22,2.71,12.86,12.09,12.58,False
000332,Pedestrian,pedestrian,person,0,0.0,144.3,9.54,9.0,1.67,11.19,10.02,10.65,False
000332,Pedestrian,pedestrian,person,0,0.0,121.5,11.52,11.06,3.89,14.06,12.29,12.8,False
000332,Pedestrian,pedestrian,person,1,0.0,97.6,13.28,12.77,1.52,14.27,13.45,13.7,False
000332,Pedestrian,pedestrian,person,2,0.0,95.8,14.47,13.93,3.2,15.98,13.01,14.05,False
000332,Pedestrian,pedestrian,person,1,0.0,115.4,12.3,11.83,4.12,13.1,12.26,12.59,False
000333,Car,car,car,0,0.0,37.4,29.22,27.29,0.54,30.27,28.28,28.59,True
000333,Car,car,car,0,0.96,167.4,4.61,2.74,2.25,3.98,3.61,3.75,False
000333,Car,car,car,1,0.54,88.1,19.64,17.27,11.46,14.91,14.15,14.41,False
000337,Pedestrian,pedestrian,person,0,0.0,142.4,9.64,9.25,3.01,10.66,10.25,10.55,False
000344,Car,car,car,0,0.0,74.8,19.0,17.11,5.42,16.14,15.0,15.38,False
000344,Car,car,car,0,0.0,23.6,48.69,46.42,5.27,45.91,44.06,44.53,False
000344,Car,car,car,0,0.05,44.5,30.86,28.74,18.15,19.22,18.28,18.64,False
000344,Car,car,car,0,0.0,52.5,23.97,22.37,0.0,23.94,23.5,23.59,True
000345,Truck,truck,bus,0,0.0,141.3,29.2,20.9,2.51,23.02,22.31,22.61,False
000345,Car,car,car,0,0.0,48.0,26.13,24.21,0.0,33.84,27.75,29.83,True
000345,Car,car,car,1,0.0,39.8,28.7,26.66,7.36,33.44,26.8,31.13,False
000346,Car,car,car,0,0.0,39.5,28.74,26.93,4.64,26.95,24.39,25.52,False
000346,Car,car,car,0,0.0,26.6,40.36,38.53,0.88,37.03,35.09,35.81,True
000346,Van,van,car,2,0.0,62.9,24.47,23.17,4.27,27.8,22.97,26.12,False
000346,Car,car,car,0,0.73,192.3,9.7,7.84,4.83,6.66,6.09,6.29,False
000346,Car,car,car,0,0.99,189.6,4.06,2.33,2.04,3.56,3.16,3.33,False
000346,Car,car,car,2,0.0,94.8,13.65,12.22,4.81,8.09,7.54,7.74,False
000346,Car,car,car,2,0.0,62.7,20.36,19.12,5.3,15.43,13.12,13.71,False
000358,Car,car,car,0,0.0,26.3,49.32,47.22,17.65,40.97,37.22,39.12,False
000358,Truck,truck,train,0,0.0,67.4,43.46,37.95,0.32,36.78,35.44,36.06,True
000358,Car,car,car,1,0.0,21.2,54.47,52.2,17.54,43.81,41.47,42.27,False
000358,Car,car,car,1,0.0,18.9,61.49,59.18,17.11,51.53,48.56,50.12,False
000363,Car,car,car,0,0.0,38.6,32.06,29.92,3.01,32.72,31.41,31.7,False
000363,Car,car,car,0,0.0,44.4,28.89,26.64,0.0,32.06,28.81,29.3,True
000363,Car,car,car,0,0.0,21.7,53.2,51.27,2.96,47.31,45.66,46.47,False
000364,Person_sitting,pedestrian,person,1,0.65,144.5,8.82,8.26,5.48,7.41,7.0,7.21,False
000364,Pedestrian,pedestrian,person,0,0.0,64.8,17.8,17.5,2.87,22.73,19.39,21.3,False
000365,Pedestrian,pedestrian,person,0,0.0,171.6,7.47,7.13,1.17,12.24,8.71,10.25,True
000368,Pedestrian,pedestrian,person,1,0.0,160.9,8.94,8.48,3.8,11.88,9.26,10.62,False
000370,Car,car,car,0,0.0,69.4,17.08,15.65,1.32,16.56,15.95,16.12,False
000370,Car,car,car,0,0.0,19.1,66.73,64.58,13.54,53.97,50.66,52.66,False
000370,Car,car,car,2,0.0,78.2,19.21,17.92,7.02,15.09,13.12,14.02,False
000370,Car,car,car,3,0.58,126.2,11.53,9.94,5.64,8.37,7.89,8.12,False
000370,Car,car,car,2,0.0,53.2,24.31,22.89,7.44,19.58,18.11,18.72,False
000370,Car,car,car,1,0.0,43.2,27.47,26.36,0.27,25.55,21.53,23.5,True
000370,Car,car,car,3,0.23,110.2,13.68,12.2,6.17,10.91,9.62,10.22,False
000370,Car,car,car,1,0.0,42.8,29.1,28.03,7.83,27.0,23.8,25.28,False
000374,Car,car,car,0,0.0,54.8,23.04,21.44,0.0,22.7,21.8,22.12,True
000374,Car,car,car,1,0.0,19.9,54.28,52.55,2.5,54.28,50.87,52.23,False
000374,Car,car,car,1,0.0,17.1,65.1,62.9,18.1,47.91,45.59,46.84,False
000378,Car,car,car,0,0.0,66.3,19.28,18.25,0.23,19.45,18.97,19.12,True
000378,Car,car,car,2,0.0,52.3,23.56,21.51,3.55,23.39,22.8,23.12,False
000383,Pedestrian,pedestrian,person,0,0.0,123.2,11.19,10.8,1.96,13.52,11.07,11.89,False
000383,Car,car,car,0,0.82,176.0,5.58,3.57,2.32,4.45,3.92,4.13,False
000383,Pedestrian,pedestrian,person,0,0.0,147.0,9.2,8.8,1.28,11.71,10.0,10.77,False
000383,Cyclist,cyclist,bicycle,2,0.0,111.3,11.61,11.21,1.08,13.08,11.59,12.07,True
000383,Car,car,car,3,0.89,44.3,28.46,26.5,17.85,17.84,16.12,16.28,False
000385,Car,car,car,0,0.0,58.0,21.13,19.08,1.82,21.7,19.94,20.77,False
000385,Car,car,car,0,0.0,48.5,25.14,22.87,1.74,27.73,26.92,27.12,False
000385,Car,car,car,0,0.0,180.6,8.35,6.39,1.91,7.27,6.78,6.93,False
000385,Car,car,car,1,0.0,30.8,40.74,38.92,2.21,45.78,36.59,39.09,False
000385,Car,car,car,1,0.0,27.7,40.36,38.69,1.51,43.12,35.73,40.47,False
000388,Truck,truck,bus,0,0.0,29.5,76.74,70.57,1.81,71.31,69.5,70.56,False
000388,Car,car,car,0,0.0,19.7,63.53,61.96,5.31,65.62,63.76,64.75,False
000395,Van,van,truck,0,0.0,53.3,35.0,31.88,1.44,32.84,29.62,31.53,False
000395,Car,car,car,2,0.0,54.0,25.77,24.43,3.94,22.61,20.5,21.03,False
000395,Car,car,car,0,0.1,173.7,7.89,6.03,2.15,6.14,5.72,5.86,False
000395,Van,van,car,3,0.53,194.9,9.23,7.65,4.3,6.16,5.61,5.76,False
000395,Car,car,car,1,0.0,108.6,13.53,12.23,4.61,10.73,10.22,10.41,False
000395,Van,van,car,2,0.0,29.0,74.01,72.83,4.65,56.56,36.28,48.27,False
000395,Car,car,car,2,0.0,80.4,22.24,20.9,4.83,15.23,12.51,13.17,False
000395,Car,car,car,2,0.0,72.8,18.22,17.13,4.45,18.8,16.58,18.0,False
000395,Car,car,car,1,0.0,36.5,31.49,30.31,4.8,28.86,26.98,27.92,False
000395,Van,van,truck,2,0.0,38.2,52.42,49.06,1.17,44.12,42.09,42.97,True
000407,Pedestrian,pedestrian,person,0,0.0,153.1,9.13,8.67,3.24,10.03,9.45,9.72,False
000408,Car,car,car,0,0.0,63.1,21.89,19.74,2.12,21.94,20.56,21.0,False
000408,Car,car,car,0,0.0,141.8,9.68,8.31,1.55,9.18,8.7,8.87,False
000408,Car,car,car,0,0.0,24.3,46.59,44.68,1.69,47.64,45.94,46.78,False
000408,Cyclist,cyclist,person,3,0.0,54.2,24.81,24.2,0.3,42.06,34.24,36.4,True
000408,Car,car,car,1,0.0,80.9,17.02,15.43,4.98,17.11,15.11,15.88,False
000408,Car,car,car,1,0.0,80.6,14.42,12.75,1.54,12.88,11.52,12.06,False
000408,Car,car,car,1,0.0,37.0,29.64,27.69,1.89,27.26,24.99,25.55,False
000429,Car,car,car,0,0.0,136.2,11.16,9.1,3.89,9.02,8.01,8.31,False
000429,Car,car,car,0,0.0,30.0,37.17,35.48,3.18,40.38,38.78,39.25,False
000429,Car,car,car,1,0.75,180.2,6.36,4.41,2.9,5.19,4.56,4.8,False
000429,Car,car,car,1,0.0,121.8,11.39,9.46,2.91,10.66,9.65,10.04,False
000429,Car,car,car,1,0.0,77.2,16.38,14.34,3.77,16.22,14.28,14.99,False
000429,Car,car,car,2,0.0,78.7,16.37,14.17,2.82,16.72,14.76,15.41,False
000429,Car,car,car,2,0.0,44.5,26.8,24.97,3.25,30.61,26.77,28.47,False
000429,Car,car,car,2,0.0,54.3,21.61,19.3,3.64,22.0,19.25,20.33,False
000429,Car,car,car,2,0.0,57.1,21.33,19.48,2.91,23.88,20.23,21.92,False
000429,Car,car,car,2,0.0,36.2,32.28,30.3,3.44,30.77,27.53,28.45,False
000430,Car,car,car,3,0.13,130.9,13.0,11.04,6.11,8.72,7.98,8.12,False
000430,Car,car,car,1,0.0,33.4,39.03,37.23,16.06,26.95,17.73,20.91,False
000430,Van,van,truck,3,0.0,54.5,41.96,39.69,21.58,33.38,30.61,32.09,False
000430,Car,car,car,1,0.0,75.9,19.52,17.76,8.45,13.73,11.77,12.66,False
000441,Car,car,car,0,0.57,131.3,12.96,11.15,6.48,9.67,8.88,9.3,False
000441,Car,car,car,0,0.0,31.9,37.7,36.04,6.68,34.42,33.34,33.72,False
000441,Car,car,car,2,0.0,46.2,26.5,25.6,6.39,24.06,20.02,21.94,False
000441,Car,car,car,2,0.0,83.5,19.22,18.19,6.87,13.25,12.22,12.74,False
000454,Car,car,car,1,0.0,33.0,35.4,34.47,11.91,25.28,19.48,22.34,False
000454,Truck,truck,truck,0,0.0,29.8,75.99,69.82,0.0,76.06,74.71,75.44,True
000454,Car,car,car,1,0.0,24.8,50.16,47.64,19.88,54.34,38.59,45.53,False
000466,Car,car,car,1,0.0,34.8,38.88,36.65,17.87,23.44,22.09,22.59,False
000473,Car,car,car,0,0.0,27.8,41.31,39.31,0.0,40.88,39.09,39.84,True
000475,Car,car,car,1,0.0,89.2,15.59,13.41,4.67,12.86,11.59,11.84,False
000475,Car,car,car,0,0.0,147.3,9.66,7.69,2.49,8.52,7.73,7.93,False
000475,Car,car,car,1,0.0,51.1,23.53,21.64,2.15,23.12,21.31,21.77,False
000475,Car,car,car,0,0.92,154.5,7.91,6.19,4.94,5.34,4.97,5.15,False
000475,Car,car,car,1,0.0,41.2,29.98,28.05,4.85,32.81,29.53,30.23,False
000475,Car,car,car,1,0.0,83.4,15.15,13.05,2.32,14.7,12.95,13.48,False
000475,Car,car,car,2,0.0,41.0,29.09,27.3,2.23,33.06,28.58,30.05,False
000476,Car,car,car,0,0.0,35.6,32.77,30.76,1.64,33.0,31.69,32.41,False
000484,Car,car,car,0,0.45,213.6,6.25,4.21,1.92,5.07,4.71,4.79,False
000484,Car,car,car,0,0.0,22.3,52.48,50.64,0.0,68.66,61.18,63.5,True
000484,Car,car,car,0,0.0,67.9,17.4,15.53,1.91,17.73,17.06,17.31,False
000484,Car,car,car,2,0.0,53.7,22.43,20.44,2.03,25.33,21.0,23.24,False
000484,Car,car,car,2,0.0,35.3,32.6,30.69,2.28,31.98,27.97,29.62,False
000484,Car,car,car,2,0.0,34.0,37.2,35.19,1.98,44.98,41.52,42.78,False
000492,Car,car,car,0,0.0,61.4,21.8,19.58,2.46,20.8,19.97,20.25,False
000492,Car,car,car,0,0.17,196.7,7.69,5.56,2.37,6.31,5.64,5.83,False
000492,Car,car,car,0,0.0,51.2,24.64,22.72,0.0,25.05,23.19,23.77,True
000492,Car,car,car,0,0.0,34.6,33.53,31.53,7.51,31.52,27.42,29.44,False
000492,Car,car,car,1,0.0,27.9,42.98,40.85,11.91,31.84,28.53,30.36,False
000492,Car,car,car,1,0.0,22.1,47.64,45.48,3.57,37.44,31.13,33.56,False
000492,Car,car,car,1,0.0,32.9,34.93,32.94,3.33,32.69,27.21,28.58,False
000492,Car,car,car,1,0.8,141.5,11.12,9.18,6.79,7.51,7.08,7.23,False
000493,Car,car,car,0,0.0,42.7,26.96,24.77,0.0,29.44,27.58,28.27,True
000493,Car,car,truck,1,0.18,189.7,7.73,5.88,2.13,6.48,5.93,6.13,False
000493,Car,car,car,0,0.0,25.4,43.87,41.58,0.71,52.53,46.43,48.75,True
000493,Car,car,car,0,0.0,34.0,37.14,35.17,5.96,42.59,40.31,40.98,False
000500,Car,car,car,0,0.0,29.0,37.33,35.42,5.72,30.06,29.37,29.67,False
000500,Car,car,car,0,0.0,192.8,8.98,6.86,2.2,7.28,6.63,6.96,False
000500,Car,car,car,0,0.87,187.0,6.25,4.16,2.24,4.45,4.17,4.28,False
000500,Car,car,car,0,0.0,41.7,29.11,27.26,0.0,29.45,26.94,28.25,True
000500,Car,car,car,2,0.0,88.4,15.78,13.69,2.33,17.61,14.23,15.63,False
000500,Car,car,car,2,0.0,26.7,40.05,37.97,2.2,31.83,25.26,29.58,False
000500,Car,car,car,1,0.0,14.6,70.82,68.79,6.4,55.41,53.47,54.47,False
000502,Car,car,car,0,0.0,94.7,13.85,12.01,0.0,12.24,11.68,11.84,True
000502,Car,car,car,0,0.0,177.6,9.06,6.98,2.58,7.28,6.79,6.95,False
000502,Car,car,car,0,0.74,103.5,14.47,12.48,8.8,11.55,10.8,11.09,False
000502,Pedestrian,pedestrian,person,1,0.0,45.2,26.9,26.37,3.02,32.73,25.65,27.19,False
000502,Van,van,car,1,0.0,20.9,73.37,70.5,5.56,53.81,51.17,52.3,False
000502,Car,car,car,1,0.0,83.3,18.98,16.66,9.04,17.41,14.66,15.62,False
000502,Car,car,car,2,0.0,120.0,12.01,9.83,2.24,12.29,10.78,11.25,False
000502,Car,car,car,0,0.96,210.0,6.03,4.25,2.65,5.89,5.69,5.75,False
000509,Pedestrian,pedestrian,person,0,0.0,146.2,9.6,9.12,3.16,10.66,10.02,10.41,False
000510,Car,car,car,0,0.0,76.7,17.23,15.22,0.72,17.11,14.78,15.22,True
000510,Car,car,car,0,0.17,142.0,11.03,9.17,4.34,7.68,7.27,7.4,False
000510,Car,car,car,1,0.0,45.9,32.94,30.67,9.36,31.0,27.64,28.67,False
000510,Car,car,car,0,0.0,91.3,16.22,14.05,5.83,14.59,13.91,14.15,False
000510,Car,car,car,2,0.0,36.8,30.92,29.25,4.08,23.62,20.75,22.12,False
000510,Car,car,car,2,0.0,58.5,22.54,20.17,7.13,20.8,18.66,19.47,False
000511,Car,car,car,0,0.0,33.5,40.32,38.44,21.79,26.92,23.31,25.23,False
000511,Car,car,car,0,0.26,41.5,36.02,34.15,21.76,21.88,19.94,20.84,False
000511,Truck,truck,truck,0,0.0,76.5,38.88,33.46,0.0,31.8,31.0,31.23,True
000511,Car,car,car,1,0.0,27.0,49.88,48.05,22.39,36.19,33.12,35.0,False
000511,Car,car,car,1,0.0,28.1,44.75,42.65,22.17,31.69,29.78,30.81,False
000511,Car,car,car,1,0.0,22.2,54.24,52.42,22.61,40.19,37.0,38.12,False
000515,Car,car,car,0,0.0,87.7,17.46,15.32,7.03,15.3,14.45,14.65,False
000515,Car,car,car,0,0.0,86.4,14.94,12.9,2.81,14.57,13.82,14.03,False
000515,Car,car,car,0,0.0,40.7,27.09,24.9,2.55,27.25,24.55,25.66,False
000515,Car,car,car,0,0.0,38.5,32.14,30.22,0.0,37.81,33.44,34.16,True
000515,Car,car,car,0,0.73,116.1,12.7,10.76,7.62,10.53,9.72,10.01,False
000515,Car,car,car,2,0.0,51.7,23.67,21.6,6.72,17.01,16.06,16.45,False
000515,Car,car,car,2,0.0,26.9,41.76,39.72,6.91,29.91,22.04,26.89,False
000515,Van,van,truck,1,0.0,35.4,59.3,56.27,3.68,67.53,49.55,56.1,False
000515,Car,car,car,3,0.0,69.7,21.16,19.17,11.37,17.94,16.23,17.05,False
000521,Car,car,car,1,0.0,59.7,21.53,19.48,8.77,17.72,16.15,16.67,False
000521,Car,car,car,0,0.0,27.1,46.19,44.36,0.0,52.52,48.72,50.38,True
000521,Car,car,car,1,0.0,19.0,60.18,57.9,9.51,54.59,52.97,53.66,False
000521,Car,car,car,2,0.0,45.1,31.16,29.11,11.3,34.88,26.47,31.44,False
000523,Car,car,car,1,0.0,44.5,26.94,25.62,6.08,26.3,25.19,25.56,False
000530,Pedestrian,pedestrian,person,0,0.0,87.8,15.32,14.8,3.9,19.19,16.39,17.81,False
000530,Car,car,car,0,0.0,45.0,32.59,30.34,1.09,34.5,31.23,32.16,True
000530,Pedestrian,pedestrian,person,1,0.0,87.5,15.57,15.06,3.53,21.69,17.19,19.34,False
000537,Car,car,car,0,0.0,26.0,49.73,47.47,14.44,48.56,33.48,45.94,False
000537,Car,car,car,0,0.0,22.4,68.72,66.12,16.69,60.03,54.83,57.41,False
000537,Truck,truck,truck,0,0.0,71.0,41.48,36.06,0.0,44.25,40.47,42.25,True
000539,Car,car,car,0,0.0,38.6,37.33,35.07,20.23,24.48,21.05,22.34,False
000539,Car,car,car,1,0.0,31.9,41.9,39.98,20.34,28.02,25.09,26.25,False
000539,Truck,truck,truck,0,0.0,74.2,39.97,34.56,0.38,33.06,32.25,32.56,True
000539,Car,car,car,1,0.0,26.3,46.71,44.83,20.24,32.56,30.1,31.17,False
000539,Car,car,car,1,0.0,18.8,61.0,59.18,20.42,39.92,37.25,38.09,False
000539,Car,car,car,0,0.78,44.8,31.25,29.09,19.88,20.61,17.31,18.42,False
000539,Car,car,car,0,0.0,22.9,51.2,49.08,20.24,36.22,34.66,35.34,False
000539,Car,car,car,1,0.0,22.6,56.45,54.62,20.25,39.53,36.68,37.81,False
000543,Van,van,truck,3,0.0,46.0,45.55,42.68,0.87,43.22,42.12,42.62,True
000543,Car,car,car,0,0.0,67.5,18.09,15.7,3.81,15.16,13.98,14.16,False
000543,Car,car,car,0,0.64,127.2,12.45,11.33,5.89,8.97,8.49,8.63,False
000544,Car,car,car,1,0.0,35.8,31.7,30.57,6.6,30.61,28.94,29.38,False
000544,Car,car,car,2,0.0,33.4,36.97,35.87,6.73,33.78,30.52,32.09,False
000545,Car,car,car,0,0.11,79.4,19.0,17.95,8.76,18.45,17.72,17.92,False
000545,Van,van,truck,3,0.0,51.9,37.53,34.78,0.0,38.5,35.66,36.94,True
000545,Van,van,bus,3,0.0,28.9,62.36,60.1,6.3,70.25,61.89,66.25,False
000545,Car,car,car,1,0.0,35.7,32.1,30.07,3.18,30.28,29.44,29.73,False
000557,Car,car,car,0,0.0,94.9,12.84,11.04,1.95,12.27,11.75,11.85,False
000557,Van,van,car,1,0.0,89.8,17.82,15.5,5.43,14.27,12.93,13.25,False
000557,Car,car,car,0,0.0,45.8,26.67,24.78,1.19,26.19,24.89,25.11,True
000557,Car,car,car,0,0.0,51.1,23.83,21.64,0.0,23.92,22.12,22.53,True
000557,Car,car,car,1,0.0,27.2,40.37,38.19,4.52,29.52,26.44,27.5,False
000557,Car,car,car,0,0.97,172.3,4.05,2.09,1.76,4.08,3.59,3.79,False
000565,Car,car,car,0,0.0,22.3,49.79,47.66,2.01,40.47,36.83,38.47,False
000573,Car,car,car,1,0.0,79.6,16.7,15.23,6.75,13.02,12.32,12.51,False
000573,Car,car,car,2,0.0,28.8,44.95,43.75,6.81,39.47,35.62,37.55,False
000573,Car,car,car,1,0.0,62.0,21.54,20.22,6.8,18.95,16.06,17.64,False
000573,Car,car,car,2,0.0,36.9,32.31,31.13,6.56,27.03,24.05,25.48,False
000576,Car,car,car,0,0.0,54.8,29.0,26.87,10.94,23.34,22.2,22.58,False
000576,Van,van,truck,1,0.0,49.9,51.14,47.71,22.56,28.36,25.39,26.89,False
000576,Car,car,car,0,0.0,27.3,42.34,40.38,7.82,42.91,41.22,41.66,False
000577,Car,car,car,0,0.0,31.1,38.03,35.89,0.48,41.22,39.5,40.0,True
000577,Car,car,car,0,0.0,124.1,11.36,9.4,1.58,10.61,9.66,9.91,False
000577,Car,car,car,1,0.0,95.6,16.7,14.49,0.98,19.05,15.59,16.72,True
000577,Car,car,car,1,0.0,64.8,22.6,20.38,0.0,22.62,20.45,21.22,True
000580,Car,car,car,1,0.0,28.5,37.43,36.02,6.14,35.31,33.28,34.06,False
000589,Van,van,bus,1,0.0,38.0,48.52,45.49,8.42,44.81,41.72,43.12,False
000589,Car,car,car,1,0.0,106.5,16.02,13.85,7.67,12.17,10.48,10.99,False
000589,Van,van,car,2,0.0,66.9,28.08,25.81,11.05,24.67,16.44,21.03,False
000589,Car,car,car,0,0.0,25.8,48.37,46.55,0.0,45.53,44.31,44.69,True
000592,Car,car,car,2,0.0,68.8,20.9,18.74,0.0,34.12,21.08,25.28,True
000592,Car,car,car,0,0.0,85.0,15.1,13.26,0.0,14.58,13.98,14.15,True
000592,Car,car,car,0,0.0,93.4,14.47,12.63,2.05,14.32,13.59,13.76,False
000592,Car,car,car,1,0.0,23.9,53.58,52.37,21.44,41.25,32.68,36.78,False
000592,Car,car,car,1,0.0,23.2,52.45,51.52,14.3,46.78,44.19,45.49,False
000592,Car,car,car,1,0.0,61.3,20.26,18.13,1.62,21.58,18.77,19.12,False
000592,Car,car,car,1,0.0,46.4,26.01,23.88,1.29,25.66,24.47,24.97,False
000599,Car,car,car,0,0.0,25.5,46.03,44.2,0.0,67.84,52.47,57.27,True
000599,Car,car,car,0,0.0,73.9,16.97,14.83,2.21,17.59,16.77,17.08,False
000599,Car,car,car,1,0.34,56.8,27.77,25.83,15.22,15.02,14.55,14.74,False
000599,Car,car,car,1,0.24,198.6,6.95,4.92,2.16,5.68,5.25,5.32,False
000599,Car,car,car,1,0.0,55.4,24.58,23.08,9.72,17.17,16.31,16.7,False
000599,Car,car,car,1,0.0,32.9,35.19,33.16,2.49,35.22,30.55,33.81,False
000599,Car,car,car,2,0.0,57.2,21.66,19.78,2.43,24.95,22.22,23.12,False
000604,Truck,truck,bus,0,1.0,369.0,5.49,1.94,1.9,8.22,5.74,6.2,False
000604,Pedestrian,pedestrian,person,0,0.0,184.6,7.71,7.1,0.0,10.19,8.9,9.6,True
000606,Car,car,car,1,0.0,22.5,46.75,45.41,5.82,46.25,39.44,42.1,False
000617,Car,car,car,1,0.0,44.5,24.93,22.82,0.0,21.84,20.81,21.33,True
000617,Car,car,car,0,0.0,106.5,12.81,10.93,0.0,11.53,10.95,11.06,True
000617,Car,car,car,0,0.0,19.8,62.92,60.61,26.35,42.38,36.72,39.69,False
000625,Pedestrian,pedestrian,person,0,0.0,60.8,20.94,20.55,1.28,27.81,27.16,27.53,False
000625,Pedestrian,pedestrian,person,0,0.0,60.6,19.92,19.36,2.27,25.03,22.9,24.03,False
000625,Pedestrian,pedestrian,person,2,0.0,56.6,19.62,19.23,2.83,24.2,21.25,22.77,False
000625,Pedestrian,pedestrian,person,0,0.0,192.5,7.34,6.8,2.17,9.22,7.54,8.0,False
000625,Van,van,bus,3,0.97,369.0,4.86,2.08,1.32,6.48,4.31,4.98,False
000625,Pedestrian,pedestrian,person,1,0.0,116.7,11.31,10.8,2.22,14.29,13.17,13.65,False
000625,Pedestrian,pedestrian,person,1,0.0,121.5,12.64,12.3,4.57,12.91,10.55,11.64,False
000625,Pedestrian,pedestrian,person,1,0.0,68.1,19.85,19.21,4.69,20.94,17.39,19.07,False
000625,Pedestrian,pedestrian,person,1,0.0,113.0,11.47,11.0,2.62,13.59,13.04,13.3,False
000626,Car,car,car,0,0.0,37.9,27.81,25.71,0.0,25.89,25.23,25.36,True
000626,Van,van,truck,1,0.0,93.9,23.57,20.28,3.18,31.39,23.05,25.55,False
000626,Car,car,car,0,0.0,94.6,13.66,11.35,2.97,13.09,12.34,12.55,False
000626,Car,car,car,1,0.0,29.6,37.06,34.94,0.0,31.11,28.29,29.42,True
000631,Car,car,car,0,0.0,30.1,36.05,34.37,2.22,39.19,37.84,38.19,False
000631,Car,car,car,0,0.0,106.7,11.76,9.95,2.3,10.87,10.23,10.35,False
000631,Car,car,car,1,0.0,33.5,33.59,31.83,6.25,45.48,39.06,41.5,False
000631,Car,car,car,1,0.0,58.8,21.22,19.1,6.49,25.5,19.8,21.42,False
000638,Car,car,car,0,0.0,109.7,12.2,10.36,0.0,10.96,10.51,10.63,True
000638,Car,car,car,0,0.65,215.1,6.67,4.56,2.23,4.98,4.71,4.81,False
000638,Van,van,car,1,0.0,29.1,53.71,50.83,5.44,46.5,43.77,44.75,False
000638,Pedestrian,pedestrian,person,0,0.0,55.3,22.5,21.97,4.77,26.17,22.3,22.89,False
000638,Car,car,car,1,0.92,100.7,14.44,12.22,9.13,13.25,12.21,12.7,False
000638,Car,car,car,2,0.0,145.9,9.9,7.85,2.72,8.37,7.67,7.97,False
000643,Car,car,car,0,0.0,43.4,29.69,27.23,9.18,26.02,24.83,25.16,False
000643,Car,car,car,0,0.0,73.3,17.48,15.63,0.0,17.47,16.31,16.69,True
000643,Car,car,car,0,0.0,74.3,17.76,15.65,2.95,19.44,16.75,17.2,False
000643,Car,car,car,1,0.0,44.0,30.12,28.39,13.62,26.92,25.7,26.23,False
000643,Car,car,car,1,0.0,45.4,27.91,25.72,5.62,27.25,25.3,26.0,False
000643,Car,car,car,1,0.0,27.5,44.86,42.85,3.71,48.84,43.75,45.59,False
000643,Car,car,car,0,0.0,20.0,60.92,58.83,1.62,65.44,60.02,62.49,False
000643,Car,car,car,0,0.76,90.6,15.54,13.55,9.63,10.78,10.3,10.51,False
000643,Car,car,car,2,0.0,41.4,35.57,33.45,9.32,33.69,26.73,27.81,False
000643,Car,car,car,1,0.0,42.7,28.39,26.55,3.24,24.98,22.11,23.76,False
000643,Car,car,car,2,0.0,27.2,45.61,43.36,8.33,49.09,45.56,47.7,False
000645,Car,car,car,0,0.0,47.4,25.38,23.87,5.3,25.81,24.88,25.12,False
000645,Car,car,car,0,0.0,20.8,52.36,50.54,0.0,50.88,49.28,49.97,True
000645,Car,car,car,0,0.0,25.6,42.7,40.54,0.63,44.78,43.84,44.22,True
000647,Car,car,car,0,0.0,64.6,19.88,17.96,0.57,20.69,17.5,18.62,True
000647,Car,car,car,0,0.0,22.9,46.95,45.14,6.1,34.19,26.22,28.14,False
000647,Car,car,car,1,0.0,34.4,32.1,30.09,5.09,28.7,25.62,27.83,False
000647,Car,car,car,1,0.0,15.9,69.79,67.74,15.82,36.78,26.11,32.2,False
000656,Car,car,car,0,0.0,23.4,47.63,45.56,0.53,50.94,48.39,49.69,True
000656,Car,car,car,0,0.0,20.5,56.15,53.95,1.12,53.38,51.68,52.5,True
000657,Car,car,car,0,0.0,15.1,68.48,66.69,2.72,59.31,58.03,58.45,False
000657,Car,car,car,0,0.0,16.6,57.17,55.38,0.2,55.28,53.0,54.25,True
000659,Van,van,car,0,0.0,34.2,52.75,50.08,18.8,47.41,45.69,46.44,False
000659,Car,car,car,0,0.0,38.9,33.62,31.7,15.09,26.97,25.0,25.83,False
000661,Car,car,car,0,0.0,73.9,17.52,15.74,6.85,16.28,15.53,15.77,False
000661,Car,car,car,0,0.0,71.0,16.68,14.96,2.84,16.44,15.56,15.77,False
000666,Car,car,truck,1,0.0,49.5,34.26,31.67,9.99,31.62,30.73,31.16,False
000666,Car,car,car,1,0.0,34.8,35.94,33.84,12.98,31.11,30.05,30.66,False
000666,Car,car,car,2,0.0,69.2,19.87,18.46,4.42,13.74,12.8,13.14,False
000666,Car,car,car,2,0.0,46.1,29.63,28.34,4.3,32.62,28.83,30.59,False
000667,Car,car,car,0,0.11,188.6,8.32,6.24,2.31,6.64,5.86,6.09,False
000667,Car,car,car,0,0.88,195.8,4.91,3.27,2.41,4.06,3.64,3.82,False
000667,Truck,truck,truck,1,0.0,128.2,17.8,14.95,2.33,17.03,14.99,15.99,False
000667,Car,car,car,0,0.0,53.6,21.88,19.96,1.9,22.81,19.67,20.02,False
000667,Car,car,car,0,0.0,16.7,71.12,69.11,3.46,70.56,67.56,69.45,False
000667,Car,car,car,1,0.0,167.4,8.94,7.01,2.03,8.21,7.55,7.79,False
000667,Van,van,truck,0,0.0,31.8,47.3,45.04,1.0,50.36,41.87,44.2,True
000668,Car,car,car,1,0.81,116.4,14.61,12.93,8.21,7.98,6.91,7.28,False
000668,Car,car,car,0,0.0,41.7,32.99,30.94,14.43,28.14,26.5,27.05,False
000668,Car,car,car,0,0.0,108.3,13.36,12.42,0.0,12.13,11.73,11.88,True
000668,Car,car,car,0,0.0,57.8,21.56,19.41,6.02,18.59,17.36,17.61,False
000674,Car,car,car,0,0.0,82.4,16.99,15.01,4.91,15.75,13.72,14.21,False
000674,Car,car,car,0,0.0,137.0,10.28,8.35,2.15,9.34,9.0,9.11,False
000674,Car,car,car,2,0.0,82.5,15.56,13.75,2.2,16.36,14.3,15.04,False
000674,Car,car,car,2,0.0,56.5,21.76,19.88,4.94,20.69,19.05,19.59,False
000674,Car,car,car,2,0.0,53.5,20.98,19.17,2.55,23.66,19.99,21.64,False
000683,Car,car,car,1,0.0,24.8,46.13,43.93,11.04,39.38,37.62,38.34,False
000683,Car,car,car,1,0.0,24.0,45.05,43.13,7.72,43.72,40.62,42.08,False
000683,Car,car,car,0,0.0,27.5,45.57,43.75,0.0,49.97,44.93,46.68,True
000683,Car,car,car,1,0.0,15.7,68.69,66.64,8.14,57.09,55.64,56.0,False
000685,Car,car,car,0,0.36,201.2,6.82,4.79,1.78,4.93,4.62,4.72,False
000685,Car,car,car,1,0.0,77.7,16.85,14.94,0.0,17.14,15.92,16.53,True
000685,Car,car,car,0,0.0,134.8,10.14,8.02,0.55,9.35,8.72,8.91,True
000685,Van,van,car,0,0.0,38.2,41.1,38.88,6.56,38.25,36.79,37.53,False
000685,Car,car,car,1,0.0,118.6,13.75,11.57,5.8,9.9,8.95,9.22,False
000685,Van,van,car,2,0.0,87.1,18.87,16.58,6.68,16.61,13.92,14.98,False
000685,Car,car,car,2,0.0,41.1,29.54,27.61,9.18,23.88,21.54,22.48,False
000688,Car,car,car,1,0.0,27.7,45.81,43.51,18.73,42.19,36.73,39.22,False
000688,Car,car,car,0,0.0,43.9,34.66,32.6,18.89,27.06,24.09,25.33,False
000688,Truck,truck,truck,0,0.0,71.9,41.14,35.73,1.23,35.06,33.78,34.22,False
000688,Car,car,car,1,0.0,33.5,39.17,36.92,18.68,30.06,27.97,28.88,False
000688,Car,car,car,1,0.0,24.0,50.76,48.83,18.55,49.56,48.13,48.88,False
000692,Car,car,car,1,0.0,66.3,19.72,17.94,1.87,21.27,18.12,19.27,False
000692,Car,car,car,0,0.0,15.9,67.1,65.01,1.48,67.38,63.36,65.44,False
000692,Car,car,car,0,0.74,210.8,5.28,3.27,1.84,4.63,4.08,4.25,False
000692,Car,car,car,1,0.0,32.0,33.36,31.61,1.85,31.7,30.05,31.01,False
000692,Car,car,car,1,0.0,118.4,10.83,8.75,1.92,10.51,8.75,9.27,False
000692,Car,car,car,3,0.61,165.8,9.84,7.99,4.64,6.82,6.39,6.52,False
000692,Car,car,car,2,0.0,31.1,50.7,49.61,4.48,47.09,41.08,43.31,False
000692,Car,car,car,2,0.0,63.9,24.18,22.96,5.13,26.88,21.18,24.34,False
000692,Car,car,car,2,0.0,66.1,19.2,17.7,4.1,12.57,12.11,12.28,False
000693,Car,car,car,0,0.0,41.1,36.25,34.29,21.33,12.41,11.28,11.77,False
000698,Van,van,bus,0,0.0,106.5,21.33,18.65,4.61,22.75,18.39,21.09,False
000698,Car,car,car,0,0.1,218.6,8.59,6.39,3.27,6.41,6.09,6.17,False
000698,Cyclist,cyclist,person,0,0.0,38.4,34.27,33.34,6.79,36.16,35.62,35.84,False
000701,Pedestrian,pedestrian,person,0,0.0,180.9,8.4,7.93,3.05,10.64,8.51,8.78,False
000708,Car,car,car,0,0.0,42.4,27.02,25.31,3.88,29.05,27.89,28.28,False
000708,Car,car,car,1,0.62,184.1,6.69,4.52,2.58,5.39,4.59,4.91,False
000708,Car,car,car,0,0.83,168.0,7.33,5.37,3.92,5.91,5.45,5.62,False
000708,Car,car,car,2,0.0,75.9,16.66,14.78,2.85,17.64,15.08,16.0,False
000708,Car,car,car,1,0.0,124.3,11.18,9.27,2.58,11.48,9.19,10.15,False
000708,Car,car,car,1,0.0,123.5,11.87,9.55,4.05,10.61,8.87,9.27,False
000708,Car,car,car,2,0.0,36.9,31.66,29.7,3.58,36.81,32.31,33.31,False
000708,Car,car,car,2,0.0,42.5,27.68,25.82,3.34,29.01,25.13,26.41,False
000709,Car,car,car,1,0.0,55.8,22.42,20.47,2.02,24.73,21.67,22.73,False
000709,Car,car,car,0,0.01,171.8,9.15,7.3,2.66,7.46,6.66,6.85,False
000709,Car,car,car,1,0.0,85.4,15.59,13.68,2.97,15.53,12.66,14.09,False
000712,Car,car,car,0,0.0,38.1,36.81,34.73,5.91,33.22,32.12,32.44,False
000712,Car,car,car,1,0.0,56.8,25.66,23.49,11.68,16.5,16.12,16.27,False
000712,Car,car,car,0,0.0,62.9,21.59,19.57,7.56,16.91,16.09,16.31,False
000712,Van,van,truck,0,0.0,40.9,56.23,52.8,13.95,38.53,37.41,37.75,False
000712,Car,car,car,0,0.0,22.0,54.99,53.03,20.37,52.56,49.66,50.66,False
000712,Car,car,car,1,0.0,22.4,55.71,54.61,22.7,30.02,17.14,19.12,False
000712,Pedestrian,pedestrian,person,0,0.0,25.0,52.62,52.18,11.71,40.25,38.32,39.6,False
000735,Car,car,car,0,0.0,80.0,17.17,15.19,5.85,15.06,13.95,14.17,False
000735,Car,car,car,0,0.0,21.4,54.41,52.41,1.36,68.56,64.12,65.38,False
000735,Car,car,car,0,0.0,20.8,57.64,55.69,4.59,59.34,57.18,58.02,False
000735,Car,car,car,0,0.0,23.9,49.53,47.54,4.42,51.27,48.33,49.66,False
000742,Car,car,car,0,0.36,190.2,6.65,4.47,2.03,5.37,4.84,4.94,False
000742,Car,car,car,0,0.0,48.5,24.6,22.55,2.07,25.39,24.39,24.73,False
000742,Car,car,car,0,0.0,27.5,42.74,40.9,0.0,58.47,44.31,48.75,True
000742,Pedestrian,pedestrian,person,1,0.0,52.1,23.59,23.16,4.04,30.28,20.73,22.97,False
000742,Car,car,car,1,0.0,125.5,11.17,9.24,2.2,11.95,8.75,9.92,False
000742,Car,car,car,1,0.0,29.5,40.17,38.08,6.94,41.0,35.86,37.81,False
000742,Car,car,car,1,0.0,41.7,27.19,25.22,6.65,27.69,25.05,26.55,False
000742,Car,car,car,1,0.0,37.4,32.69,30.5,6.87,33.44,30.03,31.44,False
000742,Car,car,car,1,0.0,27.6,48.14,46.04,2.16,47.42,43.61,45.34,False
000742,Car,car,car,2,0.0,40.1,29.75,28.1,1.86,37.72,30.42,31.83,False
000745,Van,van,truck,0,0.39,311.0,8.32,5.83,3.22,5.54,5.14,5.23,False
000745,Car,car,car,0,0.0,43.6,28.57,26.65,0.0,33.81,26.83,29.27,True
000745,Van,van,truck,1,0.0,42.1,46.63,43.47,4.09,47.08,38.59,40.12,False
000745,Car,car,car,0,0.0,65.2,22.46,20.17,3.9,21.34,20.2,20.52,False
000745,Car,car,car,1,0.0,32.3,34.83,32.8,4.35,31.83,30.12,30.6,False
000747,Car,car,car,0,0.0,22.8,51.3,49.44,0.04,55.36,52.73,53.66,True
000747,Car,car,car,0,0.0,30.6,40.02,38.01,5.74,37.0,35.97,36.31,False
000747,Car,car,car,0,0.0,25.1,48.05,46.12,2.97,49.81,46.84,47.66,False
000747,Car,car,car,1,0.0,33.3,44.59,42.44,5.18,40.36,38.53,39.19,False
000749,Car,car,car,0,0.45,186.9,7.23,5.15,2.72,5.47,4.93,5.09,False
000749,Car,car,car,0,0.0,61.7,18.33,16.56,2.14,18.41,17.14,17.38,False
000749,Car,car,car,0,0.0,23.1,46.37,44.7,1.85,52.91,50.91,51.53,False
000749,Car,car,car,1,0.0,39.6,29.44,27.31,6.28,33.28,25.25,28.12,False
000750,Car,car,car,0,0.0,53.3,22.07,20.13,5.83,20.25,19.64,19.81,False
000750,Car,car,car,0,0.0,18.5,51.68,49.86,3.09,55.44,51.0,52.53,False
000750,Van,van,truck,0,0.0,27.6,62.19,59.57,0.24,64.06,60.47,62.16,True
000750,Car,car,car,0,0.0,60.0,21.58,19.55,2.47,20.17,19.58,19.8,False
000750,Car,car,car,0,0.0,15.5,71.01,69.9,6.66,66.09,63.11,64.2,False
000758,Car,car,car,0,0.0,46.7,27.6,25.34,0.0,28.22,26.33,26.7,True
000758,Car,car,bus,1,0.0,34.6,61.48,58.96,27.57,60.19,55.19,57.47,False
000758,Car,car,car,0,0.0,20.3,57.55,55.41,21.59,51.28,49.34,50.25,False
000764,Pedestrian,pedestrian,person,0,0.0,47.5,34.53,34.24,16.66,36.12,35.62,35.81,False
000764,Pedestrian,pedestrian,person,0,0.0,63.6,24.08,23.35,10.27,29.92,23.93,25.36,False
000764,Pedestrian,pedestrian,person,0,0.0,115.9,12.28,11.56,0.36,16.19,12.52,13.15,True
000764,Pedestrian,pedestrian,person,1,0.0,109.3,13.2,12.51,2.07,16.8,13.3,14.1,False
000764,Car,car,car,1,0.0,48.8,28.8,27.0,15.3,21.66,21.09,21.34,False
000764,Pedestrian,pedestrian,person,0,0.0,155.6,9.01,8.35,0.0,13.09,9.77,10.55,True
000764,Pedestrian,pedestrian,person,1,0.0,129.1,9.98,9.39,0.35,11.84,10.82,11.06,True
000764,Car,car,car,1,0.0,52.5,27.86,25.89,12.77,23.05,21.09,22.34,False
000764,Pedestrian,pedestrian,person,0,0.0,124.1,11.3,10.65,1.24,14.25,12.02,12.93,False
000764,Pedestrian,pedestrian,person,1,0.0,48.6,32.1,31.52,14.08,37.03,32.8,35.37,False
000764,Pedestrian,pedestrian,person,1,0.0,164.9,9.09,8.48,1.71,12.41,9.44,10.54,False
000765,Car,car,car,0,0.0,38.6,30.68,28.29,3.67,30.77,29.45,29.81,False
000765,Car,car,car,0,0.0,22.2,57.05,54.63,15.15,45.91,43.28,44.25,False
000765,Car,car,car,0,0.96,167.8,4.61,2.74,2.25,4.0,3.62,3.77,False
000767,Truck,truck,bus,0,0.0,49.6,48.1,41.92,0.44,43.72,41.54,42.22,True
000767,Car,car,car,0,0.0,25.6,45.8,43.55,15.65,34.12,32.25,33.31,False
000776,Car,car,car,0,0.0,87.1,15.04,12.74,0.0,15.2,14.02,14.32,True
000776,Car,car,car,0,0.0,49.1,24.99,22.93,5.52,25.69,24.3,24.81,False
000776,Car,car,car,1,0.0,40.1,27.7,25.71,4.18,26.7,24.82,25.81,False
000776,Car,car,car,1,0.0,58.9,20.4,18.12,1.08,19.67,18.02,18.47,True
000801,Truck,truck,bus,0,0.75,374.0,7.94,4.31,2.46,5.34,4.8,4.98,False
000801,Car,car,car,1,0.0,103.1,11.96,10.32,0.27,12.3,11.78,11.91,True
000801,Pedestrian,pedestrian,person,1,0.0,103.4,12.03,11.71,0.0,13.65,12.34,12.6,True
000803,Truck,truck,truck,0,0.0,29.9,75.67,69.5,0.0,77.62,75.46,76.94,True
000803,Van,van,car,3,0.0,30.2,49.42,46.92,15.75,49.31,45.19,48.12,False
000803,Car,car,car,1,0.0,33.4,40.1,38.21,16.46,42.69,33.59,38.46,False
000803,Car,car,car,0,0.0,66.3,18.38,16.63,4.11,17.02,16.19,16.41,False
000803,Cyclist,cyclist,person,3,0.0,34.3,46.97,46.22,26.69,33.41,23.55,26.52,False
000808,Car,car,car,0,0.0,52.4,21.04,19.34,0.0,19.73,19.31,19.48,True
000808,Car,car,car,0,0.0,27.3,46.75,44.66,10.75,35.81,34.59,34.88,False
000808,Van,van,car,3,0.0,36.6,44.56,42.34,2.14,29.39,24.81,27.44,False
000808,Car,car,car,2,0.0,38.3,30.96,29.15,0.0,26.17,23.97,25.23,True
000808,Car,car,car,1,0.0,34.7,36.77,34.93,16.16,27.05,17.44,22.87,False
000808,Pedestrian,pedestrian,person,0,0.0,55.1,25.13,24.61,8.25,31.77,25.62,28.53,False
000809,Car,car,car,0,0.0,39.7,31.52,29.55,2.15,29.66,28.59,28.79,False
000809,Car,car,car,1,0.85,178.6,5.1,2.98,1.91,4.68,4.08,4.3,False
000809,Car,car,car,0,0.0,68.7,18.06,15.87,1.34,17.62,16.94,17.16,False
000809,Car,car,car,2,0.0,29.5,47.34,45.08,0.88,48.47,41.55,43.44,True
000809,Car,car,car,2,0.0,41.1,30.33,28.22,1.12,29.67,23.3,25.33,True
000809,Car,car,car,0,1.0,174.3,3.17,1.73,1.49,3.31,3.04,3.19,False
000809,Car,car,car,2,0.0,24.6,45.12,43.46,2.66,35.58,32.75,34.41,False
000810,Car,car,car,0,0.0,69.6,17.93,15.65,1.58,17.34,16.55,16.75,False
000812,Car,car,car,0,0.0,48.3,26.61,25.09,0.0,28.59,26.45,26.88,True
000812,Cyclist,cyclist,person,3,0.0,73.5,19.68,18.65,5.01,23.0,21.36,21.8,False
000814,Car,car,car,0,0.38,90.8,17.22,15.34,9.79,12.7,11.34,11.86,False
000814,Car,car,car,0,0.0,83.0,15.73,13.81,2.77,15.02,14.37,14.59,False
000814,Car,car,car,1,0.0,68.4,21.81,19.47,9.71,17.38,15.07,15.78,False
000814,Car,car,car,0,0.0,40.1,30.21,28.36,0.0,27.56,26.91,27.05,True
000814,Car,car,car,0,0.0,16.1,78.5,76.16,9.82,66.12,63.09,64.38,False
000814,Car,car,car,0,0.0,13.9,74.61,72.73,5.72,62.64,53.2,60.19,False
000814,Car,car,car,2,0.0,39.8,29.37,27.23,2.44,27.13,23.83,24.69,False
000814,Car,car,car,2,0.0,51.8,22.38,20.17,2.22,16.41,15.54,15.77,False
000820,Car,car,car,0,0.0,39.2,30.37,28.13,2.47,32.78,27.06,29.36,False
000824,Car,car,car,0,0.0,21.8,49.69,47.45,2.21,34.83,30.09,32.87,False
000831,Car,car,car,3,0.36,184.4,10.56,8.61,3.9,8.56,6.77,7.45,False
000831,Car,car,car,1,0.0,47.0,24.88,23.0,2.0,24.73,21.65,23.3,False
000831,Car,car,car,0,0.78,195.6,8.85,7.14,4.59,5.81,5.35,5.57,False
000831,Car,car,car,3,0.12,178.7,7.64,5.82,2.0,7.09,6.0,6.66,False
000831,Car,car,car,1,0.0,106.3,12.97,10.98,2.06,13.72,11.26,12.22,False
000831,Car,car,car,1,0.0,36.0,35.6,33.72,1.9,35.16,32.16,34.28,False
000831,Car,car,car,0,1.0,208.2,3.28,2.01,1.93,4.14,3.84,3.98,False
000831,Car,car,car,1,0.0,51.1,28.77,27.6,4.35,30.36,27.02,28.03,False
000831,Car,car,car,2,0.0,96.2,14.28,12.75,4.28,13.27,11.79,12.42,False
000831,Car,car,car,2,0.0,51.4,24.12,22.76,4.37,21.2,19.38,20.3,False
000835,Car,car,car,0,0.0,22.4,51.97,49.78,2.86,28.16,22.88,26.15,False
000838,Car,car,car,1,0.0,31.2,35.78,34.68,2.28,36.47,31.3,32.62,False
000840,Van,van,truck,0,1.0,373.0,3.22,1.7,1.7,4.14,3.64,3.83,False
000840,Pedestrian,pedestrian,person,0,0.0,49.0,25.84,25.37,0.38,31.87,28.14,29.71,True
000840,Pedestrian,pedestrian,person,0,0.0,201.7,8.85,8.56,4.89,7.94,7.35,7.6,False
000840,Pedestrian,pedestrian,person,0,0.0,104.0,11.28,10.59,0.98,13.27,12.74,12.95,True
000840,Pedestrian,pedestrian,person,0,0.0,102.0,12.51,12.12,2.86,15.14,13.3,14.3,False
000840,Pedestrian,pedestrian,person,1,0.0,82.0,15.7,15.24,1.37,17.88,15.52,16.27,False
000840,Pedestrian,pedestrian,person,0,0.0,61.6,21.19,20.72,0.0,28.61,24.42,26.05,True
000857,Car,car,car,0,0.0,43.2,33.72,31.64,7.61,28.58,27.36,27.72,False
000857,Car,car,car,0,0.0,88.1,17.88,15.83,8.13,12.41,11.53,11.77,False
000857,Van,van,truck,0,0.0,43.4,54.31,50.88,16.9,34.75,32.0,32.59,False
000857,Car,car,car,0,0.0,23.8,49.93,47.97,15.7,49.34,47.41,48.25,False
000857,Car,car,car,1,0.22,76.9,22.27,20.13,12.52,12.0,11.53,11.67,False
000858,Van,van,truck,1,0.0,109.8,18.56,16.0,4.7,17.56,17.02,17.14,False
000858,Car,car,car,1,0.0,63.5,22.35,20.41,11.57,17.34,16.36,16.52,False
000862,Pedestrian,pedestrian,person,0,0.0,196.1,7.55,7.06,1.96,13.14,8.62,8.95,False
000862,Pedestrian,pedestrian,person,0,0.0,129.9,10.8,10.42,5.91,12.05,10.09,11.74,False
000863,Car,car,car,0,0.0,23.7,48.13,46.13,1.7,56.62,53.41,54.28,False
000863,Car,car,car,3,0.87,180.8,4.85,2.98,1.72,4.78,4.04,4.32,False
000863,Car,car,car,0,0.62,199.3,5.12,3.6,1.73,4.79,4.33,4.42,False
000878,Truck,truck,truck,3,0.1,110.3,30.93,27.27,16.47,21.75,20.48,20.94,False
000878,Car,car,car,0,0.0,28.4,45.88,43.54,11.62,47.12,43.22,44.66,False
000884,Car,car,car,0,0.0,71.9,18.26,15.96,1.78,17.3,16.62,16.83,False
000884,Van,van,car,0,0.0,92.8,18.34,15.91,2.3,16.34,15.54,15.76,False
000884,Van,van,car,0,0.93,226.2,4.49,2.42,1.86,4.52,4.05,4.19,False
000889,Car,car,car,0,0.0,56.9,26.14,23.9,0.0,26.11,25.3,25.53,True
000889,Pedestrian,pedestrian,person,0,0.0,201.4,7.51,7.01,2.93,9.2,8.4,8.73,False
000889,Cyclist,cyclist,person,0,0.0,28.5,43.54,42.68,4.65,56.2,44.37,48.26,False
000889,Pedestrian,pedestrian,person,0,0.0,65.1,19.54,19.03,5.83,22.34,19.05,20.41,False
000889,Pedestrian,pedestrian,person,0,0.0,214.6,7.22,6.68,3.28,8.36,7.29,7.95,False
000890,Car,car,car,0,0.0,28.9,37.45,35.77,2.18,40.66,39.06,39.8,False
000890,Car,car,car,0,0.0,97.4,12.6,10.8,2.27,11.85,11.14,11.26,False
000890,Car,car,car,1,0.0,32.2,34.82,33.06,6.2,46.19,38.53,42.22,False
000890,Car,car,car,2,0.0,55.3,22.28,20.15,6.45,24.36,20.12,21.31,False
000893,Truck,truck,bus,0,0.0,65.4,38.06,31.85,1.41,35.94,32.16,34.94,False
000893,Car,car,car,0,0.0,55.5,27.59,25.31,13.07,21.64,20.14,20.72,False
000909,Car,car,car,0,0.0,43.2,28.75,26.71,2.3,28.53,26.94,27.44,False
000909,Car,car,car,2,0.0,78.1,15.76,13.76,2.01,17.44,13.44,15.77,False
000909,Van,van,truck,0,0.8,344.7,5.19,2.87,1.9,4.37,3.68,3.89,False
000909,Car,car,car,2,0.0,56.6,21.56,19.42,1.88,25.7,20.98,22.35,False
000909,Car,car,car,2,0.0,29.6,37.67,35.86,2.01,40.91,39.5,40.03,False
000909,Car,car,car,1,0.0,135.6,10.3,8.12,1.82,9.32,8.44,8.68,False
000918,Car,car,car,0,0.0,55.3,23.0,21.19,2.37,25.02,23.81,24.12,False
000918,Car,car,car,0,0.25,193.2,6.8,5.02,2.34,5.61,5.23,5.31,False
000918,Car,car,car,0,0.0,55.7,22.08,20.25,0.0,24.81,22.52,23.11,True
000918,Car,car,car,1,0.0,20.3,60.95,59.84,18.74,35.69,30.66,32.45,False
000918,Car,car,car,2,0.0,47.6,29.23,27.07,0.0,32.0,28.15,29.69,True
000918,Car,car,car,1,0.0,34.2,34.52,32.39,1.84,30.62,29.52,29.91,False
000920,Car,car,car,0,0.0,43.1,27.5,25.19,3.23,28.48,26.84,27.34,False
000920,Car,car,car,0,0.0,63.2,20.72,18.68,1.14,19.86,18.7,19.12,True
000920,Car,car,car,0,0.0,141.1,10.69,8.44,2.82,9.53,8.6,8.81,False
000929,Car,car,car,1,0.0,33.6,32.77,30.94,4.99,29.56,28.37,28.69,False
000929,Car,car,car,0,0.0,39.3,28.65,26.71,2.38,27.2,26.33,26.44,False
000929,Car,car,car,0,0.0,52.2,24.05,22.44,0.02,23.05,22.33,22.53,True
000937,Pedestrian,pedestrian,person,0,0.0,62.1,20.27,19.89,1.51,23.31,22.62,22.83,False
000937,Pedestrian,pedestrian,person,0,0.0,48.3,24.19,23.76,0.9,29.05,27.05,27.7,True
000937,Pedestrian,pedestrian,person,0,0.0,50.7,28.35,27.78,4.58,32.56,31.86,32.22,False
000937,Pedestrian,pedestrian,person,1,0.0,100.4,14.26,13.83,7.57,13.15,12.88,12.96,False
000937,Pedestrian,pedestrian,person,0,0.0,48.3,28.46,27.89,5.26,32.19,31.88,32.0,False
000937,Pedestrian,pedestrian,person,0,0.0,115.3,13.68,13.19,7.59,12.66,12.37,12.5,False
000941,Car,car,car,0,0.0,77.5,17.36,15.28,2.0,16.06,14.26,15.19,False
000941,Car,car,car,0,0.57,186.4,7.03,4.56,2.25,5.61,4.93,5.17,False
000941,Car,car,car,0,0.0,23.8,46.16,44.06,1.45,45.84,41.62,43.41,False
000942,Car,car,car,2,0.0,38.7,29.74,27.89,4.87,28.52,26.53,27.23,False
000942,Car,car,car,0,0.1,160.6,10.82,8.72,4.67,7.86,6.69,6.99,False
000942,Car,car,car,0,0.0,50.9,24.84,22.89,4.85,24.36,22.45,23.06,False
000942,Car,car,car,1,0.0,67.8,18.29,16.38,2.14,17.84,16.52,16.92,False
000942,Car,car,car,0,0.91,203.2,5.05,3.27,2.46,4.42,3.96,4.11,False
000942,Car,car,car,1,0.0,142.0,10.03,7.92,2.33,8.72,7.89,8.2,False
000942,Car,car,car,2,0.0,51.2,23.71,21.91,2.23,28.1,24.26,25.8,False
000944,Car,car,car,0,0.82,201.0,5.07,2.89,1.74,4.35,3.73,3.95,False
000944,Car,car,car,0,0.0,28.8,38.21,36.02,2.36,39.41,37.62,38.19,False
000944,Car,car,car,1,0.58,158.9,10.08,8.26,4.43,7.45,6.83,7.04,False
000944,Car,car,car,2,0.0,50.6,23.23,21.93,3.62,22.42,16.11,20.53,False
000944,Van,van,car,2,0.0,43.6,35.23,34.09,3.22,48.09,38.44,42.7,False
000944,Truck,truck,truck,2,0.0,34.2,54.47,51.14,2.14,55.62,49.76,51.22,False
000944,Car,car,car,1,0.0,91.2,13.92,12.45,4.33,12.51,10.61,11.05,False
000944,Car,car,car,2,0.0,34.1,32.88,31.68,3.37,32.66,26.58,28.45,False
000944,Car,car,car,2,0.0,46.8,25.6,24.17,3.57,25.26,23.73,24.54,False
000948,Truck,truck,truck,0,0.0,29.4,76.8,70.58,0.21,69.41,67.56,68.2,True
000948,Car,car,car,0,0.0,21.1,59.08,57.54,0.47,60.0,57.35,58.07,True
000948,Van,van,truck,0,0.0,47.8,39.88,37.35,18.16,26.91,25.63,26.25,False
000950,Car,car,car,0,0.0,28.5,45.85,43.88,2.55,61.28,42.0,48.84,False
000951,Van,van,truck,0,0.39,163.2,16.7,13.75,6.94,11.88,11.63,11.74,False
000951,Car,car,car,0,0.0,73.8,19.45,16.97,7.71,14.11,13.41,13.59,False
000951,Van,van,car,0,0.0,92.8,17.9,15.61,0.83,18.83,16.41,16.73,True
000951,Car,car,car,0,0.0,46.9,24.82,22.76,4.71,28.16,27.16,27.55,False
000951,Van,van,truck,0,0.0,45.9,46.59,43.46,0.65,49.75,48.88,49.19,True
000951,Car,car,car,0,0.0,36.9,35.75,33.5,0.0,39.31,37.5,38.53,True
000951,Car,car,car,0,0.0,65.2,19.74,17.33,3.5,18.97,18.16,18.38,False
000951,Car,car,truck,1,0.0,98.8,21.07,18.69,11.07,13.29,12.84,13.02,False
000951,Car,car,car,1,0.0,68.0,21.0,18.62,5.95,19.19,18.59,18.78,False
000959,Car,car,car,0,0.0,29.9,37.31,35.47,2.11,46.75,40.34,41.88,False
000959,Car,car,car,0,0.83,188.2,5.09,3.1,2.03,4.41,3.86,4.06,False
000959,Car,car,car,0,0.0,85.9,14.82,12.85,2.28,14.59,13.91,14.12,False
000959,Car,car,car,0,0.0,22.7,51.52,49.68,0.0,62.3,58.33,60.12,True
000959,Car,car,car,1,0.0,21.8,53.95,52.91,10.16,40.78,36.57,37.72,False
000959,Car,car,car,2,0.0,69.9,19.24,17.19,1.94,18.88,17.09,17.62,False
000959,Car,car,car,2,0.0,23.6,47.95,45.89,1.86,49.56,45.23,46.39,False
000959,Car,car,car,1,0.0,35.7,32.7,30.73,1.92,35.28,30.27,32.06,False
000959,Car,car,car,1,0.0,22.8,55.38,53.97,15.59,34.53,29.78,31.06,False
000960,Car,car,car,0,0.0,18.7,59.03,56.96,2.88,51.73,45.03,47.52,False
000967,Car,car,car,0,0.0,28.6,37.45,35.68,5.18,35.0,34.03,34.44,False
000967,Car,car,car,0,0.0,33.5,36.62,34.6,1.16,33.94,32.91,33.22,True
000968,Car,car,car,0,0.0,24.4,45.14,42.86,0.0,46.75,43.44,44.69,True
000972,Car,car,car,0,0.0,16.9,67.9,65.84,4.98,63.41,62.03,62.47,False
000972,Car,car,car,0,0.97,168.5,6.25,4.02,3.39,5.34,5.01,5.14,False
000974,Car,car,car,1,0.0,27.8,42.13,40.25,11.87,25.19,19.76,22.7,False
000974,Truck,truck,bus,0,0.0,30.8,73.75,67.46,3.52,59.81,55.33,56.56,False
000974,Car,car,car,0,0.0,28.3,44.36,42.84,0.0,42.88,40.94,41.28,True
000980,Van,van,truck,0,0.0,42.7,54.84,51.41,16.11,34.62,33.16,33.47,False
000980,Car,car,car,0,0.0,79.7,18.78,16.74,7.98,13.41,12.59,12.81,False
000980,Car,car,car,0,0.0,41.6,34.53,32.44,7.14,29.09,27.89,28.28,False
000980,Car,car,car,0,0.0,23.3,51.25,49.29,16.97,51.02,48.34,49.24,False
000980,Car,car,car,1,0.0,71.4,23.14,20.99,12.32,12.75,12.37,12.5,False
000980,Car,car,car,1,0.0,24.1,54.24,53.11,24.53,29.67,22.83,28.06,False
000987,Car,car,car,1,0.0,92.7,13.74,12.05,3.45,12.78,11.7,12.08,False
000987,Car,car,car,1,0.71,205.4,7.74,5.8,3.34,5.81,5.32,5.53,False
000987,Car,car,car,3,0.15,157.8,9.47,8.0,3.56,8.67,7.54,8.16,False
000987,Pedestrian,pedestrian,person,0,0.0,50.0,28.31,27.64,4.37,32.69,23.14,30.01,False
000987,Car,car,car,1,0.0,62.0,18.56,17.46,3.26,22.62,17.69,20.38,False
000989,Car,car,car,0,0.0,44.7,25.37,23.41,3.75,24.8,23.66,24.23,False
000994,Car,car,car,0,0.0,39.8,36.68,34.6,18.69,30.58,27.55,29.17,False
000994,Car,car,car,1,0.0,25.7,48.08,45.78,18.29,42.78,36.19,40.34,False
000994,Truck,truck,truck,0,0.0,71.3,41.43,36.01,1.26,35.0,33.72,34.19,False
000994,Car,car,car,1,0.0,30.7,41.31,39.06,18.4,34.91,30.75,32.69,False
000994,Car,car,car,1,0.0,22.5,53.13,51.19,18.25,50.17,46.75,48.91,False
000995,Van,van,truck,2,0.0,149.2,15.97,13.01,6.17,16.08,10.51,12.55,False
000995,Car,car,car,0,0.0,175.7,8.32,6.47,2.33,6.97,6.54,6.69,False
000995,Car,car,car,0,0.0,71.2,17.8,15.61,0.34,18.67,16.42,16.77,True
000995,Car,car,car,0,0.0,28.5,38.33,36.61,5.4,38.97,37.03,37.5,False
000995,Car,car,car,0,0.0,37.9,29.41,28.29,0.0,28.06,26.95,27.19,True
000997,Car,car,car,0,0.0,61.2,21.84,20.31,5.87,18.05,17.09,17.38,False
001009,Car,car,car,0,0.0,49.6,23.59,21.5,4.34,23.36,21.95,22.34,False
001009,Car,car,car,0,0.0,37.9,30.22,28.14,1.22,31.02,29.17,29.67,False
001009,Car,car,car,0,0.0,27.8,42.07,39.87,0.46,42.0,39.06,39.97,True
001009,Car,car,car,1,0.0,22.4,52.4,50.55,0.0,47.03,45.53,45.91,True
001009,Car,car,car,2,0.0,26.1,40.89,39.17,0.86,40.89,38.37,39.77,True
001010,Car,car,car,0,0.88,199.3,4.84,2.9,2.11,4.36,3.82,4.01,False
001010,Car,car,car,0,0.0,106.7,12.77,10.74,2.15,12.29,11.35,11.66,False
001010,Car,car,car,0,0.92,162.4,6.42,4.46,3.54,5.45,4.98,5.15,False
001010,Car,car,car,0,0.0,16.7,66.93,65.0,0.22,58.84,57.11,57.86,True
001010,Van,van,truck,1,0.0,88.1,26.63,23.6,1.75,37.53,31.55,35.19,False
001010,Car,car,car,1,0.0,155.6,10.88,8.86,3.59,9.47,8.05,8.43,False
001010,Car,car,car,1,0.0,65.3,18.84,16.64,2.12,19.22,16.94,18.17,False
001010,Car,car,car,1,0.0,91.3,15.99,13.88,3.43,14.82,13.09,13.59,False
001010,Car,car,car,1,0.0,23.0,47.75,46.03,1.1,44.06,41.94,42.66,True
001010,Car,car,car,0,0.0,20.3,50.56,48.69,4.74,50.81,49.5,50.06,False
001010,Car,car,car,1,0.0,23.3,54.67,52.63,0.0,52.2,48.97,50.06,True
001014,Van,van,car,0,0.0,22.8,62.57,60.3,0.0,63.81,57.94,61.44,True
001014,Car,car,car,0,0.0,54.5,22.22,20.0,2.52,22.69,21.45,21.89,False
001018,Car,car,car,0,0.0,115.7,11.55,9.23,1.94,10.55,9.84,10.01,False
001022,Car,car,car,0,0.0,28.8,45.48,43.06,14.26,37.34,35.75,36.19,False
001022,Car,car,car,0,0.0,45.7,25.05,24.08,1.22,25.75,24.81,25.06,False
001022,Car,car,car,0,0.96,167.7,4.61,2.74,2.25,4.0,3.61,3.76,False
001022,Car,car,car,0,0.0,21.9,49.95,48.07,8.71,47.44,45.91,46.5,False
001025,Car,car,car,0,0.0,20.6,53.55,51.32,2.38,55.69,52.48,53.25,False
001025,Car,car,car,0,0.0,145.8,10.31,8.07,2.8,9.58,8.72,8.88,False
001041,Car,car,car,0,0.16,176.6,7.96,5.74,2.18,6.08,5.32,5.48,False
001041,Car,car,car,0,0.0,28.4,52.97,50.68,2.54,52.91,50.81,51.91,False
001043,Car,car,car,0,0.59,195.3,6.07,4.0,2.08,4.9,4.32,4.48,False
001043,Car,car,car,0,0.66,159.7,9.69,7.69,5.33,7.05,6.41,6.7,False
001043,Car,car,car,1,0.0,21.4,54.93,52.82,1.89,50.78,47.4,48.92,False
001043,Car,car,car,1,0.0,92.9,16.81,14.6,5.23,15.52,13.55,14.02,False
001043,Car,car,car,0,0.0,25.8,42.28,40.0,2.75,40.78,39.38,39.97,False
001043,Car,car,car,1,0.0,23.5,48.32,47.11,5.87,46.44,44.34,45.56,False
001043,Car,car,car,1,0.0,33.9,33.69,31.7,5.64,30.29,25.66,26.86,False
001043,Car,car,car,2,0.0,58.2,23.05,20.9,5.45,20.95,19.03,19.66,False
001049,Car,car,car,0,0.0,30.3,36.85,35.21,0.0,36.34,34.09,34.81,True
001049,Pedestrian,pedestrian,person,0,0.0,96.2,15.49,14.82,5.54,16.41,15.2,16.05,False
001049,Pedestrian,pedestrian,person,0,0.0,104.1,13.93,13.28,2.7,15.6,14.25,14.7,False
001049,Pedestrian,pedestrian,person,0,0.0,82.3,16.03,15.39,4.35,16.88,15.98,16.31,False
001049,Pedestrian,pedestrian,person,0,0.0,92.2,14.5,13.79,1.89,17.77,15.03,16.33,False
001049,Pedestrian,pedestrian,person,0,0.0,92.4,15.74,15.06,4.85,16.44,15.23,15.86,False
001049,Car,car,car,1,0.0,48.8,28.8,27.01,15.29,20.98,20.42,20.66,False
001049,Pedestrian,pedestrian,person,0,0.0,162.3,9.02,8.37,2.37,13.15,9.32,10.11,False
001049,Car,car,car,1,0.0,52.6,27.85,25.89,12.76,21.91,19.66,21.19,False
001058,Car,car,car,0,0.0,24.9,52.58,50.57,12.93,50.28,47.44,48.09,False
001058,Car,car,car,0,0.0,21.7,44.26,42.47,0.98,47.44,45.25,45.59,True
001058,Car,car,car,0,0.0,147.9,10.46,8.37,2.91,9.4,8.76,8.96,False
001058,Car,car,car,0,0.0,26.4,40.89,39.03,5.46,41.41,40.72,41.06,False
001062,Car,car,car,0,0.0,29.5,40.31,38.11,2.21,40.53,38.22,38.81,False
001062,Car,car,car,1,0.0,42.3,29.81,27.93,0.22,31.61,28.73,29.38,True
001062,Car,car,car,0,0.0,139.2,10.63,8.56,2.61,9.6,8.62,8.86,False
001062,Car,car,car,0,0.93,181.0,5.28,3.6,2.89,4.76,4.35,4.51,False
001062,Car,car,car,2,0.0,54.2,23.95,21.92,3.34,27.08,20.77,21.98,False
001062,Car,car,car,1,0.0,149.7,10.05,7.83,2.92,8.53,7.68,7.99,False
001062,Car,car,car,1,0.0,80.9,16.56,14.24,3.17,15.88,14.27,14.75,False
001062,Car,car,car,1,0.0,60.7,23.22,21.03,2.26,27.27,21.59,23.29,False
001062,Car,car,car,1,0.0,80.5,15.81,14.0,2.46,17.12,13.84,14.92,False
001063,Car,car,car,0,0.0,58.3,26.18,23.85,11.8,24.19,21.66,22.12,False
001063,Car,car,car,0,0.0,26.4,52.48,50.09,18.29,48.91,46.59,47.75,False
001063,Car,car,car,0,0.0,19.9,63.6,61.67,14.87,60.97,58.38,59.5,False
001066,Car,car,car,0,0.0,96.9,13.93,12.84,3.23,13.3,12.57,12.78,False
001069,Car,car,car,0,0.0,39.1,29.63,27.71,2.73,28.05,26.36,27.0,False
001069,Car,car,truck,1,0.61,75.2,20.6,18.54,11.67,19.83,18.33,18.52,False
001069,Pedestrian,pedestrian,person,0,0.0,36.7,35.9,35.55,6.47,38.66,34.47,36.38,False
001069,Cyclist,cyclist,bicycle,0,0.0,36.0,37.53,37.09,2.56,40.47,37.01,38.59,False
001081,Car,car,car,0,0.0,18.4,59.81,57.61,4.99,66.84,63.65,64.86,False
001081,Van,van,truck,0,0.0,48.6,33.74,31.38,5.67,36.28,35.44,35.75,False
001081,Car,car,car,1,0.0,27.3,42.94,41.31,11.05,44.72,43.62,44.09,False
001082,Car,car,car,0,0.0,49.5,23.76,21.65,6.14,19.23,18.81,18.92,False
001082,Car,car,car,0,0.0,98.5,13.62,11.45,2.49,13.05,12.26,12.56,False
001082,Van,van,truck,1,0.0,42.6,34.45,32.03,2.05,36.03,32.83,33.72,False
001082,Car,car,car,0,0.0,46.6,26.26,24.41,0.0,25.84,24.58,24.83,True
001082,Car,car,car,0,0.0,15.7,70.66,68.23,9.62,56.09,54.66,55.05,False
001082,Car,car,car,2,0.0,49.1,23.72,21.68,2.55,19.41,18.11,18.67,False
001082,Car,car,car,1,0.0,32.0,41.75,39.36,10.16,36.59,33.11,34.84,False
001082,Car,car,car,1,0.0,26.6,47.83,45.6,10.08,37.78,32.75,35.13,False
001083,Car,car,car,0,0.07,139.9,11.5,9.41,5.31,8.59,7.3,7.55,False
001083,Car,car,car,0,0.0,23.6,45.85,43.58,2.55,43.0,41.28,41.84,False
001083,Car,car,car,1,0.0,79.5,18.94,16.73,5.18,18.58,15.95,16.61,False
001083,Car,car,car,1,0.0,20.5,57.11,55.01,2.14,52.38,48.15,49.91,False
001083,Car,car,car,1,0.0,22.4,50.52,49.31,6.1,51.75,49.51,50.75,False
001083,Car,car,car,0,0.0,196.0,8.1,6.02,2.12,6.75,6.31,6.45,False
001083,Car,car,car,1,0.0,31.6,35.85,33.87,5.49,31.78,26.61,28.5,False
001083,Car,car,car,2,0.0,52.2,25.22,23.08,5.36,23.52,21.56,22.11,False
001084,Car,car,car,0,0.0,26.0,45.08,43.76,0.0,49.25,41.27,44.75,True
001084,Car,car,car,0,0.2,127.0,11.24,9.56,3.94,9.23,8.93,9.04,False
001084,Van,van,car,0,0.0,114.2,13.5,11.5,2.03,11.98,11.48,11.61,False
001084,Van,van,car,3,0.0,115.8,13.92,11.75,1.79,12.23,11.38,11.62,False
001084,Van,van,car,2,0.0,51.7,28.3,26.06,1.32,30.12,24.89,26.28,False
001084,Car,car,car,1,0.0,53.1,22.47,20.18,1.44,20.19,17.44,18.34,False
001085,Car,car,car,0,0.0,33.8,34.99,32.79,0.14,34.17,31.8,32.44,True
001085,Car,car,car,0,0.0,54.5,21.66,19.55,1.47,21.14,19.67,20.09,False
001085,Van,van,truck,1,0.0,48.6,31.32,28.95,4.49,29.3,26.19,28.17,False
001085,Car,car,car,1,0.0,33.5,32.21,30.48,1.37,28.8,27.35,28.05,False
001085,Car,car,car,1,0.0,26.0,45.44,43.57,0.33,38.59,37.44,37.84,True
001087,Car,car,car,1,0.33,149.9,11.29,9.36,5.93,8.78,7.53,7.93,False
001087,Car,car,car,0,0.0,27.3,40.18,38.19,0.0,46.31,43.85,45.16,True
001087,Car,car,car,1,0.0,35.6,32.45,31.58,2.79,29.97,28.01,29.13,False
001087,Car,car,car,2,0.0,46.3,25.03,23.95,3.01,23.61,18.41,20.27,False
001092,Truck,truck,train,0,0.0,58.1,49.53,44.09,0.0,42.03,40.53,41.22,True
001092,Car,car,car,0,0.0,15.9,76.39,74.29,16.46,48.03,44.42,46.19,False
001101,Car,car,car,1,0.0,57.9,21.72,19.57,0.0,23.2,20.53,22.41,True
001101,Pedestrian,pedestrian,person,0,0.23,203.6,5.81,5.25,2.46,6.09,5.28,5.78,False
001101,Pedestrian,pedestrian,person,0,0.0,163.2,8.25,7.64,0.59,10.4,8.89,9.17,True
001101,Pedestrian,pedestrian,person,0,0.0,209.4,6.64,6.09,1.66,8.41,7.31,7.81,False
001101,Pedestrian,pedestrian,person,0,0.0,109.2,13.14,12.52,0.87,19.73,14.42,15.37,True
001101,Pedestrian,pedestrian,person,1,0.0,160.0,9.42,8.83,2.99,9.23,8.95,9.05,False
001101,Pedestrian,pedestrian,person,0,0.0,126.9,11.21,10.68,2.0,11.52,10.25,10.66,False
001104,Car,car,car,0,0.0,57.7,22.07,20.15,0.0,22.69,21.39,22.17,True
001104,Van,van,truck,0,0.0,162.1,15.0,11.75,3.41,13.71,12.16,12.58,False
001104,Car,car,car,1,0.0,49.4,26.19,24.13,3.25,25.55,22.34,23.73,False
001104,Car,car,car,1,0.0,74.8,18.28,16.13,7.66,15.2,14.3,14.78,False
001104,Car,car,car,1,0.0,31.2,38.44,36.54,3.99,37.94,32.25,36.44,False
001104,Car,car,car,0,0.95,169.8,6.3,4.44,3.75,5.29,5.04,5.13,False
001110,Car,car,car,0,0.0,163.7,9.43,7.17,2.92,7.18,6.15,6.36,False
001110,Car,car,car,1,0.0,41.6,29.88,28.44,5.69,25.7,23.95,24.67,False
001112,Car,car,car,0,0.0,61.9,20.94,19.54,6.49,17.72,16.89,17.17,False
001112,Car,car,car,0,0.0,23.6,53.01,50.68,19.14,67.94,63.51,65.88,False
001112,Car,car,car,1,0.0,47.1,25.73,24.26,6.62,23.31,21.11,21.67,False
001112,Cyclist,cyclist,person,0,0.0,69.9,20.41,19.49,9.64,25.81,19.17,24.45,False
001124,Pedestrian,pedestrian,person,0,0.0,187.1,7.87,7.37,2.67,9.81,8.19,8.98,False
001125,Car,car,car,0,0.42,173.9,10.5,8.53,4.23,7.16,6.89,6.98,False
001125,Car,car,car,0,0.0,80.9,15.69,14.15,4.41,13.3,12.62,12.82,False
001125,Van,van,truck,0,0.0,111.3,18.53,15.37,1.89,15.26,14.67,14.8,False
001125,Van,van,truck,2,0.0,37.5,57.59,56.35,3.96,44.47,40.46,43.0,False
001125,Van,van,truck,2,0.0,57.7,35.84,32.44,1.7,29.03,25.06,27.11,False
001125,Car,car,car,0,0.72,160.8,9.82,8.2,5.17,7.21,6.58,6.88,False
001125,Car,car,car,2,0.0,34.2,37.75,36.59,4.45,30.87,27.85,29.39,False
001125,Car,car,car,2,0.0,73.0,20.24,19.07,3.76,20.03,16.48,17.66,False
001125,Car,car,car,2,0.0,34.5,35.19,34.1,5.41,30.2,27.34,28.87,False
001128,Car,car,car,0,0.14,211.7,7.92,5.81,2.78,5.93,5.57,5.68,False
001128,Car,car,car,0,0.0,28.1,37.5,35.79,1.53,38.97,35.97,36.73,False
001128,Car,car,car,0,0.0,50.7,23.81,21.76,2.34,24.42,23.14,23.36,False
001128,Truck,truck,truck,0,0.0,116.2,27.04,22.86,5.53,23.83,23.05,23.28,False
001134,Car,car,car,0,0.0,28.0,39.62,37.58,0.37,39.31,37.53,38.69,True
001134,Car,car,car,0,0.0,74.7,16.38,14.4,1.69,15.65,14.3,14.61,False
001134,Van,van,truck,1,0.0,45.7,47.97,46.53,13.86,42.97,37.68,41.31,False
001134,Cyclist,cyclist,person,0,0.0,106.7,13.28,12.35,2.39,20.19,17.18,18.52,False
001140,Car,car,car,1,0.0,90.0,14.47,12.45,2.12,13.27,12.57,12.8,False
001140,Car,car,car,0,0.0,124.7,12.27,10.37,5.29,9.97,8.76,9.0,False
001140,Car,car,car,1,0.0,56.2,25.29,23.1,5.09,25.62,22.73,23.48,False
001140,Car,car,car,1,0.0,18.4,63.59,61.48,2.5,63.38,60.96,62.06,False
001140,Car,car,car,1,0.0,73.1,17.4,15.25,5.2,15.75,14.13,14.55,False
001140,Car,car,car,2,0.0,40.5,31.78,29.66,5.2,31.72,28.45,29.59,False
001143,Car,car,car,0,0.0,26.5,47.23,45.41,0.0,53.25,49.18,50.78,True
001143,Car,car,car,1,0.23,105.7,15.46,13.22,8.09,11.52,10.48,10.86,False
001143,Car,car,car,1,0.0,33.2,35.04,32.9,8.4,35.44,32.81,33.81,False
001143,Car,car,car,1,0.0,22.3,57.71,55.7,9.76,52.25,49.78,50.97,False
001144,Car,car,car,2,0.0,39.3,32.26,30.13,1.83,34.72,32.69,33.25,False
001150,Car,car,car,0,0.0,87.9,14.75,12.97,4.5,13.95,12.67,12.98,False
001150,Car,car,car,1,0.94,183.2,4.93,3.19,2.56,4.51,4.0,4.21,False
001150,Car,car,car,1,0.0,150.4,9.76,7.68,2.37,8.59,8.07,8.26,False
001150,Car,car,car,2,0.0,84.5,15.08,13.17,2.69,17.0,14.55,15.59,False
001150,Car,car,car,2,0.0,65.7,19.14,17.14,4.38,19.39,17.02,17.91,False
001152,Car,car,car,0,0.0,16.7,67.63,65.57,7.67,58.09,56.05,56.94,False
001152,Car,car,car,0,0.0,26.6,44.58,42.4,7.16,43.62,41.36,41.69,False
001152,Car,car,car,0,0.0,12.9,73.35,71.57,0.93,72.59,68.17,70.48,True
001154,Truck,truck,bus,0,0.0,51.8,46.39,40.22,0.64,45.09,42.28,43.59,True
001154,Car,car,car,0,0.0,17.5,69.24,67.01,12.99,57.12,49.14,52.62,False
001154,Car,car,car,0,0.0,25.0,46.93,44.96,13.06,38.38,33.52,34.89,False
001154,Car,car,car,0,0.0,35.6,36.25,34.01,15.71,22.52,20.78,21.7,False
001162,Car,car,car,0,0.0,38.2,29.14,27.09,4.28,29.77,28.55,28.88,False
001162,Car,car,car,0,0.0,83.6,14.13,12.09,0.0,12.92,12.38,12.51,True
001162,Van,van,car,0,0.2,253.2,7.39,5.08,0.97,5.4,5.09,5.17,True
001162,Car,car,car,0,0.0,30.3,44.48,42.49,17.49,39.44,38.53,38.84,False
001162,Car,car,car,1,0.0,43.5,30.37,29.12,0.21,32.0,29.23,31.19,True
001162,Car,car,car,0,0.83,95.2,15.91,13.81,9.41,6.42,6.07,6.23,False
001162,Car,car,car,3,0.02,110.1,14.86,12.91,7.06,11.42,9.84,10.34,False
001162,Car,car,car,1,0.0,22.0,63.49,60.91,14.59,68.47,58.84,66.11,False
001163,Car,car,car,0,0.0,46.2,24.03,21.86,2.29,26.02,22.14,23.84,False
001163,Van,van,truck,2,0.0,32.2,56.62,53.79,2.46,66.12,57.72,60.94,False
001163,Car,car,car,0,0.85,187.1,5.28,3.06,2.0,4.72,4.12,4.32,False
001163,Car,car,car,0,0.84,163.3,5.13,3.22,1.98,4.7,4.07,4.3,False
001163,Car,car,car,0,0.0,26.1,44.13,42.19,2.53,48.66,44.31,45.14,False
001163,Car,car,car,1,0.0,61.2,19.28,17.57,2.4,21.22,17.98,19.53,False
001163,Car,car,car,1,0.0,133.5,10.87,8.86,2.45,12.26,9.09,10.3,False
001163,Car,car,car,1,0.0,146.9,10.24,7.85,1.93,9.1,8.23,8.48,False
001163,Car,car,car,2,0.0,41.3,26.4,24.46,2.18,27.3,24.7,25.48,False
001165,Car,car,car,0,0.0,31.7,46.32,44.38,20.25,36.88,35.88,36.36,False
001165,Car,car,car,0,0.0,36.9,34.28,32.03,0.02,34.5,32.34,32.97,True
001165,Car,car,car,0,0.0,21.9,56.4,54.5,20.47,44.44,42.81,43.53,False
001167,Car,car,car,0,0.0,34.1,38.65,36.51,13.32,39.31,37.19,38.16,False
001167,Pedestrian,pedestrian,person,1,0.0,40.6,32.02,31.63,5.52,48.95,36.49,39.13,False
001169,Pedestrian,pedestrian,person,0,0.0,94.4,13.03,12.48,0.54,17.28,14.84,15.89,True
001169,Cyclist,cyclist,person,1,0.0,115.9,12.43,11.57,3.56,25.04,11.45,16.07,False
001169,Pedestrian,pedestrian,person,1,0.0,42.5,30.65,30.12,2.52,39.38,36.46,37.75,False
001173,Car,car,car,0,0.0,17.7,70.23,68.66,3.79,73.59,70.77,72.38,False
001173,Truck,truck,train,0,0.0,29.8,76.0,69.83,0.0,76.94,74.62,75.94,True
001173,Van,van,truck,2,0.0,53.3,39.41,36.62,21.42,22.06,20.98,21.66,False
001193,Car,car,truck,0,0.0,138.6,13.52,11.03,1.03,12.28,11.45,11.69,True
001193,Pedestrian,pedestrian,person,0,0.0,102.0,13.19,12.61,0.0,15.2,14.23,14.66,True
001193,Pedestrian,pedestrian,person,0,0.14,224.9,6.16,5.47,2.05,6.18,5.18,5.44,False
001193,Pedestrian,pedestrian,person,0,0.0,82.0,16.36,15.91,0.0,21.83,17.97,18.9,True
001193,Person_sitting,pedestrian,other,2,0.0,113.2,9.73,9.35,4.11,5.79,5.19,5.36,False
001198,Van,van,car,0,0.0,192.1,9.36,7.31,2.24,7.88,7.59,7.68,False
001198,Pedestrian,pedestrian,person,2,0.0,105.2,13.65,13.31,4.77,15.16,13.97,14.8,False
001198,Person_sitting,pedestrian,person,1,0.0,83.8,12.07,11.64,1.87,13.92,13.43,13.64,False
001198,Person_sitting,pedestrian,person,1,0.0,82.3,12.21,11.77,2.54,14.53,13.07,13.71,False
001198,Person_sitting,pedestrian,person,2,0.0,64.8,15.15,14.81,2.44,13.93,13.45,13.65,False
001203,Car,car,car,0,0.0,38.2,29.12,27.18,1.15,27.33,25.78,25.91,True
001203,Car,car,car,0,0.86,202.8,7.26,5.11,3.9,5.68,5.15,5.36,False
001203,Car,car,car,0,0.0,104.2,13.55,11.2,3.25,11.63,10.7,10.95,False
001203,Car,car,car,0,0.0,20.7,52.49,50.45,1.45,45.67,44.06,44.69,False
001203,Cyclist,cyclist,person,0,0.0,72.3,18.86,17.93,1.94,27.52,22.46,25.72,False
001208,Pedestrian,pedestrian,person,0,0.0,165.9,8.8,8.3,3.69,8.84,8.41,8.69,False
001212,Truck,truck,truck,0,0.0,59.0,48.8,43.4,0.0,62.47,57.09,59.29,True
001212,Car,car,car,1,0.0,36.0,38.07,35.82,16.22,23.98,19.71,22.16,False
001215,Car,car,car,0,0.0,120.6,11.13,10.04,1.78,10.27,9.62,9.87,False
001219,Car,car,car,0,0.0,36.5,35.13,33.06,3.39,34.94,33.09,33.66,False
001219,Car,car,car,0,0.0,18.7,58.95,56.93,3.72,49.59,45.95,47.31,False
001224,Car,car,car,3,0.6,153.3,10.08,7.84,4.63,7.49,6.22,6.6,False
001224,Car,car,car,1,0.0,72.2,19.35,17.37,2.05,18.64,17.19,17.8,False
001224,Car,car,car,2,0.0,38.8,31.72,29.58,6.59,26.22,21.7,22.76,False
001224,Car,car,car,1,0.0,27.7,49.02,47.03,18.23,38.22,35.16,36.59,False
001224,Car,car,car,0,0.52,168.3,5.57,3.73,0.61,5.05,4.6,4.73,True
001224,Car,car,car,1,0.0,63.4,27.61,25.45,10.84,27.28,23.12,24.17,False
001224,Car,car,car,1,0.0,149.9,9.77,7.42,0.0,9.34,8.34,8.76,True
001224,Car,car,car,1,0.0,93.7,14.11,12.03,0.0,13.87,12.45,12.86,True
001224,Car,car,car,2,0.0,94.7,16.54,14.75,7.19,14.59,11.28,12.66,False
001225,Car,car,car,1,0.0,36.6,31.54,29.69,1.48,38.03,34.75,35.88,False
001225,Car,car,car,2,0.0,50.9,26.28,24.79,7.08,35.69,24.94,30.8,False
001225,Pedestrian,pedestrian,person,0,0.0,123.8,11.34,10.82,4.41,14.73,12.41,13.15,False
001225,Car,car,car,0,0.0,32.9,35.05,33.1,0.59,43.84,42.47,43.03,True
001225,Car,car,car,0,0.0,140.2,10.82,8.62,3.08,9.07,8.23,8.42,False
001225,Truck,truck,truck,1,0.0,60.9,52.36,49.46,24.17,30.75,28.78,29.41,False
001237,Car,car,car,0,0.29,168.4,11.01,9.32,4.41,8.16,7.79,7.91,False
001237,Car,car,car,0,0.0,82.4,16.71,14.79,1.7,15.62,14.42,14.92,False
001237,Car,car,car,0,0.47,176.2,6.23,4.27,1.85,5.07,4.56,4.75,False
001237,Car,car,car,2,0.0,39.6,31.65,29.89,1.69,38.25,30.04,33.62,False
001237,Car,car,car,2,0.0,26.6,41.09,40.12,4.5,36.25,33.07,34.81,False
001237,Car,car,car,2,0.0,83.1,15.33,13.94,4.35,13.6,12.05,13.01,False
001237,Car,car,car,2,0.0,48.7,22.73,20.71,1.7,19.98,18.36,19.22,False
001238,Car,car,car,0,0.85,171.7,8.18,5.86,4.46,6.42,5.85,6.08,False
001238,Car,car,car,1,0.36,55.2,27.18,24.93,15.18,15.44,14.51,14.98,False
001238,Pedestrian,pedestrian,person,1,0.0,155.4,10.11,9.6,4.31,10.78,7.83,8.34,False
001238,Pedestrian,pedestrian,person,0,0.0,121.3,11.62,11.14,3.41,11.91,10.85,11.4,False
001238,Pedestrian,pedestrian,person,1,0.0,121.6,12.13,11.61,3.2,11.84,11.05,11.3,False
001239,Car,car,car,0,0.0,86.5,14.1,12.92,0.0,13.66,13.3,13.4,True
001240,Van,van,truck,1,0.38,222.2,12.73,9.88,6.2,9.89,7.84,8.21,False
001240,Car,car,car,0,0.0,71.4,17.76,15.57,0.34,20.48,15.98,16.48,True
001240,Car,car,car,0,0.0,174.2,8.39,6.55,2.33,7.03,6.48,6.63,False
001240,Car,car,car,0,0.0,31.8,34.65,32.93,5.53,34.09,33.53,33.75,False
001240,Car,car,car,0,0.0,38.1,29.27,28.15,0.0,28.2,26.0,26.39,True
001256,Pedestrian,pedestrian,person,0,0.0,143.0,9.75,9.34,3.32,10.31,10.02,10.16,False
001259,Van,van,car,0,0.0,22.6,62.8,60.53,0.0,66.94,62.07,64.62,True
001259,Car,car,car,0,0.0,64.5,19.25,17.01,2.49,18.77,17.92,18.22,False
001260,Car,car,car,0,0.0,163.7,9.51,7.8,2.57,8.35,7.93,8.01,False
001260,Car,car,car,1,0.54,136.4,12.98,11.0,6.6,8.98,8.58,8.74,False
001265,Car,car,car,2,0.0,22.8,49.03,48.13,2.45,40.81,33.31,36.5,False
001265,Car,car,car,0,0.0,41.8,27.03,25.89,2.42,27.36,25.67,26.08,False
001271,Car,car,car,0,0.0,122.8,11.65,9.41,2.86,11.75,10.8,11.01,False
001271,Car,car,car,1,0.0,20.0,55.1,52.87,2.2,55.75,53.81,54.25,False
001275,Car,car,car,1,0.0,33.7,33.09,31.15,7.75,31.34,28.98,30.03,False
001275,Car,car,car,1,0.0,33.1,35.98,33.76,11.04,29.91,28.17,28.81,False
001275,Car,car,car,0,0.0,27.5,45.48,43.66,0.0,48.03,46.11,46.94,True
001275,Car,car,car,1,0.0,19.1,56.71,54.65,7.92,51.75,49.53,50.59,False
001277,Car,car,car,0,0.0,74.5,18.15,16.19,1.5,19.42,18.22,18.53,False
001277,Car,car,car,1,0.0,29.5,49.22,47.06,0.99,55.5,49.05,50.24,True
001277,Car,car,car,0,0.88,163.4,4.64,2.7,1.65,4.75,4.17,4.38,False
001277,Car,car,car,1,0.0,83.5,16.28,14.52,2.11,17.12,14.66,15.3,False
001277,Car,car,car,2,0.0,43.8,28.29,26.55,1.92,32.94,28.49,30.5,False
001277,Car,car,car,1,0.0,138.9,10.18,8.47,1.79,10.42,9.47,9.82,False
001277,Car,car,car,2,0.0,35.6,33.16,31.2,1.69,40.27,33.03,35.34,False
001277,Car,car,car,2,0.0,58.7,21.6,19.75,1.77,21.97,20.83,21.39,False
001279,Pedestrian,pedestrian,person,0,0.0,157.8,10.1,9.62,3.3,11.84,10.64,11.12,False
001281,Truck,truck,bus,0,0.0,33.4,68.47,62.3,0.0,75.62,74.0,74.81,True
001281,Car,car,car,0,0.0,15.0,82.57,80.38,12.19,73.81,69.65,72.69,False
001281,Car,car,car,0,0.0,34.2,41.63,39.57,15.84,37.31,35.09,36.38,False
001286,Car,car,car,0,0.0,15.7,70.46,68.58,2.38,62.91,59.36,60.84,False
001286,Car,car,car,1,0.0,20.1,57.74,56.33,11.86,29.18,18.38,20.63,False
001291,Car,car,car,0,0.0,29.8,35.78,34.02,3.74,35.53,33.25,34.06,False
001291,Car,car,car,0,0.0,33.2,36.88,34.87,0.02,34.5,32.97,33.62,True
001296,Van,van,truck,1,0.0,82.6,21.31,18.79,8.82,16.72,15.44,15.81,False
001296,Car,car,car,1,0.0,25.6,46.17,43.91,9.83,44.81,42.85,43.59,False
001296,Car,car,car,0,0.0,26.7,46.81,44.99,0.15,51.19,49.38,50.06,True
001296,Car,car,car,0,0.0,35.2,35.86,33.56,2.62,40.41,37.59,38.16,False
001311,Car,car,car,0,0.0,70.3,17.7,15.7,1.73,17.72,16.8,17.14,False
001311,Car,car,car,0,0.89,195.8,4.7,2.68,1.88,4.46,3.71,4.01,False
001311,Car,car,car,0,0.0,144.5,9.87,7.92,2.15,8.73,8.03,8.17,False
001311,Car,car,car,1,0.0,191.4,8.23,6.74,1.89,8.98,6.62,7.2,False
001311,Car,car,car,2,0.0,55.3,22.79,20.84,1.78,26.03,23.84,24.7,False
001311,Car,car,car,2,0.0,35.2,32.92,30.84,1.59,35.78,32.18,32.97,False
001311,Car,car,car,0,0.0,23.6,49.52,47.69,0.0,68.25,59.82,62.66,True
001311,Car,car,car,1,0.0,32.5,41.48,39.87,15.82,25.48,23.27,24.14,False
001316,Car,car,car,0,0.0,65.2,19.61,18.01,0.0,17.98,17.42,17.62,True
001326,Car,car,car,1,0.0,34.3,32.37,30.62,2.9,31.68,29.48,29.84,False
001326,Car,car,car,0,0.0,56.9,22.21,20.6,0.0,21.91,20.59,20.88,True
001326,Car,car,car,0,0.0,39.9,39.67,37.68,18.54,28.09,26.44,27.44,False
001326,Car,car,car,1,0.0,27.0,44.76,42.54,18.66,29.42,28.2,28.83,False
001329,Car,car,car,0,0.0,26.4,47.43,45.61,0.13,51.52,48.09,48.82,True
001334,Pedestrian,pedestrian,person,1,0.0,94.3,15.56,15.07,7.43,14.82,13.38,13.69,False
001334,Pedestrian,pedestrian,person,0,0.0,95.8,15.75,15.26,8.28,15.16,13.38,13.94,False
001334,Cyclist,cyclist,person,3,0.0,43.6,28.85,28.05,6.94,38.36,33.98,36.09,False
001335,Car,car,car,0,0.0,34.0,31.98,29.8,2.69,35.16,29.98,30.67,False
001335,Car,car,car,0,0.0,31.1,39.24,37.9,6.02,31.77,30.6,31.14,False
001339,Car,car,car,0,0.8,170.8,6.47,4.44,2.65,5.52,5.02,5.12,False
001339,Car,car,car,0,0.0,42.3,29.09,26.85,8.76,26.8,25.3,25.71,False
001341,Car,car,car,0,0.0,52.9,23.73,22.09,0.0,23.81,22.45,22.83,True
001342,Car,car,car,1,0.0,30.4,47.01,45.87,23.81,31.89,30.45,31.28,False
001357,Pedestrian,pedestrian,person,0,0.0,133.2,10.12,9.51,0.0,13.98,12.12,12.68,True
001357,Pedestrian,pedestrian,person,0,0.0,132.4,10.96,10.33,1.51,13.34,11.7,12.07,False
001357,Pedestrian,pedestrian,person,0,0.0,115.9,11.14,10.58,0.97,13.38,12.03,12.36,True
001364,Car,car,car,0,0.0,30.4,38.76,36.81,12.87,34.12,30.95,32.56,False
001378,Truck,truck,bus,1,0.0,75.3,32.94,31.03,3.56,31.05,29.83,30.53,False
001378,Car,car,car,0,0.0,19.7,57.61,55.63,5.2,54.66,53.62,54.03,False
001378,Car,car,car,0,0.0,19.3,56.73,54.61,1.76,55.16,53.51,54.31,False
001378,Van,van,truck,1,0.0,74.7,20.6,18.66,4.14,21.22,18.42,20.17,False
001378,Pedestrian,pedestrian,person,0,0.0,98.1,14.06,13.62,4.9,14.94,13.7,14.06,False
001378,Car,car,car,1,0.0,26.4,47.22,45.35,18.17,35.92,27.59,32.1,False
001378,Car,car,car,2,0.0,16.6,63.57,61.57,4.18,55.53,54.13,54.62,False
001387,Car,car,car,2,0.0,19.5,72.55,70.23,12.83,68.19,65.84,66.75,False
001387,Truck,truck,train,0,0.0,40.6,57.36,51.14,0.0,62.22,54.78,59.41,True
001387,Car,car,car,0,0.0,31.8,39.57,37.07,12.96,42.31,37.15,40.03,False
001396,Car,car,car,0,0.0,46.0,23.41,21.72,0.0,23.44,22.2,22.94,True
001396,Car,car,car,0,0.0,23.6,52.48,50.39,11.15,40.59,38.91,39.47,False
001396,Van,van,car,3,0.0,32.1,50.37,48.16,1.71,38.28,28.66,33.34,False
001396,Car,car,car,2,0.0,35.7,32.82,31.01,0.0,32.33,29.7,30.55,True
001403,Car,car,car,0,0.0,36.7,29.21,27.48,1.77,31.75,28.92,29.94,False
001403,Car,car,car,0,0.0,81.0,15.88,13.8,2.53,14.65,14.05,14.2,False
001403,Car,car,car,2,0.0,26.1,42.78,40.67,5.84,38.34,35.59,37.03,False
001403,Truck,truck,truck,1,0.0,177.7,19.81,15.65,5.76,15.54,14.8,14.99,False
001413,Car,car,car,0,0.0,44.1,28.49,26.5,3.49,29.92,27.34,28.36,False
001413,Car,car,car,0,0.0,25.3,47.04,45.12,3.72,41.38,36.88,39.03,False
001413,Car,car,car,0,0.0,65.9,20.89,18.88,5.35,17.78,16.56,16.86,False
001413,Car,car,car,1,0.0,62.4,25.19,23.03,4.67,22.28,19.34,20.34,False
001420,Car,car,car,0,0.0,18.9,58.18,56.07,8.22,57.28,55.1,56.27,False
001420,Car,car,car,0,0.0,18.1,60.62,58.34,3.04,63.91,62.3,62.93,False
001431,Pedestrian,pedestrian,person,0,0.0,174.7,9.52,8.87,4.88,7.97,6.57,7.22,False
001432,Car,car,car,0,0.0,40.0,28.74,26.5,1.72,31.94,30.55,31.06,False
001448,Car,car,car,1,0.0,33.6,40.39,38.1,11.43,39.34,36.47,38.41,False
001448,Car,car,car,0,0.0,24.4,46.54,44.28,2.15,47.0,45.56,46.09,False
001448,Car,car,car,1,0.0,18.7,59.23,57.32,0.9,50.19,49.72,49.94,True
001448,Car,car,car,0,0.0,22.9,49.33,47.39,0.0,47.94,47.47,47.66,True
001449,Pedestrian,pedestrian,person,0,0.0,141.3,9.74,9.35,3.21,11.81,10.36,10.9,False
001457,Van,van,truck,0,0.0,179.0,16.9,13.32,6.18,13.22,11.09,11.75,False
001457,Car,car,car,1,0.0,18.4,64.67,62.43,8.32,60.09,56.02,57.09,False
001457,Van,van,truck,0,0.0,146.8,12.4,9.91,2.27,11.06,10.52,10.71,False
001457,Car,car,car,0,0.91,223.1,6.8,4.97,3.0,4.68,4.52,4.57,False
001457,Car,car,car,0,0.0,72.8,17.46,15.62,0.0,16.61,15.62,16.0,True
001457,Car,car,car,1,0.0,23.6,48.28,45.83,9.29,42.5,40.94,41.78,False
001457,Car,car,car,1,0.0,25.6,54.53,52.45,9.32,56.62,43.32,49.86,False
001457,Car,car,car,1,0.0,37.9,33.96,32.06,18.24,14.88,13.49,14.0,False
001457,Car,car,car,2,0.0,32.3,36.78,34.75,2.89,26.32,22.16,23.97,False
001457,Car,car,car,2,0.0,63.7,19.4,17.2,2.34,17.78,14.4,16.36,False
001460,Car,car,car,0,0.0,107.5,13.3,11.05,4.77,10.95,9.86,10.05,False
001460,Car,car,car,0,0.0,27.7,41.28,39.19,4.61,39.78,36.0,36.97,False
001460,Car,car,car,0,0.0,75.9,16.04,14.06,1.51,15.37,14.52,14.78,False
001460,Car,car,car,0,0.0,62.5,20.8,18.69,4.54,18.27,17.23,17.45,False
001460,Car,car,car,2,0.0,48.0,25.83,23.73,4.48,23.16,21.44,22.23,False
001471,Car,car,car,0,0.0,35.4,35.79,34.25,0.0,40.98,35.97,37.03,True
