frame,label,type,group,box_height_px,true_m,unidepth-v2-base_median,unidepth-v2-base_p10,unidepth-v2-base_p25
02_Hanns_Klemm_Str_44_000000_000020,05,"crate (gray, 2x stacked)",standard objects,12.0,62.8,71.83,68.91,70.04
02_Hanns_Klemm_Str_44_000000_000060,05,"crate (gray, 2x stacked)",standard objects,14.0,53.3,56.45,55.32,55.94
02_Hanns_Klemm_Str_44_000000_000100,05,"crate (gray, 2x stacked)",standard objects,19.0,39.82,43.13,42.49,42.72
02_Hanns_Klemm_Str_44_000000_000140,05,"crate (gray, 2x stacked)",standard objects,34.0,22.13,26.26,26.08,26.17
02_Hanns_Klemm_Str_44_000000_000180,05,"crate (gray, 2x stacked)",standard objects,120.0,7.16,10.14,10.02,10.08
02_Hanns_Klemm_Str_44_000001_000040,05,"crate (gray, 2x stacked)",standard objects,13.0,59.22,68.68,66.67,67.7
02_Hanns_Klemm_Str_44_000001_000040,04,crate (gray),standard objects,8.0,57.15,69.58,66.37,68.02
02_Hanns_Klemm_Str_44_000001_000080,05,"crate (gray, 2x stacked)",standard objects,15.0,49.69,58.05,56.9,57.48
02_Hanns_Klemm_Str_44_000001_000080,04,crate (gray),standard objects,9.0,49.94,59.29,57.82,58.36
02_Hanns_Klemm_Str_44_000001_000120,05,"crate (gray, 2x stacked)",standard objects,19.0,37.86,42.03,41.22,41.55
02_Hanns_Klemm_Str_44_000001_000120,04,crate (gray),standard objects,11.0,38.76,42.24,41.54,41.85
02_Hanns_Klemm_Str_44_000001_000160,05,"crate (gray, 2x stacked)",standard objects,33.0,23.13,26.65,26.49,26.5
02_Hanns_Klemm_Str_44_000001_000160,04,crate (gray),standard objects,19.0,23.54,26.9,26.67,26.74
02_Hanns_Klemm_Str_44_000001_000200,05,"crate (gray, 2x stacked)",standard objects,105.0,7.93,11.52,11.39,11.44
02_Hanns_Klemm_Str_44_000001_000200,04,crate (gray),standard objects,70.0,7.99,11.47,11.41,11.43
02_Hanns_Klemm_Str_44_000002_000040,02,"crate (black, 2x stacked)",standard objects,23.0,58.42,79.09,76.87,77.42
02_Hanns_Klemm_Str_44_000002_000040,01,crate (black),standard objects,10.0,57.87,78.13,75.51,76.58
02_Hanns_Klemm_Str_44_000002_000080,02,"crate (black, 2x stacked)",standard objects,28.0,49.14,61.3,59.6,60.32
02_Hanns_Klemm_Str_44_000002_000080,01,crate (black),standard objects,14.0,48.2,60.27,59.14,59.64
02_Hanns_Klemm_Str_44_000002_000120,01,crate (black),standard objects,19.0,33.73,40.75,40.4,40.52
02_Hanns_Klemm_Str_44_000002_000120,02,"crate (black, 2x stacked)",standard objects,40.0,33.43,40.82,40.4,40.5
02_Hanns_Klemm_Str_44_000002_000160,02,"crate (black, 2x stacked)",standard objects,87.0,15.94,18.77,18.62,18.68
02_Hanns_Klemm_Str_44_000002_000160,01,crate (black),standard objects,42.0,16.07,18.82,18.64,18.69
02_Hanns_Klemm_Str_44_000003_000020,20,tire,random hazards,9.0,62.98,72.8,70.64,71.48
02_Hanns_Klemm_Str_44_000003_000020,34,styrofoam,random hazards,6.0,63.42,71.41,69.39,70.17
02_Hanns_Klemm_Str_44_000003_000060,20,tire,random hazards,10.0,54.2,67.99,66.3,66.89
02_Hanns_Klemm_Str_44_000003_000060,34,styrofoam,random hazards,8.0,52.78,66.18,64.06,64.88
02_Hanns_Klemm_Str_44_000003_000100,20,tire,random hazards,15.0,39.29,46.92,45.59,46.17
02_Hanns_Klemm_Str_44_000003_000100,34,styrofoam,random hazards,11.0,39.63,46.06,44.82,45.3
02_Hanns_Klemm_Str_44_000003_000140,20,tire,random hazards,27.0,22.01,25.19,24.99,25.04
02_Hanns_Klemm_Str_44_000003_000140,34,styrofoam,random hazards,19.0,22.25,25.21,24.92,24.97
02_Hanns_Klemm_Str_44_000005_000020,08,cardboard box,random hazards,10.0,60.42,72.57,69.43,70.39
02_Hanns_Klemm_Str_44_000005_000020,13,exhaust pipe,random hazards,10.0,60.3,69.63,67.63,68.42
02_Hanns_Klemm_Str_44_000005_000060,08,cardboard box,random hazards,10.0,53.48,61.92,59.31,60.34
02_Hanns_Klemm_Str_44_000005_000060,13,exhaust pipe,random hazards,9.0,52.82,60.78,58.9,59.53
02_Hanns_Klemm_Str_44_000005_000100,13,exhaust pipe,random hazards,14.0,40.54,46.43,45.2,45.68
02_Hanns_Klemm_Str_44_000005_000100,08,cardboard box,random hazards,14.0,40.37,46.4,44.79,45.47
02_Hanns_Klemm_Str_44_000005_000140,08,cardboard box,random hazards,25.0,24.19,27.29,27.0,27.09
02_Hanns_Klemm_Str_44_000005_000140,13,exhaust pipe,random hazards,26.0,24.75,27.19,26.8,26.87
02_Hanns_Klemm_Str_44_000005_000180,08,cardboard box,random hazards,63.0,9.69,12.4,12.24,12.31
02_Hanns_Klemm_Str_44_000005_000180,13,exhaust pipe,random hazards,65.0,10.26,12.86,12.61,12.68
02_Hanns_Klemm_Str_44_000006_000030,13,exhaust pipe,random hazards,11.0,47.44,33.8,32.48,32.97
02_Hanns_Klemm_Str_44_000006_000030,08,cardboard box,random hazards,10.0,51.8,35.33,33.44,33.91
02_Hanns_Klemm_Str_44_000006_000070,13,exhaust pipe,random hazards,15.0,46.95,31.11,29.45,30.19
02_Hanns_Klemm_Str_44_000006_000070,08,cardboard box,random hazards,12.0,45.26,32.47,29.88,30.85
02_Hanns_Klemm_Str_44_000006_000110,13,exhaust pipe,random hazards,18.0,34.67,34.48,33.07,33.7
02_Hanns_Klemm_Str_44_000006_000110,08,cardboard box,random hazards,15.0,34.35,34.24,33.06,33.56
02_Hanns_Klemm_Str_44_000006_000150,13,exhaust pipe,random hazards,33.0,21.58,22.47,22.07,22.17
02_Hanns_Klemm_Str_44_000006_000150,08,cardboard box,random hazards,27.0,21.27,22.18,21.97,22.03
02_Hanns_Klemm_Str_44_000006_000190,13,exhaust pipe,random hazards,113.0,7.59,9.12,8.86,8.92
02_Hanns_Klemm_Str_44_000006_000190,08,cardboard box,random hazards,82.0,7.34,8.81,8.76,8.79
02_Hanns_Klemm_Str_44_000007_000040,20,tire,random hazards,10.0,56.75,42.16,40.06,41.02
02_Hanns_Klemm_Str_44_000007_000080,20,tire,random hazards,11.0,53.13,39.68,38.41,38.91
02_Hanns_Klemm_Str_44_000007_000120,20,tire,random hazards,14.0,43.31,45.66,44.32,44.9
02_Hanns_Klemm_Str_44_000007_000160,20,tire,random hazards,18.0,32.51,36.22,35.66,35.9
02_Hanns_Klemm_Str_44_000007_000200,20,tire,random hazards,30.0,20.28,21.11,20.99,21.03
02_Hanns_Klemm_Str_44_000007_000240,20,tire,random hazards,95.0,7.22,8.54,8.4,8.45
02_Hanns_Klemm_Str_44_000008_000040,20,tire,random hazards,9.0,61.92,47.14,44.87,45.7
02_Hanns_Klemm_Str_44_000008_000080,20,tire,random hazards,11.0,55.38,54.64,53.2,53.66
02_Hanns_Klemm_Str_44_000008_000120,20,tire,random hazards,15.0,40.77,45.17,44.56,44.8
02_Hanns_Klemm_Str_44_000008_000160,20,tire,random hazards,21.0,26.35,28.16,27.9,27.97
02_Hanns_Klemm_Str_44_000008_000200,20,tire,random hazards,54.0,11.87,13.65,13.52,13.56
02_Hanns_Klemm_Str_44_000009_000030,02,"crate (black, 2x stacked)",standard objects,20.0,64.53,51.33,47.88,49.16
02_Hanns_Klemm_Str_44_000009_000030,01,crate (black),standard objects,10.0,66.25,49.61,46.41,47.54
02_Hanns_Klemm_Str_44_000009_000070,02,"crate (black, 2x stacked)",standard objects,22.0,63.01,50.07,46.74,47.95
02_Hanns_Klemm_Str_44_000009_000070,01,crate (black),standard objects,11.0,61.19,48.76,45.62,46.92
02_Hanns_Klemm_Str_44_000009_000110,02,"crate (black, 2x stacked)",standard objects,26.0,50.97,58.84,57.36,57.74
02_Hanns_Klemm_Str_44_000009_000110,01,crate (black),standard objects,14.0,51.87,56.42,54.93,55.32
02_Hanns_Klemm_Str_44_000009_000150,02,"crate (black, 2x stacked)",standard objects,36.0,37.31,40.09,39.22,39.61
02_Hanns_Klemm_Str_44_000009_000150,01,crate (black),standard objects,19.0,37.96,39.73,38.54,39.2
02_Hanns_Klemm_Str_44_000009_000190,02,"crate (black, 2x stacked)",standard objects,65.0,22.58,26.1,25.89,25.99
02_Hanns_Klemm_Str_44_000009_000190,01,crate (black),standard objects,31.0,22.63,25.82,25.68,25.72
02_Hanns_Klemm_Str_44_000009_000230,02,"crate (black, 2x stacked)",standard objects,227.0,6.35,7.87,7.73,7.82
02_Hanns_Klemm_Str_44_000009_000230,01,crate (black),standard objects,117.0,6.48,7.95,7.83,7.9
02_Hanns_Klemm_Str_44_000010_000040,05,"crate (gray, 2x stacked)",standard objects,11.0,62.62,48.54,46.08,47.08
02_Hanns_Klemm_Str_44_000010_000040,04,crate (gray),standard objects,7.0,62.89,47.64,45.58,46.26
02_Hanns_Klemm_Str_44_000010_000080,05,"crate (gray, 2x stacked)",standard objects,12.0,57.48,50.78,48.3,49.37
02_Hanns_Klemm_Str_44_000010_000080,04,crate (gray),standard objects,7.0,60.29,50.17,47.36,48.65
02_Hanns_Klemm_Str_44_000010_000120,05,"crate (gray, 2x stacked)",standard objects,16.0,42.63,50.6,49.54,50.16
02_Hanns_Klemm_Str_44_000010_000120,04,crate (gray),standard objects,11.0,43.28,50.68,49.18,49.67
02_Hanns_Klemm_Str_44_000010_000160,05,"crate (gray, 2x stacked)",standard objects,29.0,27.84,30.48,29.99,30.13
02_Hanns_Klemm_Str_44_000010_000160,04,crate (gray),standard objects,18.0,27.92,29.74,29.11,29.41
02_Hanns_Klemm_Str_44_000010_000200,04,crate (gray),standard objects,43.0,11.64,13.83,13.74,13.77
02_Hanns_Klemm_Str_44_000010_000200,05,"crate (gray, 2x stacked)",standard objects,66.0,11.48,13.84,13.75,13.79
02_Hanns_Klemm_Str_44_000011_000040,23,dog (black),emotional hazards,16.0,72.47,74.63,74.21,74.57
02_Hanns_Klemm_Str_44_000011_000080,23,dog (black),emotional hazards,16.0,70.68,63.25,60.54,62.15
02_Hanns_Klemm_Str_44_000011_000120,23,dog (black),emotional hazards,21.0,54.66,58.47,55.04,57.78
02_Hanns_Klemm_Str_44_000011_000160,23,dog (black),emotional hazards,29.0,36.3,45.25,42.93,44.03
02_Hanns_Klemm_Str_44_000011_000200,23,dog (black),emotional hazards,46.0,21.3,34.8,30.69,33.84
02_Hanns_Klemm_Str_44_000011_000240,23,dog (black),emotional hazards,118.0,8.99,12.1,11.86,11.95
02_Hanns_Klemm_Str_44_000012_000050,24,dog (white),emotional hazards,7.0,67.6,70.86,66.27,68.16
02_Hanns_Klemm_Str_44_000012_000090,24,dog (white),emotional hazards,8.0,59.36,65.99,57.66,60.72
02_Hanns_Klemm_Str_44_000012_000130,24,dog (white),emotional hazards,10.0,42.51,53.09,41.76,46.45
02_Hanns_Klemm_Str_44_000012_000170,24,dog (white),emotional hazards,23.0,26.63,34.48,28.67,32.26
02_Hanns_Klemm_Str_44_000013_000020,26,bobby car (gray),emotional hazards,13.0,67.11,81.49,74.17,77.18
02_Hanns_Klemm_Str_44_000013_000060,26,bobby car (gray),emotional hazards,15.0,62.56,71.62,65.9,68.07
02_Hanns_Klemm_Str_44_000013_000100,26,bobby car (gray),emotional hazards,17.0,54.49,66.79,60.61,64.4
02_Hanns_Klemm_Str_44_000013_000140,26,bobby car (gray),emotional hazards,21.0,41.95,55.53,50.8,54.24
02_Hanns_Klemm_Str_44_000013_000180,26,bobby car (gray),emotional hazards,33.0,26.95,35.88,33.44,34.83
02_Hanns_Klemm_Str_44_000013_000220,26,bobby car (gray),emotional hazards,81.0,12.05,15.97,15.71,15.79
02_Hanns_Klemm_Str_44_000014_000040,27,bobby car (red),emotional hazards,11.0,74.91,76.28,73.15,74.86
02_Hanns_Klemm_Str_44_000014_000080,27,bobby car (red),emotional hazards,12.0,69.54,64.17,60.56,61.69
02_Hanns_Klemm_Str_44_000014_000120,27,bobby car (red),emotional hazards,16.0,48.95,48.67,45.18,46.87
02_Hanns_Klemm_Str_44_000014_000160,27,bobby car (red),emotional hazards,25.0,33.43,36.83,34.66,35.69
02_Hanns_Klemm_Str_44_000014_000200,27,bobby car (red),emotional hazards,56.0,17.55,20.25,19.79,19.97
02_Hanns_Klemm_Str_44_000015_000060,27,bobby car (red),emotional hazards,8.0,50.0,39.81,37.84,38.98
02_Hanns_Klemm_Str_44_000015_000100,27,bobby car (red),emotional hazards,10.0,41.04,32.63,31.92,32.24
02_Hanns_Klemm_Str_44_000015_000140,27,bobby car (red),emotional hazards,26.0,32.17,24.26,23.67,23.91
02_Hanns_Klemm_Str_44_000015_000180,27,bobby car (red),emotional hazards,56.0,17.83,17.13,17.03,17.05
02_Hanns_Klemm_Str_44_000016_000020,26,bobby car (gray),emotional hazards,10.0,45.07,36.34,35.5,35.86
02_Hanns_Klemm_Str_44_000016_000060,26,bobby car (gray),emotional hazards,11.0,44.07,34.24,33.18,33.52
02_Hanns_Klemm_Str_44_000016_000100,26,bobby car (gray),emotional hazards,15.0,32.71,29.1,27.85,28.29
02_Hanns_Klemm_Str_44_000016_000140,26,bobby car (gray),emotional hazards,55.0,19.06,20.49,20.21,20.36
02_Hanns_Klemm_Str_44_000016_000180,26,bobby car (gray),emotional hazards,156.0,6.4,7.13,7.04,7.07
02_Hanns_Klemm_Str_44_000017_000050,23,dog (black),emotional hazards,13.0,48.93,35.87,34.49,34.91
02_Hanns_Klemm_Str_44_000017_000090,23,dog (black),emotional hazards,19.0,37.58,28.97,28.0,28.53
02_Hanns_Klemm_Str_44_000017_000130,23,dog (black),emotional hazards,45.0,22.98,24.83,24.43,24.61
02_Hanns_Klemm_Str_44_000017_000170,23,dog (black),emotional hazards,132.0,7.92,8.75,8.61,8.65
02_Hanns_Klemm_Str_44_000018_000110,24,dog (white),emotional hazards,11.0,42.68,28.35,27.31,27.69
02_Hanns_Klemm_Str_44_000018_000150,24,dog (white),emotional hazards,30.0,27.73,27.04,26.06,26.59
02_Hanns_Klemm_Str_44_000018_000190,24,dog (white),emotional hazards,58.0,13.84,14.54,14.35,14.42
04_Maurener_Weg_8_000000_000030,04,crate (gray),standard objects,9.0,62.86,57.84,55.63,56.4
04_Maurener_Weg_8_000000_000030,05,"crate (gray, 2x stacked)",standard objects,12.0,72.3,63.7,60.81,61.71
04_Maurener_Weg_8_000000_000030,06,"crate (gray, upright)",standard objects,21.0,71.32,58.69,57.24,57.99
04_Maurener_Weg_8_000000_000070,04,crate (gray),standard objects,11.0,51.21,48.88,46.62,47.51
04_Maurener_Weg_8_000000_000070,05,"crate (gray, 2x stacked)",standard objects,14.0,60.84,54.13,53.09,53.24
04_Maurener_Weg_8_000000_000070,06,"crate (gray, upright)",standard objects,25.0,59.39,52.56,50.38,51.2
04_Maurener_Weg_8_000000_000110,04,crate (gray),standard objects,18.0,32.78,32.05,31.54,31.68
04_Maurener_Weg_8_000000_000110,05,"crate (gray, 2x stacked)",standard objects,20.0,42.43,38.66,38.08,38.21
04_Maurener_Weg_8_000000_000110,06,"crate (gray, upright)",standard objects,34.0,42.64,37.67,37.32,37.42
04_Maurener_Weg_8_000000_000150,04,crate (gray),standard objects,35.0,16.61,17.99,17.86,17.9
04_Maurener_Weg_8_000000_000150,05,"crate (gray, 2x stacked)",standard objects,34.0,25.85,24.99,24.61,24.71
04_Maurener_Weg_8_000000_000150,06,"crate (gray, upright)",standard objects,60.0,24.26,25.11,24.77,24.91
04_Maurener_Weg_8_000000_000190,05,"crate (gray, 2x stacked)",standard objects,70.0,12.06,13.55,13.32,13.41
04_Maurener_Weg_8_000000_000190,06,"crate (gray, upright)",standard objects,150.0,9.65,10.84,10.74,10.77
04_Maurener_Weg_8_000001_000050,03,"crate (black, upright)",standard objects,11.0,66.25,51.13,48.47,49.57
04_Maurener_Weg_8_000001_000050,03,"crate (black, upright)",standard objects,9.0,77.84,56.82,55.02,55.58
04_Maurener_Weg_8_000001_000050,02,"crate (black, 2x stacked)",standard objects,16.0,71.11,52.46,50.99,51.59
04_Maurener_Weg_8_000001_000090,03,"crate (black, upright)",standard objects,17.0,52.86,46.56,43.38,44.62
04_Maurener_Weg_8_000001_000090,03,"crate (black, upright)",standard objects,12.0,62.43,52.45,50.56,50.99
04_Maurener_Weg_8_000001_000090,02,"crate (black, 2x stacked)",standard objects,19.0,58.16,46.28,45.32,45.61
04_Maurener_Weg_8_000001_000130,03,"crate (black, upright)",standard objects,23.0,36.42,33.08,31.58,32.01
04_Maurener_Weg_8_000001_000130,03,"crate (black, upright)",standard objects,15.0,48.13,40.13,39.33,39.63
04_Maurener_Weg_8_000001_000130,02,"crate (black, 2x stacked)",standard objects,26.0,42.43,37.61,36.95,37.09
04_Maurener_Weg_8_000001_000170,03,"crate (black, upright)",standard objects,37.0,18.45,20.86,20.41,20.58
04_Maurener_Weg_8_000001_000170,03,"crate (black, upright)",standard objects,25.0,30.81,30.18,29.59,29.83
04_Maurener_Weg_8_000001_000170,02,"crate (black, 2x stacked)",standard objects,43.0,24.93,25.87,25.61,25.69
04_Maurener_Weg_8_000001_000210,03,"crate (black, upright)",standard objects,48.0,14.97,17.29,16.98,17.07
04_Maurener_Weg_8_000001_000210,02,"crate (black, 2x stacked)",standard objects,122.0,9.33,11.2,11.13,11.15
04_Maurener_Weg_8_000002_000040,04,crate (gray),standard objects,10.0,36.57,38.36,36.89,37.42
04_Maurener_Weg_8_000002_000040,05,"crate (gray, 2x stacked)",standard objects,19.0,39.21,38.91,37.14,37.82
04_Maurener_Weg_8_000002_000040,06,"crate (gray, upright)",standard objects,33.0,51.7,48.85,43.71,45.44
04_Maurener_Weg_8_000002_000080,04,crate (gray),standard objects,15.0,25.97,27.51,26.61,27.03
04_Maurener_Weg_8_000002_000080,05,"crate (gray, 2x stacked)",standard objects,26.0,28.26,28.64,27.43,27.86
04_Maurener_Weg_8_000002_000080,06,"crate (gray, upright)",standard objects,43.0,36.7,35.65,33.75,34.41
04_Maurener_Weg_8_000002_000120,04,crate (gray),standard objects,39.0,11.76,13.5,13.36,13.42
04_Maurener_Weg_8_000002_000120,05,"crate (gray, 2x stacked)",standard objects,58.0,14.18,15.62,15.51,15.56
04_Maurener_Weg_8_000002_000120,06,"crate (gray, upright)",standard objects,70.0,19.9,22.08,21.83,22.01
04_Maurener_Weg_8_000003_000010,03,"crate (black, upright)",standard objects,20.0,32.8,34.28,33.68,33.85
04_Maurener_Weg_8_000003_000010,02,"crate (black, 2x stacked)",standard objects,30.0,38.22,36.79,36.29,36.42
04_Maurener_Weg_8_000003_000010,01,crate (black),standard objects,16.0,46.87,45.02,43.66,44.23
04_Maurener_Weg_8_000003_000050,03,"crate (black, upright)",standard objects,24.0,28.21,30.21,29.81,29.9
04_Maurener_Weg_8_000003_000050,02,"crate (black, 2x stacked)",standard objects,32.0,33.86,33.24,32.77,32.91
04_Maurener_Weg_8_000003_000050,01,crate (black),standard objects,18.0,41.91,40.09,39.33,39.57
04_Maurener_Weg_8_000003_000090,03,"crate (black, upright)",standard objects,42.0,16.64,18.5,18.3,18.35
04_Maurener_Weg_8_000003_000090,02,"crate (black, 2x stacked)",standard objects,49.0,21.29,22.58,22.3,22.39
04_Maurener_Weg_8_000003_000090,01,crate (black),standard objects,27.0,29.14,29.69,29.32,29.43
04_Maurener_Weg_8_000003_000130,02,"crate (black, 2x stacked)",standard objects,122.0,8.62,10.26,10.16,10.21
04_Maurener_Weg_8_000003_000130,01,crate (black),standard objects,50.0,16.18,18.67,18.53,18.6
04_Maurener_Weg_8_000004_000040,15,euro pallet,random hazards,12.0,53.19,47.94,44.84,46.02
04_Maurener_Weg_8_000004_000080,15,euro pallet,random hazards,13.0,50.15,44.65,42.03,43.06
04_Maurener_Weg_8_000004_000120,15,euro pallet,random hazards,12.0,39.86,35.86,34.33,34.87
04_Maurener_Weg_8_000004_000160,15,euro pallet,random hazards,23.0,25.4,25.5,24.76,25.0
04_Maurener_Weg_8_000004_000160,21,ball,emotional hazards,40.0,14.07,17.07,16.83,16.89
04_Maurener_Weg_8_000004_000200,15,euro pallet,random hazards,60.0,11.23,13.11,12.69,12.82
04_Maurener_Weg_8_000005_000030,16,pylon,random hazards,16.0,48.24,45.55,42.9,43.7
04_Maurener_Weg_8_000005_000030,18,pylon (white),random hazards,19.0,47.6,45.42,41.27,42.92
04_Maurener_Weg_8_000005_000070,16,pylon,random hazards,15.0,44.71,40.97,39.62,40.05
04_Maurener_Weg_8_000005_000070,18,pylon (white),random hazards,20.0,42.29,40.83,38.25,39.08
04_Maurener_Weg_8_000005_000110,18,pylon (white),random hazards,24.0,34.89,34.58,32.59,33.17
04_Maurener_Weg_8_000005_000110,16,pylon,random hazards,20.0,37.73,33.9,32.89,33.21
04_Maurener_Weg_8_000005_000150,18,pylon (white),random hazards,38.0,21.77,22.93,22.46,22.71
04_Maurener_Weg_8_000005_000150,16,pylon,random hazards,30.0,24.51,24.42,23.84,24.01
04_Maurener_Weg_8_000005_000190,18,pylon (white),random hazards,87.0,9.25,11.49,11.01,11.26
04_Maurener_Weg_8_000005_000190,16,pylon,random hazards,61.0,11.81,13.45,13.27,13.34
04_Maurener_Weg_8_000006_000040,18,pylon (white),random hazards,12.0,44.14,44.84,42.72,43.64
04_Maurener_Weg_8_000006_000080,18,pylon (white),random hazards,18.0,34.22,32.18,31.34,31.63
04_Maurener_Weg_8_000006_000120,18,pylon (white),random hazards,30.0,18.18,19.92,19.48,19.65
04_Maurener_Weg_8_000007_000020,25,kid dummy,emotional hazards,10.0,61.81,52.87,51.33,51.83
04_Maurener_Weg_8_000007_000020,21,ball,emotional hazards,10.0,65.08,54.95,52.67,53.6
04_Maurener_Weg_8_000007_000060,25,kid dummy,emotional hazards,8.0,51.23,43.45,42.35,42.81
04_Maurener_Weg_8_000007_000060,21,ball,emotional hazards,10.0,51.04,45.17,43.38,44.1
04_Maurener_Weg_8_000007_000100,25,kid dummy,emotional hazards,11.0,32.66,33.08,32.31,32.59
04_Maurener_Weg_8_000007_000100,21,ball,emotional hazards,15.0,32.42,34.01,33.01,33.38
04_Maurener_Weg_8_000007_000140,25,kid dummy,emotional hazards,24.0,13.94,15.96,15.8,15.88
04_Maurener_Weg_8_000007_000140,21,ball,emotional hazards,36.0,13.87,15.82,15.71,15.74
04_Maurener_Weg_8_000008_000020,31,plastic bag (bloated),random hazards,8.0,59.36,48.2,47.16,47.51
04_Maurener_Weg_8_000008_000020,11,crate (green),random hazards,12.0,66.7,56.59,55.1,55.78
04_Maurener_Weg_8_000008_000020,31,plastic bag (bloated),random hazards,8.0,56.65,43.65,42.28,42.93
04_Maurener_Weg_8_000008_000060,11,crate (green),random hazards,15.0,60.19,49.82,48.93,49.39
04_Maurener_Weg_8_000008_000060,31,plastic bag (bloated),random hazards,11.0,49.08,42.32,41.13,41.53
04_Maurener_Weg_8_000008_000060,31,plastic bag (bloated),random hazards,13.0,45.4,35.85,34.91,35.25
04_Maurener_Weg_8_000008_000100,31,plastic bag (bloated),random hazards,22.0,28.1,24.94,24.26,24.48
04_Maurener_Weg_8_000008_000100,11,crate (green),random hazards,19.0,42.25,35.55,35.14,35.25
04_Maurener_Weg_8_000008_000100,31,plastic bag (bloated),random hazards,14.0,33.31,29.54,28.93,29.22
04_Maurener_Weg_8_000008_000140,11,crate (green),random hazards,34.0,21.55,22.01,21.76,21.85
04_Maurener_Weg_8_000008_000140,31,plastic bag (bloated),random hazards,32.0,15.03,15.75,15.57,15.63
04_Maurener_Weg_8_000008_000140,31,plastic bag (bloated),random hazards,68.0,8.82,9.48,9.33,9.37
04_Maurener_Weg_8_000008_000180,11,crate (green),random hazards,98.0,7.8,9.29,9.09,9.17
04_Maurener_Weg_8_000009_000050,24,dog (white),emotional hazards,11.0,68.25,63.15,60.03,61.83
04_Maurener_Weg_8_000009_000090,24,dog (white),emotional hazards,14.0,58.85,55.41,52.07,53.57
04_Maurener_Weg_8_000009_000130,24,dog (white),emotional hazards,20.0,41.29,39.75,37.53,38.41
04_Maurener_Weg_8_000009_000170,24,dog (white),emotional hazards,31.0,23.04,25.42,24.9,25.12
04_Maurener_Weg_8_000009_000210,24,dog (white),emotional hazards,81.0,8.72,10.82,10.65,10.74
04_Maurener_Weg_8_000010_000040,23,dog (black),emotional hazards,22.0,50.66,50.3,47.33,49.34
04_Maurener_Weg_8_000010_000080,23,dog (black),emotional hazards,29.0,38.05,40.63,37.77,39.7
04_Maurener_Weg_8_000010_000120,23,dog (black),emotional hazards,52.0,20.63,22.51,21.91,22.16
04_Maurener_Weg_8_000011_000020,26,bobby car (gray),emotional hazards,18.0,62.34,53.5,52.08,52.58
04_Maurener_Weg_8_000011_000060,26,bobby car (gray),emotional hazards,18.0,60.67,52.34,51.26,51.61
04_Maurener_Weg_8_000011_000100,26,bobby car (gray),emotional hazards,23.0,47.01,45.16,44.44,44.75
04_Maurener_Weg_8_000011_000140,26,bobby car (gray),emotional hazards,33.0,30.78,32.22,31.93,32.0
04_Maurener_Weg_8_000011_000180,26,bobby car (gray),emotional hazards,64.0,15.12,17.67,17.37,17.47
04_Maurener_Weg_8_000012_000040,27,bobby car (red),emotional hazards,19.0,64.05,52.27,49.99,50.91
04_Maurener_Weg_8_000012_000080,27,bobby car (red),emotional hazards,22.0,54.27,48.1,46.68,47.14
04_Maurener_Weg_8_000012_000120,27,bobby car (red),emotional hazards,28.0,38.29,36.91,36.24,36.44
04_Maurener_Weg_8_000012_000160,27,bobby car (red),emotional hazards,54.0,19.74,21.39,21.11,21.21
04_Maurener_Weg_8_000013_000180,28,bobby car (yellow),emotional hazards,39.0,27.71,29.59,29.19,29.31
04_Maurener_Weg_8_000013_000220,28,bobby car (yellow),emotional hazards,84.0,12.64,14.88,14.66,14.73
05_Schafgasse_1_000000_000030,05,"crate (gray, 2x stacked)",standard objects,13.0,61.02,63.69,60.42,61.62
05_Schafgasse_1_000000_000070,05,"crate (gray, 2x stacked)",standard objects,13.0,51.7,51.43,48.66,49.52
05_Schafgasse_1_000000_000110,05,"crate (gray, 2x stacked)",standard objects,18.0,39.22,40.33,38.78,39.54
05_Schafgasse_1_000000_000150,05,"crate (gray, 2x stacked)",standard objects,31.0,24.92,27.5,27.18,27.29
05_Schafgasse_1_000000_000190,05,"crate (gray, 2x stacked)",standard objects,81.0,10.13,12.89,12.77,12.81
05_Schafgasse_1_000001_000090,03,"crate (black, upright)",standard objects,14.0,52.29,54.84,53.17,53.88
05_Schafgasse_1_000001_000130,03,"crate (black, upright)",standard objects,17.0,43.01,44.62,42.68,43.54
05_Schafgasse_1_000001_000170,03,"crate (black, upright)",standard objects,27.0,31.48,33.01,32.29,32.57
05_Schafgasse_1_000001_000210,03,"crate (black, upright)",standard objects,40.0,20.73,23.72,23.14,23.29
05_Schafgasse_1_000001_000250,03,"crate (black, upright)",standard objects,69.0,10.79,13.22,13.09,13.16
05_Schafgasse_1_000002_000130,08,cardboard box,random hazards,15.0,44.9,47.13,46.0,46.5
05_Schafgasse_1_000002_000130,18,pylon (white),random hazards,15.0,35.78,35.85,35.37,35.57
05_Schafgasse_1_000002_000170,08,cardboard box,random hazards,18.0,35.89,36.52,35.83,36.22
05_Schafgasse_1_000002_000170,18,pylon (white),random hazards,19.0,27.82,27.69,27.39,27.48
05_Schafgasse_1_000002_000210,08,cardboard box,random hazards,26.0,24.34,26.91,26.6,26.69
05_Schafgasse_1_000002_000210,18,pylon (white),random hazards,31.0,15.72,18.14,17.92,17.97
05_Schafgasse_1_000003_000030,20,tire,random hazards,16.0,42.15,44.7,44.31,44.56
05_Schafgasse_1_000003_000070,20,tire,random hazards,19.0,34.59,35.11,34.61,34.88
05_Schafgasse_1_000003_000110,20,tire,random hazards,27.0,23.44,25.84,25.58,25.67
05_Schafgasse_1_000003_000150,20,tire,random hazards,61.0,10.63,13.2,13.04,13.09
05_Schafgasse_1_000004_000030,11,crate (green),random hazards,13.0,45.13,47.78,47.52,47.59
05_Schafgasse_1_000004_000030,10,"crate (blue, small)",random hazards,11.0,41.74,42.15,41.71,41.83
05_Schafgasse_1_000004_000070,11,crate (green),random hazards,17.0,39.66,41.8,41.23,41.46
05_Schafgasse_1_000004_000070,10,"crate (blue, small)",random hazards,18.0,36.16,36.21,35.6,35.81
05_Schafgasse_1_000004_000110,11,crate (green),random hazards,23.0,30.01,30.71,30.37,30.47
05_Schafgasse_1_000004_000110,10,"crate (blue, small)",random hazards,18.0,25.48,25.86,25.64,25.69
05_Schafgasse_1_000004_000150,10,"crate (blue, small)",random hazards,43.0,11.52,13.9,13.79,13.82
05_Schafgasse_1_000004_000150,11,crate (green),random hazards,41.0,15.85,17.97,17.78,17.85
05_Schafgasse_1_000005_000040,29,cardboard box,random hazards,9.0,42.5,44.05,42.77,43.28
05_Schafgasse_1_000005_000080,29,cardboard box,random hazards,10.0,37.5,38.75,37.51,37.98
05_Schafgasse_1_000005_000120,29,cardboard box,random hazards,13.0,26.45,27.48,26.81,27.04
05_Schafgasse_1_000005_000120,21,ball,emotional hazards,27.0,21.28,25.12,24.77,24.91
05_Schafgasse_1_000007_000020,20,tire,random hazards,10.0,40.63,39.52,38.45,38.92
05_Schafgasse_1_000007_000060,20,tire,random hazards,10.0,33.22,33.25,32.63,32.9
05_Schafgasse_1_000007_000100,20,tire,random hazards,16.0,21.67,21.27,21.14,21.2
05_Schafgasse_1_000007_000140,20,tire,random hazards,39.0,9.29,10.51,10.39,10.42
05_Schafgasse_1_000008_000030,34,styrofoam,random hazards,7.0,47.08,44.25,43.22,43.58
05_Schafgasse_1_000008_000030,14,headlight,random hazards,18.0,36.73,35.24,34.43,34.77
05_Schafgasse_1_000008_000070,34,styrofoam,random hazards,10.0,36.55,36.03,34.95,35.28
05_Schafgasse_1_000008_000070,14,headlight,random hazards,22.0,26.37,26.56,26.3,26.38
05_Schafgasse_1_000008_000110,34,styrofoam,random hazards,16.0,23.57,24.15,23.57,23.77
05_Schafgasse_1_000008_000110,14,headlight,random hazards,47.0,13.23,14.16,14.04,14.08
05_Schafgasse_1_000009_000090,23,dog (black),emotional hazards,21.0,53.46,52.91,49.61,51.33
05_Schafgasse_1_000009_000130,23,dog (black),emotional hazards,25.0,44.83,45.6,42.66,44.12
05_Schafgasse_1_000009_000170,23,dog (black),emotional hazards,33.0,32.2,32.07,30.39,30.93
05_Schafgasse_1_000009_000210,23,dog (black),emotional hazards,59.0,18.28,19.84,19.4,19.57
05_Schafgasse_1_000010_000040,24,dog (white),emotional hazards,15.0,53.21,50.85,48.25,49.24
05_Schafgasse_1_000010_000080,24,dog (white),emotional hazards,16.0,48.51,46.13,44.26,45.1
05_Schafgasse_1_000010_000120,24,dog (white),emotional hazards,22.0,35.82,35.16,33.24,33.97
05_Schafgasse_1_000010_000160,24,dog (white),emotional hazards,38.0,19.55,21.35,21.0,21.08
05_Schafgasse_1_000011_000140,27,bobby car (red),emotional hazards,36.0,28.89,27.61,27.03,27.24
05_Schafgasse_1_000011_000180,27,bobby car (red),emotional hazards,105.0,9.75,11.8,11.66,11.71
05_Schafgasse_1_000012_000060,28,bobby car (yellow),emotional hazards,20.0,72.06,58.79,56.45,57.42
05_Schafgasse_1_000012_000100,28,bobby car (yellow),emotional hazards,21.0,57.89,47.79,46.44,47.02
05_Schafgasse_1_000012_000140,28,bobby car (yellow),emotional hazards,28.0,40.13,36.41,35.98,36.07
05_Schafgasse_1_000012_000180,28,bobby car (yellow),emotional hazards,47.0,22.57,23.71,23.54,23.62
05_Schafgasse_1_000012_000220,28,bobby car (yellow),emotional hazards,142.0,7.32,9.64,9.47,9.53
05_Schafgasse_1_000013_000060,26,bobby car (gray),emotional hazards,17.0,61.51,54.97,53.82,54.27
05_Schafgasse_1_000013_000100,26,bobby car (gray),emotional hazards,22.0,45.71,40.55,39.84,40.11
05_Schafgasse_1_000013_000140,26,bobby car (gray),emotional hazards,39.0,28.02,27.88,27.53,27.64
05_Schafgasse_1_000013_000180,26,bobby car (gray),emotional hazards,97.0,10.46,12.45,12.29,12.34
05_Schafgasse_1_000014_000060,24,dog (white),emotional hazards,26.0,41.49,41.53,39.22,40.07
05_Schafgasse_1_000014_000100,24,dog (white),emotional hazards,32.0,28.71,29.65,28.75,29.11
05_Schafgasse_1_000014_000140,24,dog (white),emotional hazards,62.0,14.09,16.61,16.33,16.47
05_Schafgasse_1_000015_000060,27,bobby car (red),emotional hazards,25.0,43.62,41.74,40.96,41.27
05_Schafgasse_1_000015_000100,27,bobby car (red),emotional hazards,36.0,29.06,30.03,29.67,29.78
05_Schafgasse_1_000015_000140,27,bobby car (red),emotional hazards,68.0,14.93,16.71,16.64,16.65
05_Schafgasse_1_000016_000030,27,bobby car (red),emotional hazards,20.0,52.31,42.16,41.17,41.66
05_Schafgasse_1_000016_000070,27,bobby car (red),emotional hazards,24.0,45.53,41.72,40.37,40.98
05_Schafgasse_1_000016_000110,27,bobby car (red),emotional hazards,34.0,31.6,31.63,30.81,31.12
05_Schafgasse_1_000016_000150,27,bobby car (red),emotional hazards,63.0,16.08,16.69,16.47,16.54
05_Schafgasse_1_000017_000040,26,bobby car (gray),emotional hazards,21.0,52.37,48.94,46.94,47.81
05_Schafgasse_1_000017_000080,26,bobby car (gray),emotional hazards,26.0,43.18,41.26,40.22,40.61
05_Schafgasse_1_000017_000120,26,bobby car (gray),emotional hazards,35.0,28.26,29.06,28.56,28.76
05_Schafgasse_1_000017_000160,26,bobby car (gray),emotional hazards,70.0,14.1,15.7,15.55,15.6
05_Schafgasse_1_000018_000040,24,dog (white),emotional hazards,23.0,52.2,46.0,43.97,44.94
05_Schafgasse_1_000018_000080,24,dog (white),emotional hazards,29.0,39.39,37.71,36.25,36.93
05_Schafgasse_1_000018_000120,24,dog (white),emotional hazards,50.0,21.02,21.34,21.13,21.2
05_Schafgasse_1_000019_000070,23,dog (black),emotional hazards,21.0,58.47,48.29,46.27,47.4
05_Schafgasse_1_000019_000110,23,dog (black),emotional hazards,28.0,48.86,42.32,40.39,41.45
05_Schafgasse_1_000019_000150,23,dog (black),emotional hazards,37.0,33.25,31.63,30.71,31.18
05_Schafgasse_1_000019_000190,23,dog (black),emotional hazards,68.0,15.91,16.99,16.65,16.87
07_Festplatz_Flugfeld_000000_000040,04,crate (gray),standard objects,8.0,77.52,62.79,59.02,60.53
07_Festplatz_Flugfeld_000000_000040,05,"crate (gray, 2x stacked)",standard objects,11.0,91.55,75.72,67.19,70.05
07_Festplatz_Flugfeld_000000_000040,06,"crate (gray, upright)",standard objects,15.0,106.56,77.95,71.98,74.97
07_Festplatz_Flugfeld_000000_000080,04,crate (gray),standard objects,8.0,64.92,53.3,49.89,51.36
07_Festplatz_Flugfeld_000000_000080,05,"crate (gray, 2x stacked)",standard objects,12.0,76.82,67.44,59.85,62.6
07_Festplatz_Flugfeld_000000_000080,06,"crate (gray, upright)",standard objects,17.0,94.08,73.0,64.08,67.49
07_Festplatz_Flugfeld_000000_000120,04,crate (gray),standard objects,9.0,48.99,44.49,42.13,42.74
07_Festplatz_Flugfeld_000000_000120,05,"crate (gray, 2x stacked)",standard objects,13.0,63.95,57.59,53.4,55.12
07_Festplatz_Flugfeld_000000_000120,06,"crate (gray, upright)",standard objects,21.0,68.72,58.91,53.62,55.52
07_Festplatz_Flugfeld_000000_000160,04,crate (gray),standard objects,14.0,33.12,29.14,28.38,28.71
07_Festplatz_Flugfeld_000000_000160,05,"crate (gray, 2x stacked)",standard objects,19.0,47.21,38.34,36.82,37.44
07_Festplatz_Flugfeld_000000_000160,06,"crate (gray, upright)",standard objects,30.0,52.01,42.14,40.26,41.02
07_Festplatz_Flugfeld_000000_000200,04,crate (gray),standard objects,24.0,18.02,18.62,18.26,18.37
07_Festplatz_Flugfeld_000000_000200,05,"crate (gray, 2x stacked)",standard objects,26.0,31.42,28.75,28.31,28.43
07_Festplatz_Flugfeld_000000_000200,06,"crate (gray, upright)",standard objects,42.0,36.24,32.6,31.72,31.91
07_Festplatz_Flugfeld_000000_000240,05,"crate (gray, 2x stacked)",standard objects,51.0,15.84,16.99,16.86,16.9
07_Festplatz_Flugfeld_000000_000240,06,"crate (gray, upright)",standard objects,64.0,20.94,21.88,21.72,21.8
07_Festplatz_Flugfeld_000001_000040,03,"crate (black, upright)",standard objects,7.0,88.02,66.67,61.27,63.66
07_Festplatz_Flugfeld_000001_000040,02,"crate (black, 2x stacked)",standard objects,10.0,104.11,75.92,68.39,70.85
07_Festplatz_Flugfeld_000001_000040,01,crate (black),standard objects,9.0,99.3,70.89,64.53,66.46
07_Festplatz_Flugfeld_000001_000080,03,"crate (black, upright)",standard objects,11.0,73.41,55.87,51.19,52.98
07_Festplatz_Flugfeld_000001_000080,02,"crate (black, 2x stacked)",standard objects,11.0,93.0,68.86,62.91,64.71
07_Festplatz_Flugfeld_000001_000080,01,crate (black),standard objects,9.0,87.15,61.76,57.19,58.82
07_Festplatz_Flugfeld_000001_000120,03,"crate (black, upright)",standard objects,13.0,52.22,44.07,41.66,42.55
07_Festplatz_Flugfeld_000001_000120,02,"crate (black, 2x stacked)",standard objects,14.0,70.93,57.26,52.33,54.26
07_Festplatz_Flugfeld_000001_000120,01,crate (black),standard objects,11.0,64.13,50.14,46.79,47.94
07_Festplatz_Flugfeld_000001_000160,03,"crate (black, upright)",standard objects,20.0,34.27,29.09,28.6,28.76
07_Festplatz_Flugfeld_000001_000160,02,"crate (black, 2x stacked)",standard objects,21.0,50.39,39.28,37.78,38.15
07_Festplatz_Flugfeld_000001_000160,01,crate (black),standard objects,17.0,47.37,35.69,34.76,35.0
07_Festplatz_Flugfeld_000001_000200,03,"crate (black, upright)",standard objects,42.0,16.73,17.72,17.53,17.62
07_Festplatz_Flugfeld_000001_000200,02,"crate (black, 2x stacked)",standard objects,32.0,32.75,31.77,31.26,31.41
07_Festplatz_Flugfeld_000001_000200,01,crate (black),standard objects,28.0,29.38,27.66,26.91,27.15
07_Festplatz_Flugfeld_000002_000190,08,cardboard box,random hazards,11.0,86.86,63.85,57.74,60.0
07_Festplatz_Flugfeld_000002_000190,07,bumper,random hazards,17.0,99.53,73.62,65.74,69.0
07_Festplatz_Flugfeld_000002_000230,08,cardboard box,random hazards,11.0,76.87,55.99,51.22,52.95
07_Festplatz_Flugfeld_000002_000230,07,bumper,random hazards,18.0,84.86,61.97,58.01,59.72
07_Festplatz_Flugfeld_000002_000270,08,cardboard box,random hazards,14.0,65.08,45.92,43.57,44.43
07_Festplatz_Flugfeld_000002_000270,07,bumper,random hazards,23.0,74.13,55.01,52.06,54.19
07_Festplatz_Flugfeld_000002_000310,08,cardboard box,random hazards,19.0,48.05,35.78,34.06,34.65
07_Festplatz_Flugfeld_000002_000310,07,bumper,random hazards,26.0,57.05,43.56,41.0,42.38
07_Festplatz_Flugfeld_000002_000350,08,cardboard box,random hazards,26.0,31.73,27.18,26.93,26.98
07_Festplatz_Flugfeld_000002_000350,07,bumper,random hazards,35.0,40.65,34.09,33.51,33.67
07_Festplatz_Flugfeld_000002_000390,08,cardboard box,random hazards,49.0,18.09,18.19,17.92,18.02
07_Festplatz_Flugfeld_000002_000390,07,bumper,random hazards,58.0,25.89,26.74,26.17,26.38
07_Festplatz_Flugfeld_000002_000430,07,bumper,random hazards,95.0,14.14,15.67,15.38,15.45
07_Festplatz_Flugfeld_000003_000100,34,styrofoam,random hazards,5.0,76.96,55.55,52.81,53.95
07_Festplatz_Flugfeld_000003_000100,07,bumper,random hazards,16.0,89.7,67.54,61.91,64.22
07_Festplatz_Flugfeld_000003_000140,34,styrofoam,random hazards,6.0,62.07,48.1,46.18,46.86
07_Festplatz_Flugfeld_000003_000140,07,bumper,random hazards,18.0,76.01,61.45,56.58,58.83
07_Festplatz_Flugfeld_000003_000180,34,styrofoam,random hazards,9.0,45.84,37.06,35.5,36.16
07_Festplatz_Flugfeld_000003_000180,07,bumper,random hazards,24.0,60.28,46.19,44.05,45.05
07_Festplatz_Flugfeld_000003_000220,34,styrofoam,random hazards,13.0,32.7,27.76,27.13,27.42
07_Festplatz_Flugfeld_000003_000220,07,bumper,random hazards,29.0,47.44,38.13,37.33,37.65
07_Festplatz_Flugfeld_000003_000260,34,styrofoam,random hazards,25.0,18.93,19.24,18.48,18.8
07_Festplatz_Flugfeld_000003_000260,07,bumper,random hazards,38.0,34.24,28.81,28.06,28.25
07_Festplatz_Flugfeld_000003_000300,07,bumper,random hazards,73.0,19.75,20.5,20.06,20.21
07_Festplatz_Flugfeld_000003_000340,07,bumper,random hazards,215.0,7.54,9.14,8.47,8.76
07_Festplatz_Flugfeld_000004_000060,08,cardboard box,random hazards,10.0,51.6,44.38,42.11,42.98
07_Festplatz_Flugfeld_000004_000060,20,tire,random hazards,15.0,48.55,39.59,38.25,38.88
07_Festplatz_Flugfeld_000004_000100,08,cardboard box,random hazards,12.0,43.65,36.45,35.4,35.82
07_Festplatz_Flugfeld_000004_000100,20,tire,random hazards,20.0,38.09,30.61,30.06,30.29
07_Festplatz_Flugfeld_000004_000140,08,cardboard box,random hazards,18.0,30.37,28.1,27.47,27.73
07_Festplatz_Flugfeld_000004_000140,20,tire,random hazards,34.0,23.81,21.95,21.73,21.79
07_Festplatz_Flugfeld_000004_000180,08,cardboard box,random hazards,28.0,17.31,18.11,17.95,18.02
07_Festplatz_Flugfeld_000004_000180,20,tire,random hazards,71.0,10.66,11.43,11.28,11.33
07_Festplatz_Flugfeld_000004_000220,08,cardboard box,random hazards,80.0,6.89,7.94,7.86,7.88
07_Festplatz_Flugfeld_000005_000050,09,crate (blue),random hazards,13.0,43.17,41.53,39.23,40.05
07_Festplatz_Flugfeld_000005_000050,13,exhaust pipe,random hazards,16.0,48.38,42.71,39.78,40.88
07_Festplatz_Flugfeld_000005_000090,09,crate (blue),random hazards,16.0,35.7,33.42,31.78,32.43
07_Festplatz_Flugfeld_000005_000090,13,exhaust pipe,random hazards,20.0,39.95,34.52,32.48,33.24
07_Festplatz_Flugfeld_000005_000130,09,crate (blue),random hazards,25.0,24.88,24.36,23.87,23.99
07_Festplatz_Flugfeld_000005_000130,13,exhaust pipe,random hazards,29.0,28.88,27.18,25.2,25.77
07_Festplatz_Flugfeld_000005_000170,09,crate (blue),random hazards,44.0,12.9,14.1,14.04,14.06
07_Festplatz_Flugfeld_000005_000170,13,exhaust pipe,random hazards,43.0,17.13,16.94,16.5,16.62
15_Rechbergstr_Deckenpfronn_000000_000040,39,kid (walking),humans,52.0,44.16,47.46,46.28,46.68
15_Rechbergstr_Deckenpfronn_000000_000040,40,kid (on a bobby car),humans,48.0,43.18,47.16,46.23,46.59
15_Rechbergstr_Deckenpfronn_000000_000080,39,kid (walking),humans,50.0,45.09,46.27,44.85,45.63
15_Rechbergstr_Deckenpfronn_000000_000080,40,kid (on a bobby car),humans,50.0,43.24,47.13,46.08,46.52
15_Rechbergstr_Deckenpfronn_000000_000120,40,kid (on a bobby car),humans,45.0,44.11,47.58,46.67,47.02
15_Rechbergstr_Deckenpfronn_000000_000120,41,kid (on a small bobby car),humans,37.0,46.99,47.99,47.08,47.35
15_Rechbergstr_Deckenpfronn_000000_000160,40,kid (on a bobby car),humans,47.0,47.93,48.16,47.44,47.68
15_Rechbergstr_Deckenpfronn_000000_000160,41,kid (on a small bobby car),humans,37.0,47.58,47.09,45.77,46.14
15_Rechbergstr_Deckenpfronn_000001_000050,40,kid (on a bobby car),humans,25.0,63.6,66.24,65.02,65.61
15_Rechbergstr_Deckenpfronn_000001_000050,41,kid (on a small bobby car),humans,26.0,62.04,64.38,61.34,62.46
15_Rechbergstr_Deckenpfronn_000001_000050,39,kid (walking),humans,33.0,64.56,66.91,65.47,66.3
15_Rechbergstr_Deckenpfronn_000001_000050,40,kid (on a bobby car),humans,28.0,62.46,64.16,63.25,63.69
15_Rechbergstr_Deckenpfronn_000001_000090,40,kid (on a bobby car),humans,28.0,63.56,65.58,64.31,64.76
15_Rechbergstr_Deckenpfronn_000001_000090,39,kid (walking),humans,34.0,63.76,66.46,65.07,65.6
15_Rechbergstr_Deckenpfronn_000001_000090,40,kid (on a bobby car),humans,27.0,62.13,64.06,63.73,63.77
15_Rechbergstr_Deckenpfronn_000001_000090,41,kid (on a small bobby car),humans,26.0,62.34,64.27,62.15,62.87
15_Rechbergstr_Deckenpfronn_000001_000130,41,kid (on a small bobby car),humans,26.0,61.92,63.48,61.18,62.1
15_Rechbergstr_Deckenpfronn_000001_000130,40,kid (on a bobby car),humans,35.0,63.6,64.69,62.88,63.52
15_Rechbergstr_Deckenpfronn_000001_000130,40,kid (on a bobby car),humans,13.0,61.13,62.73,62.26,62.42
15_Rechbergstr_Deckenpfronn_000001_000170,41,kid (on a small bobby car),humans,26.0,61.98,65.17,62.77,63.64
15_Rechbergstr_Deckenpfronn_000001_000170,40,kid (on a bobby car),humans,12.0,64.53,68.65,67.38,67.88
15_Rechbergstr_Deckenpfronn_000001_000170,40,kid (on a bobby car),humans,29.0,64.01,66.74,65.63,65.98
15_Rechbergstr_Deckenpfronn_000001_000170,39,kid (walking),humans,30.0,64.08,67.35,65.89,66.37
15_Rechbergstr_Deckenpfronn_000001_000170,40,kid (on a bobby car),humans,29.0,62.34,64.96,64.16,64.54
15_Rechbergstr_Deckenpfronn_000001_000210,41,kid (on a small bobby car),humans,26.0,61.89,65.5,63.0,63.86
15_Rechbergstr_Deckenpfronn_000001_000210,40,kid (on a bobby car),humans,15.0,63.29,66.29,63.94,65.28
15_Rechbergstr_Deckenpfronn_000001_000210,40,kid (on a bobby car),humans,34.0,61.13,62.0,60.83,61.13
15_Rechbergstr_Deckenpfronn_000001_000250,40,kid (on a bobby car),humans,16.0,63.42,64.67,63.78,64.17
15_Rechbergstr_Deckenpfronn_000001_000250,41,kid (on a small bobby car),humans,26.0,62.8,64.17,63.56,63.69
15_Rechbergstr_Deckenpfronn_000001_000250,40,kid (on a bobby car),humans,34.0,61.81,61.37,60.82,60.94
15_Rechbergstr_Deckenpfronn_000001_000290,41,kid (on a small bobby car),humans,26.0,61.87,63.17,61.79,62.21
15_Rechbergstr_Deckenpfronn_000001_000290,40,kid (on a bobby car),humans,34.0,61.63,62.08,61.02,61.29
15_Rechbergstr_Deckenpfronn_000001_000290,39,kid (walking),humans,33.0,63.7,68.4,67.4,67.78
15_Rechbergstr_Deckenpfronn_000001_000290,39,kid (walking),humans,34.0,63.57,67.34,66.92,67.21
15_Rechbergstr_Deckenpfronn_000002_000140,40,kid (on a bobby car),humans,55.0,37.5,41.73,40.69,41.06
15_Rechbergstr_Deckenpfronn_000002_000180,40,kid (on a bobby car),humans,71.0,31.04,31.39,31.06,31.24
15_Rechbergstr_Deckenpfronn_000003_000150,40,kid (on a bobby car),humans,70.0,30.42,31.21,30.59,30.82
15_Rechbergstr_Deckenpfronn_000004_000160,41,kid (on a small bobby car),humans,41.0,40.22,43.2,42.13,42.45
15_Rechbergstr_Deckenpfronn_000004_000200,41,kid (on a small bobby car),humans,56.0,31.3,33.57,32.27,32.59
15_Rechbergstr_Deckenpfronn_000004_000240,41,kid (on a small bobby car),humans,79.0,21.23,23.12,22.93,23.02
15_Rechbergstr_Deckenpfronn_000004_000280,41,kid (on a small bobby car),humans,120.0,14.11,16.16,15.83,15.95
15_Rechbergstr_Deckenpfronn_000005_000040,42,kid (crawling),humans,84.0,12.54,14.51,14.34,14.4
15_Rechbergstr_Deckenpfronn_000005_000080,42,kid (crawling),humans,68.0,12.68,14.2,14.03,14.08
15_Rechbergstr_Deckenpfronn_000006_000100,39,kid (walking),humans,47.0,45.15,50.57,48.77,49.87
15_Rechbergstr_Deckenpfronn_000006_000140,39,kid (walking),humans,55.0,40.46,41.01,40.62,40.77
15_Rechbergstr_Deckenpfronn_000006_000180,39,kid (walking),humans,75.0,31.62,36.39,34.95,35.63
15_Rechbergstr_Deckenpfronn_000006_000220,39,kid (walking),humans,98.0,25.04,26.02,25.77,25.88
15_Rechbergstr_Deckenpfronn_000006_000260,39,kid (walking),humans,118.0,19.23,21.82,21.39,21.58
15_Rechbergstr_Deckenpfronn_000006_000340,39,kid (walking),humans,218.0,10.55,12.34,12.15,12.22
15_Rechbergstr_Deckenpfronn_000007_000060,39,kid (walking),humans,46.0,50.35,51.66,50.59,51.37
15_Rechbergstr_Deckenpfronn_000007_000180,39,kid (walking),humans,74.0,31.96,35.91,34.01,34.84
15_Rechbergstr_Deckenpfronn_000007_000260,39,kid (walking),humans,117.0,18.57,24.4,24.04,24.24
