frame,label,type,group,box_height_px,true_m,metric3d-v2-large_median,metric3d-v2-large_p10,metric3d-v2-large_p25
02_Hanns_Klemm_Str_44_000000_000020,05,"crate (gray, 2x stacked)",standard objects,12.0,62.8,94.47,86.11,87.9
02_Hanns_Klemm_Str_44_000000_000060,05,"crate (gray, 2x stacked)",standard objects,14.0,53.3,71.13,66.54,67.32
02_Hanns_Klemm_Str_44_000000_000100,05,"crate (gray, 2x stacked)",standard objects,19.0,39.82,46.41,45.61,45.86
02_Hanns_Klemm_Str_44_000000_000140,05,"crate (gray, 2x stacked)",standard objects,34.0,22.13,24.94,24.81,24.84
02_Hanns_Klemm_Str_44_000000_000180,05,"crate (gray, 2x stacked)",standard objects,120.0,7.16,8.17,8.03,8.09
02_Hanns_Klemm_Str_44_000001_000040,05,"crate (gray, 2x stacked)",standard objects,13.0,59.22,92.77,83.6,86.3
02_Hanns_Klemm_Str_44_000001_000040,04,crate (gray),standard objects,8.0,57.15,97.77,88.28,90.73
02_Hanns_Klemm_Str_44_000001_000080,05,"crate (gray, 2x stacked)",standard objects,15.0,49.69,70.7,64.35,65.69
02_Hanns_Klemm_Str_44_000001_000080,04,crate (gray),standard objects,9.0,49.94,70.08,65.25,66.84
02_Hanns_Klemm_Str_44_000001_000120,05,"crate (gray, 2x stacked)",standard objects,19.0,37.86,47.53,46.93,47.07
02_Hanns_Klemm_Str_44_000001_000120,04,crate (gray),standard objects,11.0,38.76,48.65,46.98,47.49
02_Hanns_Klemm_Str_44_000001_000160,05,"crate (gray, 2x stacked)",standard objects,33.0,23.13,25.79,25.66,25.69
02_Hanns_Klemm_Str_44_000001_000160,04,crate (gray),standard objects,19.0,23.54,26.06,25.69,25.79
02_Hanns_Klemm_Str_44_000001_000200,05,"crate (gray, 2x stacked)",standard objects,105.0,7.93,9.22,9.08,9.14
02_Hanns_Klemm_Str_44_000001_000200,04,crate (gray),standard objects,70.0,7.99,9.1,8.99,9.04
02_Hanns_Klemm_Str_44_000002_000040,02,"crate (black, 2x stacked)",standard objects,23.0,58.42,92.37,80.33,82.73
02_Hanns_Klemm_Str_44_000002_000040,01,crate (black),standard objects,10.0,57.87,81.21,77.58,78.52
02_Hanns_Klemm_Str_44_000002_000080,02,"crate (black, 2x stacked)",standard objects,28.0,49.14,59.54,56.88,57.37
02_Hanns_Klemm_Str_44_000002_000080,01,crate (black),standard objects,14.0,48.2,61.8,58.63,59.04
02_Hanns_Klemm_Str_44_000002_000120,01,crate (black),standard objects,19.0,33.73,37.4,37.3,37.32
02_Hanns_Klemm_Str_44_000002_000120,02,"crate (black, 2x stacked)",standard objects,40.0,33.43,38.0,37.72,37.78
02_Hanns_Klemm_Str_44_000002_000160,02,"crate (black, 2x stacked)",standard objects,87.0,15.94,17.69,17.59,17.62
02_Hanns_Klemm_Str_44_000002_000160,01,crate (black),standard objects,42.0,16.07,17.75,17.66,17.7
02_Hanns_Klemm_Str_44_000003_000020,20,tire,random hazards,9.0,62.98,93.11,86.38,88.78
02_Hanns_Klemm_Str_44_000003_000020,34,styrofoam,random hazards,6.0,63.42,87.2,84.73,85.81
02_Hanns_Klemm_Str_44_000003_000060,20,tire,random hazards,10.0,54.2,75.47,70.34,72.1
02_Hanns_Klemm_Str_44_000003_000060,34,styrofoam,random hazards,8.0,52.78,75.95,72.62,73.89
02_Hanns_Klemm_Str_44_000003_000100,20,tire,random hazards,15.0,39.29,48.01,46.74,47.14
02_Hanns_Klemm_Str_44_000003_000100,34,styrofoam,random hazards,11.0,39.63,49.47,47.28,48.01
02_Hanns_Klemm_Str_44_000003_000140,20,tire,random hazards,27.0,22.01,23.35,23.22,23.27
02_Hanns_Klemm_Str_44_000003_000140,34,styrofoam,random hazards,19.0,22.25,24.46,23.84,24.04
02_Hanns_Klemm_Str_44_000005_000020,08,cardboard box,random hazards,10.0,60.42,82.98,78.49,79.92
02_Hanns_Klemm_Str_44_000005_000020,13,exhaust pipe,random hazards,10.0,60.3,77.13,75.55,76.31
02_Hanns_Klemm_Str_44_000005_000060,08,cardboard box,random hazards,10.0,53.48,74.25,70.33,71.57
02_Hanns_Klemm_Str_44_000005_000060,13,exhaust pipe,random hazards,9.0,52.82,71.42,69.31,70.16
02_Hanns_Klemm_Str_44_000005_000100,13,exhaust pipe,random hazards,14.0,40.54,51.74,49.69,50.5
02_Hanns_Klemm_Str_44_000005_000100,08,cardboard box,random hazards,14.0,40.37,52.69,50.35,51.05
02_Hanns_Klemm_Str_44_000005_000140,08,cardboard box,random hazards,25.0,24.19,27.71,27.38,27.51
02_Hanns_Klemm_Str_44_000005_000140,13,exhaust pipe,random hazards,26.0,24.75,29.12,27.84,28.12
02_Hanns_Klemm_Str_44_000005_000180,08,cardboard box,random hazards,63.0,9.69,11.07,10.96,11.0
02_Hanns_Klemm_Str_44_000005_000180,13,exhaust pipe,random hazards,65.0,10.26,11.52,11.18,11.28
02_Hanns_Klemm_Str_44_000006_000030,13,exhaust pipe,random hazards,11.0,47.44,61.84,57.47,59.01
02_Hanns_Klemm_Str_44_000006_000030,08,cardboard box,random hazards,10.0,51.8,67.8,63.07,64.94
02_Hanns_Klemm_Str_44_000006_000070,13,exhaust pipe,random hazards,15.0,46.95,52.14,48.76,50.06
02_Hanns_Klemm_Str_44_000006_000070,08,cardboard box,random hazards,12.0,45.26,56.53,52.54,53.95
02_Hanns_Klemm_Str_44_000006_000110,13,exhaust pipe,random hazards,18.0,34.67,42.8,40.38,41.31
02_Hanns_Klemm_Str_44_000006_000110,08,cardboard box,random hazards,15.0,34.35,40.89,39.27,39.67
02_Hanns_Klemm_Str_44_000006_000150,13,exhaust pipe,random hazards,33.0,21.58,23.19,21.79,22.14
02_Hanns_Klemm_Str_44_000006_000150,08,cardboard box,random hazards,27.0,21.27,20.98,20.84,20.87
02_Hanns_Klemm_Str_44_000006_000190,13,exhaust pipe,random hazards,113.0,7.59,7.87,7.64,7.7
02_Hanns_Klemm_Str_44_000006_000190,08,cardboard box,random hazards,82.0,7.34,7.64,7.61,7.62
02_Hanns_Klemm_Str_44_000007_000040,20,tire,random hazards,10.0,56.75,73.51,61.67,65.21
02_Hanns_Klemm_Str_44_000007_000080,20,tire,random hazards,11.0,53.13,62.25,58.11,59.33
02_Hanns_Klemm_Str_44_000007_000120,20,tire,random hazards,14.0,43.31,48.85,47.61,48.01
02_Hanns_Klemm_Str_44_000007_000160,20,tire,random hazards,18.0,32.51,37.19,36.04,36.21
02_Hanns_Klemm_Str_44_000007_000200,20,tire,random hazards,30.0,20.28,20.59,20.34,20.43
02_Hanns_Klemm_Str_44_000007_000240,20,tire,random hazards,95.0,7.22,7.32,7.23,7.25
02_Hanns_Klemm_Str_44_000008_000040,20,tire,random hazards,9.0,61.92,85.77,81.79,82.96
02_Hanns_Klemm_Str_44_000008_000080,20,tire,random hazards,11.0,55.38,72.95,68.53,69.66
02_Hanns_Klemm_Str_44_000008_000120,20,tire,random hazards,15.0,40.77,47.64,46.5,46.72
02_Hanns_Klemm_Str_44_000008_000160,20,tire,random hazards,21.0,26.35,28.22,27.99,28.03
02_Hanns_Klemm_Str_44_000008_000200,20,tire,random hazards,54.0,11.87,11.93,11.75,11.79
02_Hanns_Klemm_Str_44_000009_000030,02,"crate (black, 2x stacked)",standard objects,20.0,64.53,89.98,85.53,86.9
02_Hanns_Klemm_Str_44_000009_000030,01,crate (black),standard objects,10.0,66.25,90.8,86.24,88.17
02_Hanns_Klemm_Str_44_000009_000070,02,"crate (black, 2x stacked)",standard objects,22.0,63.01,86.79,78.38,80.49
02_Hanns_Klemm_Str_44_000009_000070,01,crate (black),standard objects,11.0,61.19,82.84,79.25,80.5
02_Hanns_Klemm_Str_44_000009_000110,02,"crate (black, 2x stacked)",standard objects,26.0,50.97,64.46,61.73,62.11
02_Hanns_Klemm_Str_44_000009_000110,01,crate (black),standard objects,14.0,51.87,65.8,63.99,64.42
02_Hanns_Klemm_Str_44_000009_000150,02,"crate (black, 2x stacked)",standard objects,36.0,37.31,42.41,42.17,42.23
02_Hanns_Klemm_Str_44_000009_000150,01,crate (black),standard objects,19.0,37.96,42.87,42.23,42.42
02_Hanns_Klemm_Str_44_000009_000190,02,"crate (black, 2x stacked)",standard objects,65.0,22.58,23.78,23.69,23.73
02_Hanns_Klemm_Str_44_000009_000190,01,crate (black),standard objects,31.0,22.63,24.82,24.65,24.73
02_Hanns_Klemm_Str_44_000009_000230,02,"crate (black, 2x stacked)",standard objects,227.0,6.35,6.5,6.41,6.44
02_Hanns_Klemm_Str_44_000009_000230,01,crate (black),standard objects,117.0,6.48,6.7,6.63,6.67
02_Hanns_Klemm_Str_44_000010_000040,05,"crate (gray, 2x stacked)",standard objects,11.0,62.62,86.12,82.17,83.4
02_Hanns_Klemm_Str_44_000010_000040,04,crate (gray),standard objects,7.0,62.89,84.72,80.22,81.62
02_Hanns_Klemm_Str_44_000010_000080,05,"crate (gray, 2x stacked)",standard objects,12.0,57.48,76.35,70.37,72.15
02_Hanns_Klemm_Str_44_000010_000080,04,crate (gray),standard objects,7.0,60.29,77.05,72.37,74.46
02_Hanns_Klemm_Str_44_000010_000120,05,"crate (gray, 2x stacked)",standard objects,16.0,42.63,53.78,51.86,52.25
02_Hanns_Klemm_Str_44_000010_000120,04,crate (gray),standard objects,11.0,43.28,54.23,52.34,52.85
02_Hanns_Klemm_Str_44_000010_000160,05,"crate (gray, 2x stacked)",standard objects,29.0,27.84,29.47,29.11,29.27
02_Hanns_Klemm_Str_44_000010_000160,04,crate (gray),standard objects,18.0,27.92,30.08,29.75,29.8
02_Hanns_Klemm_Str_44_000010_000200,04,crate (gray),standard objects,43.0,11.64,11.94,11.84,11.87
02_Hanns_Klemm_Str_44_000010_000200,05,"crate (gray, 2x stacked)",standard objects,66.0,11.48,11.88,11.8,11.83
02_Hanns_Klemm_Str_44_000011_000040,23,dog (black),emotional hazards,16.0,72.47,81.33,80.55,80.82
02_Hanns_Klemm_Str_44_000011_000080,23,dog (black),emotional hazards,16.0,70.68,74.75,74.19,74.43
02_Hanns_Klemm_Str_44_000011_000120,23,dog (black),emotional hazards,21.0,54.66,60.32,59.82,60.06
02_Hanns_Klemm_Str_44_000011_000160,23,dog (black),emotional hazards,29.0,36.3,50.48,49.1,49.43
02_Hanns_Klemm_Str_44_000011_000200,23,dog (black),emotional hazards,46.0,21.3,37.47,35.02,35.57
02_Hanns_Klemm_Str_44_000011_000240,23,dog (black),emotional hazards,118.0,8.99,9.94,9.67,9.78
02_Hanns_Klemm_Str_44_000012_000050,24,dog (white),emotional hazards,7.0,67.6,132.63,78.92,99.38
02_Hanns_Klemm_Str_44_000012_000090,24,dog (white),emotional hazards,8.0,59.36,106.66,69.96,79.53
02_Hanns_Klemm_Str_44_000012_000130,24,dog (white),emotional hazards,10.0,42.51,84.78,58.57,71.67
02_Hanns_Klemm_Str_44_000012_000170,24,dog (white),emotional hazards,23.0,26.63,48.99,35.23,42.55
02_Hanns_Klemm_Str_44_000013_000020,26,bobby car (gray),emotional hazards,13.0,67.11,78.41,75.75,76.74
02_Hanns_Klemm_Str_44_000013_000060,26,bobby car (gray),emotional hazards,15.0,62.56,77.79,74.61,75.9
02_Hanns_Klemm_Str_44_000013_000100,26,bobby car (gray),emotional hazards,17.0,54.49,63.65,60.74,62.18
02_Hanns_Klemm_Str_44_000013_000140,26,bobby car (gray),emotional hazards,21.0,41.95,53.17,48.66,49.44
02_Hanns_Klemm_Str_44_000013_000180,26,bobby car (gray),emotional hazards,33.0,26.95,33.58,32.65,32.98
02_Hanns_Klemm_Str_44_000013_000220,26,bobby car (gray),emotional hazards,81.0,12.05,12.55,12.47,12.5
02_Hanns_Klemm_Str_44_000014_000040,27,bobby car (red),emotional hazards,11.0,74.91,82.93,82.5,82.71
02_Hanns_Klemm_Str_44_000014_000080,27,bobby car (red),emotional hazards,12.0,69.54,82.17,79.31,80.96
02_Hanns_Klemm_Str_44_000014_000120,27,bobby car (red),emotional hazards,16.0,48.95,64.92,57.83,60.01
02_Hanns_Klemm_Str_44_000014_000160,27,bobby car (red),emotional hazards,25.0,33.43,39.25,33.76,35.57
02_Hanns_Klemm_Str_44_000014_000200,27,bobby car (red),emotional hazards,56.0,17.55,22.12,21.93,22.01
02_Hanns_Klemm_Str_44_000015_000060,27,bobby car (red),emotional hazards,8.0,50.0,60.81,54.66,58.35
02_Hanns_Klemm_Str_44_000015_000100,27,bobby car (red),emotional hazards,10.0,41.04,46.89,43.51,44.93
02_Hanns_Klemm_Str_44_000015_000140,27,bobby car (red),emotional hazards,26.0,32.17,30.29,28.1,28.8
02_Hanns_Klemm_Str_44_000015_000180,27,bobby car (red),emotional hazards,56.0,17.83,18.49,18.19,18.29
02_Hanns_Klemm_Str_44_000016_000020,26,bobby car (gray),emotional hazards,10.0,45.07,46.16,43.83,44.68
02_Hanns_Klemm_Str_44_000016_000060,26,bobby car (gray),emotional hazards,11.0,44.07,45.76,42.46,43.54
02_Hanns_Klemm_Str_44_000016_000100,26,bobby car (gray),emotional hazards,15.0,32.71,37.24,32.72,34.56
02_Hanns_Klemm_Str_44_000016_000140,26,bobby car (gray),emotional hazards,55.0,19.06,20.8,20.59,20.67
02_Hanns_Klemm_Str_44_000016_000180,26,bobby car (gray),emotional hazards,156.0,6.4,6.33,6.19,6.25
02_Hanns_Klemm_Str_44_000017_000050,23,dog (black),emotional hazards,13.0,48.93,54.13,49.16,50.85
02_Hanns_Klemm_Str_44_000017_000090,23,dog (black),emotional hazards,19.0,37.58,53.67,47.52,50.45
02_Hanns_Klemm_Str_44_000017_000130,23,dog (black),emotional hazards,45.0,22.98,25.11,24.83,24.98
02_Hanns_Klemm_Str_44_000017_000170,23,dog (black),emotional hazards,132.0,7.92,7.76,7.34,7.7
02_Hanns_Klemm_Str_44_000018_000110,24,dog (white),emotional hazards,11.0,42.68,33.68,31.05,31.98
02_Hanns_Klemm_Str_44_000018_000150,24,dog (white),emotional hazards,30.0,27.73,29.34,27.69,28.15
02_Hanns_Klemm_Str_44_000018_000190,24,dog (white),emotional hazards,58.0,13.84,13.55,13.45,13.48
04_Maurener_Weg_8_000000_000030,04,crate (gray),standard objects,9.0,62.86,75.43,72.02,73.19
04_Maurener_Weg_8_000000_000030,05,"crate (gray, 2x stacked)",standard objects,12.0,72.3,89.32,80.15,82.91
04_Maurener_Weg_8_000000_000030,06,"crate (gray, upright)",standard objects,21.0,71.32,80.99,74.1,75.62
04_Maurener_Weg_8_000000_000070,04,crate (gray),standard objects,11.0,51.21,57.99,55.04,56.17
04_Maurener_Weg_8_000000_000070,05,"crate (gray, 2x stacked)",standard objects,14.0,60.84,71.05,61.95,63.91
04_Maurener_Weg_8_000000_000070,06,"crate (gray, upright)",standard objects,25.0,59.39,57.39,56.43,56.68
04_Maurener_Weg_8_000000_000110,04,crate (gray),standard objects,18.0,32.78,35.66,33.07,33.63
04_Maurener_Weg_8_000000_000110,05,"crate (gray, 2x stacked)",standard objects,20.0,42.43,41.42,40.46,40.7
04_Maurener_Weg_8_000000_000110,06,"crate (gray, upright)",standard objects,34.0,42.64,39.01,38.49,38.65
04_Maurener_Weg_8_000000_000150,04,crate (gray),standard objects,35.0,16.61,15.78,15.59,15.68
04_Maurener_Weg_8_000000_000150,05,"crate (gray, 2x stacked)",standard objects,34.0,25.85,25.08,24.77,24.84
04_Maurener_Weg_8_000000_000150,06,"crate (gray, upright)",standard objects,60.0,24.26,23.45,23.24,23.31
04_Maurener_Weg_8_000000_000190,05,"crate (gray, 2x stacked)",standard objects,70.0,12.06,12.37,12.19,12.27
04_Maurener_Weg_8_000000_000190,06,"crate (gray, upright)",standard objects,150.0,9.65,10.2,10.1,10.15
04_Maurener_Weg_8_000001_000050,03,"crate (black, upright)",standard objects,11.0,66.25,66.97,63.58,64.74
04_Maurener_Weg_8_000001_000050,03,"crate (black, upright)",standard objects,9.0,77.84,80.14,73.83,75.92
04_Maurener_Weg_8_000001_000050,02,"crate (black, 2x stacked)",standard objects,16.0,71.11,68.11,65.21,65.86
04_Maurener_Weg_8_000001_000090,03,"crate (black, upright)",standard objects,17.0,52.86,51.1,47.58,48.14
04_Maurener_Weg_8_000001_000090,03,"crate (black, upright)",standard objects,12.0,62.43,72.99,60.57,63.72
04_Maurener_Weg_8_000001_000090,02,"crate (black, 2x stacked)",standard objects,19.0,58.16,52.92,50.34,50.6
04_Maurener_Weg_8_000001_000130,03,"crate (black, upright)",standard objects,23.0,36.42,35.04,33.53,33.93
04_Maurener_Weg_8_000001_000130,03,"crate (black, upright)",standard objects,15.0,48.13,49.1,45.02,45.59
04_Maurener_Weg_8_000001_000130,02,"crate (black, 2x stacked)",standard objects,26.0,42.43,40.5,39.66,39.92
04_Maurener_Weg_8_000001_000170,03,"crate (black, upright)",standard objects,37.0,18.45,18.37,18.25,18.3
04_Maurener_Weg_8_000001_000170,03,"crate (black, upright)",standard objects,25.0,30.81,29.81,29.29,29.41
04_Maurener_Weg_8_000001_000170,02,"crate (black, 2x stacked)",standard objects,43.0,24.93,23.78,23.61,23.67
04_Maurener_Weg_8_000001_000210,03,"crate (black, upright)",standard objects,48.0,14.97,15.9,15.84,15.86
04_Maurener_Weg_8_000001_000210,02,"crate (black, 2x stacked)",standard objects,122.0,9.33,10.09,9.98,10.04
04_Maurener_Weg_8_000002_000040,04,crate (gray),standard objects,10.0,36.57,44.22,40.89,42.05
04_Maurener_Weg_8_000002_000040,05,"crate (gray, 2x stacked)",standard objects,19.0,39.21,43.78,40.88,41.84
04_Maurener_Weg_8_000002_000040,06,"crate (gray, upright)",standard objects,33.0,51.7,49.63,47.21,47.91
04_Maurener_Weg_8_000002_000080,04,crate (gray),standard objects,15.0,25.97,28.33,26.96,27.39
04_Maurener_Weg_8_000002_000080,05,"crate (gray, 2x stacked)",standard objects,26.0,28.26,32.33,29.73,30.67
04_Maurener_Weg_8_000002_000080,06,"crate (gray, upright)",standard objects,43.0,36.7,36.95,35.05,35.33
04_Maurener_Weg_8_000002_000120,04,crate (gray),standard objects,39.0,11.76,11.74,11.6,11.64
04_Maurener_Weg_8_000002_000120,05,"crate (gray, 2x stacked)",standard objects,58.0,14.18,13.6,13.52,13.55
04_Maurener_Weg_8_000002_000120,06,"crate (gray, upright)",standard objects,70.0,19.9,20.18,20.01,20.1
04_Maurener_Weg_8_000003_000010,03,"crate (black, upright)",standard objects,20.0,32.8,34.83,33.7,33.99
04_Maurener_Weg_8_000003_000010,02,"crate (black, 2x stacked)",standard objects,30.0,38.22,38.92,38.29,38.49
04_Maurener_Weg_8_000003_000010,01,crate (black),standard objects,16.0,46.87,48.36,46.1,46.41
04_Maurener_Weg_8_000003_000050,03,"crate (black, upright)",standard objects,24.0,28.21,29.45,28.84,29.06
04_Maurener_Weg_8_000003_000050,02,"crate (black, 2x stacked)",standard objects,32.0,33.86,33.75,33.29,33.41
04_Maurener_Weg_8_000003_000050,01,crate (black),standard objects,18.0,41.91,41.52,41.16,41.25
04_Maurener_Weg_8_000003_000090,03,"crate (black, upright)",standard objects,42.0,16.64,16.35,16.15,16.25
04_Maurener_Weg_8_000003_000090,02,"crate (black, 2x stacked)",standard objects,49.0,21.29,20.68,20.58,20.62
04_Maurener_Weg_8_000003_000090,01,crate (black),standard objects,27.0,29.14,28.84,28.36,28.49
04_Maurener_Weg_8_000003_000130,02,"crate (black, 2x stacked)",standard objects,122.0,8.62,8.42,8.39,8.41
04_Maurener_Weg_8_000003_000130,01,crate (black),standard objects,50.0,16.18,16.72,16.53,16.62
04_Maurener_Weg_8_000004_000040,15,euro pallet,random hazards,12.0,53.19,61.1,54.95,57.45
04_Maurener_Weg_8_000004_000080,15,euro pallet,random hazards,13.0,50.15,57.49,51.97,54.19
04_Maurener_Weg_8_000004_000120,15,euro pallet,random hazards,12.0,39.86,44.79,41.11,42.37
04_Maurener_Weg_8_000004_000160,15,euro pallet,random hazards,23.0,25.4,26.31,24.77,25.27
04_Maurener_Weg_8_000004_000160,21,ball,emotional hazards,40.0,14.07,13.06,12.96,12.98
04_Maurener_Weg_8_000004_000200,15,euro pallet,random hazards,60.0,11.23,11.79,11.34,11.53
04_Maurener_Weg_8_000005_000030,16,pylon,random hazards,16.0,48.24,56.63,49.36,51.44
04_Maurener_Weg_8_000005_000030,18,pylon (white),random hazards,19.0,47.6,54.44,50.8,52.21
04_Maurener_Weg_8_000005_000070,16,pylon,random hazards,15.0,44.71,55.5,47.41,51.44
04_Maurener_Weg_8_000005_000070,18,pylon (white),random hazards,20.0,42.29,52.85,47.03,49.23
04_Maurener_Weg_8_000005_000110,18,pylon (white),random hazards,24.0,34.89,35.08,34.14,34.35
04_Maurener_Weg_8_000005_000110,16,pylon,random hazards,20.0,37.73,39.55,36.31,36.71
04_Maurener_Weg_8_000005_000150,18,pylon (white),random hazards,38.0,21.77,21.56,21.35,21.39
04_Maurener_Weg_8_000005_000150,16,pylon,random hazards,30.0,24.51,24.49,23.88,23.99
04_Maurener_Weg_8_000005_000190,18,pylon (white),random hazards,87.0,9.25,10.0,9.81,9.9
04_Maurener_Weg_8_000005_000190,16,pylon,random hazards,61.0,11.81,12.12,12.03,12.05
04_Maurener_Weg_8_000006_000040,18,pylon (white),random hazards,12.0,44.14,50.82,47.18,48.26
04_Maurener_Weg_8_000006_000080,18,pylon (white),random hazards,18.0,34.22,36.4,34.07,34.78
04_Maurener_Weg_8_000006_000120,18,pylon (white),random hazards,30.0,18.18,18.07,17.8,17.89
04_Maurener_Weg_8_000007_000020,25,kid dummy,emotional hazards,10.0,61.81,66.41,63.0,64.17
04_Maurener_Weg_8_000007_000020,21,ball,emotional hazards,10.0,65.08,69.46,66.17,68.19
04_Maurener_Weg_8_000007_000060,25,kid dummy,emotional hazards,8.0,51.23,56.32,52.48,54.09
04_Maurener_Weg_8_000007_000060,21,ball,emotional hazards,10.0,51.04,61.59,56.22,58.5
04_Maurener_Weg_8_000007_000100,25,kid dummy,emotional hazards,11.0,32.66,35.5,33.63,34.21
04_Maurener_Weg_8_000007_000100,21,ball,emotional hazards,15.0,32.42,39.05,33.88,35.12
04_Maurener_Weg_8_000007_000140,25,kid dummy,emotional hazards,24.0,13.94,14.36,14.1,14.21
04_Maurener_Weg_8_000007_000140,21,ball,emotional hazards,36.0,13.87,14.15,14.07,14.09
04_Maurener_Weg_8_000008_000020,31,plastic bag (bloated),random hazards,8.0,59.36,58.19,55.41,56.46
04_Maurener_Weg_8_000008_000020,11,crate (green),random hazards,12.0,66.7,64.14,59.54,60.76
04_Maurener_Weg_8_000008_000020,31,plastic bag (bloated),random hazards,8.0,56.65,42.96,42.44,42.59
04_Maurener_Weg_8_000008_000060,11,crate (green),random hazards,15.0,60.19,57.05,50.9,51.87
04_Maurener_Weg_8_000008_000060,31,plastic bag (bloated),random hazards,11.0,49.08,49.97,46.75,48.04
04_Maurener_Weg_8_000008_000060,31,plastic bag (bloated),random hazards,13.0,45.4,37.01,36.76,36.89
04_Maurener_Weg_8_000008_000100,31,plastic bag (bloated),random hazards,22.0,28.1,27.55,26.53,26.92
04_Maurener_Weg_8_000008_000100,11,crate (green),random hazards,19.0,42.25,39.83,38.48,38.63
04_Maurener_Weg_8_000008_000100,31,plastic bag (bloated),random hazards,14.0,33.31,32.25,31.16,31.46
04_Maurener_Weg_8_000008_000140,11,crate (green),random hazards,34.0,21.55,21.01,20.77,20.85
04_Maurener_Weg_8_000008_000140,31,plastic bag (bloated),random hazards,32.0,15.03,14.48,14.16,14.3
04_Maurener_Weg_8_000008_000140,31,plastic bag (bloated),random hazards,68.0,8.82,8.62,8.45,8.52
04_Maurener_Weg_8_000008_000180,11,crate (green),random hazards,98.0,7.8,8.23,8.06,8.13
04_Maurener_Weg_8_000009_000050,24,dog (white),emotional hazards,11.0,68.25,69.56,68.35,68.96
04_Maurener_Weg_8_000009_000090,24,dog (white),emotional hazards,14.0,58.85,56.94,55.72,56.22
04_Maurener_Weg_8_000009_000130,24,dog (white),emotional hazards,20.0,41.29,43.18,39.09,40.47
04_Maurener_Weg_8_000009_000170,24,dog (white),emotional hazards,31.0,23.04,23.16,22.44,22.63
04_Maurener_Weg_8_000009_000210,24,dog (white),emotional hazards,81.0,8.72,8.96,8.86,8.91
04_Maurener_Weg_8_000010_000040,23,dog (black),emotional hazards,22.0,50.66,49.73,48.59,48.73
04_Maurener_Weg_8_000010_000080,23,dog (black),emotional hazards,29.0,38.05,36.15,33.82,34.12
04_Maurener_Weg_8_000010_000120,23,dog (black),emotional hazards,52.0,20.63,18.84,18.59,18.65
04_Maurener_Weg_8_000011_000020,26,bobby car (gray),emotional hazards,18.0,62.34,60.38,58.91,59.34
04_Maurener_Weg_8_000011_000060,26,bobby car (gray),emotional hazards,18.0,60.67,58.77,57.0,57.59
04_Maurener_Weg_8_000011_000100,26,bobby car (gray),emotional hazards,23.0,47.01,47.81,46.3,46.83
04_Maurener_Weg_8_000011_000140,26,bobby car (gray),emotional hazards,33.0,30.78,28.58,28.2,28.32
04_Maurener_Weg_8_000011_000180,26,bobby car (gray),emotional hazards,64.0,15.12,14.84,14.66,14.72
04_Maurener_Weg_8_000012_000040,27,bobby car (red),emotional hazards,19.0,64.05,65.81,57.36,59.72
04_Maurener_Weg_8_000012_000080,27,bobby car (red),emotional hazards,22.0,54.27,53.97,49.3,49.89
04_Maurener_Weg_8_000012_000120,27,bobby car (red),emotional hazards,28.0,38.29,37.9,36.72,36.95
04_Maurener_Weg_8_000012_000160,27,bobby car (red),emotional hazards,54.0,19.74,19.11,18.87,18.96
04_Maurener_Weg_8_000013_000180,28,bobby car (yellow),emotional hazards,39.0,27.71,27.68,27.22,27.39
04_Maurener_Weg_8_000013_000220,28,bobby car (yellow),emotional hazards,84.0,12.64,14.24,14.07,14.14
05_Schafgasse_1_000000_000030,05,"crate (gray, 2x stacked)",standard objects,13.0,61.02,85.63,81.75,83.36
05_Schafgasse_1_000000_000070,05,"crate (gray, 2x stacked)",standard objects,13.0,51.7,63.98,60.99,62.04
05_Schafgasse_1_000000_000110,05,"crate (gray, 2x stacked)",standard objects,18.0,39.22,46.78,44.0,44.79
05_Schafgasse_1_000000_000150,05,"crate (gray, 2x stacked)",standard objects,31.0,24.92,26.82,25.67,25.81
05_Schafgasse_1_000000_000190,05,"crate (gray, 2x stacked)",standard objects,81.0,10.13,10.29,10.19,10.24
05_Schafgasse_1_000001_000090,03,"crate (black, upright)",standard objects,14.0,52.29,62.74,61.42,61.77
05_Schafgasse_1_000001_000130,03,"crate (black, upright)",standard objects,17.0,43.01,48.53,46.08,46.75
05_Schafgasse_1_000001_000170,03,"crate (black, upright)",standard objects,27.0,31.48,32.78,32.09,32.19
05_Schafgasse_1_000001_000210,03,"crate (black, upright)",standard objects,40.0,20.73,21.52,21.29,21.36
05_Schafgasse_1_000001_000250,03,"crate (black, upright)",standard objects,69.0,10.79,11.48,11.4,11.43
05_Schafgasse_1_000002_000130,08,cardboard box,random hazards,15.0,44.9,53.13,50.56,51.25
05_Schafgasse_1_000002_000130,18,pylon (white),random hazards,15.0,35.78,39.58,37.56,38.15
05_Schafgasse_1_000002_000170,08,cardboard box,random hazards,18.0,35.89,39.8,38.8,39.08
05_Schafgasse_1_000002_000170,18,pylon (white),random hazards,19.0,27.82,28.67,27.53,27.81
05_Schafgasse_1_000002_000210,08,cardboard box,random hazards,26.0,24.34,26.06,25.72,25.83
05_Schafgasse_1_000002_000210,18,pylon (white),random hazards,31.0,15.72,15.63,15.55,15.57
05_Schafgasse_1_000003_000030,20,tire,random hazards,16.0,42.15,46.01,44.48,44.83
05_Schafgasse_1_000003_000070,20,tire,random hazards,19.0,34.59,37.7,36.67,36.83
05_Schafgasse_1_000003_000110,20,tire,random hazards,27.0,23.44,24.29,23.98,24.07
05_Schafgasse_1_000003_000150,20,tire,random hazards,61.0,10.63,11.16,11.06,11.08
05_Schafgasse_1_000004_000030,11,crate (green),random hazards,13.0,45.13,52.06,49.98,50.42
05_Schafgasse_1_000004_000030,10,"crate (blue, small)",random hazards,11.0,41.74,46.26,44.99,45.38
05_Schafgasse_1_000004_000070,11,crate (green),random hazards,17.0,39.66,47.07,46.26,46.47
05_Schafgasse_1_000004_000070,10,"crate (blue, small)",random hazards,18.0,36.16,41.53,39.61,40.14
05_Schafgasse_1_000004_000110,11,crate (green),random hazards,23.0,30.01,31.94,31.5,31.58
05_Schafgasse_1_000004_000110,10,"crate (blue, small)",random hazards,18.0,25.48,26.78,25.79,26.05
05_Schafgasse_1_000004_000150,10,"crate (blue, small)",random hazards,43.0,11.52,11.37,11.23,11.27
05_Schafgasse_1_000004_000150,11,crate (green),random hazards,41.0,15.85,15.83,15.73,15.78
05_Schafgasse_1_000005_000040,29,cardboard box,random hazards,9.0,42.5,48.42,46.9,47.52
05_Schafgasse_1_000005_000080,29,cardboard box,random hazards,10.0,37.5,40.69,39.54,39.96
05_Schafgasse_1_000005_000120,29,cardboard box,random hazards,13.0,26.45,29.22,28.12,28.53
05_Schafgasse_1_000005_000120,21,ball,emotional hazards,27.0,21.28,24.79,24.14,24.21
05_Schafgasse_1_000007_000020,20,tire,random hazards,10.0,40.63,46.23,44.8,45.31
05_Schafgasse_1_000007_000060,20,tire,random hazards,10.0,33.22,37.04,35.53,36.08
05_Schafgasse_1_000007_000100,20,tire,random hazards,16.0,21.67,22.01,21.4,21.56
05_Schafgasse_1_000007_000140,20,tire,random hazards,39.0,9.29,9.38,9.28,9.32
05_Schafgasse_1_000008_000030,34,styrofoam,random hazards,7.0,47.08,52.75,52.06,52.4
05_Schafgasse_1_000008_000030,14,headlight,random hazards,18.0,36.73,41.74,39.92,40.42
05_Schafgasse_1_000008_000070,34,styrofoam,random hazards,10.0,36.55,41.89,40.63,41.24
05_Schafgasse_1_000008_000070,14,headlight,random hazards,22.0,26.37,28.57,27.75,27.98
05_Schafgasse_1_000008_000110,34,styrofoam,random hazards,16.0,23.57,24.81,23.83,24.11
05_Schafgasse_1_000008_000110,14,headlight,random hazards,47.0,13.23,13.13,13.07,13.1
05_Schafgasse_1_000009_000090,23,dog (black),emotional hazards,21.0,53.46,56.73,54.01,55.29
05_Schafgasse_1_000009_000130,23,dog (black),emotional hazards,25.0,44.83,47.62,44.12,45.3
05_Schafgasse_1_000009_000170,23,dog (black),emotional hazards,33.0,32.2,32.92,31.46,31.79
05_Schafgasse_1_000009_000210,23,dog (black),emotional hazards,59.0,18.28,17.62,17.32,17.46
05_Schafgasse_1_000010_000040,24,dog (white),emotional hazards,15.0,53.21,62.56,59.83,60.76
05_Schafgasse_1_000010_000080,24,dog (white),emotional hazards,16.0,48.51,53.74,51.56,52.42
05_Schafgasse_1_000010_000120,24,dog (white),emotional hazards,22.0,35.82,39.76,35.78,36.46
05_Schafgasse_1_000010_000160,24,dog (white),emotional hazards,38.0,19.55,19.52,19.37,19.44
05_Schafgasse_1_000011_000140,27,bobby car (red),emotional hazards,36.0,28.89,31.57,30.68,30.85
05_Schafgasse_1_000011_000180,27,bobby car (red),emotional hazards,105.0,9.75,9.76,9.68,9.71
05_Schafgasse_1_000012_000060,28,bobby car (yellow),emotional hazards,20.0,72.06,73.06,70.8,71.57
05_Schafgasse_1_000012_000100,28,bobby car (yellow),emotional hazards,21.0,57.89,56.21,54.22,54.74
05_Schafgasse_1_000012_000140,28,bobby car (yellow),emotional hazards,28.0,40.13,39.45,38.87,39.01
05_Schafgasse_1_000012_000180,28,bobby car (yellow),emotional hazards,47.0,22.57,22.8,22.65,22.69
05_Schafgasse_1_000012_000220,28,bobby car (yellow),emotional hazards,142.0,7.32,7.18,7.05,7.11
05_Schafgasse_1_000013_000060,26,bobby car (gray),emotional hazards,17.0,61.51,66.8,64.58,65.37
05_Schafgasse_1_000013_000100,26,bobby car (gray),emotional hazards,22.0,45.71,47.24,44.89,45.48
05_Schafgasse_1_000013_000140,26,bobby car (gray),emotional hazards,39.0,28.02,27.94,26.84,27.16
05_Schafgasse_1_000013_000180,26,bobby car (gray),emotional hazards,97.0,10.46,10.49,10.31,10.4
05_Schafgasse_1_000014_000060,24,dog (white),emotional hazards,26.0,41.49,46.37,43.19,43.93
05_Schafgasse_1_000014_000100,24,dog (white),emotional hazards,32.0,28.71,31.57,29.66,29.95
05_Schafgasse_1_000014_000140,24,dog (white),emotional hazards,62.0,14.09,14.04,13.84,13.91
05_Schafgasse_1_000015_000060,27,bobby car (red),emotional hazards,25.0,43.62,43.69,42.03,42.51
05_Schafgasse_1_000015_000100,27,bobby car (red),emotional hazards,36.0,29.06,29.67,29.24,29.36
05_Schafgasse_1_000015_000140,27,bobby car (red),emotional hazards,68.0,14.93,14.63,14.5,14.53
05_Schafgasse_1_000016_000030,27,bobby car (red),emotional hazards,20.0,52.31,50.37,48.15,48.86
05_Schafgasse_1_000016_000070,27,bobby car (red),emotional hazards,24.0,45.53,46.95,43.57,44.5
05_Schafgasse_1_000016_000110,27,bobby car (red),emotional hazards,34.0,31.6,34.24,32.61,32.96
05_Schafgasse_1_000016_000150,27,bobby car (red),emotional hazards,63.0,16.08,16.64,16.46,16.5
05_Schafgasse_1_000017_000040,26,bobby car (gray),emotional hazards,21.0,52.37,49.57,48.5,48.84
05_Schafgasse_1_000017_000080,26,bobby car (gray),emotional hazards,26.0,43.18,46.17,43.53,44.12
05_Schafgasse_1_000017_000120,26,bobby car (gray),emotional hazards,35.0,28.26,29.99,29.5,29.64
05_Schafgasse_1_000017_000160,26,bobby car (gray),emotional hazards,70.0,14.1,14.16,14.08,14.1
05_Schafgasse_1_000018_000040,24,dog (white),emotional hazards,23.0,52.2,50.46,48.77,49.43
05_Schafgasse_1_000018_000080,24,dog (white),emotional hazards,29.0,39.39,40.84,39.23,39.71
05_Schafgasse_1_000018_000120,24,dog (white),emotional hazards,50.0,21.02,21.23,20.87,21.0
05_Schafgasse_1_000019_000070,23,dog (black),emotional hazards,21.0,58.47,57.37,53.97,55.1
05_Schafgasse_1_000019_000110,23,dog (black),emotional hazards,28.0,48.86,49.77,47.6,48.66
05_Schafgasse_1_000019_000150,23,dog (black),emotional hazards,37.0,33.25,34.54,31.88,32.09
05_Schafgasse_1_000019_000190,23,dog (black),emotional hazards,68.0,15.91,15.79,15.59,15.72
07_Festplatz_Flugfeld_000000_000040,04,crate (gray),standard objects,8.0,77.52,79.8,72.22,74.69
07_Festplatz_Flugfeld_000000_000040,05,"crate (gray, 2x stacked)",standard objects,11.0,91.55,94.66,84.6,88.84
07_Festplatz_Flugfeld_000000_000040,06,"crate (gray, upright)",standard objects,15.0,106.56,97.82,91.41,94.85
07_Festplatz_Flugfeld_000000_000080,04,crate (gray),standard objects,8.0,64.92,59.96,56.33,57.68
07_Festplatz_Flugfeld_000000_000080,05,"crate (gray, 2x stacked)",standard objects,12.0,76.82,87.08,73.67,78.11
07_Festplatz_Flugfeld_000000_000080,06,"crate (gray, upright)",standard objects,17.0,94.08,94.93,76.6,80.89
07_Festplatz_Flugfeld_000000_000120,04,crate (gray),standard objects,9.0,48.99,48.46,46.54,47.23
07_Festplatz_Flugfeld_000000_000120,05,"crate (gray, 2x stacked)",standard objects,13.0,63.95,62.51,59.54,60.36
07_Festplatz_Flugfeld_000000_000120,06,"crate (gray, upright)",standard objects,21.0,68.72,72.66,65.65,68.36
07_Festplatz_Flugfeld_000000_000160,04,crate (gray),standard objects,14.0,33.12,36.04,35.45,35.72
07_Festplatz_Flugfeld_000000_000160,05,"crate (gray, 2x stacked)",standard objects,19.0,47.21,48.66,46.84,47.7
07_Festplatz_Flugfeld_000000_000160,06,"crate (gray, upright)",standard objects,30.0,52.01,51.03,50.21,50.48
07_Festplatz_Flugfeld_000000_000200,04,crate (gray),standard objects,24.0,18.02,19.08,18.88,18.99
07_Festplatz_Flugfeld_000000_000200,05,"crate (gray, 2x stacked)",standard objects,26.0,31.42,32.56,32.35,32.41
07_Festplatz_Flugfeld_000000_000200,06,"crate (gray, upright)",standard objects,42.0,36.24,35.12,34.77,34.88
07_Festplatz_Flugfeld_000000_000240,05,"crate (gray, 2x stacked)",standard objects,51.0,15.84,17.72,17.59,17.66
07_Festplatz_Flugfeld_000000_000240,06,"crate (gray, upright)",standard objects,64.0,20.94,22.9,22.77,22.83
07_Festplatz_Flugfeld_000001_000040,03,"crate (black, upright)",standard objects,7.0,88.02,92.23,82.48,86.92
07_Festplatz_Flugfeld_000001_000040,02,"crate (black, 2x stacked)",standard objects,10.0,104.11,112.28,101.22,104.99
07_Festplatz_Flugfeld_000001_000040,01,crate (black),standard objects,9.0,99.3,89.75,79.07,82.24
07_Festplatz_Flugfeld_000001_000080,03,"crate (black, upright)",standard objects,11.0,73.41,72.53,66.53,68.48
07_Festplatz_Flugfeld_000001_000080,02,"crate (black, 2x stacked)",standard objects,11.0,93.0,96.44,78.81,83.84
07_Festplatz_Flugfeld_000001_000080,01,crate (black),standard objects,9.0,87.15,83.37,73.79,76.31
07_Festplatz_Flugfeld_000001_000120,03,"crate (black, upright)",standard objects,13.0,52.22,50.38,48.31,49.04
07_Festplatz_Flugfeld_000001_000120,02,"crate (black, 2x stacked)",standard objects,14.0,70.93,61.56,59.56,60.16
07_Festplatz_Flugfeld_000001_000120,01,crate (black),standard objects,11.0,64.13,56.24,53.31,54.15
07_Festplatz_Flugfeld_000001_000160,03,"crate (black, upright)",standard objects,20.0,34.27,33.57,33.27,33.32
07_Festplatz_Flugfeld_000001_000160,02,"crate (black, 2x stacked)",standard objects,21.0,50.39,50.06,46.36,46.91
07_Festplatz_Flugfeld_000001_000160,01,crate (black),standard objects,17.0,47.37,40.18,39.83,39.88
07_Festplatz_Flugfeld_000001_000200,03,"crate (black, upright)",standard objects,42.0,16.73,17.42,17.33,17.38
07_Festplatz_Flugfeld_000001_000200,02,"crate (black, 2x stacked)",standard objects,32.0,32.75,35.05,34.7,34.81
07_Festplatz_Flugfeld_000001_000200,01,crate (black),standard objects,28.0,29.38,29.75,29.38,29.51
07_Festplatz_Flugfeld_000002_000190,08,cardboard box,random hazards,11.0,86.86,84.71,69.53,74.09
07_Festplatz_Flugfeld_000002_000190,07,bumper,random hazards,17.0,99.53,80.79,79.03,79.91
07_Festplatz_Flugfeld_000002_000230,08,cardboard box,random hazards,11.0,76.87,70.62,60.08,63.29
07_Festplatz_Flugfeld_000002_000230,07,bumper,random hazards,18.0,84.86,71.42,70.58,71.01
07_Festplatz_Flugfeld_000002_000270,08,cardboard box,random hazards,14.0,65.08,51.9,47.67,48.84
07_Festplatz_Flugfeld_000002_000270,07,bumper,random hazards,23.0,74.13,67.66,63.79,65.12
07_Festplatz_Flugfeld_000002_000310,08,cardboard box,random hazards,19.0,48.05,42.7,40.21,40.82
07_Festplatz_Flugfeld_000002_000310,07,bumper,random hazards,26.0,57.05,51.31,50.1,50.62
07_Festplatz_Flugfeld_000002_000350,08,cardboard box,random hazards,26.0,31.73,30.04,29.7,29.79
07_Festplatz_Flugfeld_000002_000350,07,bumper,random hazards,35.0,40.65,38.67,37.86,38.19
07_Festplatz_Flugfeld_000002_000390,08,cardboard box,random hazards,49.0,18.09,18.31,18.2,18.25
07_Festplatz_Flugfeld_000002_000390,07,bumper,random hazards,58.0,25.89,28.15,27.65,27.76
07_Festplatz_Flugfeld_000002_000430,07,bumper,random hazards,95.0,14.14,14.97,14.73,14.82
07_Festplatz_Flugfeld_000003_000100,34,styrofoam,random hazards,5.0,76.96,69.85,63.9,66.09
07_Festplatz_Flugfeld_000003_000100,07,bumper,random hazards,16.0,89.7,90.1,77.17,80.54
07_Festplatz_Flugfeld_000003_000140,34,styrofoam,random hazards,6.0,62.07,53.96,50.55,51.69
07_Festplatz_Flugfeld_000003_000140,07,bumper,random hazards,18.0,76.01,70.23,63.82,65.83
07_Festplatz_Flugfeld_000003_000180,34,styrofoam,random hazards,9.0,45.84,41.48,39.27,40.24
07_Festplatz_Flugfeld_000003_000180,07,bumper,random hazards,24.0,60.28,52.74,50.85,51.67
07_Festplatz_Flugfeld_000003_000220,34,styrofoam,random hazards,13.0,32.7,33.26,32.11,32.54
07_Festplatz_Flugfeld_000003_000220,07,bumper,random hazards,29.0,47.44,44.58,43.64,44.04
07_Festplatz_Flugfeld_000003_000260,34,styrofoam,random hazards,25.0,18.93,19.7,19.08,19.33
07_Festplatz_Flugfeld_000003_000260,07,bumper,random hazards,38.0,34.24,32.43,31.4,31.65
07_Festplatz_Flugfeld_000003_000300,07,bumper,random hazards,73.0,19.75,19.3,18.83,18.93
07_Festplatz_Flugfeld_000003_000340,07,bumper,random hazards,215.0,7.54,8.0,7.24,7.49
07_Festplatz_Flugfeld_000004_000060,08,cardboard box,random hazards,10.0,51.6,54.86,49.15,51.03
07_Festplatz_Flugfeld_000004_000060,20,tire,random hazards,15.0,48.55,45.3,43.14,43.76
07_Festplatz_Flugfeld_000004_000100,08,cardboard box,random hazards,12.0,43.65,40.3,38.84,39.33
07_Festplatz_Flugfeld_000004_000100,20,tire,random hazards,20.0,38.09,34.44,33.62,33.92
07_Festplatz_Flugfeld_000004_000140,08,cardboard box,random hazards,18.0,30.37,28.41,27.65,27.87
07_Festplatz_Flugfeld_000004_000140,20,tire,random hazards,34.0,23.81,23.58,23.12,23.29
07_Festplatz_Flugfeld_000004_000180,08,cardboard box,random hazards,28.0,17.31,17.25,17.04,17.14
07_Festplatz_Flugfeld_000004_000180,20,tire,random hazards,71.0,10.66,10.9,10.79,10.82
07_Festplatz_Flugfeld_000004_000220,08,cardboard box,random hazards,80.0,6.89,6.81,6.72,6.77
07_Festplatz_Flugfeld_000005_000050,09,crate (blue),random hazards,13.0,43.17,45.42,42.82,43.33
07_Festplatz_Flugfeld_000005_000050,13,exhaust pipe,random hazards,16.0,48.38,54.63,48.04,50.27
07_Festplatz_Flugfeld_000005_000090,09,crate (blue),random hazards,16.0,35.7,36.44,35.46,35.83
07_Festplatz_Flugfeld_000005_000090,13,exhaust pipe,random hazards,20.0,39.95,39.43,36.86,37.64
07_Festplatz_Flugfeld_000005_000130,09,crate (blue),random hazards,25.0,24.88,24.17,23.75,23.9
07_Festplatz_Flugfeld_000005_000130,13,exhaust pipe,random hazards,29.0,28.88,28.07,25.69,26.43
07_Festplatz_Flugfeld_000005_000170,09,crate (blue),random hazards,44.0,12.9,13.23,13.14,13.17
07_Festplatz_Flugfeld_000005_000170,13,exhaust pipe,random hazards,43.0,17.13,16.22,15.69,15.87
15_Rechbergstr_Deckenpfronn_000000_000040,39,kid (walking),humans,52.0,44.16,48.94,47.42,47.88
15_Rechbergstr_Deckenpfronn_000000_000040,40,kid (on a bobby car),humans,48.0,43.18,47.19,46.84,46.94
15_Rechbergstr_Deckenpfronn_000000_000080,39,kid (walking),humans,50.0,45.09,48.42,46.12,47.07
15_Rechbergstr_Deckenpfronn_000000_000080,40,kid (on a bobby car),humans,50.0,43.24,48.48,47.88,48.03
15_Rechbergstr_Deckenpfronn_000000_000120,40,kid (on a bobby car),humans,45.0,44.11,50.49,49.82,50.02
15_Rechbergstr_Deckenpfronn_000000_000120,41,kid (on a small bobby car),humans,37.0,46.99,52.01,51.08,51.31
15_Rechbergstr_Deckenpfronn_000000_000160,40,kid (on a bobby car),humans,47.0,47.93,51.17,50.77,50.97
15_Rechbergstr_Deckenpfronn_000000_000160,41,kid (on a small bobby car),humans,37.0,47.58,50.06,49.24,49.54
15_Rechbergstr_Deckenpfronn_000001_000050,40,kid (on a bobby car),humans,25.0,63.6,68.32,67.33,67.79
15_Rechbergstr_Deckenpfronn_000001_000050,41,kid (on a small bobby car),humans,26.0,62.04,75.06,67.18,68.02
15_Rechbergstr_Deckenpfronn_000001_000050,39,kid (walking),humans,33.0,64.56,69.41,68.26,68.8
15_Rechbergstr_Deckenpfronn_000001_000050,40,kid (on a bobby car),humans,28.0,62.46,67.02,66.33,66.57
15_Rechbergstr_Deckenpfronn_000001_000090,40,kid (on a bobby car),humans,28.0,63.56,67.82,67.14,67.39
15_Rechbergstr_Deckenpfronn_000001_000090,39,kid (walking),humans,34.0,63.76,68.48,67.72,67.96
15_Rechbergstr_Deckenpfronn_000001_000090,40,kid (on a bobby car),humans,27.0,62.13,67.05,66.76,66.91
15_Rechbergstr_Deckenpfronn_000001_000090,41,kid (on a small bobby car),humans,26.0,62.34,70.54,67.6,67.98
15_Rechbergstr_Deckenpfronn_000001_000130,41,kid (on a small bobby car),humans,26.0,61.92,68.47,66.65,67.16
15_Rechbergstr_Deckenpfronn_000001_000130,40,kid (on a bobby car),humans,35.0,63.6,67.11,66.33,66.6
15_Rechbergstr_Deckenpfronn_000001_000130,40,kid (on a bobby car),humans,13.0,61.13,66.15,65.89,66.0
15_Rechbergstr_Deckenpfronn_000001_000170,41,kid (on a small bobby car),humans,26.0,61.98,73.71,69.86,70.6
15_Rechbergstr_Deckenpfronn_000001_000170,40,kid (on a bobby car),humans,12.0,64.53,70.3,69.15,69.55
15_Rechbergstr_Deckenpfronn_000001_000170,40,kid (on a bobby car),humans,29.0,64.01,68.33,67.5,67.76
15_Rechbergstr_Deckenpfronn_000001_000170,39,kid (walking),humans,30.0,64.08,69.14,67.91,68.46
15_Rechbergstr_Deckenpfronn_000001_000170,40,kid (on a bobby car),humans,29.0,62.34,67.37,66.92,67.05
15_Rechbergstr_Deckenpfronn_000001_000210,41,kid (on a small bobby car),humans,26.0,61.89,70.75,66.71,67.47
15_Rechbergstr_Deckenpfronn_000001_000210,40,kid (on a bobby car),humans,15.0,63.29,64.19,62.94,63.34
15_Rechbergstr_Deckenpfronn_000001_000210,40,kid (on a bobby car),humans,34.0,61.13,62.26,61.83,61.93
15_Rechbergstr_Deckenpfronn_000001_000250,40,kid (on a bobby car),humans,16.0,63.42,68.02,67.61,67.77
15_Rechbergstr_Deckenpfronn_000001_000250,41,kid (on a small bobby car),humans,26.0,62.8,67.63,67.1,67.32
15_Rechbergstr_Deckenpfronn_000001_000250,40,kid (on a bobby car),humans,34.0,61.81,63.38,63.03,63.13
15_Rechbergstr_Deckenpfronn_000001_000290,41,kid (on a small bobby car),humans,26.0,61.87,66.34,65.97,66.19
15_Rechbergstr_Deckenpfronn_000001_000290,40,kid (on a bobby car),humans,34.0,61.63,66.0,65.23,65.5
15_Rechbergstr_Deckenpfronn_000001_000290,39,kid (walking),humans,33.0,63.7,73.54,72.51,72.83
15_Rechbergstr_Deckenpfronn_000001_000290,39,kid (walking),humans,34.0,63.57,73.93,72.76,73.16
15_Rechbergstr_Deckenpfronn_000002_000140,40,kid (on a bobby car),humans,55.0,37.5,40.07,39.65,39.76
15_Rechbergstr_Deckenpfronn_000002_000180,40,kid (on a bobby car),humans,71.0,31.04,32.73,32.28,32.46
15_Rechbergstr_Deckenpfronn_000003_000150,40,kid (on a bobby car),humans,70.0,30.42,31.82,31.61,31.67
15_Rechbergstr_Deckenpfronn_000004_000160,41,kid (on a small bobby car),humans,41.0,40.22,42.22,41.5,41.68
15_Rechbergstr_Deckenpfronn_000004_000200,41,kid (on a small bobby car),humans,56.0,31.3,32.55,32.05,32.21
15_Rechbergstr_Deckenpfronn_000004_000240,41,kid (on a small bobby car),humans,79.0,21.23,22.0,21.77,21.87
15_Rechbergstr_Deckenpfronn_000004_000280,41,kid (on a small bobby car),humans,120.0,14.11,15.03,14.96,14.99
15_Rechbergstr_Deckenpfronn_000005_000040,42,kid (crawling),humans,84.0,12.54,13.49,13.39,13.42
15_Rechbergstr_Deckenpfronn_000005_000080,42,kid (crawling),humans,68.0,12.68,13.4,13.33,13.37
15_Rechbergstr_Deckenpfronn_000006_000100,39,kid (walking),humans,47.0,45.15,48.63,47.66,48.0
15_Rechbergstr_Deckenpfronn_000006_000140,39,kid (walking),humans,55.0,40.46,41.08,40.71,40.79
15_Rechbergstr_Deckenpfronn_000006_000180,39,kid (walking),humans,75.0,31.62,33.25,33.04,33.14
15_Rechbergstr_Deckenpfronn_000006_000220,39,kid (walking),humans,98.0,25.04,25.89,25.79,25.82
15_Rechbergstr_Deckenpfronn_000006_000260,39,kid (walking),humans,118.0,19.23,19.87,19.53,19.71
15_Rechbergstr_Deckenpfronn_000006_000340,39,kid (walking),humans,218.0,10.55,11.99,11.88,11.92
15_Rechbergstr_Deckenpfronn_000007_000060,39,kid (walking),humans,46.0,50.35,60.85,60.12,60.23
15_Rechbergstr_Deckenpfronn_000007_000180,39,kid (walking),humans,74.0,31.96,35.91,35.62,35.74
15_Rechbergstr_Deckenpfronn_000007_000260,39,kid (walking),humans,117.0,18.57,20.85,20.7,20.75
