frame,label,type,group,predicted_class,box_height_px,true_m,unidepth-v2-large_median,unidepth-v2-large_p10,unidepth-v2-large_p25
02_Hanns_Klemm_Str_44_000000_000090,05,"crate (gray, 2x stacked)",standard objects,obstacle,17.0,43.3,45.99,45.56,45.62
02_Hanns_Klemm_Str_44_000000_000110,05,"crate (gray, 2x stacked)",standard objects,obstacle,21.0,35.36,34.88,34.64,34.71
02_Hanns_Klemm_Str_44_000000_000120,05,"crate (gray, 2x stacked)",standard objects,obstacle,24.0,30.89,30.85,30.61,30.69
02_Hanns_Klemm_Str_44_000000_000130,05,"crate (gray, 2x stacked)",standard objects,box,29.0,26.44,25.58,25.38,25.45
02_Hanns_Klemm_Str_44_000000_000140,05,"crate (gray, 2x stacked)",standard objects,box,34.0,22.13,22.05,21.96,21.97
02_Hanns_Klemm_Str_44_000000_000150,05,"crate (gray, 2x stacked)",standard objects,box,44.0,18.09,18.42,18.31,18.35
02_Hanns_Klemm_Str_44_000000_000160,05,"crate (gray, 2x stacked)",standard objects,box,56.0,14.09,15.39,15.28,15.32
02_Hanns_Klemm_Str_44_000000_000170,05,"crate (gray, 2x stacked)",standard objects,obstacle,76.0,10.47,12.55,12.47,12.5
02_Hanns_Klemm_Str_44_000000_000180,05,"crate (gray, 2x stacked)",standard objects,box,120.0,7.16,9.25,9.21,9.23
02_Hanns_Klemm_Str_44_000001_000020,05,"crate (gray, 2x stacked)",standard objects,car,12.0,60.81,95.82,95.43,95.77
02_Hanns_Klemm_Str_44_000001_000100,05,"crate (gray, 2x stacked)",standard objects,car,18.0,44.2,48.91,48.19,48.45
02_Hanns_Klemm_Str_44_000001_000130,05,"crate (gray, 2x stacked)",standard objects,obstacle,22.0,35.13,34.55,34.3,34.4
02_Hanns_Klemm_Str_44_000001_000140,05,"crate (gray, 2x stacked)",standard objects,obstacle,25.0,31.16,31.36,31.0,31.11
02_Hanns_Klemm_Str_44_000001_000150,05,"crate (gray, 2x stacked)",standard objects,obstacle,28.0,27.29,26.95,26.74,26.8
02_Hanns_Klemm_Str_44_000001_000150,04,crate (gray),standard objects,obstacle,17.0,27.53,26.99,26.79,26.85
02_Hanns_Klemm_Str_44_000001_000160,05,"crate (gray, 2x stacked)",standard objects,box,33.0,23.13,22.62,22.45,22.49
02_Hanns_Klemm_Str_44_000001_000170,05,"crate (gray, 2x stacked)",standard objects,box,41.0,19.38,20.23,20.08,20.14
02_Hanns_Klemm_Str_44_000001_000170,04,crate (gray),standard objects,box,25.0,19.65,20.11,19.98,20.02
02_Hanns_Klemm_Str_44_000001_000180,05,"crate (gray, 2x stacked)",standard objects,obstacle,53.0,15.19,16.57,16.44,16.48
02_Hanns_Klemm_Str_44_000001_000180,04,crate (gray),standard objects,obstacle,32.0,15.51,16.51,16.4,16.43
02_Hanns_Klemm_Str_44_000001_000190,05,"crate (gray, 2x stacked)",standard objects,obstacle,72.0,11.46,13.01,12.94,12.97
02_Hanns_Klemm_Str_44_000001_000190,04,crate (gray),standard objects,box,44.0,11.63,12.97,12.91,12.94
02_Hanns_Klemm_Str_44_000001_000200,05,"crate (gray, 2x stacked)",standard objects,box,105.0,7.93,10.21,10.15,10.18
02_Hanns_Klemm_Str_44_000001_000200,04,crate (gray),standard objects,box,70.0,7.99,10.16,10.12,10.14
02_Hanns_Klemm_Str_44_000002_000130,01,crate (black),standard objects,obstacle,21.0,28.82,29.05,28.82,28.87
02_Hanns_Klemm_Str_44_000002_000140,01,crate (black),standard objects,obstacle,26.0,24.9,24.55,24.38,24.45
02_Hanns_Klemm_Str_44_000002_000150,01,crate (black),standard objects,obstacle,34.0,20.54,20.52,20.36,20.43
02_Hanns_Klemm_Str_44_000002_000160,02,"crate (black, 2x stacked)",standard objects,box,87.0,15.94,17.36,17.22,17.28
02_Hanns_Klemm_Str_44_000002_000160,01,crate (black),standard objects,box,42.0,16.07,17.41,17.31,17.36
02_Hanns_Klemm_Str_44_000002_000170,02,"crate (black, 2x stacked)",standard objects,traffic barricade,120.0,11.89,13.64,13.45,13.5
02_Hanns_Klemm_Str_44_000002_000170,01,crate (black),standard objects,obstacle,59.0,12.01,13.51,13.45,13.48
02_Hanns_Klemm_Str_44_000002_000180,02,"crate (black, 2x stacked)",standard objects,traffic barricade,172.0,8.2,10.65,10.58,10.61
02_Hanns_Klemm_Str_44_000002_000180,01,crate (black),standard objects,obstacle,87.0,8.27,10.72,10.64,10.67
02_Hanns_Klemm_Str_44_000003_000100,20,tire,random hazards,obstacle,15.0,39.29,42.07,41.4,41.55
02_Hanns_Klemm_Str_44_000003_000110,20,tire,random hazards,obstacle,17.0,36.09,35.93,35.65,35.75
02_Hanns_Klemm_Str_44_000003_000120,20,tire,random hazards,obstacle,19.0,30.76,31.35,31.1,31.19
02_Hanns_Klemm_Str_44_000003_000130,20,tire,random hazards,obstacle,22.0,26.6,25.7,25.53,25.58
02_Hanns_Klemm_Str_44_000003_000140,34,styrofoam,random hazards,obstacle,19.0,22.25,21.68,21.43,21.5
02_Hanns_Klemm_Str_44_000003_000150,20,tire,random hazards,obstacle,36.0,17.27,18.1,17.97,18.0
02_Hanns_Klemm_Str_44_000003_000150,34,styrofoam,random hazards,obstacle,25.0,17.54,18.35,18.06,18.15
02_Hanns_Klemm_Str_44_000003_000160,20,tire,random hazards,obstacle,50.0,12.73,13.89,13.75,13.8
02_Hanns_Klemm_Str_44_000003_000160,34,styrofoam,random hazards,obstacle,37.0,13.05,14.23,14.02,14.07
02_Hanns_Klemm_Str_44_000003_000170,20,tire,random hazards,obstacle,79.0,8.62,10.48,10.32,10.38
02_Hanns_Klemm_Str_44_000003_000170,34,styrofoam,random hazards,box,57.0,8.85,10.87,10.72,10.75
02_Hanns_Klemm_Str_44_000005_000140,08,cardboard box,random hazards,obstacle,25.0,24.19,24.16,24.03,24.08
02_Hanns_Klemm_Str_44_000005_000150,08,cardboard box,random hazards,obstacle,30.0,20.45,20.59,20.48,20.49
02_Hanns_Klemm_Str_44_000005_000160,08,cardboard box,random hazards,box,37.0,16.67,17.38,17.24,17.29
02_Hanns_Klemm_Str_44_000005_000170,08,cardboard box,random hazards,box,47.0,12.98,13.75,13.67,13.68
02_Hanns_Klemm_Str_44_000005_000180,08,cardboard box,random hazards,box,63.0,9.69,11.09,11.03,11.05
02_Hanns_Klemm_Str_44_000005_000190,08,cardboard box,random hazards,box,96.0,6.74,8.31,8.22,8.26
02_Hanns_Klemm_Str_44_000006_000160,08,cardboard box,random hazards,obstacle,32.0,17.87,18.05,17.88,17.96
02_Hanns_Klemm_Str_44_000006_000170,08,cardboard box,random hazards,box,39.0,14.29,15.47,15.38,15.41
02_Hanns_Klemm_Str_44_000006_000180,08,cardboard box,random hazards,box,55.0,10.69,11.83,11.73,11.76
02_Hanns_Klemm_Str_44_000006_000180,13,exhaust pipe,random hazards,bicycle,71.0,11.04,12.05,11.87,11.9
02_Hanns_Klemm_Str_44_000006_000190,13,exhaust pipe,random hazards,motorcycle,113.0,7.59,8.61,8.42,8.45
02_Hanns_Klemm_Str_44_000006_000190,08,cardboard box,random hazards,box,82.0,7.34,8.32,8.28,8.3
02_Hanns_Klemm_Str_44_000007_000150,20,tire,random hazards,obstacle,17.0,34.94,38.18,37.52,37.84
02_Hanns_Klemm_Str_44_000007_000190,20,tire,random hazards,obstacle,25.0,23.46,23.77,23.65,23.7
02_Hanns_Klemm_Str_44_000007_000200,20,tire,random hazards,obstacle,30.0,20.28,20.63,20.5,20.54
02_Hanns_Klemm_Str_44_000007_000210,20,tire,random hazards,obstacle,36.0,17.09,17.76,17.6,17.64
02_Hanns_Klemm_Str_44_000007_000220,20,tire,random hazards,obstacle,43.0,13.72,14.97,14.84,14.89
02_Hanns_Klemm_Str_44_000007_000230,20,tire,random hazards,obstacle,62.0,10.22,11.38,11.23,11.27
02_Hanns_Klemm_Str_44_000007_000240,20,tire,random hazards,obstacle,95.0,7.22,8.12,7.96,8.01
02_Hanns_Klemm_Str_44_000008_000150,20,tire,random hazards,obstacle,21.0,30.6,30.34,30.18,30.26
02_Hanns_Klemm_Str_44_000008_000160,20,tire,random hazards,obstacle,21.0,26.35,26.77,26.56,26.65
02_Hanns_Klemm_Str_44_000008_000170,20,tire,random hazards,obstacle,26.0,22.88,24.31,24.18,24.2
02_Hanns_Klemm_Str_44_000008_000210,20,tire,random hazards,obstacle,80.0,8.44,9.24,9.12,9.16
02_Hanns_Klemm_Str_44_000009_000020,02,"crate (black, 2x stacked)",standard objects,traffic cone,20.0,67.22,52.05,49.73,50.08
02_Hanns_Klemm_Str_44_000009_000030,02,"crate (black, 2x stacked)",standard objects,traffic cone,20.0,64.53,52.81,50.85,51.3
02_Hanns_Klemm_Str_44_000009_000040,02,"crate (black, 2x stacked)",standard objects,traffic cone,20.0,64.27,49.98,49.09,49.4
02_Hanns_Klemm_Str_44_000009_000090,02,"crate (black, 2x stacked)",standard objects,traffic barricade,23.0,58.71,59.77,58.06,58.65
02_Hanns_Klemm_Str_44_000009_000100,02,"crate (black, 2x stacked)",standard objects,bicycle,25.0,54.7,58.81,58.1,58.24
02_Hanns_Klemm_Str_44_000009_000120,02,"crate (black, 2x stacked)",standard objects,traffic barricade,29.0,48.38,51.67,50.73,51.02
02_Hanns_Klemm_Str_44_000009_000130,02,"crate (black, 2x stacked)",standard objects,traffic barricade,30.0,44.14,46.52,46.02,46.23
02_Hanns_Klemm_Str_44_000009_000180,02,"crate (black, 2x stacked)",standard objects,construction barrier,52.0,26.13,28.39,28.28,28.35
02_Hanns_Klemm_Str_44_000009_000180,01,crate (black),standard objects,obstacle,27.0,26.49,28.23,28.02,28.12
02_Hanns_Klemm_Str_44_000009_000190,02,"crate (black, 2x stacked)",standard objects,obstacle,65.0,22.58,24.73,24.54,24.63
02_Hanns_Klemm_Str_44_000009_000190,01,crate (black),standard objects,box,31.0,22.63,24.91,24.67,24.73
02_Hanns_Klemm_Str_44_000009_000200,02,"crate (black, 2x stacked)",standard objects,obstacle,78.0,17.93,19.8,19.67,19.72
02_Hanns_Klemm_Str_44_000009_000200,01,crate (black),standard objects,box,38.0,18.04,19.78,19.7,19.73
02_Hanns_Klemm_Str_44_000009_000210,02,"crate (black, 2x stacked)",standard objects,obstacle,103.0,13.54,15.29,15.19,15.23
02_Hanns_Klemm_Str_44_000009_000210,01,crate (black),standard objects,obstacle,52.0,13.69,15.32,15.24,15.27
02_Hanns_Klemm_Str_44_000009_000220,02,"crate (black, 2x stacked)",standard objects,traffic barricade,147.0,9.63,10.8,10.68,10.74
02_Hanns_Klemm_Str_44_000009_000220,01,crate (black),standard objects,obstacle,75.0,9.7,10.9,10.79,10.86
02_Hanns_Klemm_Str_44_000009_000230,02,"crate (black, 2x stacked)",standard objects,box,227.0,6.35,7.26,7.15,7.18
02_Hanns_Klemm_Str_44_000009_000230,01,crate (black),standard objects,box,117.0,6.48,7.49,7.37,7.42
02_Hanns_Klemm_Str_44_000010_000170,05,"crate (gray, 2x stacked)",standard objects,box,30.0,23.53,25.64,25.45,25.54
02_Hanns_Klemm_Str_44_000010_000180,05,"crate (gray, 2x stacked)",standard objects,obstacle,39.0,19.59,21.22,21.13,21.19
02_Hanns_Klemm_Str_44_000010_000190,05,"crate (gray, 2x stacked)",standard objects,box,50.0,15.6,16.76,16.69,16.71
02_Hanns_Klemm_Str_44_000010_000190,04,crate (gray),standard objects,box,30.0,15.8,16.57,16.5,16.52
02_Hanns_Klemm_Str_44_000010_000200,04,crate (gray),standard objects,box,43.0,11.64,12.71,12.64,12.66
02_Hanns_Klemm_Str_44_000010_000200,05,"crate (gray, 2x stacked)",standard objects,box,66.0,11.48,12.82,12.75,12.77
02_Hanns_Klemm_Str_44_000010_000210,05,"crate (gray, 2x stacked)",standard objects,box,108.0,7.7,8.86,8.81,8.82
02_Hanns_Klemm_Str_44_000010_000210,04,crate (gray),standard objects,box,73.0,7.86,8.82,8.78,8.8
02_Hanns_Klemm_Str_44_000011_000200,23,dog (black),emotional hazards,bicycle,46.0,21.3,32.92,31.44,32.04
02_Hanns_Klemm_Str_44_000011_000210,23,dog (black),emotional hazards,dog,57.0,18.03,25.97,24.97,25.48
02_Hanns_Klemm_Str_44_000011_000220,23,dog (black),emotional hazards,dog,71.0,14.78,19.85,18.74,19.16
02_Hanns_Klemm_Str_44_000011_000230,23,dog (black),emotional hazards,dog,90.0,11.62,14.55,14.37,14.44
02_Hanns_Klemm_Str_44_000011_000240,23,dog (black),emotional hazards,dog,118.0,8.99,11.09,10.99,11.02
02_Hanns_Klemm_Str_44_000012_000180,24,dog (white),emotional hazards,dog,31.0,22.21,27.61,25.22,26.03
02_Hanns_Klemm_Str_44_000012_000190,24,dog (white),emotional hazards,dog,47.0,17.9,18.68,17.46,17.77
02_Hanns_Klemm_Str_44_000012_000200,24,dog (white),emotional hazards,dog,59.0,13.31,14.46,14.12,14.27
02_Hanns_Klemm_Str_44_000013_000050,26,bobby car (gray),emotional hazards,car,15.0,62.94,77.26,74.21,75.19
02_Hanns_Klemm_Str_44_000013_000090,26,bobby car (gray),emotional hazards,car,16.0,59.69,65.37,60.61,62.03
02_Hanns_Klemm_Str_44_000013_000100,26,bobby car (gray),emotional hazards,car,17.0,54.49,63.51,60.81,61.39
02_Hanns_Klemm_Str_44_000013_000110,26,bobby car (gray),emotional hazards,car,16.0,51.04,64.1,59.03,60.59
02_Hanns_Klemm_Str_44_000013_000120,26,bobby car (gray),emotional hazards,car,18.0,48.53,63.82,59.22,60.82
02_Hanns_Klemm_Str_44_000013_000130,26,bobby car (gray),emotional hazards,car,19.0,44.62,55.49,51.65,52.67
02_Hanns_Klemm_Str_44_000013_000140,26,bobby car (gray),emotional hazards,car,21.0,41.95,52.27,48.23,49.4
02_Hanns_Klemm_Str_44_000013_000150,26,bobby car (gray),emotional hazards,car,24.0,37.61,48.02,44.78,45.74
02_Hanns_Klemm_Str_44_000013_000160,26,bobby car (gray),emotional hazards,motorcycle,27.0,34.79,43.12,39.82,41.46
02_Hanns_Klemm_Str_44_000013_000170,26,bobby car (gray),emotional hazards,motorcycle,30.0,30.93,39.55,35.72,37.8
02_Hanns_Klemm_Str_44_000013_000180,26,bobby car (gray),emotional hazards,motorcycle,33.0,26.95,34.74,32.23,33.09
02_Hanns_Klemm_Str_44_000013_000190,26,bobby car (gray),emotional hazards,motorcycle,40.0,22.91,26.76,26.02,26.3
02_Hanns_Klemm_Str_44_000013_000200,26,bobby car (gray),emotional hazards,motorcycle,50.0,19.21,22.15,21.63,21.74
02_Hanns_Klemm_Str_44_000013_000210,26,bobby car (gray),emotional hazards,motorcycle,61.0,15.55,17.77,17.53,17.61
02_Hanns_Klemm_Str_44_000013_000220,26,bobby car (gray),emotional hazards,motorcycle,81.0,12.05,14.28,14.06,14.14
02_Hanns_Klemm_Str_44_000013_000230,26,bobby car (gray),emotional hazards,motorcycle,112.0,8.87,10.15,9.98,10.03
02_Hanns_Klemm_Str_44_000014_000130,27,bobby car (red),emotional hazards,car,18.0,45.05,59.25,45.09,53.35
02_Hanns_Klemm_Str_44_000014_000160,27,bobby car (red),emotional hazards,car,25.0,33.43,31.55,29.71,30.23
02_Hanns_Klemm_Str_44_000014_000170,27,bobby car (red),emotional hazards,car,30.0,29.11,28.45,25.28,25.91
02_Hanns_Klemm_Str_44_000014_000180,27,bobby car (red),emotional hazards,car,36.0,25.13,22.18,21.77,21.88
02_Hanns_Klemm_Str_44_000014_000190,27,bobby car (red),emotional hazards,dog,44.0,21.31,21.33,21.0,21.14
02_Hanns_Klemm_Str_44_000014_000200,27,bobby car (red),emotional hazards,motorcycle,56.0,17.55,18.07,17.86,17.9
02_Hanns_Klemm_Str_44_000014_000210,27,bobby car (red),emotional hazards,motorcycle,72.0,13.71,15.51,15.22,15.33
02_Hanns_Klemm_Str_44_000014_000220,27,bobby car (red),emotional hazards,motorcycle,94.0,10.26,11.05,10.89,10.96
02_Hanns_Klemm_Str_44_000015_000140,27,bobby car (red),emotional hazards,person,26.0,32.17,24.36,23.75,23.97
02_Hanns_Klemm_Str_44_000015_000150,27,bobby car (red),emotional hazards,dog,35.0,28.26,24.92,24.44,24.63
02_Hanns_Klemm_Str_44_000015_000160,27,bobby car (red),emotional hazards,dog,39.0,24.97,24.81,24.36,24.48
02_Hanns_Klemm_Str_44_000015_000170,27,bobby car (red),emotional hazards,dog,47.0,21.07,23.61,23.36,23.45
02_Hanns_Klemm_Str_44_000015_000180,27,bobby car (red),emotional hazards,car,56.0,17.83,18.67,18.46,18.52
02_Hanns_Klemm_Str_44_000015_000190,27,bobby car (red),emotional hazards,motorcycle,67.0,14.14,13.7,13.62,13.66
02_Hanns_Klemm_Str_44_000015_000200,27,bobby car (red),emotional hazards,car,93.0,10.82,11.19,11.11,11.13
02_Hanns_Klemm_Str_44_000015_000210,27,bobby car (red),emotional hazards,car,128.0,7.71,8.26,8.14,8.19
02_Hanns_Klemm_Str_44_000016_000120,26,bobby car (gray),emotional hazards,dog,37.0,25.79,20.99,20.68,20.78
02_Hanns_Klemm_Str_44_000016_000130,26,bobby car (gray),emotional hazards,dog,43.0,22.69,21.17,20.76,20.89
02_Hanns_Klemm_Str_44_000016_000140,26,bobby car (gray),emotional hazards,motorcycle,55.0,19.06,20.63,20.35,20.44
02_Hanns_Klemm_Str_44_000016_000150,26,bobby car (gray),emotional hazards,car,64.0,15.65,16.63,16.46,16.52
02_Hanns_Klemm_Str_44_000016_000160,26,bobby car (gray),emotional hazards,car,81.0,12.22,11.88,11.77,11.81
02_Hanns_Klemm_Str_44_000016_000170,26,bobby car (gray),emotional hazards,car,105.0,9.07,9.6,9.51,9.53
02_Hanns_Klemm_Str_44_000016_000180,26,bobby car (gray),emotional hazards,car,156.0,6.4,6.83,6.73,6.77
02_Hanns_Klemm_Str_44_000017_000100,23,dog (black),emotional hazards,dog,28.0,34.64,13.86,13.51,13.65
02_Hanns_Klemm_Str_44_000017_000110,23,dog (black),emotional hazards,dog,34.0,30.94,26.7,26.03,26.38
02_Hanns_Klemm_Str_44_000017_000120,23,dog (black),emotional hazards,dog,39.0,26.67,27.95,27.53,27.74
02_Hanns_Klemm_Str_44_000017_000130,23,dog (black),emotional hazards,dog,45.0,22.98,26.42,25.89,26.02
02_Hanns_Klemm_Str_44_000017_000140,23,dog (black),emotional hazards,dog,55.0,19.01,19.58,19.39,19.45
02_Hanns_Klemm_Str_44_000017_000150,23,dog (black),emotional hazards,dog,69.0,15.04,15.17,15.06,15.1
02_Hanns_Klemm_Str_44_000017_000160,23,dog (black),emotional hazards,dog,92.0,11.45,11.98,11.86,11.89
02_Hanns_Klemm_Str_44_000017_000170,23,dog (black),emotional hazards,dog,132.0,7.92,8.42,8.3,8.32
02_Hanns_Klemm_Str_44_000018_000130,24,dog (white),emotional hazards,dog,23.0,35.56,27.6,26.72,27.09
02_Hanns_Klemm_Str_44_000018_000140,24,dog (white),emotional hazards,dog,25.0,31.41,27.95,26.82,27.18
02_Hanns_Klemm_Str_44_000018_000150,24,dog (white),emotional hazards,dog,30.0,27.73,29.88,28.76,29.29
02_Hanns_Klemm_Str_44_000018_000160,24,dog (white),emotional hazards,dog,33.0,24.1,26.36,26.05,26.13
02_Hanns_Klemm_Str_44_000018_000170,24,dog (white),emotional hazards,dog,38.0,20.61,21.45,21.16,21.26
02_Hanns_Klemm_Str_44_000018_000180,24,dog (white),emotional hazards,dog,44.0,16.97,16.84,16.68,16.75
02_Hanns_Klemm_Str_44_000018_000190,24,dog (white),emotional hazards,dog,58.0,13.84,14.35,14.25,14.31
02_Hanns_Klemm_Str_44_000018_000200,24,dog (white),emotional hazards,dog,75.0,10.4,10.84,10.76,10.79
02_Hanns_Klemm_Str_44_000018_000210,24,dog (white),emotional hazards,dog,112.0,6.94,7.76,7.67,7.7
04_Maurener_Weg_8_000000_000130,05,"crate (gray, 2x stacked)",standard objects,obstacle,26.0,34.75,30.94,30.43,30.62
04_Maurener_Weg_8_000000_000130,06,"crate (gray, upright)",standard objects,construction barrier,44.0,32.38,28.79,28.58,28.66
04_Maurener_Weg_8_000000_000140,04,crate (gray),standard objects,construction barrier,28.0,20.67,19.91,19.7,19.74
04_Maurener_Weg_8_000000_000140,06,"crate (gray, upright)",standard objects,construction barrier,51.0,28.35,24.63,24.33,24.43
04_Maurener_Weg_8_000000_000150,04,crate (gray),standard objects,obstacle,35.0,16.61,16.1,15.92,15.96
04_Maurener_Weg_8_000000_000160,04,crate (gray),standard objects,obstacle,41.0,12.79,13.36,13.26,13.29
04_Maurener_Weg_8_000000_000160,05,"crate (gray, 2x stacked)",standard objects,obstacle,40.0,22.6,20.81,20.64,20.71
04_Maurener_Weg_8_000000_000170,04,crate (gray),standard objects,box,65.0,9.15,10.15,10.04,10.09
04_Maurener_Weg_8_000000_000170,05,"crate (gray, 2x stacked)",standard objects,obstacle,45.0,18.5,18.6,18.43,18.5
04_Maurener_Weg_8_000000_000170,06,"crate (gray, upright)",standard objects,construction barrier,90.0,15.98,16.15,16.07,16.12
04_Maurener_Weg_8_000000_000180,05,"crate (gray, 2x stacked)",standard objects,obstacle,56.0,15.01,15.59,15.4,15.47
04_Maurener_Weg_8_000000_000180,06,"crate (gray, upright)",standard objects,construction barrier,110.0,12.63,13.31,13.23,13.27
04_Maurener_Weg_8_000000_000190,05,"crate (gray, 2x stacked)",standard objects,obstacle,70.0,12.06,12.8,12.67,12.74
04_Maurener_Weg_8_000000_000190,06,"crate (gray, upright)",standard objects,construction barrier,150.0,9.65,10.52,10.47,10.5
04_Maurener_Weg_8_000000_000200,05,"crate (gray, 2x stacked)",standard objects,obstacle,92.0,9.71,10.35,10.18,10.25
04_Maurener_Weg_8_000000_000200,06,"crate (gray, upright)",standard objects,obstacle,201.0,7.22,7.99,7.93,7.96
04_Maurener_Weg_8_000001_000190,03,"crate (black, upright)",standard objects,bicycle,67.0,10.43,11.55,11.46,11.5
04_Maurener_Weg_8_000001_000190,02,"crate (black, 2x stacked)",standard objects,obstacle,71.0,16.08,16.05,15.98,16.0
04_Maurener_Weg_8_000001_000200,03,"crate (black, upright)",standard objects,obstacle,110.0,6.65,7.85,7.79,7.82
04_Maurener_Weg_8_000001_000200,03,"crate (black, upright)",standard objects,obstacle,38.0,18.1,19.18,19.01,19.09
04_Maurener_Weg_8_000001_000210,03,"crate (black, upright)",standard objects,obstacle,48.0,14.97,16.94,16.8,16.83
04_Maurener_Weg_8_000001_000210,02,"crate (black, 2x stacked)",standard objects,obstacle,122.0,9.33,10.84,10.75,10.79
04_Maurener_Weg_8_000002_000050,06,"crate (gray, upright)",standard objects,construction barrier,34.0,45.4,47.87,36.84,42.1
04_Maurener_Weg_8_000002_000070,06,"crate (gray, upright)",standard objects,construction barrier,37.0,40.05,46.55,37.19,45.78
04_Maurener_Weg_8_000002_000100,04,crate (gray),standard objects,obstacle,24.0,19.19,19.62,19.4,19.48
04_Maurener_Weg_8_000002_000100,05,"crate (gray, 2x stacked)",standard objects,box,34.0,21.35,21.85,21.36,21.52
04_Maurener_Weg_8_000002_000110,04,crate (gray),standard objects,box,32.0,15.37,16.09,15.93,16.0
04_Maurener_Weg_8_000002_000110,05,"crate (gray, 2x stacked)",standard objects,box,43.0,18.0,18.19,18.04,18.08
04_Maurener_Weg_8_000002_000110,06,"crate (gray, upright)",standard objects,traffic barricade,57.0,24.03,26.24,23.38,23.65
04_Maurener_Weg_8_000002_000120,04,crate (gray),standard objects,box,39.0,11.76,12.81,12.71,12.76
04_Maurener_Weg_8_000002_000120,05,"crate (gray, 2x stacked)",standard objects,box,58.0,14.18,15.01,14.88,14.93
04_Maurener_Weg_8_000002_000130,04,crate (gray),standard objects,obstacle,64.0,8.39,9.96,9.89,9.93
04_Maurener_Weg_8_000002_000130,05,"crate (gray, 2x stacked)",standard objects,box,74.0,10.93,12.31,12.23,12.25
04_Maurener_Weg_8_000002_000130,06,"crate (gray, upright)",standard objects,obstacle,85.0,16.67,18.13,18.06,18.09
04_Maurener_Weg_8_000002_000140,05,"crate (gray, 2x stacked)",standard objects,box,102.0,8.19,9.59,9.54,9.57
04_Maurener_Weg_8_000002_000140,06,"crate (gray, upright)",standard objects,obstacle,96.0,13.97,15.65,15.57,15.62
04_Maurener_Weg_8_000002_000150,05,"crate (gray, 2x stacked)",standard objects,box,130.0,6.5,7.57,7.53,7.56
04_Maurener_Weg_8_000002_000150,06,"crate (gray, upright)",standard objects,obstacle,112.0,12.11,13.88,13.84,13.86
04_Maurener_Weg_8_000003_000010,02,"crate (black, 2x stacked)",standard objects,bucket,30.0,38.22,34.74,34.42,34.53
04_Maurener_Weg_8_000003_000040,02,"crate (black, 2x stacked)",standard objects,bucket,31.0,36.01,32.27,31.74,31.85
04_Maurener_Weg_8_000003_000060,03,"crate (black, upright)",standard objects,obstacle,26.0,26.12,24.49,24.26,24.34
04_Maurener_Weg_8_000003_000060,02,"crate (black, 2x stacked)",standard objects,box,35.0,31.34,27.9,27.6,27.69
04_Maurener_Weg_8_000003_000070,02,"crate (black, 2x stacked)",standard objects,box,37.0,28.18,25.71,25.4,25.48
04_Maurener_Weg_8_000003_000070,03,"crate (black, upright)",standard objects,box,31.0,23.02,22.25,22.0,22.09
04_Maurener_Weg_8_000003_000080,03,"crate (black, upright)",standard objects,box,36.0,19.89,19.9,19.71,19.78
04_Maurener_Weg_8_000003_000080,02,"crate (black, 2x stacked)",standard objects,box,43.0,25.15,23.76,23.57,23.6
04_Maurener_Weg_8_000003_000090,03,"crate (black, upright)",standard objects,obstacle,42.0,16.64,17.27,17.07,17.13
04_Maurener_Weg_8_000003_000090,02,"crate (black, 2x stacked)",standard objects,box,49.0,21.29,21.14,20.96,21.03
04_Maurener_Weg_8_000003_000100,03,"crate (black, upright)",standard objects,box,55.0,12.72,13.47,13.35,13.39
04_Maurener_Weg_8_000003_000100,02,"crate (black, 2x stacked)",standard objects,box,59.0,17.92,17.58,17.46,17.49
04_Maurener_Weg_8_000003_000100,01,crate (black),standard objects,obstacle,30.0,25.44,24.09,23.93,23.99
04_Maurener_Weg_8_000003_000110,03,"crate (black, upright)",standard objects,box,76.0,9.28,10.6,10.44,10.51
04_Maurener_Weg_8_000003_000110,02,"crate (black, 2x stacked)",standard objects,box,75.0,14.19,15.22,15.14,15.17
04_Maurener_Weg_8_000003_000120,02,"crate (black, 2x stacked)",standard objects,obstacle,93.0,11.11,12.57,12.51,12.55
04_Maurener_Weg_8_000003_000120,01,crate (black),standard objects,bucket,40.0,18.92,20.07,19.96,20.0
04_Maurener_Weg_8_000003_000130,02,"crate (black, 2x stacked)",standard objects,box,122.0,8.62,9.97,9.89,9.94
04_Maurener_Weg_8_000003_000130,01,crate (black),standard objects,box,50.0,16.18,17.91,17.83,17.87
04_Maurener_Weg_8_000003_000140,02,"crate (black, 2x stacked)",standard objects,box,153.0,6.94,8.07,8.0,8.03
04_Maurener_Weg_8_000003_000140,01,crate (black),standard objects,obstacle,58.0,14.57,16.02,15.87,15.9
04_Maurener_Weg_8_000004_000160,21,ball,emotional hazards,ball,40.0,14.07,15.14,15.03,15.08
04_Maurener_Weg_8_000004_000190,15,euro pallet,random hazards,obstacle,46.0,14.7,16.32,15.84,16.0
04_Maurener_Weg_8_000004_000200,15,euro pallet,random hazards,obstacle,60.0,11.23,12.76,12.24,12.48
04_Maurener_Weg_8_000004_000210,15,euro pallet,random hazards,traffic barricade,93.0,8.47,10.1,9.51,9.77
04_Maurener_Weg_8_000005_000050,16,pylon,random hazards,traffic cone,16.0,47.6,40.54,38.48,39.05
04_Maurener_Weg_8_000005_000070,16,pylon,random hazards,traffic cone,15.0,44.71,38.88,37.47,37.86
04_Maurener_Weg_8_000005_000090,18,pylon (white),random hazards,traffic cone,22.0,39.46,39.78,36.18,37.38
04_Maurener_Weg_8_000005_000100,18,pylon (white),random hazards,traffic cone,22.0,36.82,37.09,33.82,34.84
04_Maurener_Weg_8_000005_000100,16,pylon,random hazards,traffic cone,19.0,40.77,35.06,34.28,34.43
04_Maurener_Weg_8_000005_000110,18,pylon (white),random hazards,traffic cone,24.0,34.89,34.09,32.28,32.87
04_Maurener_Weg_8_000005_000110,16,pylon,random hazards,traffic cone,20.0,37.73,32.69,32.07,32.19
04_Maurener_Weg_8_000005_000120,18,pylon (white),random hazards,traffic cone,25.0,31.58,33.98,31.11,32.08
04_Maurener_Weg_8_000005_000120,16,pylon,random hazards,traffic cone,20.0,34.7,32.71,31.66,31.98
04_Maurener_Weg_8_000005_000130,18,pylon (white),random hazards,traffic cone,28.0,28.31,28.45,27.21,27.54
04_Maurener_Weg_8_000005_000130,16,pylon,random hazards,traffic cone,20.0,31.33,29.2,28.84,28.91
04_Maurener_Weg_8_000005_000140,18,pylon (white),random hazards,traffic cone,32.0,25.37,26.72,24.89,25.45
04_Maurener_Weg_8_000005_000140,16,pylon,random hazards,traffic cone,25.0,27.77,25.95,25.49,25.59
04_Maurener_Weg_8_000005_000150,18,pylon (white),random hazards,traffic cone,38.0,21.77,22.13,21.66,21.73
04_Maurener_Weg_8_000005_000150,16,pylon,random hazards,traffic cone,30.0,24.51,23.71,23.24,23.38
04_Maurener_Weg_8_000005_000160,18,pylon (white),random hazards,traffic cone,43.0,18.04,18.65,18.34,18.53
04_Maurener_Weg_8_000005_000160,16,pylon,random hazards,traffic cone,35.0,20.54,20.25,19.92,20.04
04_Maurener_Weg_8_000005_000170,18,pylon (white),random hazards,traffic cone,57.0,14.29,15.92,15.49,15.68
04_Maurener_Weg_8_000005_000170,16,pylon,random hazards,traffic cone,44.0,16.79,16.93,16.76,16.81
04_Maurener_Weg_8_000005_000180,16,pylon,random hazards,traffic cone,52.0,13.88,14.71,14.51,14.59
04_Maurener_Weg_8_000005_000180,18,pylon (white),random hazards,traffic cone,70.0,11.34,13.1,12.89,12.99
04_Maurener_Weg_8_000005_000190,18,pylon (white),random hazards,traffic cone,87.0,9.25,11.07,10.86,10.95
04_Maurener_Weg_8_000005_000190,16,pylon,random hazards,traffic cone,61.0,11.81,13.03,12.88,12.95
04_Maurener_Weg_8_000005_000200,18,pylon (white),random hazards,traffic cone,96.0,8.06,9.71,9.5,9.57
04_Maurener_Weg_8_000005_000200,16,pylon,random hazards,traffic cone,72.0,10.58,11.81,11.66,11.72
04_Maurener_Weg_8_000006_000090,18,pylon (white),random hazards,ball,20.0,30.45,28.47,27.47,27.79
04_Maurener_Weg_8_000006_000100,18,pylon (white),random hazards,ball,24.0,26.46,26.89,25.94,26.3
04_Maurener_Weg_8_000006_000110,18,pylon (white),random hazards,person,29.0,22.5,22.61,22.05,22.25
04_Maurener_Weg_8_000006_000130,18,pylon (white),random hazards,traffic cone,38.0,14.28,15.45,15.13,15.25
04_Maurener_Weg_8_000006_000150,18,pylon (white),random hazards,traffic cone,63.0,8.48,10.07,9.91,9.97
04_Maurener_Weg_8_000007_000120,21,ball,emotional hazards,ball,22.0,22.85,21.54,21.26,21.33
04_Maurener_Weg_8_000007_000140,21,ball,emotional hazards,ball,36.0,13.87,15.04,14.95,14.97
04_Maurener_Weg_8_000007_000150,25,kid dummy,emotional hazards,motorcycle,35.0,10.28,11.26,11.15,11.19
04_Maurener_Weg_8_000007_000160,25,kid dummy,emotional hazards,motorcycle,48.0,7.37,8.81,8.55,8.63
04_Maurener_Weg_8_000007_000160,21,ball,emotional hazards,ball,68.0,7.21,8.57,8.53,8.54
04_Maurener_Weg_8_000007_000170,25,kid dummy,emotional hazards,person,66.0,5.56,7.23,6.93,7.01
04_Maurener_Weg_8_000007_000170,21,ball,emotional hazards,ball,94.0,5.37,6.96,6.9,6.92
04_Maurener_Weg_8_000008_000090,11,crate (green),random hazards,box,18.0,47.86,34.22,33.93,34.02
04_Maurener_Weg_8_000008_000100,11,crate (green),random hazards,box,19.0,42.25,32.94,32.68,32.75
04_Maurener_Weg_8_000008_000130,11,crate (green),random hazards,box,28.0,26.86,24.45,24.21,24.29
04_Maurener_Weg_8_000008_000130,31,plastic bag (bloated),random hazards,traffic barricade,43.0,13.94,13.7,13.56,13.6
04_Maurener_Weg_8_000008_000140,11,crate (green),random hazards,box,34.0,21.55,20.39,20.15,20.24
04_Maurener_Weg_8_000008_000140,31,plastic bag (bloated),random hazards,motorcycle,68.0,8.82,9.35,9.21,9.27
04_Maurener_Weg_8_000008_000150,11,crate (green),random hazards,box,42.0,16.99,17.25,17.05,17.13
04_Maurener_Weg_8_000008_000160,11,crate (green),random hazards,box,55.0,13.03,13.91,13.74,13.8
04_Maurener_Weg_8_000008_000160,31,plastic bag (bloated),random hazards,dog,75.0,6.6,7.75,7.68,7.7
04_Maurener_Weg_8_000008_000170,11,crate (green),random hazards,box,74.0,9.99,10.87,10.71,10.78
04_Maurener_Weg_8_000008_000180,11,crate (green),random hazards,box,98.0,7.8,8.66,8.47,8.55
04_Maurener_Weg_8_000008_000190,11,crate (green),random hazards,box,120.0,6.42,7.7,7.49,7.57
04_Maurener_Weg_8_000008_000200,11,crate (green),random hazards,box,140.0,5.55,6.99,6.77,6.85
04_Maurener_Weg_8_000009_000140,24,dog (white),emotional hazards,dog,20.0,36.21,33.39,32.31,32.63
04_Maurener_Weg_8_000009_000150,24,dog (white),emotional hazards,dog,23.0,31.85,30.61,30.02,30.19
04_Maurener_Weg_8_000009_000160,24,dog (white),emotional hazards,dog,26.0,27.68,26.18,25.91,26.02
04_Maurener_Weg_8_000009_000170,24,dog (white),emotional hazards,dog,31.0,23.04,23.16,22.93,23.01
04_Maurener_Weg_8_000009_000180,24,dog (white),emotional hazards,dog,36.0,19.27,19.98,19.83,19.88
04_Maurener_Weg_8_000009_000190,24,dog (white),emotional hazards,dog,44.0,15.35,16.95,16.73,16.82
04_Maurener_Weg_8_000009_000200,24,dog (white),emotional hazards,dog,59.0,11.9,13.62,13.45,13.54
04_Maurener_Weg_8_000009_000210,24,dog (white),emotional hazards,dog,81.0,8.72,10.63,10.58,10.59
04_Maurener_Weg_8_000010_000100,23,dog (black),emotional hazards,dog,39.0,29.46,26.92,25.77,26.17
04_Maurener_Weg_8_000010_000110,23,dog (black),emotional hazards,dog,43.0,25.23,23.34,22.49,22.58
04_Maurener_Weg_8_000010_000120,23,dog (black),emotional hazards,dog,52.0,20.63,19.51,19.2,19.27
04_Maurener_Weg_8_000010_000130,23,dog (black),emotional hazards,dog,67.0,15.92,16.45,16.35,16.38
04_Maurener_Weg_8_000010_000140,23,dog (black),emotional hazards,dog,91.0,11.86,12.62,12.53,12.56
04_Maurener_Weg_8_000010_000150,23,dog (black),emotional hazards,dog,131.0,8.22,9.27,9.22,9.24
04_Maurener_Weg_8_000011_000030,26,bobby car (gray),emotional hazards,car,17.0,62.04,48.8,48.34,48.4
04_Maurener_Weg_8_000011_000040,26,bobby car (gray),emotional hazards,car,18.0,61.66,49.38,48.64,48.88
04_Maurener_Weg_8_000011_000050,26,bobby car (gray),emotional hazards,car,17.0,61.39,46.88,46.33,46.52
04_Maurener_Weg_8_000011_000070,26,bobby car (gray),emotional hazards,car,20.0,55.62,44.76,43.99,44.21
04_Maurener_Weg_8_000011_000080,26,bobby car (gray),emotional hazards,car,19.0,52.84,43.77,43.32,43.42
04_Maurener_Weg_8_000011_000090,26,bobby car (gray),emotional hazards,car,21.0,50.11,41.82,41.41,41.5
04_Maurener_Weg_8_000011_000100,26,bobby car (gray),emotional hazards,car,23.0,47.01,39.46,39.0,39.13
04_Maurener_Weg_8_000011_000110,26,bobby car (gray),emotional hazards,car,24.0,42.13,36.92,36.48,36.56
04_Maurener_Weg_8_000011_000120,26,bobby car (gray),emotional hazards,car,28.0,37.84,34.51,34.21,34.28
04_Maurener_Weg_8_000011_000130,26,bobby car (gray),emotional hazards,dog,30.0,34.69,31.64,31.33,31.36
04_Maurener_Weg_8_000011_000140,26,bobby car (gray),emotional hazards,dog,33.0,30.78,28.28,28.08,28.18
04_Maurener_Weg_8_000011_000150,26,bobby car (gray),emotional hazards,motorcycle,38.0,26.29,25.15,24.87,24.95
04_Maurener_Weg_8_000011_000160,26,bobby car (gray),emotional hazards,car,46.0,22.81,21.83,21.6,21.68
04_Maurener_Weg_8_000011_000170,26,bobby car (gray),emotional hazards,car,55.0,18.99,18.94,18.77,18.83
04_Maurener_Weg_8_000011_000180,26,bobby car (gray),emotional hazards,car,64.0,15.12,16.21,15.97,16.05
04_Maurener_Weg_8_000011_000190,26,bobby car (gray),emotional hazards,car,84.0,11.58,12.76,12.54,12.62
04_Maurener_Weg_8_000012_000030,27,bobby car (red),emotional hazards,traffic cone,19.0,65.71,48.5,47.28,47.55
04_Maurener_Weg_8_000012_000060,27,bobby car (red),emotional hazards,traffic cone,20.0,61.6,45.56,44.13,44.48
04_Maurener_Weg_8_000012_000080,27,bobby car (red),emotional hazards,traffic cone,22.0,54.27,41.92,41.24,41.51
04_Maurener_Weg_8_000012_000120,27,bobby car (red),emotional hazards,dog,28.0,38.29,31.74,31.4,31.52
04_Maurener_Weg_8_000012_000140,27,bobby car (red),emotional hazards,dog,35.0,28.59,26.33,25.88,26.09
04_Maurener_Weg_8_000012_000150,27,bobby car (red),emotional hazards,dog,43.0,24.58,22.82,22.62,22.68
04_Maurener_Weg_8_000012_000160,27,bobby car (red),emotional hazards,car,54.0,19.74,20.0,19.85,19.91
04_Maurener_Weg_8_000012_000170,27,bobby car (red),emotional hazards,car,70.0,15.63,16.27,16.13,16.19
04_Maurener_Weg_8_000012_000180,27,bobby car (red),emotional hazards,motorcycle,89.0,11.58,12.56,12.35,12.43
04_Maurener_Weg_8_000012_000190,27,bobby car (red),emotional hazards,car,129.0,8.28,9.47,9.25,9.32
04_Maurener_Weg_8_000013_000180,28,bobby car (yellow),emotional hazards,dog,39.0,27.71,27.9,27.4,27.51
04_Maurener_Weg_8_000013_000190,28,bobby car (yellow),emotional hazards,dog,47.0,23.1,23.59,23.3,23.43
04_Maurener_Weg_8_000013_000200,28,bobby car (yellow),emotional hazards,car,55.0,19.39,19.32,19.12,19.17
04_Maurener_Weg_8_000013_000210,28,bobby car (yellow),emotional hazards,motorcycle,66.0,15.86,18.0,17.76,17.86
04_Maurener_Weg_8_000013_000220,28,bobby car (yellow),emotional hazards,motorcycle,84.0,12.64,14.55,14.32,14.41
04_Maurener_Weg_8_000013_000230,28,bobby car (yellow),emotional hazards,motorcycle,113.0,9.49,10.85,10.73,10.76
05_Schafgasse_1_000000_000180,05,"crate (gray, 2x stacked)",standard objects,box,60.0,13.46,14.4,14.34,14.38
05_Schafgasse_1_000000_000190,05,"crate (gray, 2x stacked)",standard objects,obstacle,81.0,10.13,11.21,11.14,11.17
05_Schafgasse_1_000000_000200,05,"crate (gray, 2x stacked)",standard objects,box,124.0,7.13,8.67,8.63,8.65
05_Schafgasse_1_000001_000230,03,"crate (black, upright)",standard objects,box,46.0,15.46,15.76,15.68,15.71
05_Schafgasse_1_000001_000240,03,"crate (black, upright)",standard objects,box,56.0,13.01,13.86,13.79,13.83
05_Schafgasse_1_000001_000250,03,"crate (black, upright)",standard objects,obstacle,69.0,10.79,11.86,11.78,11.81
05_Schafgasse_1_000001_000260,03,"crate (black, upright)",standard objects,obstacle,82.0,8.69,9.99,9.88,9.94
05_Schafgasse_1_000002_000120,18,pylon (white),random hazards,traffic cone,15.0,38.37,36.69,35.38,35.65
05_Schafgasse_1_000002_000150,18,pylon (white),random hazards,traffic cone,17.0,32.82,31.18,30.6,30.74
05_Schafgasse_1_000002_000170,18,pylon (white),random hazards,traffic cone,19.0,27.82,26.49,26.14,26.24
05_Schafgasse_1_000002_000180,18,pylon (white),random hazards,traffic cone,21.0,25.14,23.55,23.11,23.19
05_Schafgasse_1_000002_000190,18,pylon (white),random hazards,ball,24.0,22.0,21.49,21.21,21.27
05_Schafgasse_1_000002_000200,18,pylon (white),random hazards,ball,28.0,18.91,18.98,18.79,18.84
05_Schafgasse_1_000002_000210,08,cardboard box,random hazards,obstacle,26.0,24.34,24.69,24.44,24.51
05_Schafgasse_1_000002_000210,18,pylon (white),random hazards,ball,31.0,15.72,16.32,16.21,16.24
05_Schafgasse_1_000002_000220,18,pylon (white),random hazards,ball,41.0,12.48,14.53,14.36,14.43
05_Schafgasse_1_000002_000230,08,cardboard box,random hazards,box,35.0,18.15,19.16,19.02,19.08
05_Schafgasse_1_000002_000230,18,pylon (white),random hazards,ball,57.0,9.12,10.85,10.73,10.77
05_Schafgasse_1_000003_000140,20,tire,random hazards,obstacle,46.0,13.89,14.68,14.57,14.61
05_Schafgasse_1_000003_000150,20,tire,random hazards,obstacle,61.0,10.63,11.92,11.77,11.81
05_Schafgasse_1_000003_000160,20,tire,random hazards,obstacle,87.0,7.86,9.23,9.06,9.11
05_Schafgasse_1_000004_000130,11,crate (green),random hazards,box,29.0,22.66,23.62,23.49,23.55
05_Schafgasse_1_000004_000130,10,"crate (blue, small)",random hazards,box,25.0,18.62,19.11,18.98,19.04
05_Schafgasse_1_000004_000140,11,crate (green),random hazards,box,37.0,19.53,20.46,20.37,20.39
05_Schafgasse_1_000004_000140,10,"crate (blue, small)",random hazards,box,32.0,15.19,16.63,16.5,16.54
05_Schafgasse_1_000004_000150,10,"crate (blue, small)",random hazards,box,43.0,11.52,13.12,13.01,13.07
05_Schafgasse_1_000004_000150,11,crate (green),random hazards,box,41.0,15.85,16.76,16.69,16.72
05_Schafgasse_1_000004_000160,11,crate (green),random hazards,box,55.0,12.54,13.95,13.9,13.92
05_Schafgasse_1_000004_000160,10,"crate (blue, small)",random hazards,obstacle,68.0,7.99,9.79,9.64,9.69
05_Schafgasse_1_000004_000170,11,crate (green),random hazards,box,74.0,9.57,11.19,11.15,11.16
05_Schafgasse_1_000005_000120,21,ball,emotional hazards,ball,27.0,21.28,23.21,22.99,23.07
05_Schafgasse_1_000005_000130,21,ball,emotional hazards,ball,31.0,18.1,18.77,18.58,18.66
05_Schafgasse_1_000007_000130,20,tire,random hazards,obstacle,30.0,12.21,12.71,12.56,12.61
05_Schafgasse_1_000007_000140,20,tire,random hazards,obstacle,39.0,9.29,10.07,9.94,9.98
05_Schafgasse_1_000007_000150,20,tire,random hazards,obstacle,63.0,6.47,7.44,7.33,7.36
05_Schafgasse_1_000008_000110,14,headlight,random hazards,cat,47.0,13.23,14.22,14.11,14.13
05_Schafgasse_1_000008_000120,14,headlight,random hazards,dog,63.0,9.97,10.85,10.78,10.79
05_Schafgasse_1_000009_000180,23,dog (black),emotional hazards,dog,37.0,28.77,27.55,26.3,26.41
05_Schafgasse_1_000009_000190,23,dog (black),emotional hazards,dog,41.0,25.54,23.82,23.53,23.61
05_Schafgasse_1_000009_000200,23,dog (black),emotional hazards,dog,51.0,21.69,21.58,21.38,21.44
05_Schafgasse_1_000009_000210,23,dog (black),emotional hazards,dog,59.0,18.28,18.52,18.26,18.36
05_Schafgasse_1_000009_000220,23,dog (black),emotional hazards,dog,75.0,14.99,15.06,14.8,14.92
05_Schafgasse_1_000009_000230,23,dog (black),emotional hazards,dog,92.0,11.99,12.85,12.73,12.78
05_Schafgasse_1_000009_000240,23,dog (black),emotional hazards,dog,114.0,9.26,9.81,9.73,9.75
05_Schafgasse_1_000010_000130,24,dog (white),emotional hazards,dog,24.0,31.65,28.99,28.02,28.25
05_Schafgasse_1_000010_000140,24,dog (white),emotional hazards,dog,27.0,27.83,26.77,25.95,26.16
05_Schafgasse_1_000010_000150,24,dog (white),emotional hazards,dog,32.0,23.42,23.34,22.52,22.76
05_Schafgasse_1_000010_000160,24,dog (white),emotional hazards,dog,38.0,19.55,19.89,19.53,19.59
05_Schafgasse_1_000010_000170,24,dog (white),emotional hazards,dog,46.0,15.87,17.18,16.95,17.02
05_Schafgasse_1_000010_000180,24,dog (white),emotional hazards,dog,59.0,12.55,13.89,13.74,13.81
05_Schafgasse_1_000010_000190,24,dog (white),emotional hazards,dog,76.0,9.31,10.69,10.56,10.61
05_Schafgasse_1_000011_000120,27,bobby car (red),emotional hazards,person,29.0,39.08,33.32,32.91,33.0
05_Schafgasse_1_000011_000130,27,bobby car (red),emotional hazards,person,32.0,33.58,31.72,30.94,31.16
05_Schafgasse_1_000011_000140,27,bobby car (red),emotional hazards,car,36.0,28.89,27.68,27.17,27.33
05_Schafgasse_1_000011_000150,27,bobby car (red),emotional hazards,car,41.0,23.8,23.74,23.48,23.58
05_Schafgasse_1_000011_000160,27,bobby car (red),emotional hazards,car,54.0,19.23,19.15,18.96,19.02
05_Schafgasse_1_000011_000170,27,bobby car (red),emotional hazards,motorcycle,71.0,14.17,15.0,14.79,14.89
05_Schafgasse_1_000011_000180,27,bobby car (red),emotional hazards,car,105.0,9.75,11.1,11.0,11.06
05_Schafgasse_1_000012_000180,28,bobby car (yellow),emotional hazards,dog,47.0,22.57,21.85,21.67,21.73
05_Schafgasse_1_000012_000190,28,bobby car (yellow),emotional hazards,car,58.0,18.22,17.6,17.33,17.43
05_Schafgasse_1_000012_000200,28,bobby car (yellow),emotional hazards,car,75.0,14.25,14.3,14.14,14.2
05_Schafgasse_1_000012_000210,28,bobby car (yellow),emotional hazards,car,99.0,10.6,11.4,11.28,11.33
05_Schafgasse_1_000012_000220,28,bobby car (yellow),emotional hazards,car,142.0,7.32,8.81,8.69,8.73
05_Schafgasse_1_000013_000050,26,bobby car (gray),emotional hazards,car,17.0,64.37,54.45,50.77,51.95
05_Schafgasse_1_000013_000080,26,bobby car (gray),emotional hazards,car,22.0,54.04,43.97,43.02,43.23
05_Schafgasse_1_000013_000090,26,bobby car (gray),emotional hazards,car,23.0,51.2,41.15,40.62,40.76
05_Schafgasse_1_000013_000100,26,bobby car (gray),emotional hazards,car,22.0,45.71,36.83,36.42,36.53
05_Schafgasse_1_000013_000110,26,bobby car (gray),emotional hazards,car,25.0,41.84,35.79,35.33,35.43
05_Schafgasse_1_000013_000120,26,bobby car (gray),emotional hazards,car,30.0,36.78,32.45,32.08,32.18
05_Schafgasse_1_000013_000130,26,bobby car (gray),emotional hazards,car,32.0,32.16,28.87,28.38,28.51
05_Schafgasse_1_000013_000140,26,bobby car (gray),emotional hazards,car,39.0,28.02,25.12,24.9,24.96
05_Schafgasse_1_000013_000150,26,bobby car (gray),emotional hazards,car,45.0,23.07,21.11,20.91,20.98
05_Schafgasse_1_000013_000160,26,bobby car (gray),emotional hazards,car,55.0,18.43,17.49,17.33,17.39
05_Schafgasse_1_000013_000170,26,bobby car (gray),emotional hazards,car,69.0,14.2,13.28,13.21,13.22
05_Schafgasse_1_000013_000180,26,bobby car (gray),emotional hazards,car,97.0,10.46,10.75,10.66,10.7
05_Schafgasse_1_000014_000090,24,dog (white),emotional hazards,dog,32.0,32.25,29.21,28.8,28.87
05_Schafgasse_1_000014_000100,24,dog (white),emotional hazards,dog,32.0,28.71,26.33,26.13,26.19
05_Schafgasse_1_000014_000110,24,dog (white),emotional hazards,dog,38.0,25.23,23.38,23.21,23.29
05_Schafgasse_1_000014_000120,24,dog (white),emotional hazards,dog,42.0,21.15,20.79,20.56,20.64
05_Schafgasse_1_000014_000130,24,dog (white),emotional hazards,dog,53.0,17.66,18.0,17.87,17.93
05_Schafgasse_1_000014_000140,24,dog (white),emotional hazards,dog,62.0,14.09,15.18,14.99,15.04
05_Schafgasse_1_000014_000150,24,dog (white),emotional hazards,dog,79.0,11.09,12.42,12.26,12.31
05_Schafgasse_1_000014_000160,24,dog (white),emotional hazards,dog,104.0,8.48,9.78,9.6,9.65
05_Schafgasse_1_000015_000050,27,bobby car (red),emotional hazards,traffic cone,24.0,47.76,40.15,39.74,39.77
05_Schafgasse_1_000015_000060,27,bobby car (red),emotional hazards,person,25.0,43.62,37.52,37.14,37.27
05_Schafgasse_1_000015_000070,27,bobby car (red),emotional hazards,person,26.0,41.34,36.03,35.77,35.82
05_Schafgasse_1_000015_000080,27,bobby car (red),emotional hazards,person,30.0,37.11,32.11,31.73,31.84
05_Schafgasse_1_000015_000090,27,bobby car (red),emotional hazards,person,33.0,33.46,29.06,28.76,28.85
05_Schafgasse_1_000015_000100,27,bobby car (red),emotional hazards,person,36.0,29.06,26.74,26.49,26.57
05_Schafgasse_1_000015_000110,27,bobby car (red),emotional hazards,car,41.0,25.47,23.95,23.8,23.85
05_Schafgasse_1_000015_000120,27,bobby car (red),emotional hazards,car,46.0,21.62,20.49,20.32,20.4
05_Schafgasse_1_000015_000130,27,bobby car (red),emotional hazards,car,55.0,18.15,18.73,18.62,18.66
05_Schafgasse_1_000015_000140,27,bobby car (red),emotional hazards,car,68.0,14.93,15.7,15.61,15.64
05_Schafgasse_1_000015_000150,27,bobby car (red),emotional hazards,car,82.0,12.05,12.42,12.37,12.39
05_Schafgasse_1_000015_000160,27,bobby car (red),emotional hazards,car,104.0,9.41,10.55,10.48,10.51
05_Schafgasse_1_000015_000170,27,bobby car (red),emotional hazards,car,135.0,7.29,8.7,8.65,8.68
05_Schafgasse_1_000016_000150,27,bobby car (red),emotional hazards,car,63.0,16.08,16.1,15.94,16.0
05_Schafgasse_1_000016_000160,27,bobby car (red),emotional hazards,car,80.0,12.51,12.88,12.71,12.76
05_Schafgasse_1_000016_000170,27,bobby car (red),emotional hazards,car,108.0,9.15,10.05,9.87,9.93
05_Schafgasse_1_000017_000080,26,bobby car (gray),emotional hazards,motorcycle,26.0,43.18,40.18,38.37,38.75
05_Schafgasse_1_000017_000090,26,bobby car (gray),emotional hazards,motorcycle,27.0,39.46,36.59,35.54,35.76
05_Schafgasse_1_000017_000100,26,bobby car (gray),emotional hazards,motorcycle,30.0,35.81,34.39,32.7,32.89
05_Schafgasse_1_000017_000110,26,bobby car (gray),emotional hazards,motorcycle,32.0,31.94,29.78,28.75,28.96
05_Schafgasse_1_000017_000120,26,bobby car (gray),emotional hazards,dog,35.0,28.26,26.71,26.54,26.58
05_Schafgasse_1_000017_000130,26,bobby car (gray),emotional hazards,dog,42.0,25.01,23.45,23.27,23.32
05_Schafgasse_1_000017_000140,26,bobby car (gray),emotional hazards,dog,49.0,21.2,20.13,19.97,20.03
05_Schafgasse_1_000017_000150,26,bobby car (gray),emotional hazards,motorcycle,57.0,17.74,16.92,16.8,16.84
05_Schafgasse_1_000017_000160,26,bobby car (gray),emotional hazards,car,70.0,14.1,14.56,14.42,14.45
05_Schafgasse_1_000017_000170,26,bobby car (gray),emotional hazards,motorcycle,92.0,10.89,11.29,11.17,11.21
05_Schafgasse_1_000017_000180,26,bobby car (gray),emotional hazards,motorcycle,127.0,7.91,8.53,8.42,8.46
05_Schafgasse_1_000018_000110,24,dog (white),emotional hazards,dog,43.0,25.71,25.34,24.83,25.05
05_Schafgasse_1_000018_000120,24,dog (white),emotional hazards,dog,50.0,21.02,20.46,20.24,20.31
05_Schafgasse_1_000018_000130,24,dog (white),emotional hazards,dog,62.0,16.71,16.33,16.18,16.26
05_Schafgasse_1_000018_000140,24,dog (white),emotional hazards,dog,77.0,12.49,12.66,12.54,12.59
05_Schafgasse_1_000018_000150,24,dog (white),emotional hazards,dog,111.0,8.45,9.31,9.22,9.26
05_Schafgasse_1_000019_000160,23,dog (black),emotional hazards,dog,44.0,28.7,28.19,27.23,27.45
05_Schafgasse_1_000019_000180,23,dog (black),emotional hazards,dog,58.0,20.05,19.54,19.15,19.24
05_Schafgasse_1_000019_000190,23,dog (black),emotional hazards,dog,68.0,15.91,16.2,16.07,16.12
05_Schafgasse_1_000019_000200,23,dog (black),emotional hazards,dog,88.0,12.12,12.77,12.61,12.67
05_Schafgasse_1_000019_000210,23,dog (black),emotional hazards,dog,125.0,8.76,9.69,9.58,9.6
07_Festplatz_Flugfeld_000000_000210,04,crate (gray),standard objects,traffic barricade,34.0,14.06,16.28,16.2,16.23
07_Festplatz_Flugfeld_000000_000210,05,"crate (gray, 2x stacked)",standard objects,obstacle,32.0,27.28,28.31,28.08,28.14
07_Festplatz_Flugfeld_000000_000220,04,crate (gray),standard objects,obstacle,43.0,10.2,14.03,14.0,14.01
07_Festplatz_Flugfeld_000000_000220,05,"crate (gray, 2x stacked)",standard objects,obstacle,35.0,23.19,28.36,28.2,28.27
07_Festplatz_Flugfeld_000000_000230,05,"crate (gray, 2x stacked)",standard objects,construction barrier,38.0,19.43,23.88,23.7,23.76
07_Festplatz_Flugfeld_000000_000240,05,"crate (gray, 2x stacked)",standard objects,obstacle,51.0,15.84,17.48,17.36,17.39
07_Festplatz_Flugfeld_000000_000250,05,"crate (gray, 2x stacked)",standard objects,obstacle,70.0,12.57,14.2,14.16,14.17
07_Festplatz_Flugfeld_000000_000250,06,"crate (gray, upright)",standard objects,obstacle,80.0,17.61,19.16,19.09,19.13
07_Festplatz_Flugfeld_000000_000260,05,"crate (gray, 2x stacked)",standard objects,obstacle,93.0,9.07,11.92,11.84,11.87
07_Festplatz_Flugfeld_000000_000260,06,"crate (gray, upright)",standard objects,obstacle,97.0,14.11,17.92,17.85,17.89
07_Festplatz_Flugfeld_000001_000120,01,crate (black),standard objects,traffic cone,11.0,64.13,52.98,48.68,49.7
07_Festplatz_Flugfeld_000001_000130,01,crate (black),standard objects,traffic cone,13.0,61.19,46.65,45.1,45.39
07_Festplatz_Flugfeld_000001_000210,03,"crate (black, upright)",standard objects,obstacle,52.0,13.15,16.25,16.18,16.21
07_Festplatz_Flugfeld_000001_000220,03,"crate (black, upright)",standard objects,obstacle,72.0,9.81,13.69,13.63,13.66
07_Festplatz_Flugfeld_000001_000230,01,crate (black),standard objects,box,41.0,19.47,23.35,23.18,23.25
07_Festplatz_Flugfeld_000001_000230,03,"crate (black, upright)",standard objects,obstacle,103.0,7.16,9.48,9.4,9.43
07_Festplatz_Flugfeld_000002_000200,07,bumper,random hazards,car,19.0,96.91,87.56,83.44,84.69
07_Festplatz_Flugfeld_000002_000250,08,cardboard box,random hazards,traffic cone,13.0,70.26,56.65,52.03,53.76
07_Festplatz_Flugfeld_000002_000250,07,bumper,random hazards,car,21.0,81.85,83.09,75.37,79.89
07_Festplatz_Flugfeld_000002_000260,08,cardboard box,random hazards,traffic cone,13.0,66.52,56.8,51.66,53.07
07_Festplatz_Flugfeld_000002_000260,07,bumper,random hazards,car,22.0,79.18,73.16,68.98,70.58
07_Festplatz_Flugfeld_000002_000270,08,cardboard box,random hazards,traffic cone,14.0,65.08,50.22,48.03,48.71
07_Festplatz_Flugfeld_000002_000270,07,bumper,random hazards,car,23.0,74.13,66.36,63.69,64.92
07_Festplatz_Flugfeld_000002_000290,08,cardboard box,random hazards,traffic cone,15.0,55.77,45.99,43.76,44.42
07_Festplatz_Flugfeld_000002_000290,07,bumper,random hazards,car,23.0,64.3,59.48,57.59,58.05
07_Festplatz_Flugfeld_000002_000300,08,cardboard box,random hazards,traffic cone,17.0,50.66,41.86,40.21,40.84
07_Festplatz_Flugfeld_000002_000300,07,bumper,random hazards,car,26.0,61.45,55.14,52.34,52.87
07_Festplatz_Flugfeld_000002_000310,08,cardboard box,random hazards,traffic cone,19.0,48.05,38.1,37.13,37.43
07_Festplatz_Flugfeld_000002_000310,07,bumper,random hazards,car,26.0,57.05,52.29,50.82,51.28
07_Festplatz_Flugfeld_000002_000320,08,cardboard box,random hazards,traffic cone,21.0,42.8,35.6,35.07,35.17
07_Festplatz_Flugfeld_000002_000320,07,bumper,random hazards,car,27.0,51.62,48.22,46.77,47.21
07_Festplatz_Flugfeld_000002_000330,08,cardboard box,random hazards,traffic cone,22.0,39.31,33.84,33.16,33.38
07_Festplatz_Flugfeld_000002_000330,07,bumper,random hazards,car,30.0,48.6,44.1,42.78,43.27
07_Festplatz_Flugfeld_000002_000340,08,cardboard box,random hazards,traffic cone,24.0,35.66,30.64,30.51,30.52
07_Festplatz_Flugfeld_000002_000340,07,bumper,random hazards,car,33.0,43.1,40.75,40.09,40.26
07_Festplatz_Flugfeld_000002_000350,08,cardboard box,random hazards,traffic cone,26.0,31.73,28.93,28.59,28.7
07_Festplatz_Flugfeld_000002_000350,07,bumper,random hazards,car,35.0,40.65,39.39,38.93,39.14
07_Festplatz_Flugfeld_000002_000360,08,cardboard box,random hazards,traffic cone,30.0,28.34,25.23,24.96,25.02
07_Festplatz_Flugfeld_000002_000360,07,bumper,random hazards,car,39.0,36.23,35.41,34.43,34.65
07_Festplatz_Flugfeld_000002_000370,08,cardboard box,random hazards,box,40.0,24.87,21.36,21.17,21.22
07_Festplatz_Flugfeld_000002_000370,07,bumper,random hazards,car,48.0,32.92,31.05,30.23,30.49
07_Festplatz_Flugfeld_000002_000380,08,cardboard box,random hazards,box,42.0,21.24,20.95,20.79,20.86
07_Festplatz_Flugfeld_000002_000380,07,bumper,random hazards,car,49.0,29.28,31.17,30.6,30.69
07_Festplatz_Flugfeld_000002_000390,08,cardboard box,random hazards,box,49.0,18.09,19.91,19.79,19.85
07_Festplatz_Flugfeld_000002_000390,07,bumper,random hazards,car,58.0,25.89,29.3,28.52,28.75
07_Festplatz_Flugfeld_000002_000400,08,cardboard box,random hazards,box,59.0,14.72,16.79,16.65,16.72
07_Festplatz_Flugfeld_000002_000400,07,bumper,random hazards,car,63.0,22.92,26.15,25.54,25.62
07_Festplatz_Flugfeld_000002_000410,08,cardboard box,random hazards,traffic barricade,77.0,11.6,12.43,12.34,12.39
07_Festplatz_Flugfeld_000002_000410,07,bumper,random hazards,car,70.0,19.75,22.15,21.44,21.54
07_Festplatz_Flugfeld_000002_000420,07,bumper,random hazards,car,84.0,16.84,18.06,17.83,17.9
07_Festplatz_Flugfeld_000002_000420,08,cardboard box,random hazards,construction barrier,105.0,8.65,8.84,8.77,8.8
07_Festplatz_Flugfeld_000002_000430,07,bumper,random hazards,car,95.0,14.14,15.93,15.77,15.82
07_Festplatz_Flugfeld_000002_000440,07,bumper,random hazards,car,121.0,11.59,14.15,13.99,14.06
07_Festplatz_Flugfeld_000003_000110,07,bumper,random hazards,car,17.0,87.15,95.35,77.39,79.5
07_Festplatz_Flugfeld_000003_000120,07,bumper,random hazards,car,16.0,82.42,103.79,66.78,78.53
07_Festplatz_Flugfeld_000003_000130,07,bumper,random hazards,car,17.0,79.18,108.29,68.38,94.47
07_Festplatz_Flugfeld_000003_000140,07,bumper,random hazards,car,18.0,76.01,92.44,67.19,70.69
07_Festplatz_Flugfeld_000003_000150,07,bumper,random hazards,car,17.0,72.87,84.87,63.34,65.48
07_Festplatz_Flugfeld_000003_000160,07,bumper,random hazards,car,20.0,66.45,80.36,60.99,63.8
07_Festplatz_Flugfeld_000003_000170,07,bumper,random hazards,car,23.0,63.95,83.35,49.4,50.79
07_Festplatz_Flugfeld_000003_000180,07,bumper,random hazards,motorcycle,24.0,60.28,54.11,48.3,49.24
07_Festplatz_Flugfeld_000003_000190,07,bumper,random hazards,motorcycle,23.0,58.16,56.83,45.92,46.89
07_Festplatz_Flugfeld_000003_000200,07,bumper,random hazards,motorcycle,25.0,53.63,46.19,43.44,44.18
07_Festplatz_Flugfeld_000003_000210,07,bumper,random hazards,car,28.0,51.13,51.29,43.2,44.06
07_Festplatz_Flugfeld_000003_000220,07,bumper,random hazards,motorcycle,29.0,47.44,42.06,39.01,39.77
07_Festplatz_Flugfeld_000003_000230,07,bumper,random hazards,car,31.0,43.27,37.43,35.75,36.25
07_Festplatz_Flugfeld_000003_000240,07,bumper,random hazards,motorcycle,32.0,41.34,38.06,36.09,36.68
07_Festplatz_Flugfeld_000003_000250,07,bumper,random hazards,motorcycle,35.0,37.0,33.59,31.82,32.27
07_Festplatz_Flugfeld_000003_000260,07,bumper,random hazards,bicycle,38.0,34.24,28.71,27.3,27.55
07_Festplatz_Flugfeld_000003_000270,07,bumper,random hazards,motorcycle,43.0,30.74,27.43,26.21,26.45
07_Festplatz_Flugfeld_000003_000280,34,styrofoam,random hazards,obstacle,32.0,11.85,13.55,13.33,13.39
07_Festplatz_Flugfeld_000003_000280,07,bumper,random hazards,motorcycle,51.0,26.76,24.5,23.93,24.03
07_Festplatz_Flugfeld_000003_000290,34,styrofoam,random hazards,obstacle,53.0,8.0,10.22,10.01,10.09
07_Festplatz_Flugfeld_000003_000290,07,bumper,random hazards,motorcycle,56.0,23.24,23.83,23.29,23.42
07_Festplatz_Flugfeld_000003_000300,07,bumper,random hazards,motorcycle,73.0,19.75,20.03,19.25,19.43
07_Festplatz_Flugfeld_000003_000310,07,bumper,random hazards,motorcycle,88.0,16.45,16.42,15.78,16.09
07_Festplatz_Flugfeld_000003_000320,07,bumper,random hazards,motorcycle,114.0,13.15,14.93,14.29,14.63
07_Festplatz_Flugfeld_000003_000330,07,bumper,random hazards,motorcycle,154.0,10.12,13.32,12.42,12.77
07_Festplatz_Flugfeld_000003_000340,07,bumper,random hazards,obstacle,215.0,7.54,9.54,8.72,9.02
07_Festplatz_Flugfeld_000004_000030,20,tire,random hazards,obstacle,14.0,51.41,37.06,36.52,36.67
07_Festplatz_Flugfeld_000004_000060,20,tire,random hazards,obstacle,15.0,48.55,35.1,34.77,34.88
07_Festplatz_Flugfeld_000004_000080,20,tire,random hazards,obstacle,17.0,44.14,32.61,32.21,32.34
07_Festplatz_Flugfeld_000004_000100,20,tire,random hazards,obstacle,20.0,38.09,29.94,29.59,29.68
07_Festplatz_Flugfeld_000004_000110,08,cardboard box,random hazards,obstacle,11.0,40.75,34.39,33.86,34.06
07_Festplatz_Flugfeld_000004_000120,08,cardboard box,random hazards,obstacle,14.0,36.31,31.81,31.4,31.57
07_Festplatz_Flugfeld_000004_000120,20,tire,random hazards,obstacle,24.0,31.38,26.38,26.22,26.28
07_Festplatz_Flugfeld_000004_000130,20,tire,random hazards,obstacle,29.0,28.1,24.51,24.31,24.35
07_Festplatz_Flugfeld_000004_000140,08,cardboard box,random hazards,obstacle,18.0,30.37,26.69,26.5,26.57
07_Festplatz_Flugfeld_000004_000140,20,tire,random hazards,obstacle,34.0,23.81,21.88,21.72,21.75
07_Festplatz_Flugfeld_000004_000150,08,cardboard box,random hazards,obstacle,20.0,26.66,24.41,24.31,24.34
07_Festplatz_Flugfeld_000004_000150,20,tire,random hazards,obstacle,38.0,20.29,19.16,19.05,19.08
07_Festplatz_Flugfeld_000004_000160,08,cardboard box,random hazards,obstacle,21.0,23.61,22.31,22.14,22.2
07_Festplatz_Flugfeld_000004_000160,20,tire,random hazards,obstacle,48.0,17.03,16.6,16.43,16.49
07_Festplatz_Flugfeld_000004_000170,08,cardboard box,random hazards,obstacle,24.0,20.48,19.67,19.56,19.59
07_Festplatz_Flugfeld_000004_000170,20,tire,random hazards,obstacle,56.0,13.72,13.89,13.76,13.8
07_Festplatz_Flugfeld_000004_000180,08,cardboard box,random hazards,obstacle,28.0,17.31,17.87,17.74,17.77
07_Festplatz_Flugfeld_000004_000180,20,tire,random hazards,obstacle,71.0,10.66,11.53,11.37,11.42
07_Festplatz_Flugfeld_000004_000190,08,cardboard box,random hazards,box,37.0,14.72,15.35,15.22,15.26
07_Festplatz_Flugfeld_000004_000190,20,tire,random hazards,obstacle,100.0,7.87,8.6,8.43,8.49
07_Festplatz_Flugfeld_000004_000200,08,cardboard box,random hazards,box,44.0,11.83,12.85,12.74,12.79
07_Festplatz_Flugfeld_000004_000210,08,cardboard box,random hazards,box,61.0,9.21,10.29,10.17,10.23
07_Festplatz_Flugfeld_000004_000220,08,cardboard box,random hazards,box,80.0,6.89,7.94,7.84,7.88
07_Festplatz_Flugfeld_000005_000120,09,crate (blue),random hazards,box,19.0,27.73,25.51,25.23,25.32
07_Festplatz_Flugfeld_000005_000130,09,crate (blue),random hazards,obstacle,25.0,24.88,23.6,23.33,23.42
07_Festplatz_Flugfeld_000005_000140,09,crate (blue),random hazards,box,26.0,21.7,21.04,20.83,20.9
07_Festplatz_Flugfeld_000005_000160,09,crate (blue),random hazards,box,38.0,15.82,16.52,16.42,16.45
07_Festplatz_Flugfeld_000005_000170,09,crate (blue),random hazards,box,44.0,12.9,14.13,14.05,14.07
07_Festplatz_Flugfeld_000005_000180,09,crate (blue),random hazards,box,61.0,10.04,11.2,11.1,11.13
07_Festplatz_Flugfeld_000005_000190,09,crate (blue),random hazards,box,90.0,7.07,8.21,8.09,8.14
07_Festplatz_Flugfeld_000005_000200,13,exhaust pipe,random hazards,ball,99.0,8.56,9.24,9.16,9.19
15_Rechbergstr_Deckenpfronn_000000_000040,39,kid (walking),humans,person,52.0,44.16,45.1,43.84,44.1
15_Rechbergstr_Deckenpfronn_000000_000040,40,kid (on a bobby car),humans,motorcycle,48.0,43.18,44.76,43.77,44.16
15_Rechbergstr_Deckenpfronn_000000_000050,40,kid (on a bobby car),humans,motorcycle,51.0,43.23,44.0,42.88,43.48
15_Rechbergstr_Deckenpfronn_000000_000060,39,kid (walking),humans,person,28.0,44.4,44.86,44.25,44.51
15_Rechbergstr_Deckenpfronn_000000_000060,40,kid (on a bobby car),humans,motorcycle,48.0,43.39,44.4,43.43,43.92
15_Rechbergstr_Deckenpfronn_000000_000070,39,kid (walking),humans,person,31.0,45.04,48.31,45.36,45.62
15_Rechbergstr_Deckenpfronn_000000_000070,40,kid (on a bobby car),humans,motorcycle,49.0,43.31,44.88,43.5,44.27
15_Rechbergstr_Deckenpfronn_000000_000080,39,kid (walking),humans,person,50.0,45.09,46.12,43.88,44.71
15_Rechbergstr_Deckenpfronn_000000_000080,40,kid (on a bobby car),humans,motorcycle,50.0,43.24,45.27,44.07,44.61
15_Rechbergstr_Deckenpfronn_000000_000090,40,kid (on a bobby car),humans,motorcycle,50.0,43.31,43.38,42.45,43.06
15_Rechbergstr_Deckenpfronn_000000_000100,40,kid (on a bobby car),humans,motorcycle,49.0,43.47,43.73,42.86,43.25
15_Rechbergstr_Deckenpfronn_000000_000110,41,kid (on a small bobby car),humans,person,38.0,46.37,46.52,44.69,45.47
15_Rechbergstr_Deckenpfronn_000000_000110,40,kid (on a bobby car),humans,motorcycle,46.0,43.64,45.12,43.83,44.29
15_Rechbergstr_Deckenpfronn_000000_000120,40,kid (on a bobby car),humans,person,45.0,44.11,45.77,44.05,44.46
15_Rechbergstr_Deckenpfronn_000000_000120,41,kid (on a small bobby car),humans,person,37.0,46.99,46.7,45.47,45.81
15_Rechbergstr_Deckenpfronn_000000_000130,40,kid (on a bobby car),humans,person,47.0,45.48,46.06,44.89,45.29
15_Rechbergstr_Deckenpfronn_000000_000130,41,kid (on a small bobby car),humans,person,36.0,47.81,46.79,45.32,45.76
15_Rechbergstr_Deckenpfronn_000000_000140,40,kid (on a bobby car),humans,motorcycle,46.0,47.36,47.93,46.01,46.33
15_Rechbergstr_Deckenpfronn_000000_000140,41,kid (on a small bobby car),humans,person,37.0,47.34,46.87,45.58,45.94
15_Rechbergstr_Deckenpfronn_000000_000150,40,kid (on a bobby car),humans,motorcycle,47.0,48.08,47.42,46.68,46.95
15_Rechbergstr_Deckenpfronn_000000_000150,41,kid (on a small bobby car),humans,person,38.0,47.74,47.15,45.85,46.24
15_Rechbergstr_Deckenpfronn_000000_000160,40,kid (on a bobby car),humans,person,47.0,47.93,46.81,46.16,46.33
15_Rechbergstr_Deckenpfronn_000000_000160,41,kid (on a small bobby car),humans,person,37.0,47.58,46.43,45.53,45.85
15_Rechbergstr_Deckenpfronn_000000_000170,40,kid (on a bobby car),humans,person,48.0,48.64,47.4,46.68,46.97
15_Rechbergstr_Deckenpfronn_000000_000170,41,kid (on a small bobby car),humans,person,37.0,47.76,46.95,45.84,46.16
15_Rechbergstr_Deckenpfronn_000000_000180,40,kid (on a bobby car),humans,person,48.0,47.81,47.39,46.61,46.82
15_Rechbergstr_Deckenpfronn_000000_000180,41,kid (on a small bobby car),humans,person,37.0,47.54,46.68,45.84,46.07
15_Rechbergstr_Deckenpfronn_000001_000040,41,kid (on a small bobby car),humans,person,25.0,62.59,73.3,68.81,69.99
15_Rechbergstr_Deckenpfronn_000001_000040,39,kid (walking),humans,person,34.0,64.3,77.63,72.17,74.75
15_Rechbergstr_Deckenpfronn_000001_000050,41,kid (on a small bobby car),humans,person,26.0,62.04,73.53,68.81,70.1
15_Rechbergstr_Deckenpfronn_000001_000050,39,kid (walking),humans,person,33.0,64.56,74.3,72.76,73.31
15_Rechbergstr_Deckenpfronn_000001_000050,40,kid (on a bobby car),humans,person,28.0,62.46,70.79,69.02,69.85
15_Rechbergstr_Deckenpfronn_000001_000060,41,kid (on a small bobby car),humans,person,26.0,61.57,72.54,67.97,69.38
15_Rechbergstr_Deckenpfronn_000001_000060,40,kid (on a bobby car),humans,person,27.0,63.86,71.76,71.13,71.58
15_Rechbergstr_Deckenpfronn_000001_000060,39,kid (walking),humans,person,35.0,64.82,72.87,71.61,71.77
15_Rechbergstr_Deckenpfronn_000001_000070,41,kid (on a small bobby car),humans,person,26.0,61.81,71.36,66.9,68.3
15_Rechbergstr_Deckenpfronn_000001_000070,40,kid (on a bobby car),humans,person,26.0,63.73,70.52,69.67,70.32
15_Rechbergstr_Deckenpfronn_000001_000070,39,kid (walking),humans,person,35.0,64.05,71.39,70.49,70.55
15_Rechbergstr_Deckenpfronn_000001_000080,40,kid (on a bobby car),humans,person,34.0,63.79,69.41,67.65,68.37
15_Rechbergstr_Deckenpfronn_000001_000080,41,kid (on a small bobby car),humans,person,27.0,62.37,70.48,66.58,67.8
15_Rechbergstr_Deckenpfronn_000001_000080,39,kid (walking),humans,person,35.0,63.64,70.81,69.91,70.17
15_Rechbergstr_Deckenpfronn_000001_000090,39,kid (walking),humans,person,34.0,63.76,73.25,70.03,71.2
15_Rechbergstr_Deckenpfronn_000001_000090,41,kid (on a small bobby car),humans,person,26.0,62.34,70.06,66.95,67.96
15_Rechbergstr_Deckenpfronn_000001_000100,40,kid (on a bobby car),humans,person,34.0,62.86,68.93,67.37,67.94
15_Rechbergstr_Deckenpfronn_000001_000100,41,kid (on a small bobby car),humans,person,27.0,62.46,68.3,65.94,66.71
15_Rechbergstr_Deckenpfronn_000001_000100,39,kid (walking),humans,person,33.0,62.98,68.48,67.26,67.72
15_Rechbergstr_Deckenpfronn_000001_000110,40,kid (on a bobby car),humans,person,36.0,62.8,67.49,65.79,66.44
15_Rechbergstr_Deckenpfronn_000001_000120,41,kid (on a small bobby car),humans,person,26.0,61.54,65.91,65.15,65.29
15_Rechbergstr_Deckenpfronn_000001_000120,40,kid (on a bobby car),humans,person,36.0,63.86,68.49,66.43,67.2
15_Rechbergstr_Deckenpfronn_000001_000130,41,kid (on a small bobby car),humans,person,26.0,61.92,69.56,65.58,66.79
15_Rechbergstr_Deckenpfronn_000001_000130,40,kid (on a bobby car),humans,person,35.0,63.6,68.57,66.35,67.19
15_Rechbergstr_Deckenpfronn_000001_000140,41,kid (on a small bobby car),humans,person,28.0,61.72,72.27,68.3,69.46
15_Rechbergstr_Deckenpfronn_000001_000140,40,kid (on a bobby car),humans,person,35.0,63.76,73.11,70.88,71.67
15_Rechbergstr_Deckenpfronn_000001_000150,41,kid (on a small bobby car),humans,person,27.0,61.75,71.26,67.76,68.88
15_Rechbergstr_Deckenpfronn_000001_000150,40,kid (on a bobby car),humans,person,39.0,63.51,73.46,70.05,70.9
15_Rechbergstr_Deckenpfronn_000001_000160,41,kid (on a small bobby car),humans,person,26.0,61.81,71.9,68.4,69.6
15_Rechbergstr_Deckenpfronn_000001_000160,40,kid (on a bobby car),humans,person,36.0,64.53,72.47,70.35,70.99
15_Rechbergstr_Deckenpfronn_000001_000170,41,kid (on a small bobby car),humans,person,26.0,61.98,71.5,68.1,69.16
15_Rechbergstr_Deckenpfronn_000001_000170,39,kid (walking),humans,person,30.0,64.08,71.46,68.62,69.68
15_Rechbergstr_Deckenpfronn_000001_000180,41,kid (on a small bobby car),humans,person,27.0,62.16,71.61,68.28,69.28
15_Rechbergstr_Deckenpfronn_000001_000180,39,kid (walking),humans,person,31.0,65.21,73.24,70.53,71.47
15_Rechbergstr_Deckenpfronn_000001_000190,41,kid (on a small bobby car),humans,person,26.0,61.66,70.31,67.19,68.2
15_Rechbergstr_Deckenpfronn_000001_000190,39,kid (walking),humans,person,30.0,63.95,72.79,68.03,69.22
15_Rechbergstr_Deckenpfronn_000001_000190,40,kid (on a bobby car),humans,person,38.0,61.63,67.39,65.23,65.88
15_Rechbergstr_Deckenpfronn_000001_000200,40,kid (on a bobby car),humans,motorcycle,15.0,68.36,75.94,73.0,74.39
15_Rechbergstr_Deckenpfronn_000001_000200,41,kid (on a small bobby car),humans,person,27.0,62.22,68.14,65.17,66.14
15_Rechbergstr_Deckenpfronn_000001_000200,40,kid (on a bobby car),humans,motorcycle,29.0,61.89,64.44,62.78,63.39
15_Rechbergstr_Deckenpfronn_000001_000210,41,kid (on a small bobby car),humans,person,26.0,61.89,68.89,65.8,66.9
15_Rechbergstr_Deckenpfronn_000001_000210,40,kid (on a bobby car),humans,motorcycle,15.0,63.29,64.56,62.34,63.21
15_Rechbergstr_Deckenpfronn_000001_000210,40,kid (on a bobby car),humans,motorcycle,34.0,61.13,63.23,61.84,62.4
15_Rechbergstr_Deckenpfronn_000001_000220,41,kid (on a small bobby car),humans,person,26.0,62.07,70.25,67.02,68.13
15_Rechbergstr_Deckenpfronn_000001_000220,40,kid (on a bobby car),humans,motorcycle,21.0,64.59,72.39,71.11,71.62
15_Rechbergstr_Deckenpfronn_000001_000220,40,kid (on a bobby car),humans,motorcycle,34.0,60.93,64.38,62.77,63.42
15_Rechbergstr_Deckenpfronn_000001_000230,40,kid (on a bobby car),humans,motorcycle,18.0,64.33,68.47,66.62,67.82
15_Rechbergstr_Deckenpfronn_000001_000230,41,kid (on a small bobby car),humans,person,27.0,62.65,68.74,65.94,66.91
15_Rechbergstr_Deckenpfronn_000001_000230,40,kid (on a bobby car),humans,bicycle,34.0,60.67,61.35,60.07,60.61
15_Rechbergstr_Deckenpfronn_000001_000240,41,kid (on a small bobby car),humans,motorcycle,26.0,61.6,68.15,66.47,67.05
15_Rechbergstr_Deckenpfronn_000001_000240,40,kid (on a bobby car),humans,bicycle,33.0,61.72,63.36,62.27,62.51
15_Rechbergstr_Deckenpfronn_000001_000250,41,kid (on a small bobby car),humans,bicycle,26.0,62.8,69.25,67.39,68.02
15_Rechbergstr_Deckenpfronn_000001_000250,40,kid (on a bobby car),humans,motorcycle,34.0,61.81,63.47,63.0,63.22
15_Rechbergstr_Deckenpfronn_000001_000260,40,kid (on a bobby car),humans,motorcycle,33.0,61.84,67.48,65.26,66.4
15_Rechbergstr_Deckenpfronn_000001_000270,41,kid (on a small bobby car),humans,motorcycle,26.0,61.84,68.29,66.33,66.92
15_Rechbergstr_Deckenpfronn_000001_000270,40,kid (on a bobby car),humans,motorcycle,33.0,61.78,68.75,66.24,66.79
15_Rechbergstr_Deckenpfronn_000001_000270,39,kid (walking),humans,motorcycle,33.0,64.43,71.54,70.92,71.09
15_Rechbergstr_Deckenpfronn_000001_000280,39,kid (walking),humans,motorcycle,33.0,64.46,74.02,73.23,73.47
15_Rechbergstr_Deckenpfronn_000001_000280,39,kid (walking),humans,person,33.0,63.98,74.23,73.47,73.87
15_Rechbergstr_Deckenpfronn_000001_000280,40,kid (on a bobby car),humans,motorcycle,33.0,61.98,68.69,66.23,66.98
15_Rechbergstr_Deckenpfronn_000001_000290,40,kid (on a bobby car),humans,person,34.0,61.63,66.66,63.73,64.71
15_Rechbergstr_Deckenpfronn_000001_000290,39,kid (walking),humans,person,33.0,63.7,71.84,70.5,71.15
15_Rechbergstr_Deckenpfronn_000001_000290,39,kid (walking),humans,person,34.0,63.57,71.11,69.97,70.36
15_Rechbergstr_Deckenpfronn_000001_000300,40,kid (on a bobby car),humans,motorcycle,34.0,62.04,63.59,62.37,62.65
15_Rechbergstr_Deckenpfronn_000001_000300,39,kid (walking),humans,motorcycle,34.0,64.21,71.67,70.52,70.8
15_Rechbergstr_Deckenpfronn_000002_000130,40,kid (on a bobby car),humans,motorcycle,57.0,41.8,41.69,41.06,41.23
15_Rechbergstr_Deckenpfronn_000002_000140,40,kid (on a bobby car),humans,motorcycle,55.0,37.5,39.32,38.79,38.95
15_Rechbergstr_Deckenpfronn_000002_000150,40,kid (on a bobby car),humans,motorcycle,60.0,35.88,36.83,36.17,36.46
15_Rechbergstr_Deckenpfronn_000002_000160,40,kid (on a bobby car),humans,motorcycle,63.0,33.36,35.13,34.47,34.81
15_Rechbergstr_Deckenpfronn_000002_000170,40,kid (on a bobby car),humans,motorcycle,66.0,31.83,31.46,30.97,31.19
15_Rechbergstr_Deckenpfronn_000002_000180,40,kid (on a bobby car),humans,motorcycle,71.0,31.04,29.92,29.7,29.76
15_Rechbergstr_Deckenpfronn_000003_000120,40,kid (on a bobby car),humans,motorcycle,59.0,36.89,40.35,38.42,38.78
15_Rechbergstr_Deckenpfronn_000003_000130,40,kid (on a bobby car),humans,motorcycle,62.0,35.36,35.49,34.83,35.06
15_Rechbergstr_Deckenpfronn_000003_000140,40,kid (on a bobby car),humans,motorcycle,67.0,31.98,32.82,32.08,32.21
15_Rechbergstr_Deckenpfronn_000003_000150,40,kid (on a bobby car),humans,motorcycle,70.0,30.42,29.63,28.95,29.14
15_Rechbergstr_Deckenpfronn_000003_000160,40,kid (on a bobby car),humans,motorcycle,76.0,28.11,27.46,26.95,27.23
15_Rechbergstr_Deckenpfronn_000003_000170,40,kid (on a bobby car),humans,person,83.0,25.69,26.5,25.45,25.75
15_Rechbergstr_Deckenpfronn_000004_000150,41,kid (on a small bobby car),humans,person,40.0,42.73,42.52,41.78,41.99
15_Rechbergstr_Deckenpfronn_000004_000160,41,kid (on a small bobby car),humans,person,41.0,40.22,40.78,40.28,40.36
15_Rechbergstr_Deckenpfronn_000004_000170,41,kid (on a small bobby car),humans,person,44.0,37.22,39.0,38.28,38.46
15_Rechbergstr_Deckenpfronn_000004_000180,41,kid (on a small bobby car),humans,dog,48.0,35.79,36.62,35.83,36.12
15_Rechbergstr_Deckenpfronn_000004_000190,41,kid (on a small bobby car),humans,person,51.0,32.83,34.62,33.89,34.04
15_Rechbergstr_Deckenpfronn_000004_000200,41,kid (on a small bobby car),humans,person,56.0,31.3,31.11,30.74,30.88
15_Rechbergstr_Deckenpfronn_000004_000210,41,kid (on a small bobby car),humans,motorcycle,59.0,28.25,27.91,27.46,27.6
15_Rechbergstr_Deckenpfronn_000004_000220,41,kid (on a small bobby car),humans,person,65.0,25.91,25.82,25.54,25.67
15_Rechbergstr_Deckenpfronn_000004_000230,41,kid (on a small bobby car),humans,motorcycle,71.0,23.51,23.87,23.53,23.69
15_Rechbergstr_Deckenpfronn_000004_000240,41,kid (on a small bobby car),humans,person,79.0,21.23,21.88,21.61,21.72
15_Rechbergstr_Deckenpfronn_000004_000250,41,kid (on a small bobby car),humans,person,87.0,19.39,20.21,20.02,20.07
15_Rechbergstr_Deckenpfronn_000004_000260,41,kid (on a small bobby car),humans,person,95.0,17.54,18.61,18.32,18.43
15_Rechbergstr_Deckenpfronn_000004_000270,41,kid (on a small bobby car),humans,person,108.0,15.74,17.02,16.72,16.87
15_Rechbergstr_Deckenpfronn_000004_000280,41,kid (on a small bobby car),humans,motorcycle,120.0,14.11,15.26,15.09,15.14
15_Rechbergstr_Deckenpfronn_000004_000290,41,kid (on a small bobby car),humans,person,132.0,13.19,14.23,14.07,14.18
15_Rechbergstr_Deckenpfronn_000005_000020,42,kid (crawling),humans,person,85.0,12.41,13.66,13.49,13.55
15_Rechbergstr_Deckenpfronn_000005_000030,42,kid (crawling),humans,person,82.0,12.47,13.53,13.42,13.47
15_Rechbergstr_Deckenpfronn_000005_000040,42,kid (crawling),humans,person,84.0,12.54,13.63,13.55,13.58
15_Rechbergstr_Deckenpfronn_000005_000050,42,kid (crawling),humans,person,82.0,12.6,13.86,13.75,13.79
15_Rechbergstr_Deckenpfronn_000005_000060,42,kid (crawling),humans,person,74.0,12.66,13.77,13.61,13.66
15_Rechbergstr_Deckenpfronn_000005_000070,42,kid (crawling),humans,person,67.0,12.69,13.75,13.6,13.65
15_Rechbergstr_Deckenpfronn_000005_000080,42,kid (crawling),humans,person,68.0,12.68,13.61,13.5,13.54
15_Rechbergstr_Deckenpfronn_000005_000090,42,kid (crawling),humans,person,69.0,12.71,13.74,13.62,13.67
15_Rechbergstr_Deckenpfronn_000005_000100,42,kid (crawling),humans,person,76.0,12.71,13.64,13.54,13.58
15_Rechbergstr_Deckenpfronn_000006_000090,39,kid (walking),humans,person,45.0,48.24,51.77,50.89,51.23
15_Rechbergstr_Deckenpfronn_000006_000100,39,kid (walking),humans,person,47.0,45.15,49.43,47.75,47.97
15_Rechbergstr_Deckenpfronn_000006_000110,39,kid (walking),humans,person,49.0,43.56,45.04,43.82,44.25
15_Rechbergstr_Deckenpfronn_000006_000120,39,kid (walking),humans,person,52.0,42.37,42.33,41.31,41.51
15_Rechbergstr_Deckenpfronn_000006_000130,39,kid (walking),humans,person,53.0,41.58,41.35,40.63,40.84
15_Rechbergstr_Deckenpfronn_000006_000140,39,kid (walking),humans,person,55.0,40.46,40.42,40.12,40.22
15_Rechbergstr_Deckenpfronn_000006_000160,39,kid (walking),humans,person,68.0,36.15,37.72,36.91,37.18
15_Rechbergstr_Deckenpfronn_000006_000170,39,kid (walking),humans,person,72.0,33.22,38.02,36.97,37.34
15_Rechbergstr_Deckenpfronn_000006_000180,39,kid (walking),humans,person,75.0,31.62,33.12,32.4,32.63
15_Rechbergstr_Deckenpfronn_000006_000190,39,kid (walking),humans,person,79.0,29.68,30.99,30.43,30.64
15_Rechbergstr_Deckenpfronn_000006_000200,39,kid (walking),humans,person,84.0,28.1,27.77,27.37,27.55
15_Rechbergstr_Deckenpfronn_000006_000210,39,kid (walking),humans,person,89.0,26.16,26.0,25.51,25.64
15_Rechbergstr_Deckenpfronn_000006_000220,39,kid (walking),humans,person,98.0,25.04,25.52,25.08,25.2
15_Rechbergstr_Deckenpfronn_000006_000230,39,kid (walking),humans,person,103.0,23.08,22.93,22.66,22.76
15_Rechbergstr_Deckenpfronn_000006_000230,39,kid (walking),humans,person,95.0,23.73,25.02,24.43,24.68
15_Rechbergstr_Deckenpfronn_000006_000240,39,kid (walking),humans,person,101.0,22.19,22.84,22.46,22.57
15_Rechbergstr_Deckenpfronn_000006_000250,39,kid (walking),humans,person,110.0,20.55,21.51,21.24,21.32
15_Rechbergstr_Deckenpfronn_000006_000260,39,kid (walking),humans,person,118.0,19.23,19.97,19.74,19.81
15_Rechbergstr_Deckenpfronn_000006_000270,39,kid (walking),humans,person,126.0,18.01,18.85,18.48,18.57
15_Rechbergstr_Deckenpfronn_000006_000280,39,kid (walking),humans,person,135.0,16.78,17.12,17.0,17.04
15_Rechbergstr_Deckenpfronn_000006_000320,39,kid (walking),humans,person,198.0,11.95,13.2,13.09,13.14
15_Rechbergstr_Deckenpfronn_000006_000330,39,kid (walking),humans,person,208.0,11.0,12.56,12.42,12.48
15_Rechbergstr_Deckenpfronn_000006_000340,39,kid (walking),humans,person,218.0,10.55,11.97,11.76,11.85
15_Rechbergstr_Deckenpfronn_000006_000350,39,kid (walking),humans,person,233.0,10.21,11.48,11.31,11.38
15_Rechbergstr_Deckenpfronn_000007_000050,39,kid (walking),humans,person,46.0,50.76,52.62,51.11,51.57
15_Rechbergstr_Deckenpfronn_000007_000060,39,kid (walking),humans,person,46.0,50.35,50.99,50.04,50.4
15_Rechbergstr_Deckenpfronn_000007_000070,39,kid (walking),humans,person,45.0,49.94,49.5,48.39,48.77
15_Rechbergstr_Deckenpfronn_000007_000080,39,kid (walking),humans,person,47.0,49.5,49.27,48.37,48.62
15_Rechbergstr_Deckenpfronn_000007_000090,39,kid (walking),humans,person,48.0,49.38,50.47,48.4,48.8
15_Rechbergstr_Deckenpfronn_000007_000150,39,kid (walking),humans,person,64.0,38.21,40.04,39.53,39.7
15_Rechbergstr_Deckenpfronn_000007_000160,39,kid (walking),humans,person,65.0,36.33,37.82,37.15,37.25
15_Rechbergstr_Deckenpfronn_000007_000170,39,kid (walking),humans,person,68.0,34.63,34.88,34.27,34.41
15_Rechbergstr_Deckenpfronn_000007_000180,39,kid (walking),humans,person,74.0,31.96,33.62,32.72,33.08
15_Rechbergstr_Deckenpfronn_000007_000190,39,kid (walking),humans,person,78.0,29.63,31.38,30.2,30.95
15_Rechbergstr_Deckenpfronn_000007_000200,39,kid (walking),humans,person,84.0,27.9,29.21,28.72,28.85
15_Rechbergstr_Deckenpfronn_000007_000230,39,kid (walking),humans,person,98.0,22.7,25.01,24.59,24.89
15_Rechbergstr_Deckenpfronn_000007_000240,39,kid (walking),humans,person,105.0,21.11,22.87,22.65,22.77
15_Rechbergstr_Deckenpfronn_000007_000250,39,kid (walking),humans,person,110.0,19.78,22.03,21.84,21.9
15_Rechbergstr_Deckenpfronn_000007_000260,39,kid (walking),humans,person,117.0,18.57,21.32,21.12,21.2
15_Rechbergstr_Deckenpfronn_000007_000270,39,kid (walking),humans,person,125.0,17.83,20.14,19.75,19.82
15_Rechbergstr_Deckenpfronn_000007_000280,39,kid (walking),humans,person,132.0,16.9,18.71,18.23,18.4
15_Rechbergstr_Deckenpfronn_000007_000350,39,kid (walking),humans,person,150.0,14.55,16.79,16.69,16.73
15_Rechbergstr_Deckenpfronn_000007_000360,39,kid (walking),humans,person,152.0,14.74,16.92,16.8,16.85
