frame,label,type,group,box_height_px,true_m,depth-pro_median,depth-pro_p10,depth-pro_p25
02_Hanns_Klemm_Str_44_000000_000020,05,"crate (gray, 2x stacked)",standard objects,12.0,62.8,55.5,55.33,55.33
02_Hanns_Klemm_Str_44_000000_000060,05,"crate (gray, 2x stacked)",standard objects,14.0,53.3,50.41,49.89,50.41
02_Hanns_Klemm_Str_44_000000_000100,05,"crate (gray, 2x stacked)",standard objects,19.0,39.82,33.36,32.87,33.22
02_Hanns_Klemm_Str_44_000000_000140,05,"crate (gray, 2x stacked)",standard objects,34.0,22.13,23.39,23.18,23.32
02_Hanns_Klemm_Str_44_000000_000180,05,"crate (gray, 2x stacked)",standard objects,120.0,7.16,7.51,7.41,7.44
02_Hanns_Klemm_Str_44_000001_000040,05,"crate (gray, 2x stacked)",standard objects,13.0,59.22,61.31,59.69,59.69
02_Hanns_Klemm_Str_44_000001_000040,04,crate (gray),standard objects,8.0,57.15,59.69,58.16,58.56
02_Hanns_Klemm_Str_44_000001_000080,05,"crate (gray, 2x stacked)",standard objects,15.0,49.69,52.91,51.55,52.75
02_Hanns_Klemm_Str_44_000001_000080,04,crate (gray),standard objects,9.0,49.94,52.41,51.55,51.55
02_Hanns_Klemm_Str_44_000001_000120,05,"crate (gray, 2x stacked)",standard objects,19.0,37.86,26.52,26.07,26.35
02_Hanns_Klemm_Str_44_000001_000120,04,crate (gray),standard objects,11.0,38.76,26.38,26.07,26.1
02_Hanns_Klemm_Str_44_000001_000160,05,"crate (gray, 2x stacked)",standard objects,33.0,23.13,20.08,20.07,20.07
02_Hanns_Klemm_Str_44_000001_000160,04,crate (gray),standard objects,19.0,23.54,19.99,19.9,19.9
02_Hanns_Klemm_Str_44_000001_000200,05,"crate (gray, 2x stacked)",standard objects,105.0,7.93,8.32,8.22,8.27
02_Hanns_Klemm_Str_44_000001_000200,04,crate (gray),standard objects,70.0,7.99,8.29,8.19,8.22
02_Hanns_Klemm_Str_44_000002_000040,02,"crate (black, 2x stacked)",standard objects,23.0,58.42,59.69,56.71,57.84
02_Hanns_Klemm_Str_44_000002_000040,01,crate (black),standard objects,10.0,57.87,55.33,55.33,55.33
02_Hanns_Klemm_Str_44_000002_000080,02,"crate (black, 2x stacked)",standard objects,28.0,49.14,55.45,54.01,54.17
02_Hanns_Klemm_Str_44_000002_000080,01,crate (black),standard objects,14.0,48.2,53.85,52.75,52.75
02_Hanns_Klemm_Str_44_000002_000120,01,crate (black),standard objects,19.0,33.73,30.65,30.24,30.38
02_Hanns_Klemm_Str_44_000002_000120,02,"crate (black, 2x stacked)",standard objects,40.0,33.43,31.38,30.24,30.63
02_Hanns_Klemm_Str_44_000002_000160,02,"crate (black, 2x stacked)",standard objects,87.0,15.94,14.92,14.63,14.73
02_Hanns_Klemm_Str_44_000002_000160,01,crate (black),standard objects,42.0,16.07,14.88,14.83,14.83
02_Hanns_Klemm_Str_44_000003_000020,20,tire,random hazards,9.0,62.98,55.33,54.01,54.01
02_Hanns_Klemm_Str_44_000003_000020,34,styrofoam,random hazards,6.0,63.42,54.01,54.01,54.01
02_Hanns_Klemm_Str_44_000003_000060,20,tire,random hazards,10.0,54.2,54.01,53.1,53.97
02_Hanns_Klemm_Str_44_000003_000060,34,styrofoam,random hazards,8.0,52.78,54.01,52.75,52.98
02_Hanns_Klemm_Str_44_000003_000100,20,tire,random hazards,15.0,39.29,29.88,29.52,29.85
02_Hanns_Klemm_Str_44_000003_000100,34,styrofoam,random hazards,11.0,39.63,29.99,29.85,29.85
02_Hanns_Klemm_Str_44_000003_000140,20,tire,random hazards,27.0,22.01,19.55,19.39,19.48
02_Hanns_Klemm_Str_44_000003_000140,34,styrofoam,random hazards,19.0,22.25,19.55,19.52,19.55
02_Hanns_Klemm_Str_44_000005_000020,08,cardboard box,random hazards,10.0,60.42,54.33,54.01,54.01
02_Hanns_Klemm_Str_44_000005_000020,13,exhaust pipe,random hazards,10.0,60.3,54.01,54.01,54.01
02_Hanns_Klemm_Str_44_000005_000060,08,cardboard box,random hazards,10.0,53.48,50.41,50.41,50.41
02_Hanns_Klemm_Str_44_000005_000060,13,exhaust pipe,random hazards,9.0,52.82,51.37,50.41,50.41
02_Hanns_Klemm_Str_44_000005_000100,13,exhaust pipe,random hazards,14.0,40.54,35.39,34.9,34.9
02_Hanns_Klemm_Str_44_000005_000100,08,cardboard box,random hazards,14.0,40.37,34.9,34.37,34.37
02_Hanns_Klemm_Str_44_000005_000140,08,cardboard box,random hazards,25.0,24.19,20.44,20.44,20.44
02_Hanns_Klemm_Str_44_000005_000140,13,exhaust pipe,random hazards,26.0,24.75,21.08,20.86,20.99
02_Hanns_Klemm_Str_44_000005_000180,08,cardboard box,random hazards,63.0,9.69,9.61,9.53,9.54
02_Hanns_Klemm_Str_44_000005_000180,13,exhaust pipe,random hazards,65.0,10.26,10.08,9.86,9.9
02_Hanns_Klemm_Str_44_000006_000030,13,exhaust pipe,random hazards,11.0,47.44,41.43,39.69,40.35
02_Hanns_Klemm_Str_44_000006_000030,08,cardboard box,random hazards,10.0,51.8,41.53,40.51,40.78
02_Hanns_Klemm_Str_44_000006_000070,13,exhaust pipe,random hazards,15.0,46.95,38.94,37.19,37.85
02_Hanns_Klemm_Str_44_000006_000070,08,cardboard box,random hazards,12.0,45.26,40.69,38.94,39.8
02_Hanns_Klemm_Str_44_000006_000110,13,exhaust pipe,random hazards,18.0,34.67,25.55,24.93,25.0
02_Hanns_Klemm_Str_44_000006_000110,08,cardboard box,random hazards,15.0,34.35,25.78,25.62,25.78
02_Hanns_Klemm_Str_44_000006_000150,13,exhaust pipe,random hazards,33.0,21.58,20.45,20.3,20.44
02_Hanns_Klemm_Str_44_000006_000150,08,cardboard box,random hazards,27.0,21.27,20.25,20.17,20.25
02_Hanns_Klemm_Str_44_000006_000190,13,exhaust pipe,random hazards,113.0,7.59,8.18,7.97,8.04
02_Hanns_Klemm_Str_44_000006_000190,08,cardboard box,random hazards,82.0,7.34,7.96,7.93,7.95
02_Hanns_Klemm_Str_44_000007_000040,20,tire,random hazards,10.0,56.75,43.62,40.33,42.5
02_Hanns_Klemm_Str_44_000007_000080,20,tire,random hazards,11.0,53.13,47.26,46.29,46.44
02_Hanns_Klemm_Str_44_000007_000120,20,tire,random hazards,14.0,43.31,36.59,36.49,36.59
02_Hanns_Klemm_Str_44_000007_000160,20,tire,random hazards,18.0,32.51,29.85,29.85,29.85
02_Hanns_Klemm_Str_44_000007_000200,20,tire,random hazards,30.0,20.28,19.72,19.72,19.72
02_Hanns_Klemm_Str_44_000007_000240,20,tire,random hazards,95.0,7.22,7.69,7.64,7.64
02_Hanns_Klemm_Str_44_000008_000040,20,tire,random hazards,9.0,61.92,55.52,54.21,55.2
02_Hanns_Klemm_Str_44_000008_000080,20,tire,random hazards,11.0,55.38,49.41,49.31,49.31
02_Hanns_Klemm_Str_44_000008_000120,20,tire,random hazards,15.0,40.77,37.19,37.19,37.19
02_Hanns_Klemm_Str_44_000008_000160,20,tire,random hazards,21.0,26.35,26.38,26.18,26.35
02_Hanns_Klemm_Str_44_000008_000200,20,tire,random hazards,54.0,11.87,12.18,12.07,12.11
02_Hanns_Klemm_Str_44_000009_000030,02,"crate (black, 2x stacked)",standard objects,20.0,64.53,55.2,54.01,54.01
02_Hanns_Klemm_Str_44_000009_000030,01,crate (black),standard objects,10.0,66.25,55.33,54.01,54.41
02_Hanns_Klemm_Str_44_000009_000070,02,"crate (black, 2x stacked)",standard objects,22.0,63.01,62.58,59.69,61.31
02_Hanns_Klemm_Str_44_000009_000070,01,crate (black),standard objects,11.0,61.19,61.31,60.09,61.31
02_Hanns_Klemm_Str_44_000009_000110,02,"crate (black, 2x stacked)",standard objects,26.0,50.97,47.54,46.98,47.26
02_Hanns_Klemm_Str_44_000009_000110,01,crate (black),standard objects,14.0,51.87,48.26,47.26,48.17
02_Hanns_Klemm_Str_44_000009_000150,02,"crate (black, 2x stacked)",standard objects,36.0,37.31,29.46,29.14,29.42
02_Hanns_Klemm_Str_44_000009_000150,01,crate (black),standard objects,19.0,37.96,29.46,29.08,29.26
02_Hanns_Klemm_Str_44_000009_000190,02,"crate (black, 2x stacked)",standard objects,65.0,22.58,26.1,25.2,25.78
02_Hanns_Klemm_Str_44_000009_000190,01,crate (black),standard objects,31.0,22.63,25.38,24.93,25.05
02_Hanns_Klemm_Str_44_000009_000230,02,"crate (black, 2x stacked)",standard objects,227.0,6.35,7.17,7.06,7.1
02_Hanns_Klemm_Str_44_000009_000230,01,crate (black),standard objects,117.0,6.48,7.32,7.2,7.25
02_Hanns_Klemm_Str_44_000010_000040,05,"crate (gray, 2x stacked)",standard objects,11.0,62.62,55.33,54.01,54.13
02_Hanns_Klemm_Str_44_000010_000040,04,crate (gray),standard objects,7.0,62.89,56.71,55.33,55.45
02_Hanns_Klemm_Str_44_000010_000080,05,"crate (gray, 2x stacked)",standard objects,12.0,57.48,56.71,55.33,55.71
02_Hanns_Klemm_Str_44_000010_000080,04,crate (gray),standard objects,7.0,60.29,57.79,56.68,56.71
02_Hanns_Klemm_Str_44_000010_000120,05,"crate (gray, 2x stacked)",standard objects,16.0,42.63,37.19,36.96,37.19
02_Hanns_Klemm_Str_44_000010_000120,04,crate (gray),standard objects,11.0,43.28,37.19,36.59,36.6
02_Hanns_Klemm_Str_44_000010_000160,05,"crate (gray, 2x stacked)",standard objects,29.0,27.84,27.33,27.0,27.05
02_Hanns_Klemm_Str_44_000010_000160,04,crate (gray),standard objects,18.0,27.92,26.91,26.61,26.69
02_Hanns_Klemm_Str_44_000010_000200,04,crate (gray),standard objects,43.0,11.64,12.13,12.07,12.11
02_Hanns_Klemm_Str_44_000010_000200,05,"crate (gray, 2x stacked)",standard objects,66.0,11.48,12.13,12.05,12.07
02_Hanns_Klemm_Str_44_000011_000040,23,dog (black),emotional hazards,16.0,72.47,73.77,73.17,73.17
02_Hanns_Klemm_Str_44_000011_000080,23,dog (black),emotional hazards,16.0,70.68,66.72,60.8,66.72
02_Hanns_Klemm_Str_44_000011_000120,23,dog (black),emotional hazards,21.0,54.66,46.8,46.29,46.29
02_Hanns_Klemm_Str_44_000011_000160,23,dog (black),emotional hazards,29.0,36.3,34.37,32.71,33.62
02_Hanns_Klemm_Str_44_000011_000200,23,dog (black),emotional hazards,46.0,21.3,23.04,22.02,22.24
02_Hanns_Klemm_Str_44_000011_000240,23,dog (black),emotional hazards,118.0,8.99,11.17,11.0,11.07
02_Hanns_Klemm_Str_44_000012_000050,24,dog (white),emotional hazards,7.0,67.6,63.9,51.26,59.36
02_Hanns_Klemm_Str_44_000012_000090,24,dog (white),emotional hazards,8.0,59.36,71.2,58.07,66.47
02_Hanns_Klemm_Str_44_000012_000130,24,dog (white),emotional hazards,10.0,42.51,54.99,39.62,49.58
02_Hanns_Klemm_Str_44_000012_000170,24,dog (white),emotional hazards,23.0,26.63,21.58,19.53,20.46
02_Hanns_Klemm_Str_44_000013_000020,26,bobby car (gray),emotional hazards,13.0,67.11,87.24,78.8,82.49
02_Hanns_Klemm_Str_44_000013_000060,26,bobby car (gray),emotional hazards,15.0,62.56,87.24,77.73,81.47
02_Hanns_Klemm_Str_44_000013_000100,26,bobby car (gray),emotional hazards,17.0,54.49,73.62,61.31,65.34
02_Hanns_Klemm_Str_44_000013_000140,26,bobby car (gray),emotional hazards,21.0,41.95,49.62,44.7,47.13
02_Hanns_Klemm_Str_44_000013_000180,26,bobby car (gray),emotional hazards,33.0,26.95,21.35,20.88,21.03
02_Hanns_Klemm_Str_44_000013_000220,26,bobby car (gray),emotional hazards,81.0,12.05,11.63,11.46,11.51
02_Hanns_Klemm_Str_44_000014_000040,27,bobby car (red),emotional hazards,11.0,74.91,78.22,64.42,72.19
02_Hanns_Klemm_Str_44_000014_000080,27,bobby car (red),emotional hazards,12.0,69.54,75.61,63.9,70.82
02_Hanns_Klemm_Str_44_000014_000120,27,bobby car (red),emotional hazards,16.0,48.95,48.65,42.86,47.26
02_Hanns_Klemm_Str_44_000014_000160,27,bobby car (red),emotional hazards,25.0,33.43,26.91,24.01,26.38
02_Hanns_Klemm_Str_44_000014_000200,27,bobby car (red),emotional hazards,56.0,17.55,11.87,11.57,11.75
02_Hanns_Klemm_Str_44_000015_000060,27,bobby car (red),emotional hazards,8.0,50.0,44.23,38.8,42.76
02_Hanns_Klemm_Str_44_000015_000100,27,bobby car (red),emotional hazards,10.0,41.04,40.15,35.63,37.49
02_Hanns_Klemm_Str_44_000015_000140,27,bobby car (red),emotional hazards,26.0,32.17,27.33,25.49,26.69
02_Hanns_Klemm_Str_44_000015_000180,27,bobby car (red),emotional hazards,56.0,17.83,15.02,14.92,14.96
02_Hanns_Klemm_Str_44_000016_000020,26,bobby car (gray),emotional hazards,10.0,45.07,36.9,31.25,32.93
02_Hanns_Klemm_Str_44_000016_000060,26,bobby car (gray),emotional hazards,11.0,44.07,40.42,36.29,38.12
02_Hanns_Klemm_Str_44_000016_000100,26,bobby car (gray),emotional hazards,15.0,32.71,40.15,26.15,30.35
02_Hanns_Klemm_Str_44_000016_000140,26,bobby car (gray),emotional hazards,55.0,19.06,18.44,18.33,18.44
02_Hanns_Klemm_Str_44_000016_000180,26,bobby car (gray),emotional hazards,156.0,6.4,6.39,6.28,6.34
02_Hanns_Klemm_Str_44_000017_000050,23,dog (black),emotional hazards,13.0,48.93,43.83,39.62,42.8
02_Hanns_Klemm_Str_44_000017_000090,23,dog (black),emotional hazards,19.0,37.58,34.71,28.18,33.86
02_Hanns_Klemm_Str_44_000017_000130,23,dog (black),emotional hazards,45.0,22.98,21.75,21.4,21.6
02_Hanns_Klemm_Str_44_000017_000170,23,dog (black),emotional hazards,132.0,7.92,8.44,8.25,8.35
02_Hanns_Klemm_Str_44_000018_000110,24,dog (white),emotional hazards,11.0,42.68,31.73,29.25,30.14
02_Hanns_Klemm_Str_44_000018_000150,24,dog (white),emotional hazards,30.0,27.73,24.9,24.53,24.66
02_Hanns_Klemm_Str_44_000018_000190,24,dog (white),emotional hazards,58.0,13.84,13.0,12.82,12.89
04_Maurener_Weg_8_000000_000030,04,crate (gray),standard objects,9.0,62.86,39.11,37.81,38.45
04_Maurener_Weg_8_000000_000030,05,"crate (gray, 2x stacked)",standard objects,12.0,72.3,42.98,42.01,42.08
04_Maurener_Weg_8_000000_000030,06,"crate (gray, upright)",standard objects,21.0,71.32,42.8,42.01,42.01
04_Maurener_Weg_8_000000_000070,04,crate (gray),standard objects,11.0,51.21,40.51,39.8,39.99
04_Maurener_Weg_8_000000_000070,05,"crate (gray, 2x stacked)",standard objects,14.0,60.84,46.29,45.37,45.8
04_Maurener_Weg_8_000000_000070,06,"crate (gray, upright)",standard objects,25.0,59.39,45.7,44.24,45.14
04_Maurener_Weg_8_000000_000110,04,crate (gray),standard objects,18.0,32.78,31.51,31.11,31.51
04_Maurener_Weg_8_000000_000110,05,"crate (gray, 2x stacked)",standard objects,20.0,42.43,37.81,37.19,37.63
04_Maurener_Weg_8_000000_000110,06,"crate (gray, upright)",standard objects,34.0,42.64,35.44,34.9,35.29
04_Maurener_Weg_8_000000_000150,04,crate (gray),standard objects,35.0,16.61,17.32,17.32,17.32
04_Maurener_Weg_8_000000_000150,05,"crate (gray, 2x stacked)",standard objects,34.0,25.85,25.49,25.2,25.3
04_Maurener_Weg_8_000000_000150,06,"crate (gray, upright)",standard objects,60.0,24.26,23.85,23.39,23.48
04_Maurener_Weg_8_000000_000190,05,"crate (gray, 2x stacked)",standard objects,70.0,12.06,10.65,10.5,10.56
04_Maurener_Weg_8_000000_000190,06,"crate (gray, upright)",standard objects,150.0,9.65,8.79,8.66,8.67
04_Maurener_Weg_8_000001_000050,03,"crate (black, upright)",standard objects,11.0,66.25,45.99,43.62,44.26
04_Maurener_Weg_8_000001_000050,03,"crate (black, upright)",standard objects,9.0,77.84,51.55,50.41,50.51
04_Maurener_Weg_8_000001_000050,02,"crate (black, 2x stacked)",standard objects,16.0,71.11,47.91,47.26,47.26
04_Maurener_Weg_8_000001_000090,03,"crate (black, upright)",standard objects,17.0,52.86,40.06,38.45,39.07
04_Maurener_Weg_8_000001_000090,03,"crate (black, upright)",standard objects,12.0,62.43,45.38,44.48,44.85
04_Maurener_Weg_8_000001_000090,02,"crate (black, 2x stacked)",standard objects,19.0,58.16,42.03,41.24,41.24
04_Maurener_Weg_8_000001_000130,03,"crate (black, upright)",standard objects,23.0,36.42,25.49,24.86,24.93
04_Maurener_Weg_8_000001_000130,03,"crate (black, upright)",standard objects,15.0,48.13,30.51,30.09,30.24
04_Maurener_Weg_8_000001_000130,02,"crate (black, 2x stacked)",standard objects,26.0,42.43,28.35,27.6,27.89
04_Maurener_Weg_8_000001_000170,03,"crate (black, upright)",standard objects,37.0,18.45,17.03,16.8,16.93
04_Maurener_Weg_8_000001_000170,03,"crate (black, upright)",standard objects,25.0,30.81,25.49,25.0,25.2
04_Maurener_Weg_8_000001_000170,02,"crate (black, 2x stacked)",standard objects,43.0,24.93,21.13,20.81,21.0
04_Maurener_Weg_8_000001_000210,03,"crate (black, upright)",standard objects,48.0,14.97,12.22,12.07,12.13
04_Maurener_Weg_8_000001_000210,02,"crate (black, 2x stacked)",standard objects,122.0,9.33,8.1,8.01,8.06
04_Maurener_Weg_8_000002_000040,04,crate (gray),standard objects,10.0,36.57,31.51,31.07,31.07
04_Maurener_Weg_8_000002_000040,05,"crate (gray, 2x stacked)",standard objects,19.0,39.21,34.19,32.76,33.23
04_Maurener_Weg_8_000002_000040,06,"crate (gray, upright)",standard objects,33.0,51.7,40.51,39.11,39.8
04_Maurener_Weg_8_000002_000080,04,crate (gray),standard objects,15.0,25.97,23.88,23.63,23.81
04_Maurener_Weg_8_000002_000080,05,"crate (gray, 2x stacked)",standard objects,26.0,28.26,25.2,24.66,24.93
04_Maurener_Weg_8_000002_000080,06,"crate (gray, upright)",standard objects,43.0,36.7,32.87,30.65,31.51
04_Maurener_Weg_8_000002_000120,04,crate (gray),standard objects,39.0,11.76,11.51,11.46,11.46
04_Maurener_Weg_8_000002_000120,05,"crate (gray, 2x stacked)",standard objects,58.0,14.18,13.51,13.4,13.42
04_Maurener_Weg_8_000002_000120,06,"crate (gray, upright)",standard objects,70.0,19.9,19.39,18.9,19.06
04_Maurener_Weg_8_000003_000010,03,"crate (black, upright)",standard objects,20.0,32.8,29.46,28.71,29.08
04_Maurener_Weg_8_000003_000010,02,"crate (black, 2x stacked)",standard objects,30.0,38.22,33.36,31.99,32.57
04_Maurener_Weg_8_000003_000010,01,crate (black),standard objects,16.0,46.87,38.45,37.81,38.03
04_Maurener_Weg_8_000003_000050,03,"crate (black, upright)",standard objects,24.0,28.21,25.2,24.66,24.93
04_Maurener_Weg_8_000003_000050,02,"crate (black, 2x stacked)",standard objects,32.0,33.86,29.46,28.71,28.88
04_Maurener_Weg_8_000003_000050,01,crate (black),standard objects,18.0,41.91,34.9,34.37,34.52
04_Maurener_Weg_8_000003_000090,03,"crate (black, upright)",standard objects,42.0,16.64,15.9,15.75,15.86
04_Maurener_Weg_8_000003_000090,02,"crate (black, 2x stacked)",standard objects,49.0,21.29,20.23,19.9,20.07
04_Maurener_Weg_8_000003_000090,01,crate (black),standard objects,27.0,29.14,25.88,25.59,25.78
04_Maurener_Weg_8_000003_000130,02,"crate (black, 2x stacked)",standard objects,122.0,8.62,8.13,7.99,8.07
04_Maurener_Weg_8_000003_000130,01,crate (black),standard objects,50.0,16.18,14.92,14.63,14.78
04_Maurener_Weg_8_000004_000040,15,euro pallet,random hazards,12.0,53.19,44.48,42.01,43.0
04_Maurener_Weg_8_000004_000080,15,euro pallet,random hazards,13.0,50.15,37.19,35.44,36.08
04_Maurener_Weg_8_000004_000120,15,euro pallet,random hazards,12.0,39.86,30.98,29.95,30.26
04_Maurener_Weg_8_000004_000160,15,euro pallet,random hazards,23.0,25.4,24.39,23.96,24.13
04_Maurener_Weg_8_000004_000160,21,ball,emotional hazards,40.0,14.07,14.94,14.86,14.92
04_Maurener_Weg_8_000004_000200,15,euro pallet,random hazards,60.0,11.23,11.44,11.0,11.22
04_Maurener_Weg_8_000005_000030,16,pylon,random hazards,16.0,48.24,41.98,40.51,41.24
04_Maurener_Weg_8_000005_000030,18,pylon (white),random hazards,19.0,47.6,42.57,39.8,40.65
04_Maurener_Weg_8_000005_000070,16,pylon,random hazards,15.0,44.71,38.91,37.81,38.01
04_Maurener_Weg_8_000005_000070,18,pylon (white),random hazards,20.0,42.29,36.73,36.01,36.28
04_Maurener_Weg_8_000005_000110,18,pylon (white),random hazards,24.0,34.89,27.74,26.69,27.0
04_Maurener_Weg_8_000005_000110,16,pylon,random hazards,20.0,37.73,28.13,27.66,27.91
04_Maurener_Weg_8_000005_000150,18,pylon (white),random hazards,38.0,21.77,22.49,21.82,22.2
04_Maurener_Weg_8_000005_000150,16,pylon,random hazards,30.0,24.51,23.85,23.56,23.63
04_Maurener_Weg_8_000005_000190,18,pylon (white),random hazards,87.0,9.25,8.93,8.74,8.83
04_Maurener_Weg_8_000005_000190,16,pylon,random hazards,61.0,11.81,10.8,10.7,10.74
04_Maurener_Weg_8_000006_000040,18,pylon (white),random hazards,12.0,44.14,35.94,34.5,35.03
04_Maurener_Weg_8_000006_000080,18,pylon (white),random hazards,18.0,34.22,29.08,28.35,28.71
04_Maurener_Weg_8_000006_000120,18,pylon (white),random hazards,30.0,18.18,18.18,18.0,18.07
04_Maurener_Weg_8_000007_000020,25,kid dummy,emotional hazards,10.0,61.81,48.26,47.41,48.17
04_Maurener_Weg_8_000007_000020,21,ball,emotional hazards,10.0,65.08,52.05,48.26,49.31
04_Maurener_Weg_8_000007_000060,25,kid dummy,emotional hazards,8.0,51.23,38.61,37.81,38.28
04_Maurener_Weg_8_000007_000060,21,ball,emotional hazards,10.0,51.04,39.71,38.64,39.11
04_Maurener_Weg_8_000007_000100,25,kid dummy,emotional hazards,11.0,32.66,31.07,30.89,31.07
04_Maurener_Weg_8_000007_000100,21,ball,emotional hazards,15.0,32.42,31.45,31.07,31.07
04_Maurener_Weg_8_000007_000140,25,kid dummy,emotional hazards,24.0,13.94,13.39,13.19,13.27
04_Maurener_Weg_8_000007_000140,21,ball,emotional hazards,36.0,13.87,13.34,13.24,13.27
04_Maurener_Weg_8_000008_000020,31,plastic bag (bloated),random hazards,8.0,59.36,45.37,45.37,45.37
04_Maurener_Weg_8_000008_000020,11,crate (green),random hazards,12.0,66.7,51.55,51.55,51.55
04_Maurener_Weg_8_000008_000020,31,plastic bag (bloated),random hazards,8.0,56.65,40.51,39.11,39.8
04_Maurener_Weg_8_000008_000060,11,crate (green),random hazards,15.0,60.19,42.71,41.43,42.01
04_Maurener_Weg_8_000008_000060,31,plastic bag (bloated),random hazards,11.0,49.08,37.2,36.59,37.08
04_Maurener_Weg_8_000008_000060,31,plastic bag (bloated),random hazards,13.0,45.4,31.07,29.95,30.35
04_Maurener_Weg_8_000008_000100,31,plastic bag (bloated),random hazards,22.0,28.1,23.15,22.86,22.91
04_Maurener_Weg_8_000008_000100,11,crate (green),random hazards,19.0,42.25,34.9,34.37,34.8
04_Maurener_Weg_8_000008_000100,31,plastic bag (bloated),random hazards,14.0,33.31,28.72,28.09,28.38
04_Maurener_Weg_8_000008_000140,11,crate (green),random hazards,34.0,21.55,20.44,20.25,20.25
04_Maurener_Weg_8_000008_000140,31,plastic bag (bloated),random hazards,32.0,15.03,13.83,13.73,13.75
04_Maurener_Weg_8_000008_000140,31,plastic bag (bloated),random hazards,68.0,8.82,8.59,8.56,8.56
04_Maurener_Weg_8_000008_000180,11,crate (green),random hazards,98.0,7.8,8.04,7.86,7.93
04_Maurener_Weg_8_000009_000050,24,dog (white),emotional hazards,11.0,68.25,46.29,43.83,44.79
04_Maurener_Weg_8_000009_000090,24,dog (white),emotional hazards,14.0,58.85,40.51,39.8,39.86
04_Maurener_Weg_8_000009_000130,24,dog (white),emotional hazards,20.0,41.29,31.61,30.44,30.9
04_Maurener_Weg_8_000009_000170,24,dog (white),emotional hazards,31.0,23.04,20.17,19.58,19.9
04_Maurener_Weg_8_000009_000210,24,dog (white),emotional hazards,81.0,8.72,9.74,9.65,9.69
04_Maurener_Weg_8_000010_000040,23,dog (black),emotional hazards,22.0,50.66,35.53,34.9,35.25
04_Maurener_Weg_8_000010_000080,23,dog (black),emotional hazards,29.0,38.05,30.91,30.24,30.61
04_Maurener_Weg_8_000010_000120,23,dog (black),emotional hazards,52.0,20.63,18.15,17.86,18.0
04_Maurener_Weg_8_000011_000020,26,bobby car (gray),emotional hazards,18.0,62.34,35.44,35.03,35.44
04_Maurener_Weg_8_000011_000060,26,bobby car (gray),emotional hazards,18.0,60.67,34.37,33.86,33.86
04_Maurener_Weg_8_000011_000100,26,bobby car (gray),emotional hazards,23.0,47.01,37.81,37.19,37.75
04_Maurener_Weg_8_000011_000140,26,bobby car (gray),emotional hazards,33.0,30.78,24.66,24.43,24.63
04_Maurener_Weg_8_000011_000180,26,bobby car (gray),emotional hazards,64.0,15.12,14.73,14.45,14.54
04_Maurener_Weg_8_000012_000040,27,bobby car (red),emotional hazards,19.0,64.05,39.43,39.11,39.11
04_Maurener_Weg_8_000012_000080,27,bobby car (red),emotional hazards,22.0,54.27,34.65,33.5,33.97
04_Maurener_Weg_8_000012_000120,27,bobby car (red),emotional hazards,28.0,38.29,33.36,32.87,32.92
04_Maurener_Weg_8_000012_000160,27,bobby car (red),emotional hazards,54.0,19.74,15.97,15.86,15.86
04_Maurener_Weg_8_000013_000180,28,bobby car (yellow),emotional hazards,39.0,27.71,23.63,23.39,23.58
04_Maurener_Weg_8_000013_000220,28,bobby car (yellow),emotional hazards,84.0,12.64,13.65,13.43,13.5
05_Schafgasse_1_000000_000030,05,"crate (gray, 2x stacked)",standard objects,13.0,61.02,57.2,56.71,56.71
05_Schafgasse_1_000000_000070,05,"crate (gray, 2x stacked)",standard objects,13.0,51.7,49.31,48.26,48.3
05_Schafgasse_1_000000_000110,05,"crate (gray, 2x stacked)",standard objects,18.0,39.22,36.01,35.74,36.01
05_Schafgasse_1_000000_000150,05,"crate (gray, 2x stacked)",standard objects,31.0,24.92,26.38,26.07,26.18
05_Schafgasse_1_000000_000190,05,"crate (gray, 2x stacked)",standard objects,81.0,10.13,8.69,8.66,8.67
05_Schafgasse_1_000001_000090,03,"crate (black, upright)",standard objects,14.0,52.29,55.03,54.01,54.01
05_Schafgasse_1_000001_000130,03,"crate (black, upright)",standard objects,17.0,43.01,37.81,37.19,37.19
05_Schafgasse_1_000001_000170,03,"crate (black, upright)",standard objects,27.0,31.48,34.37,33.86,34.37
05_Schafgasse_1_000001_000210,03,"crate (black, upright)",standard objects,40.0,20.73,21.81,21.35,21.6
05_Schafgasse_1_000001_000250,03,"crate (black, upright)",standard objects,69.0,10.79,10.36,10.31,10.33
05_Schafgasse_1_000002_000130,08,cardboard box,random hazards,15.0,44.9,40.51,40.04,40.51
05_Schafgasse_1_000002_000130,18,pylon (white),random hazards,15.0,35.78,33.1,32.83,32.87
05_Schafgasse_1_000002_000170,08,cardboard box,random hazards,18.0,35.89,33.86,33.86,33.86
05_Schafgasse_1_000002_000170,18,pylon (white),random hazards,19.0,27.82,26.69,26.38,26.38
05_Schafgasse_1_000002_000210,08,cardboard box,random hazards,26.0,24.34,27.66,27.33,27.57
05_Schafgasse_1_000002_000210,18,pylon (white),random hazards,31.0,15.72,18.44,18.32,18.42
05_Schafgasse_1_000003_000030,20,tire,random hazards,16.0,42.15,42.8,42.62,42.8
05_Schafgasse_1_000003_000070,20,tire,random hazards,19.0,34.59,32.87,32.87,32.87
05_Schafgasse_1_000003_000110,20,tire,random hazards,27.0,23.44,27.0,26.7,26.85
05_Schafgasse_1_000003_000150,20,tire,random hazards,61.0,10.63,11.63,11.46,11.51
05_Schafgasse_1_000004_000030,11,crate (green),random hazards,13.0,45.13,45.37,45.34,45.37
05_Schafgasse_1_000004_000030,10,"crate (blue, small)",random hazards,11.0,41.74,40.51,40.17,40.51
05_Schafgasse_1_000004_000070,11,crate (green),random hazards,17.0,39.66,40.51,39.91,40.51
05_Schafgasse_1_000004_000070,10,"crate (blue, small)",random hazards,18.0,36.16,34.95,34.44,34.9
05_Schafgasse_1_000004_000110,11,crate (green),random hazards,23.0,30.01,32.41,31.95,32.19
05_Schafgasse_1_000004_000110,10,"crate (blue, small)",random hazards,18.0,25.48,27.66,27.66,27.66
05_Schafgasse_1_000004_000150,10,"crate (blue, small)",random hazards,43.0,11.52,13.21,13.04,13.11
05_Schafgasse_1_000004_000150,11,crate (green),random hazards,41.0,15.85,17.43,17.32,17.33
05_Schafgasse_1_000005_000040,29,cardboard box,random hazards,9.0,42.5,43.62,42.8,42.9
05_Schafgasse_1_000005_000080,29,cardboard box,random hazards,10.0,37.5,35.44,34.9,35.44
05_Schafgasse_1_000005_000120,29,cardboard box,random hazards,13.0,26.45,28.32,28.0,28.0
05_Schafgasse_1_000005_000120,21,ball,emotional hazards,27.0,21.28,24.68,24.13,24.39
05_Schafgasse_1_000007_000020,20,tire,random hazards,10.0,40.63,37.19,37.13,37.19
05_Schafgasse_1_000007_000060,20,tire,random hazards,10.0,33.22,33.36,32.87,32.92
05_Schafgasse_1_000007_000100,20,tire,random hazards,16.0,21.67,21.6,21.49,21.6
05_Schafgasse_1_000007_000140,20,tire,random hazards,39.0,9.29,9.63,9.57,9.57
05_Schafgasse_1_000008_000030,34,styrofoam,random hazards,7.0,47.08,44.5,43.62,44.4
05_Schafgasse_1_000008_000030,14,headlight,random hazards,18.0,36.73,35.44,34.9,34.9
05_Schafgasse_1_000008_000070,34,styrofoam,random hazards,10.0,36.55,37.81,37.67,37.81
05_Schafgasse_1_000008_000070,14,headlight,random hazards,22.0,26.37,28.35,28.0,28.05
05_Schafgasse_1_000008_000110,34,styrofoam,random hazards,16.0,23.57,23.57,23.39,23.39
05_Schafgasse_1_000008_000110,14,headlight,random hazards,47.0,13.23,14.36,14.36,14.36
05_Schafgasse_1_000009_000090,23,dog (black),emotional hazards,21.0,53.46,49.31,47.26,48.26
05_Schafgasse_1_000009_000130,23,dog (black),emotional hazards,25.0,44.83,38.45,37.81,37.88
05_Schafgasse_1_000009_000170,23,dog (black),emotional hazards,33.0,32.2,27.62,26.93,27.16
05_Schafgasse_1_000009_000210,23,dog (black),emotional hazards,59.0,18.28,16.69,16.44,16.44
05_Schafgasse_1_000010_000040,24,dog (white),emotional hazards,15.0,53.21,49.31,47.51,48.26
05_Schafgasse_1_000010_000080,24,dog (white),emotional hazards,16.0,48.51,38.46,37.88,38.45
05_Schafgasse_1_000010_000120,24,dog (white),emotional hazards,22.0,35.82,30.3,29.85,29.85
05_Schafgasse_1_000010_000160,24,dog (white),emotional hazards,38.0,19.55,16.93,16.8,16.92
05_Schafgasse_1_000011_000140,27,bobby car (red),emotional hazards,36.0,28.89,25.17,24.93,24.93
05_Schafgasse_1_000011_000180,27,bobby car (red),emotional hazards,105.0,9.75,10.13,10.08,10.13
05_Schafgasse_1_000012_000060,28,bobby car (yellow),emotional hazards,20.0,72.06,54.21,52.75,54.01
05_Schafgasse_1_000012_000100,28,bobby car (yellow),emotional hazards,21.0,57.89,47.26,45.6,46.29
05_Schafgasse_1_000012_000140,28,bobby car (yellow),emotional hazards,28.0,40.13,32.62,32.3,32.41
05_Schafgasse_1_000012_000180,28,bobby car (yellow),emotional hazards,47.0,22.57,20.81,20.57,20.62
05_Schafgasse_1_000012_000220,28,bobby car (yellow),emotional hazards,142.0,7.32,6.58,6.48,6.52
05_Schafgasse_1_000013_000060,26,bobby car (gray),emotional hazards,17.0,61.51,44.48,43.62,43.86
05_Schafgasse_1_000013_000100,26,bobby car (gray),emotional hazards,22.0,45.71,34.37,33.86,33.94
05_Schafgasse_1_000013_000140,26,bobby car (gray),emotional hazards,39.0,28.02,24.93,24.66,24.66
05_Schafgasse_1_000013_000180,26,bobby car (gray),emotional hazards,97.0,10.46,10.47,10.26,10.32
05_Schafgasse_1_000014_000060,24,dog (white),emotional hazards,26.0,41.49,33.97,33.36,33.4
05_Schafgasse_1_000014_000100,24,dog (white),emotional hazards,32.0,28.71,27.33,27.0,27.21
05_Schafgasse_1_000014_000140,24,dog (white),emotional hazards,62.0,14.09,15.12,14.8,14.92
05_Schafgasse_1_000015_000060,27,bobby car (red),emotional hazards,25.0,43.62,38.45,38.45,38.45
05_Schafgasse_1_000015_000100,27,bobby car (red),emotional hazards,36.0,29.06,29.85,29.46,29.59
05_Schafgasse_1_000015_000140,27,bobby car (red),emotional hazards,68.0,14.93,15.54,15.43,15.44
05_Schafgasse_1_000016_000030,27,bobby car (red),emotional hazards,20.0,52.31,39.11,38.45,38.61
05_Schafgasse_1_000016_000070,27,bobby car (red),emotional hazards,24.0,45.53,34.9,34.37,34.37
05_Schafgasse_1_000016_000110,27,bobby car (red),emotional hazards,34.0,31.6,26.46,26.38,26.38
05_Schafgasse_1_000016_000150,27,bobby car (red),emotional hazards,63.0,16.08,9.33,9.25,9.27
05_Schafgasse_1_000017_000040,26,bobby car (gray),emotional hazards,21.0,52.37,42.01,41.24,41.24
05_Schafgasse_1_000017_000080,26,bobby car (gray),emotional hazards,26.0,43.18,38.45,37.19,37.81
05_Schafgasse_1_000017_000120,26,bobby car (gray),emotional hazards,35.0,28.26,24.73,24.53,24.66
05_Schafgasse_1_000017_000160,26,bobby car (gray),emotional hazards,70.0,14.1,15.64,15.51,15.54
05_Schafgasse_1_000018_000040,24,dog (white),emotional hazards,23.0,52.2,39.8,38.45,39.17
05_Schafgasse_1_000018_000080,24,dog (white),emotional hazards,29.0,39.39,34.9,33.62,34.32
05_Schafgasse_1_000018_000120,24,dog (white),emotional hazards,50.0,21.02,20.37,20.07,20.07
05_Schafgasse_1_000019_000070,23,dog (black),emotional hazards,21.0,58.47,45.25,44.42,44.48
05_Schafgasse_1_000019_000110,23,dog (black),emotional hazards,28.0,48.86,42.01,40.69,42.01
05_Schafgasse_1_000019_000150,23,dog (black),emotional hazards,37.0,33.25,28.35,28.0,28.0
05_Schafgasse_1_000019_000190,23,dog (black),emotional hazards,68.0,15.91,14.27,14.09,14.19
07_Festplatz_Flugfeld_000000_000040,04,crate (gray),standard objects,8.0,77.52,27.92,27.32,27.61
07_Festplatz_Flugfeld_000000_000040,05,"crate (gray, 2x stacked)",standard objects,11.0,91.55,29.95,28.99,29.36
07_Festplatz_Flugfeld_000000_000040,06,"crate (gray, upright)",standard objects,15.0,106.56,33.76,30.62,31.07
07_Festplatz_Flugfeld_000000_000080,04,crate (gray),standard objects,8.0,64.92,27.41,26.69,27.0
07_Festplatz_Flugfeld_000000_000080,05,"crate (gray, 2x stacked)",standard objects,12.0,76.82,29.88,28.33,28.73
07_Festplatz_Flugfeld_000000_000080,06,"crate (gray, upright)",standard objects,17.0,94.08,32.16,29.81,30.24
07_Festplatz_Flugfeld_000000_000120,04,crate (gray),standard objects,9.0,48.99,24.61,24.13,24.37
07_Festplatz_Flugfeld_000000_000120,05,"crate (gray, 2x stacked)",standard objects,13.0,63.95,26.52,26.05,26.07
07_Festplatz_Flugfeld_000000_000120,06,"crate (gray, upright)",standard objects,21.0,68.72,30.84,29.36,29.7
07_Festplatz_Flugfeld_000000_000160,04,crate (gray),standard objects,14.0,33.12,22.24,21.81,22.02
07_Festplatz_Flugfeld_000000_000160,05,"crate (gray, 2x stacked)",standard objects,19.0,47.21,26.38,26.07,26.07
07_Festplatz_Flugfeld_000000_000160,06,"crate (gray, upright)",standard objects,30.0,52.01,29.08,28.02,28.39
07_Festplatz_Flugfeld_000000_000200,04,crate (gray),standard objects,24.0,18.02,12.46,12.39,12.41
07_Festplatz_Flugfeld_000000_000200,05,"crate (gray, 2x stacked)",standard objects,26.0,31.42,19.72,19.51,19.55
07_Festplatz_Flugfeld_000000_000200,06,"crate (gray, upright)",standard objects,42.0,36.24,22.24,21.81,22.02
07_Festplatz_Flugfeld_000000_000240,05,"crate (gray, 2x stacked)",standard objects,51.0,15.84,12.89,12.74,12.82
07_Festplatz_Flugfeld_000000_000240,06,"crate (gray, upright)",standard objects,64.0,20.94,16.68,16.44,16.56
07_Festplatz_Flugfeld_000001_000040,03,"crate (black, upright)",standard objects,7.0,88.02,34.9,33.98,34.37
07_Festplatz_Flugfeld_000001_000040,02,"crate (black, 2x stacked)",standard objects,10.0,104.11,38.43,37.13,37.26
07_Festplatz_Flugfeld_000001_000040,01,crate (black),standard objects,9.0,99.3,35.02,33.91,34.37
07_Festplatz_Flugfeld_000001_000080,03,"crate (black, upright)",standard objects,11.0,73.41,28.8,28.08,28.35
07_Festplatz_Flugfeld_000001_000080,02,"crate (black, 2x stacked)",standard objects,11.0,93.0,34.37,32.95,33.59
07_Festplatz_Flugfeld_000001_000080,01,crate (black),standard objects,9.0,87.15,29.81,29.14,29.46
07_Festplatz_Flugfeld_000001_000120,03,"crate (black, upright)",standard objects,13.0,52.22,25.23,24.88,24.93
07_Festplatz_Flugfeld_000001_000120,02,"crate (black, 2x stacked)",standard objects,14.0,70.93,31.18,30.24,30.65
07_Festplatz_Flugfeld_000001_000120,01,crate (black),standard objects,11.0,64.13,27.7,27.0,27.29
07_Festplatz_Flugfeld_000001_000160,03,"crate (black, upright)",standard objects,20.0,34.27,12.92,12.67,12.78
07_Festplatz_Flugfeld_000001_000160,02,"crate (black, 2x stacked)",standard objects,21.0,50.39,17.06,16.74,16.81
07_Festplatz_Flugfeld_000001_000160,01,crate (black),standard objects,17.0,47.37,15.54,15.32,15.35
07_Festplatz_Flugfeld_000001_000200,03,"crate (black, upright)",standard objects,42.0,16.73,9.95,9.78,9.84
07_Festplatz_Flugfeld_000001_000200,02,"crate (black, 2x stacked)",standard objects,32.0,32.75,17.19,16.56,16.82
07_Festplatz_Flugfeld_000001_000200,01,crate (black),standard objects,28.0,29.38,14.54,14.18,14.36
07_Festplatz_Flugfeld_000002_000190,08,cardboard box,random hazards,11.0,86.86,34.02,32.99,33.36
07_Festplatz_Flugfeld_000002_000190,07,bumper,random hazards,17.0,99.53,40.33,37.25,38.63
07_Festplatz_Flugfeld_000002_000230,08,cardboard box,random hazards,11.0,76.87,27.88,26.79,27.25
07_Festplatz_Flugfeld_000002_000230,07,bumper,random hazards,18.0,84.86,32.99,30.76,31.95
07_Festplatz_Flugfeld_000002_000270,08,cardboard box,random hazards,14.0,65.08,19.79,19.42,19.55
07_Festplatz_Flugfeld_000002_000270,07,bumper,random hazards,23.0,74.13,23.39,22.43,23.09
07_Festplatz_Flugfeld_000002_000310,08,cardboard box,random hazards,19.0,48.05,24.39,24.13,24.13
07_Festplatz_Flugfeld_000002_000310,07,bumper,random hazards,26.0,57.05,30.65,28.82,29.85
07_Festplatz_Flugfeld_000002_000350,08,cardboard box,random hazards,26.0,31.73,19.39,19.22,19.35
07_Festplatz_Flugfeld_000002_000350,07,bumper,random hazards,35.0,40.65,26.35,25.27,26.06
07_Festplatz_Flugfeld_000002_000390,08,cardboard box,random hazards,49.0,18.09,14.36,14.25,14.27
07_Festplatz_Flugfeld_000002_000390,07,bumper,random hazards,58.0,25.89,21.4,21.2,21.2
07_Festplatz_Flugfeld_000002_000430,07,bumper,random hazards,95.0,14.14,15.02,15.0,15.02
07_Festplatz_Flugfeld_000003_000100,34,styrofoam,random hazards,5.0,76.96,21.57,21.18,21.25
07_Festplatz_Flugfeld_000003_000100,07,bumper,random hazards,16.0,89.7,24.34,23.46,23.88
07_Festplatz_Flugfeld_000003_000140,34,styrofoam,random hazards,6.0,62.07,21.6,21.2,21.36
07_Festplatz_Flugfeld_000003_000140,07,bumper,random hazards,18.0,76.01,24.46,23.81,24.13
07_Festplatz_Flugfeld_000003_000180,34,styrofoam,random hazards,9.0,45.84,26.07,25.49,25.78
07_Festplatz_Flugfeld_000003_000180,07,bumper,random hazards,24.0,60.28,31.07,30.24,30.65
07_Festplatz_Flugfeld_000003_000220,34,styrofoam,random hazards,13.0,32.7,20.16,19.77,19.96
07_Festplatz_Flugfeld_000003_000220,07,bumper,random hazards,29.0,47.44,25.85,25.14,25.49
07_Festplatz_Flugfeld_000003_000260,34,styrofoam,random hazards,25.0,18.93,13.92,13.66,13.77
07_Festplatz_Flugfeld_000003_000260,07,bumper,random hazards,38.0,34.24,22.24,21.6,22.02
07_Festplatz_Flugfeld_000003_000300,07,bumper,random hazards,73.0,19.75,15.62,15.22,15.33
07_Festplatz_Flugfeld_000003_000340,07,bumper,random hazards,215.0,7.54,6.1,5.73,5.86
07_Festplatz_Flugfeld_000004_000060,08,cardboard box,random hazards,10.0,51.6,31.51,31.07,31.18
07_Festplatz_Flugfeld_000004_000060,20,tire,random hazards,15.0,48.55,29.08,28.71,28.71
07_Festplatz_Flugfeld_000004_000100,08,cardboard box,random hazards,12.0,43.65,25.45,24.95,25.2
07_Festplatz_Flugfeld_000004_000100,20,tire,random hazards,20.0,38.09,23.63,23.35,23.42
07_Festplatz_Flugfeld_000004_000140,08,cardboard box,random hazards,18.0,30.37,23.63,23.39,23.45
07_Festplatz_Flugfeld_000004_000140,20,tire,random hazards,34.0,23.81,20.44,20.34,20.44
07_Festplatz_Flugfeld_000004_000180,08,cardboard box,random hazards,28.0,17.31,15.66,15.61,15.64
07_Festplatz_Flugfeld_000004_000180,20,tire,random hazards,71.0,10.66,10.86,10.8,10.8
07_Festplatz_Flugfeld_000004_000220,08,cardboard box,random hazards,80.0,6.89,6.87,6.83,6.85
07_Festplatz_Flugfeld_000005_000050,09,crate (blue),random hazards,13.0,43.17,28.79,28.0,28.35
07_Festplatz_Flugfeld_000005_000050,13,exhaust pipe,random hazards,16.0,48.38,28.8,27.67,28.27
07_Festplatz_Flugfeld_000005_000090,09,crate (blue),random hazards,16.0,35.7,26.48,25.79,26.07
07_Festplatz_Flugfeld_000005_000090,13,exhaust pipe,random hazards,20.0,39.95,26.3,25.49,25.78
07_Festplatz_Flugfeld_000005_000130,09,crate (blue),random hazards,25.0,24.88,20.25,19.9,20.07
07_Festplatz_Flugfeld_000005_000130,13,exhaust pipe,random hazards,29.0,28.88,21.76,20.67,21.05
07_Festplatz_Flugfeld_000005_000170,09,crate (blue),random hazards,44.0,12.9,12.82,12.67,12.74
07_Festplatz_Flugfeld_000005_000170,13,exhaust pipe,random hazards,43.0,17.13,15.22,14.94,15.12
15_Rechbergstr_Deckenpfronn_000000_000040,39,kid (walking),humans,52.0,44.16,35.97,33.54,34.85
15_Rechbergstr_Deckenpfronn_000000_000040,40,kid (on a bobby car),humans,48.0,43.18,33.36,32.83,32.92
15_Rechbergstr_Deckenpfronn_000000_000080,39,kid (walking),humans,50.0,45.09,37.88,35.79,36.73
15_Rechbergstr_Deckenpfronn_000000_000080,40,kid (on a bobby car),humans,50.0,43.24,34.9,34.37,34.48
15_Rechbergstr_Deckenpfronn_000000_000120,40,kid (on a bobby car),humans,45.0,44.11,34.37,33.79,33.86
15_Rechbergstr_Deckenpfronn_000000_000120,41,kid (on a small bobby car),humans,37.0,46.99,35.93,34.9,35.06
15_Rechbergstr_Deckenpfronn_000000_000160,40,kid (on a bobby car),humans,47.0,47.93,37.19,36.01,36.53
15_Rechbergstr_Deckenpfronn_000000_000160,41,kid (on a small bobby car),humans,37.0,47.58,36.01,34.9,34.91
15_Rechbergstr_Deckenpfronn_000001_000050,40,kid (on a bobby car),humans,25.0,63.6,52.75,50.41,51.55
15_Rechbergstr_Deckenpfronn_000001_000050,41,kid (on a small bobby car),humans,26.0,62.04,49.18,48.26,48.26
15_Rechbergstr_Deckenpfronn_000001_000050,39,kid (walking),humans,33.0,64.56,52.94,51.55,52.75
15_Rechbergstr_Deckenpfronn_000001_000050,40,kid (on a bobby car),humans,28.0,62.46,50.37,49.31,49.62
15_Rechbergstr_Deckenpfronn_000001_000090,40,kid (on a bobby car),humans,28.0,63.56,49.31,48.26,48.26
15_Rechbergstr_Deckenpfronn_000001_000090,39,kid (walking),humans,34.0,63.76,50.16,48.39,49.31
15_Rechbergstr_Deckenpfronn_000001_000090,40,kid (on a bobby car),humans,27.0,62.13,47.93,47.26,47.26
15_Rechbergstr_Deckenpfronn_000001_000090,41,kid (on a small bobby car),humans,26.0,62.34,47.26,46.29,46.38
15_Rechbergstr_Deckenpfronn_000001_000130,41,kid (on a small bobby car),humans,26.0,61.92,48.26,46.8,47.26
15_Rechbergstr_Deckenpfronn_000001_000130,40,kid (on a bobby car),humans,35.0,63.6,50.41,48.49,49.31
15_Rechbergstr_Deckenpfronn_000001_000130,40,kid (on a bobby car),humans,13.0,61.13,48.26,48.17,48.26
15_Rechbergstr_Deckenpfronn_000001_000170,41,kid (on a small bobby car),humans,26.0,61.98,50.03,48.87,49.31
15_Rechbergstr_Deckenpfronn_000001_000170,40,kid (on a bobby car),humans,12.0,64.53,53.89,52.61,52.75
15_Rechbergstr_Deckenpfronn_000001_000170,40,kid (on a bobby car),humans,29.0,64.01,51.61,50.28,50.73
15_Rechbergstr_Deckenpfronn_000001_000170,39,kid (walking),humans,30.0,64.08,52.75,51.08,51.55
15_Rechbergstr_Deckenpfronn_000001_000170,40,kid (on a bobby car),humans,29.0,62.34,49.89,49.31,49.31
15_Rechbergstr_Deckenpfronn_000001_000210,41,kid (on a small bobby car),humans,26.0,61.89,48.26,47.26,47.4
15_Rechbergstr_Deckenpfronn_000001_000210,40,kid (on a bobby car),humans,15.0,63.29,49.31,47.96,48.26
15_Rechbergstr_Deckenpfronn_000001_000210,40,kid (on a bobby car),humans,34.0,61.13,46.29,45.6,46.29
15_Rechbergstr_Deckenpfronn_000001_000250,40,kid (on a bobby car),humans,16.0,63.42,48.01,46.5,47.26
15_Rechbergstr_Deckenpfronn_000001_000250,41,kid (on a small bobby car),humans,26.0,62.8,47.1,45.4,46.26
15_Rechbergstr_Deckenpfronn_000001_000250,40,kid (on a bobby car),humans,34.0,61.81,44.61,44.48,44.48
15_Rechbergstr_Deckenpfronn_000001_000290,41,kid (on a small bobby car),humans,26.0,61.87,48.91,47.26,47.9
15_Rechbergstr_Deckenpfronn_000001_000290,40,kid (on a bobby car),humans,34.0,61.63,47.99,46.53,47.26
15_Rechbergstr_Deckenpfronn_000001_000290,39,kid (walking),humans,33.0,63.7,51.55,50.41,50.41
15_Rechbergstr_Deckenpfronn_000001_000290,39,kid (walking),humans,34.0,63.57,50.41,50.41,50.41
15_Rechbergstr_Deckenpfronn_000002_000140,40,kid (on a bobby car),humans,55.0,37.5,31.07,30.65,30.97
15_Rechbergstr_Deckenpfronn_000002_000180,40,kid (on a bobby car),humans,71.0,31.04,26.31,25.78,26.05
15_Rechbergstr_Deckenpfronn_000003_000150,40,kid (on a bobby car),humans,70.0,30.42,25.49,25.14,25.2
15_Rechbergstr_Deckenpfronn_000004_000160,41,kid (on a small bobby car),humans,41.0,40.22,32.06,31.66,31.95
15_Rechbergstr_Deckenpfronn_000004_000200,41,kid (on a small bobby car),humans,56.0,31.3,27.21,26.85,27.0
15_Rechbergstr_Deckenpfronn_000004_000240,41,kid (on a small bobby car),humans,79.0,21.23,16.68,16.56,16.56
15_Rechbergstr_Deckenpfronn_000004_000280,41,kid (on a small bobby car),humans,120.0,14.11,13.34,13.19,13.27
15_Rechbergstr_Deckenpfronn_000005_000040,42,kid (crawling),humans,84.0,12.54,11.92,11.75,11.81
15_Rechbergstr_Deckenpfronn_000005_000080,42,kid (crawling),humans,68.0,12.68,12.23,12.13,12.19
15_Rechbergstr_Deckenpfronn_000006_000100,39,kid (walking),humans,47.0,45.15,38.3,37.34,37.81
15_Rechbergstr_Deckenpfronn_000006_000140,39,kid (walking),humans,55.0,40.46,30.51,30.24,30.24
15_Rechbergstr_Deckenpfronn_000006_000180,39,kid (walking),humans,75.0,31.62,28.84,28.0,28.54
15_Rechbergstr_Deckenpfronn_000006_000220,39,kid (walking),humans,98.0,25.04,20.07,19.89,19.94
15_Rechbergstr_Deckenpfronn_000006_000260,39,kid (walking),humans,118.0,19.23,15.86,15.55,15.64
15_Rechbergstr_Deckenpfronn_000006_000340,39,kid (walking),humans,218.0,10.55,9.9,9.75,9.82
15_Rechbergstr_Deckenpfronn_000007_000060,39,kid (walking),humans,46.0,50.35,45.23,42.8,44.48
15_Rechbergstr_Deckenpfronn_000007_000180,39,kid (walking),humans,74.0,31.96,29.99,29.09,29.59
15_Rechbergstr_Deckenpfronn_000007_000260,39,kid (walking),humans,117.0,18.57,19.9,19.72,19.86
