frame,label,type,group,predicted_class,box_height_px,true_m,metric3d-v2-large-fp16_median,metric3d-v2-large-fp16_p10,metric3d-v2-large-fp16_p25
02_Hanns_Klemm_Str_44_000000_000090,05,"crate (gray, 2x stacked)",standard objects,obstacle,17.0,43.3,55.13,52.92,53.25
02_Hanns_Klemm_Str_44_000000_000110,05,"crate (gray, 2x stacked)",standard objects,obstacle,21.0,35.36,40.73,40.25,40.38
02_Hanns_Klemm_Str_44_000000_000120,05,"crate (gray, 2x stacked)",standard objects,obstacle,24.0,30.89,37.47,37.01,37.13
02_Hanns_Klemm_Str_44_000000_000130,05,"crate (gray, 2x stacked)",standard objects,box,29.0,26.44,30.03,29.83,29.87
02_Hanns_Klemm_Str_44_000000_000140,05,"crate (gray, 2x stacked)",standard objects,box,34.0,22.13,24.93,24.81,24.83
02_Hanns_Klemm_Str_44_000000_000150,05,"crate (gray, 2x stacked)",standard objects,box,44.0,18.09,21.3,21.19,21.22
02_Hanns_Klemm_Str_44_000000_000160,05,"crate (gray, 2x stacked)",standard objects,box,56.0,14.09,16.89,16.78,16.83
02_Hanns_Klemm_Str_44_000000_000170,05,"crate (gray, 2x stacked)",standard objects,obstacle,76.0,10.47,12.74,12.63,12.68
02_Hanns_Klemm_Str_44_000000_000180,05,"crate (gray, 2x stacked)",standard objects,box,120.0,7.16,8.15,8.02,8.08
02_Hanns_Klemm_Str_44_000001_000020,05,"crate (gray, 2x stacked)",standard objects,car,12.0,60.81,104.85,83.72,88.16
02_Hanns_Klemm_Str_44_000001_000100,05,"crate (gray, 2x stacked)",standard objects,car,18.0,44.2,56.26,54.9,55.11
02_Hanns_Klemm_Str_44_000001_000130,05,"crate (gray, 2x stacked)",standard objects,obstacle,22.0,35.13,42.14,41.81,41.9
02_Hanns_Klemm_Str_44_000001_000140,05,"crate (gray, 2x stacked)",standard objects,obstacle,25.0,31.16,37.44,36.83,36.99
02_Hanns_Klemm_Str_44_000001_000150,05,"crate (gray, 2x stacked)",standard objects,obstacle,28.0,27.29,31.47,30.98,31.14
02_Hanns_Klemm_Str_44_000001_000150,04,crate (gray),standard objects,obstacle,17.0,27.53,31.35,30.7,30.87
02_Hanns_Klemm_Str_44_000001_000160,05,"crate (gray, 2x stacked)",standard objects,box,33.0,23.13,25.81,25.67,25.7
02_Hanns_Klemm_Str_44_000001_000170,05,"crate (gray, 2x stacked)",standard objects,box,41.0,19.38,22.19,22.02,22.08
02_Hanns_Klemm_Str_44_000001_000170,04,crate (gray),standard objects,box,25.0,19.65,22.06,22.01,22.02
02_Hanns_Klemm_Str_44_000001_000180,05,"crate (gray, 2x stacked)",standard objects,obstacle,53.0,15.19,17.48,17.33,17.38
02_Hanns_Klemm_Str_44_000001_000180,04,crate (gray),standard objects,obstacle,32.0,15.51,17.25,17.18,17.2
02_Hanns_Klemm_Str_44_000001_000190,05,"crate (gray, 2x stacked)",standard objects,obstacle,72.0,11.46,13.21,13.08,13.13
02_Hanns_Klemm_Str_44_000001_000190,04,crate (gray),standard objects,box,44.0,11.63,13.05,12.94,12.98
02_Hanns_Klemm_Str_44_000001_000200,05,"crate (gray, 2x stacked)",standard objects,box,105.0,7.93,9.21,9.07,9.14
02_Hanns_Klemm_Str_44_000001_000200,04,crate (gray),standard objects,box,70.0,7.99,9.1,8.98,9.04
02_Hanns_Klemm_Str_44_000002_000130,01,crate (black),standard objects,obstacle,21.0,28.82,32.44,32.29,32.34
02_Hanns_Klemm_Str_44_000002_000140,01,crate (black),standard objects,obstacle,26.0,24.9,27.97,27.88,27.92
02_Hanns_Klemm_Str_44_000002_000150,01,crate (black),standard objects,obstacle,34.0,20.54,22.55,22.47,22.49
02_Hanns_Klemm_Str_44_000002_000160,02,"crate (black, 2x stacked)",standard objects,box,87.0,15.94,17.69,17.6,17.62
02_Hanns_Klemm_Str_44_000002_000160,01,crate (black),standard objects,box,42.0,16.07,17.75,17.66,17.7
02_Hanns_Klemm_Str_44_000002_000170,02,"crate (black, 2x stacked)",standard objects,traffic barricade,120.0,11.89,13.59,13.44,13.48
02_Hanns_Klemm_Str_44_000002_000170,01,crate (black),standard objects,obstacle,59.0,12.01,13.65,13.5,13.56
02_Hanns_Klemm_Str_44_000002_000180,02,"crate (black, 2x stacked)",standard objects,traffic barricade,172.0,8.2,9.36,9.18,9.23
02_Hanns_Klemm_Str_44_000002_000180,01,crate (black),standard objects,obstacle,87.0,8.27,9.41,9.29,9.34
02_Hanns_Klemm_Str_44_000003_000100,20,tire,random hazards,obstacle,15.0,39.29,49.36,47.22,47.7
02_Hanns_Klemm_Str_44_000003_000110,20,tire,random hazards,obstacle,17.0,36.09,41.82,40.99,41.24
02_Hanns_Klemm_Str_44_000003_000120,20,tire,random hazards,obstacle,19.0,30.76,34.73,34.26,34.39
02_Hanns_Klemm_Str_44_000003_000130,20,tire,random hazards,obstacle,22.0,26.6,29.32,28.99,29.07
02_Hanns_Klemm_Str_44_000003_000140,34,styrofoam,random hazards,obstacle,19.0,22.25,24.82,24.02,24.22
02_Hanns_Klemm_Str_44_000003_000150,20,tire,random hazards,obstacle,36.0,17.27,19.54,19.37,19.43
02_Hanns_Klemm_Str_44_000003_000150,34,styrofoam,random hazards,obstacle,25.0,17.54,19.62,19.24,19.34
02_Hanns_Klemm_Str_44_000003_000160,20,tire,random hazards,obstacle,50.0,12.73,14.73,14.59,14.64
02_Hanns_Klemm_Str_44_000003_000160,34,styrofoam,random hazards,obstacle,37.0,13.05,14.92,14.71,14.78
02_Hanns_Klemm_Str_44_000003_000170,20,tire,random hazards,obstacle,79.0,8.62,9.89,9.74,9.79
02_Hanns_Klemm_Str_44_000003_000170,34,styrofoam,random hazards,box,57.0,8.85,10.21,10.07,10.1
02_Hanns_Klemm_Str_44_000005_000140,08,cardboard box,random hazards,obstacle,25.0,24.19,27.74,27.42,27.54
02_Hanns_Klemm_Str_44_000005_000150,08,cardboard box,random hazards,obstacle,30.0,20.45,22.61,22.49,22.53
02_Hanns_Klemm_Str_44_000005_000160,08,cardboard box,random hazards,box,37.0,16.67,18.63,18.49,18.55
02_Hanns_Klemm_Str_44_000005_000170,08,cardboard box,random hazards,box,47.0,12.98,14.81,14.69,14.72
02_Hanns_Klemm_Str_44_000005_000180,08,cardboard box,random hazards,box,63.0,9.69,11.07,10.96,11.0
02_Hanns_Klemm_Str_44_000005_000190,08,cardboard box,random hazards,box,96.0,6.74,7.69,7.61,7.65
02_Hanns_Klemm_Str_44_000006_000160,08,cardboard box,random hazards,obstacle,32.0,17.87,17.51,17.46,17.47
02_Hanns_Klemm_Str_44_000006_000170,08,cardboard box,random hazards,box,39.0,14.29,14.67,14.61,14.63
02_Hanns_Klemm_Str_44_000006_000180,08,cardboard box,random hazards,box,55.0,10.69,10.8,10.72,10.75
02_Hanns_Klemm_Str_44_000006_000180,13,exhaust pipe,random hazards,bicycle,71.0,11.04,11.27,10.96,11.06
02_Hanns_Klemm_Str_44_000006_000190,13,exhaust pipe,random hazards,motorcycle,113.0,7.59,7.9,7.64,7.71
02_Hanns_Klemm_Str_44_000006_000190,08,cardboard box,random hazards,box,82.0,7.34,7.64,7.61,7.62
02_Hanns_Klemm_Str_44_000007_000150,20,tire,random hazards,obstacle,17.0,34.94,41.92,40.17,40.31
02_Hanns_Klemm_Str_44_000007_000190,20,tire,random hazards,obstacle,25.0,23.46,23.3,23.08,23.14
02_Hanns_Klemm_Str_44_000007_000200,20,tire,random hazards,obstacle,30.0,20.28,20.61,20.38,20.46
02_Hanns_Klemm_Str_44_000007_000210,20,tire,random hazards,obstacle,36.0,17.09,17.25,16.97,17.06
02_Hanns_Klemm_Str_44_000007_000220,20,tire,random hazards,obstacle,43.0,13.72,14.09,13.88,13.93
02_Hanns_Klemm_Str_44_000007_000230,20,tire,random hazards,obstacle,62.0,10.22,10.39,10.26,10.29
02_Hanns_Klemm_Str_44_000007_000240,20,tire,random hazards,obstacle,95.0,7.22,7.32,7.23,7.25
02_Hanns_Klemm_Str_44_000008_000150,20,tire,random hazards,obstacle,21.0,30.6,32.86,32.34,32.5
02_Hanns_Klemm_Str_44_000008_000160,20,tire,random hazards,obstacle,21.0,26.35,28.34,28.02,28.07
02_Hanns_Klemm_Str_44_000008_000170,20,tire,random hazards,obstacle,26.0,22.88,24.12,23.81,23.92
02_Hanns_Klemm_Str_44_000008_000210,20,tire,random hazards,obstacle,80.0,8.44,8.46,8.34,8.37
02_Hanns_Klemm_Str_44_000009_000020,02,"crate (black, 2x stacked)",standard objects,traffic cone,20.0,67.22,94.6,89.99,91.38
02_Hanns_Klemm_Str_44_000009_000030,02,"crate (black, 2x stacked)",standard objects,traffic cone,20.0,64.53,90.63,86.12,87.42
02_Hanns_Klemm_Str_44_000009_000040,02,"crate (black, 2x stacked)",standard objects,traffic cone,20.0,64.27,94.64,87.34,89.09
02_Hanns_Klemm_Str_44_000009_000090,02,"crate (black, 2x stacked)",standard objects,traffic barricade,23.0,58.71,80.91,74.73,76.02
02_Hanns_Klemm_Str_44_000009_000100,02,"crate (black, 2x stacked)",standard objects,bicycle,25.0,54.7,75.69,68.08,69.81
02_Hanns_Klemm_Str_44_000009_000120,02,"crate (black, 2x stacked)",standard objects,traffic barricade,29.0,48.38,55.72,55.22,55.3
02_Hanns_Klemm_Str_44_000009_000130,02,"crate (black, 2x stacked)",standard objects,traffic barricade,30.0,44.14,51.42,50.75,50.87
02_Hanns_Klemm_Str_44_000009_000180,02,"crate (black, 2x stacked)",standard objects,construction barrier,52.0,26.13,28.64,28.56,28.58
02_Hanns_Klemm_Str_44_000009_000180,01,crate (black),standard objects,obstacle,27.0,26.49,29.04,28.86,28.92
02_Hanns_Klemm_Str_44_000009_000190,02,"crate (black, 2x stacked)",standard objects,obstacle,65.0,22.58,23.77,23.68,23.73
02_Hanns_Klemm_Str_44_000009_000190,01,crate (black),standard objects,box,31.0,22.63,24.81,24.64,24.72
02_Hanns_Klemm_Str_44_000009_000200,02,"crate (black, 2x stacked)",standard objects,obstacle,78.0,17.93,18.82,18.7,18.78
02_Hanns_Klemm_Str_44_000009_000200,01,crate (black),standard objects,box,38.0,18.04,19.6,19.52,19.55
02_Hanns_Klemm_Str_44_000009_000210,02,"crate (black, 2x stacked)",standard objects,obstacle,103.0,13.54,14.18,14.08,14.12
02_Hanns_Klemm_Str_44_000009_000210,01,crate (black),standard objects,obstacle,52.0,13.69,14.36,14.23,14.28
02_Hanns_Klemm_Str_44_000009_000220,02,"crate (black, 2x stacked)",standard objects,traffic barricade,147.0,9.63,9.72,9.53,9.62
02_Hanns_Klemm_Str_44_000009_000220,01,crate (black),standard objects,obstacle,75.0,9.7,9.91,9.85,9.88
02_Hanns_Klemm_Str_44_000009_000230,02,"crate (black, 2x stacked)",standard objects,box,227.0,6.35,6.49,6.4,6.44
02_Hanns_Klemm_Str_44_000009_000230,01,crate (black),standard objects,box,117.0,6.48,6.7,6.64,6.67
02_Hanns_Klemm_Str_44_000010_000170,05,"crate (gray, 2x stacked)",standard objects,box,30.0,23.53,25.77,25.67,25.71
02_Hanns_Klemm_Str_44_000010_000180,05,"crate (gray, 2x stacked)",standard objects,obstacle,39.0,19.59,21.33,21.19,21.24
02_Hanns_Klemm_Str_44_000010_000190,05,"crate (gray, 2x stacked)",standard objects,box,50.0,15.6,16.09,15.98,16.03
02_Hanns_Klemm_Str_44_000010_000190,04,crate (gray),standard objects,box,30.0,15.8,16.15,16.01,16.06
02_Hanns_Klemm_Str_44_000010_000200,04,crate (gray),standard objects,box,43.0,11.64,11.94,11.84,11.87
02_Hanns_Klemm_Str_44_000010_000200,05,"crate (gray, 2x stacked)",standard objects,box,66.0,11.48,11.88,11.81,11.83
02_Hanns_Klemm_Str_44_000010_000210,05,"crate (gray, 2x stacked)",standard objects,box,108.0,7.7,7.97,7.93,7.94
02_Hanns_Klemm_Str_44_000010_000210,04,crate (gray),standard objects,box,73.0,7.86,8.05,7.99,8.01
02_Hanns_Klemm_Str_44_000011_000200,23,dog (black),emotional hazards,bicycle,46.0,21.3,36.62,35.09,35.47
02_Hanns_Klemm_Str_44_000011_000210,23,dog (black),emotional hazards,dog,57.0,18.03,25.19,24.83,24.95
02_Hanns_Klemm_Str_44_000011_000220,23,dog (black),emotional hazards,dog,71.0,14.78,21.9,20.37,20.68
02_Hanns_Klemm_Str_44_000011_000230,23,dog (black),emotional hazards,dog,90.0,11.62,13.31,12.94,13.1
02_Hanns_Klemm_Str_44_000011_000240,23,dog (black),emotional hazards,dog,118.0,8.99,9.93,9.68,9.78
02_Hanns_Klemm_Str_44_000012_000180,24,dog (white),emotional hazards,dog,31.0,22.21,36.35,32.08,33.62
02_Hanns_Klemm_Str_44_000012_000190,24,dog (white),emotional hazards,dog,47.0,17.9,17.78,16.49,16.74
02_Hanns_Klemm_Str_44_000012_000200,24,dog (white),emotional hazards,dog,59.0,13.31,14.59,14.22,14.43
02_Hanns_Klemm_Str_44_000013_000050,26,bobby car (gray),emotional hazards,car,15.0,62.94,77.37,75.1,75.9
02_Hanns_Klemm_Str_44_000013_000090,26,bobby car (gray),emotional hazards,car,16.0,59.69,67.23,64.9,65.85
02_Hanns_Klemm_Str_44_000013_000100,26,bobby car (gray),emotional hazards,car,17.0,54.49,64.64,62.05,62.93
02_Hanns_Klemm_Str_44_000013_000110,26,bobby car (gray),emotional hazards,car,16.0,51.04,61.87,58.94,59.96
02_Hanns_Klemm_Str_44_000013_000120,26,bobby car (gray),emotional hazards,car,18.0,48.53,59.04,55.99,57.09
02_Hanns_Klemm_Str_44_000013_000130,26,bobby car (gray),emotional hazards,car,19.0,44.62,54.81,51.39,52.15
02_Hanns_Klemm_Str_44_000013_000140,26,bobby car (gray),emotional hazards,car,21.0,41.95,55.45,49.0,49.97
02_Hanns_Klemm_Str_44_000013_000150,26,bobby car (gray),emotional hazards,car,24.0,37.61,46.04,44.22,44.76
02_Hanns_Klemm_Str_44_000013_000160,26,bobby car (gray),emotional hazards,motorcycle,27.0,34.79,44.57,39.84,40.39
02_Hanns_Klemm_Str_44_000013_000170,26,bobby car (gray),emotional hazards,motorcycle,30.0,30.93,40.14,36.97,37.38
02_Hanns_Klemm_Str_44_000013_000180,26,bobby car (gray),emotional hazards,motorcycle,33.0,26.95,34.38,32.96,33.33
02_Hanns_Klemm_Str_44_000013_000190,26,bobby car (gray),emotional hazards,motorcycle,40.0,22.91,28.97,28.16,28.42
02_Hanns_Klemm_Str_44_000013_000200,26,bobby car (gray),emotional hazards,motorcycle,50.0,19.21,22.87,22.48,22.61
02_Hanns_Klemm_Str_44_000013_000210,26,bobby car (gray),emotional hazards,motorcycle,61.0,15.55,18.87,18.68,18.75
02_Hanns_Klemm_Str_44_000013_000220,26,bobby car (gray),emotional hazards,motorcycle,81.0,12.05,12.55,12.48,12.5
02_Hanns_Klemm_Str_44_000013_000230,26,bobby car (gray),emotional hazards,motorcycle,112.0,8.87,9.37,9.31,9.33
02_Hanns_Klemm_Str_44_000014_000130,27,bobby car (red),emotional hazards,car,18.0,45.05,67.96,65.53,66.87
02_Hanns_Klemm_Str_44_000014_000160,27,bobby car (red),emotional hazards,car,25.0,33.43,42.53,35.33,37.04
02_Hanns_Klemm_Str_44_000014_000170,27,bobby car (red),emotional hazards,car,30.0,29.11,40.37,35.2,36.53
02_Hanns_Klemm_Str_44_000014_000180,27,bobby car (red),emotional hazards,car,36.0,25.13,26.31,25.08,25.49
02_Hanns_Klemm_Str_44_000014_000190,27,bobby car (red),emotional hazards,dog,44.0,21.31,21.31,20.12,20.7
02_Hanns_Klemm_Str_44_000014_000200,27,bobby car (red),emotional hazards,motorcycle,56.0,17.55,22.25,21.96,22.04
02_Hanns_Klemm_Str_44_000014_000210,27,bobby car (red),emotional hazards,motorcycle,72.0,13.71,16.3,16.15,16.2
02_Hanns_Klemm_Str_44_000014_000220,27,bobby car (red),emotional hazards,motorcycle,94.0,10.26,10.94,10.73,10.79
02_Hanns_Klemm_Str_44_000015_000140,27,bobby car (red),emotional hazards,person,26.0,32.17,31.86,28.62,29.36
02_Hanns_Klemm_Str_44_000015_000150,27,bobby car (red),emotional hazards,dog,35.0,28.26,28.03,27.08,27.28
02_Hanns_Klemm_Str_44_000015_000160,27,bobby car (red),emotional hazards,dog,39.0,24.97,24.29,24.0,24.11
02_Hanns_Klemm_Str_44_000015_000170,27,bobby car (red),emotional hazards,dog,47.0,21.07,22.6,22.37,22.48
02_Hanns_Klemm_Str_44_000015_000180,27,bobby car (red),emotional hazards,car,56.0,17.83,18.52,18.19,18.29
02_Hanns_Klemm_Str_44_000015_000190,27,bobby car (red),emotional hazards,motorcycle,67.0,14.14,13.78,13.6,13.68
02_Hanns_Klemm_Str_44_000015_000200,27,bobby car (red),emotional hazards,car,93.0,10.82,10.57,10.43,10.49
02_Hanns_Klemm_Str_44_000015_000210,27,bobby car (red),emotional hazards,car,128.0,7.71,7.57,7.5,7.53
02_Hanns_Klemm_Str_44_000016_000120,26,bobby car (gray),emotional hazards,dog,37.0,25.79,19.71,19.46,19.51
02_Hanns_Klemm_Str_44_000016_000130,26,bobby car (gray),emotional hazards,dog,43.0,22.69,19.55,19.3,19.5
02_Hanns_Klemm_Str_44_000016_000140,26,bobby car (gray),emotional hazards,motorcycle,55.0,19.06,20.81,20.61,20.69
02_Hanns_Klemm_Str_44_000016_000150,26,bobby car (gray),emotional hazards,car,64.0,15.65,16.19,16.08,16.13
02_Hanns_Klemm_Str_44_000016_000160,26,bobby car (gray),emotional hazards,car,81.0,12.22,12.4,12.29,12.33
02_Hanns_Klemm_Str_44_000016_000170,26,bobby car (gray),emotional hazards,car,105.0,9.07,8.94,8.84,8.88
02_Hanns_Klemm_Str_44_000016_000180,26,bobby car (gray),emotional hazards,car,156.0,6.4,6.32,6.19,6.25
02_Hanns_Klemm_Str_44_000017_000100,23,dog (black),emotional hazards,dog,28.0,34.64,35.98,34.65,34.96
02_Hanns_Klemm_Str_44_000017_000110,23,dog (black),emotional hazards,dog,34.0,30.94,27.78,26.73,27.09
02_Hanns_Klemm_Str_44_000017_000120,23,dog (black),emotional hazards,dog,39.0,26.67,25.98,25.16,25.58
02_Hanns_Klemm_Str_44_000017_000130,23,dog (black),emotional hazards,dog,45.0,22.98,25.13,24.85,24.99
02_Hanns_Klemm_Str_44_000017_000140,23,dog (black),emotional hazards,dog,55.0,19.01,19.37,18.94,19.29
02_Hanns_Klemm_Str_44_000017_000150,23,dog (black),emotional hazards,dog,69.0,15.04,14.64,13.3,14.33
02_Hanns_Klemm_Str_44_000017_000160,23,dog (black),emotional hazards,dog,92.0,11.45,10.96,10.24,10.85
02_Hanns_Klemm_Str_44_000017_000170,23,dog (black),emotional hazards,dog,132.0,7.92,7.76,7.34,7.7
02_Hanns_Klemm_Str_44_000018_000130,24,dog (white),emotional hazards,dog,23.0,35.56,32.82,27.73,28.53
02_Hanns_Klemm_Str_44_000018_000140,24,dog (white),emotional hazards,dog,25.0,31.41,28.96,27.23,27.52
02_Hanns_Klemm_Str_44_000018_000150,24,dog (white),emotional hazards,dog,30.0,27.73,30.68,27.91,28.51
02_Hanns_Klemm_Str_44_000018_000160,24,dog (white),emotional hazards,dog,33.0,24.1,27.48,26.26,26.55
02_Hanns_Klemm_Str_44_000018_000170,24,dog (white),emotional hazards,dog,38.0,20.61,22.31,21.88,22.02
02_Hanns_Klemm_Str_44_000018_000180,24,dog (white),emotional hazards,dog,44.0,16.97,17.16,17.03,17.08
02_Hanns_Klemm_Str_44_000018_000190,24,dog (white),emotional hazards,dog,58.0,13.84,13.56,13.46,13.49
02_Hanns_Klemm_Str_44_000018_000200,24,dog (white),emotional hazards,dog,75.0,10.4,9.98,9.78,9.93
02_Hanns_Klemm_Str_44_000018_000210,24,dog (white),emotional hazards,dog,112.0,6.94,6.86,6.7,6.76
04_Maurener_Weg_8_000000_000130,05,"crate (gray, 2x stacked)",standard objects,obstacle,26.0,34.75,33.93,33.19,33.36
04_Maurener_Weg_8_000000_000130,06,"crate (gray, upright)",standard objects,construction barrier,44.0,32.38,31.88,31.33,31.51
04_Maurener_Weg_8_000000_000140,04,crate (gray),standard objects,construction barrier,28.0,20.67,20.63,19.96,20.1
04_Maurener_Weg_8_000000_000140,06,"crate (gray, upright)",standard objects,construction barrier,51.0,28.35,27.43,27.24,27.31
04_Maurener_Weg_8_000000_000150,04,crate (gray),standard objects,obstacle,35.0,16.61,15.81,15.64,15.7
04_Maurener_Weg_8_000000_000160,04,crate (gray),standard objects,obstacle,41.0,12.79,12.6,12.46,12.51
04_Maurener_Weg_8_000000_000160,05,"crate (gray, 2x stacked)",standard objects,obstacle,40.0,22.6,20.84,20.58,20.67
04_Maurener_Weg_8_000000_000170,04,crate (gray),standard objects,box,65.0,9.15,9.46,9.34,9.39
04_Maurener_Weg_8_000000_000170,05,"crate (gray, 2x stacked)",standard objects,obstacle,45.0,18.5,18.29,18.09,18.14
04_Maurener_Weg_8_000000_000170,06,"crate (gray, upright)",standard objects,construction barrier,90.0,15.98,16.75,16.65,16.7
04_Maurener_Weg_8_000000_000180,05,"crate (gray, 2x stacked)",standard objects,obstacle,56.0,15.01,15.31,15.11,15.2
04_Maurener_Weg_8_000000_000180,06,"crate (gray, upright)",standard objects,construction barrier,110.0,12.63,13.21,13.12,13.16
04_Maurener_Weg_8_000000_000190,05,"crate (gray, 2x stacked)",standard objects,obstacle,70.0,12.06,12.39,12.2,12.29
04_Maurener_Weg_8_000000_000190,06,"crate (gray, upright)",standard objects,construction barrier,150.0,9.65,10.19,10.11,10.15
04_Maurener_Weg_8_000000_000200,05,"crate (gray, 2x stacked)",standard objects,obstacle,92.0,9.71,9.83,9.67,9.73
04_Maurener_Weg_8_000000_000200,06,"crate (gray, upright)",standard objects,obstacle,201.0,7.22,7.45,7.38,7.41
04_Maurener_Weg_8_000001_000190,03,"crate (black, upright)",standard objects,bicycle,67.0,10.43,10.77,10.75,10.76
04_Maurener_Weg_8_000001_000190,02,"crate (black, 2x stacked)",standard objects,obstacle,71.0,16.08,16.15,16.05,16.09
04_Maurener_Weg_8_000001_000200,03,"crate (black, upright)",standard objects,obstacle,110.0,6.65,7.12,7.08,7.09
04_Maurener_Weg_8_000001_000200,03,"crate (black, upright)",standard objects,obstacle,38.0,18.1,18.69,18.55,18.63
04_Maurener_Weg_8_000001_000210,03,"crate (black, upright)",standard objects,obstacle,48.0,14.97,15.89,15.84,15.86
04_Maurener_Weg_8_000001_000210,02,"crate (black, 2x stacked)",standard objects,obstacle,122.0,9.33,10.09,9.98,10.04
04_Maurener_Weg_8_000002_000050,06,"crate (gray, upright)",standard objects,construction barrier,34.0,45.4,59.01,47.3,55.62
04_Maurener_Weg_8_000002_000070,06,"crate (gray, upright)",standard objects,construction barrier,37.0,40.05,52.69,48.85,51.21
04_Maurener_Weg_8_000002_000100,04,crate (gray),standard objects,obstacle,24.0,19.19,18.99,18.84,18.91
04_Maurener_Weg_8_000002_000100,05,"crate (gray, 2x stacked)",standard objects,box,34.0,21.35,20.81,20.65,20.69
04_Maurener_Weg_8_000002_000110,04,crate (gray),standard objects,box,32.0,15.37,15.04,14.85,14.92
04_Maurener_Weg_8_000002_000110,05,"crate (gray, 2x stacked)",standard objects,box,43.0,18.0,17.06,16.93,16.96
04_Maurener_Weg_8_000002_000110,06,"crate (gray, upright)",standard objects,traffic barricade,57.0,24.03,23.6,23.24,23.39
04_Maurener_Weg_8_000002_000120,04,crate (gray),standard objects,box,39.0,11.76,11.77,11.62,11.66
04_Maurener_Weg_8_000002_000120,05,"crate (gray, 2x stacked)",standard objects,box,58.0,14.18,13.59,13.52,13.55
04_Maurener_Weg_8_000002_000130,04,crate (gray),standard objects,obstacle,64.0,8.39,8.62,8.55,8.57
04_Maurener_Weg_8_000002_000130,05,"crate (gray, 2x stacked)",standard objects,box,74.0,10.93,10.6,10.51,10.54
04_Maurener_Weg_8_000002_000130,06,"crate (gray, upright)",standard objects,obstacle,85.0,16.67,17.01,16.91,16.93
04_Maurener_Weg_8_000002_000140,05,"crate (gray, 2x stacked)",standard objects,box,102.0,8.19,8.11,8.03,8.06
04_Maurener_Weg_8_000002_000140,06,"crate (gray, upright)",standard objects,obstacle,96.0,13.97,14.75,14.64,14.67
04_Maurener_Weg_8_000002_000150,05,"crate (gray, 2x stacked)",standard objects,box,130.0,6.5,6.38,6.32,6.33
04_Maurener_Weg_8_000002_000150,06,"crate (gray, upright)",standard objects,obstacle,112.0,12.11,12.75,12.68,12.71
04_Maurener_Weg_8_000003_000010,02,"crate (black, 2x stacked)",standard objects,bucket,30.0,38.22,38.89,38.3,38.49
04_Maurener_Weg_8_000003_000040,02,"crate (black, 2x stacked)",standard objects,bucket,31.0,36.01,34.83,34.66,34.7
04_Maurener_Weg_8_000003_000060,03,"crate (black, upright)",standard objects,obstacle,26.0,26.12,26.86,26.53,26.63
04_Maurener_Weg_8_000003_000060,02,"crate (black, 2x stacked)",standard objects,box,35.0,31.34,30.33,30.05,30.14
04_Maurener_Weg_8_000003_000070,02,"crate (black, 2x stacked)",standard objects,box,37.0,28.18,27.67,27.45,27.5
04_Maurener_Weg_8_000003_000070,03,"crate (black, upright)",standard objects,box,31.0,23.02,24.28,24.14,24.2
04_Maurener_Weg_8_000003_000080,03,"crate (black, upright)",standard objects,box,36.0,19.89,19.79,19.71,19.76
04_Maurener_Weg_8_000003_000080,02,"crate (black, 2x stacked)",standard objects,box,43.0,25.15,23.72,23.56,23.68
04_Maurener_Weg_8_000003_000090,03,"crate (black, upright)",standard objects,obstacle,42.0,16.64,16.34,16.13,16.23
04_Maurener_Weg_8_000003_000090,02,"crate (black, 2x stacked)",standard objects,box,49.0,21.29,20.68,20.58,20.62
04_Maurener_Weg_8_000003_000100,03,"crate (black, upright)",standard objects,box,55.0,12.72,12.19,12.12,12.15
04_Maurener_Weg_8_000003_000100,02,"crate (black, 2x stacked)",standard objects,box,59.0,17.92,16.39,16.28,16.32
04_Maurener_Weg_8_000003_000100,01,crate (black),standard objects,obstacle,30.0,25.44,24.63,24.44,24.59
04_Maurener_Weg_8_000003_000110,03,"crate (black, upright)",standard objects,box,76.0,9.28,9.18,9.06,9.11
04_Maurener_Weg_8_000003_000110,02,"crate (black, 2x stacked)",standard objects,box,75.0,14.19,13.54,13.44,13.48
04_Maurener_Weg_8_000003_000120,02,"crate (black, 2x stacked)",standard objects,obstacle,93.0,11.11,11.07,11.01,11.03
04_Maurener_Weg_8_000003_000120,01,crate (black),standard objects,bucket,40.0,18.92,19.51,19.45,19.48
04_Maurener_Weg_8_000003_000130,02,"crate (black, 2x stacked)",standard objects,box,122.0,8.62,8.42,8.39,8.41
04_Maurener_Weg_8_000003_000130,01,crate (black),standard objects,box,50.0,16.18,16.69,16.51,16.6
04_Maurener_Weg_8_000003_000140,02,"crate (black, 2x stacked)",standard objects,box,153.0,6.94,6.86,6.81,6.83
04_Maurener_Weg_8_000003_000140,01,crate (black),standard objects,obstacle,58.0,14.57,15.17,15.05,15.12
04_Maurener_Weg_8_000004_000160,21,ball,emotional hazards,ball,40.0,14.07,13.01,12.95,12.97
04_Maurener_Weg_8_000004_000190,15,euro pallet,random hazards,obstacle,46.0,14.7,16.27,15.52,15.8
04_Maurener_Weg_8_000004_000200,15,euro pallet,random hazards,obstacle,60.0,11.23,11.89,11.44,11.63
04_Maurener_Weg_8_000004_000210,15,euro pallet,random hazards,traffic barricade,93.0,8.47,8.83,8.48,8.65
04_Maurener_Weg_8_000005_000050,16,pylon,random hazards,traffic cone,16.0,47.6,58.09,51.99,53.82
04_Maurener_Weg_8_000005_000070,16,pylon,random hazards,traffic cone,15.0,44.71,56.08,47.18,50.52
04_Maurener_Weg_8_000005_000090,18,pylon (white),random hazards,traffic cone,22.0,39.46,50.95,44.04,46.67
04_Maurener_Weg_8_000005_000100,18,pylon (white),random hazards,traffic cone,22.0,36.82,40.76,38.47,39.1
04_Maurener_Weg_8_000005_000100,16,pylon,random hazards,traffic cone,19.0,40.77,45.72,40.42,41.66
04_Maurener_Weg_8_000005_000110,18,pylon (white),random hazards,traffic cone,24.0,34.89,36.03,34.24,34.58
04_Maurener_Weg_8_000005_000110,16,pylon,random hazards,traffic cone,20.0,37.73,39.01,36.28,36.66
04_Maurener_Weg_8_000005_000120,18,pylon (white),random hazards,traffic cone,25.0,31.58,33.86,30.99,31.58
04_Maurener_Weg_8_000005_000120,16,pylon,random hazards,traffic cone,20.0,34.7,38.08,33.46,34.37
04_Maurener_Weg_8_000005_000130,18,pylon (white),random hazards,traffic cone,28.0,28.31,31.93,29.62,30.01
04_Maurener_Weg_8_000005_000130,16,pylon,random hazards,traffic cone,20.0,31.33,34.91,31.29,31.76
04_Maurener_Weg_8_000005_000140,18,pylon (white),random hazards,traffic cone,32.0,25.37,26.38,25.31,25.52
04_Maurener_Weg_8_000005_000140,16,pylon,random hazards,traffic cone,25.0,27.77,29.4,27.41,27.7
04_Maurener_Weg_8_000005_000150,18,pylon (white),random hazards,traffic cone,38.0,21.77,21.69,21.35,21.42
04_Maurener_Weg_8_000005_000150,16,pylon,random hazards,traffic cone,30.0,24.51,24.48,23.88,23.98
04_Maurener_Weg_8_000005_000160,18,pylon (white),random hazards,traffic cone,43.0,18.04,17.91,17.54,17.73
04_Maurener_Weg_8_000005_000160,16,pylon,random hazards,traffic cone,35.0,20.54,19.43,19.29,19.35
04_Maurener_Weg_8_000005_000170,18,pylon (white),random hazards,traffic cone,57.0,14.29,14.59,14.48,14.51
04_Maurener_Weg_8_000005_000170,16,pylon,random hazards,traffic cone,44.0,16.79,16.14,15.98,16.03
04_Maurener_Weg_8_000005_000180,16,pylon,random hazards,traffic cone,52.0,13.88,14.06,13.91,13.96
04_Maurener_Weg_8_000005_000180,18,pylon (white),random hazards,traffic cone,70.0,11.34,12.16,12.0,12.09
04_Maurener_Weg_8_000005_000190,18,pylon (white),random hazards,traffic cone,87.0,9.25,10.08,9.93,9.97
04_Maurener_Weg_8_000005_000190,16,pylon,random hazards,traffic cone,61.0,11.81,12.12,12.03,12.06
04_Maurener_Weg_8_000005_000200,18,pylon (white),random hazards,traffic cone,96.0,8.06,8.72,8.67,8.7
04_Maurener_Weg_8_000005_000200,16,pylon,random hazards,traffic cone,72.0,10.58,10.8,10.75,10.76
04_Maurener_Weg_8_000006_000090,18,pylon (white),random hazards,ball,20.0,30.45,35.73,31.0,32.04
04_Maurener_Weg_8_000006_000100,18,pylon (white),random hazards,ball,24.0,26.46,28.86,26.73,27.2
04_Maurener_Weg_8_000006_000110,18,pylon (white),random hazards,person,29.0,22.5,22.8,22.06,22.29
04_Maurener_Weg_8_000006_000130,18,pylon (white),random hazards,traffic cone,38.0,14.28,14.35,14.24,14.28
04_Maurener_Weg_8_000006_000150,18,pylon (white),random hazards,traffic cone,63.0,8.48,8.81,8.77,8.79
04_Maurener_Weg_8_000007_000120,21,ball,emotional hazards,ball,22.0,22.85,23.03,22.23,22.42
04_Maurener_Weg_8_000007_000140,21,ball,emotional hazards,ball,36.0,13.87,14.15,14.07,14.1
04_Maurener_Weg_8_000007_000150,25,kid dummy,emotional hazards,motorcycle,35.0,10.28,10.85,10.67,10.72
04_Maurener_Weg_8_000007_000160,25,kid dummy,emotional hazards,motorcycle,48.0,7.37,8.12,7.87,7.95
04_Maurener_Weg_8_000007_000160,21,ball,emotional hazards,ball,68.0,7.21,7.88,7.85,7.86
04_Maurener_Weg_8_000007_000170,25,kid dummy,emotional hazards,person,66.0,5.56,6.14,5.92,5.99
04_Maurener_Weg_8_000007_000170,21,ball,emotional hazards,ball,94.0,5.37,5.93,5.88,5.91
04_Maurener_Weg_8_000008_000090,11,crate (green),random hazards,box,18.0,47.86,46.24,41.69,42.41
04_Maurener_Weg_8_000008_000100,11,crate (green),random hazards,box,19.0,42.25,40.63,38.57,38.92
04_Maurener_Weg_8_000008_000130,11,crate (green),random hazards,box,28.0,26.86,26.03,25.74,25.82
04_Maurener_Weg_8_000008_000130,31,plastic bag (bloated),random hazards,traffic barricade,43.0,13.94,13.9,13.58,13.69
04_Maurener_Weg_8_000008_000140,11,crate (green),random hazards,box,34.0,21.55,21.03,20.8,20.88
04_Maurener_Weg_8_000008_000140,31,plastic bag (bloated),random hazards,motorcycle,68.0,8.82,8.65,8.51,8.57
04_Maurener_Weg_8_000008_000150,11,crate (green),random hazards,box,42.0,16.99,17.63,17.41,17.48
04_Maurener_Weg_8_000008_000160,11,crate (green),random hazards,box,55.0,13.03,13.79,13.6,13.66
04_Maurener_Weg_8_000008_000160,31,plastic bag (bloated),random hazards,dog,75.0,6.6,6.57,6.48,6.52
04_Maurener_Weg_8_000008_000170,11,crate (green),random hazards,box,74.0,9.99,10.59,10.39,10.48
04_Maurener_Weg_8_000008_000180,11,crate (green),random hazards,box,98.0,7.8,8.23,8.07,8.14
04_Maurener_Weg_8_000008_000190,11,crate (green),random hazards,box,120.0,6.42,6.84,6.66,6.74
04_Maurener_Weg_8_000008_000200,11,crate (green),random hazards,box,140.0,5.55,6.04,5.86,5.94
04_Maurener_Weg_8_000009_000140,24,dog (white),emotional hazards,dog,20.0,36.21,37.96,33.83,34.82
04_Maurener_Weg_8_000009_000150,24,dog (white),emotional hazards,dog,23.0,31.85,32.24,30.72,31.0
04_Maurener_Weg_8_000009_000160,24,dog (white),emotional hazards,dog,26.0,27.68,28.18,27.1,27.35
04_Maurener_Weg_8_000009_000170,24,dog (white),emotional hazards,dog,31.0,23.04,23.24,22.46,22.66
04_Maurener_Weg_8_000009_000180,24,dog (white),emotional hazards,dog,36.0,19.27,18.55,18.33,18.42
04_Maurener_Weg_8_000009_000190,24,dog (white),emotional hazards,dog,44.0,15.35,14.87,14.7,14.74
04_Maurener_Weg_8_000009_000200,24,dog (white),emotional hazards,dog,59.0,11.9,11.95,11.86,11.9
04_Maurener_Weg_8_000009_000210,24,dog (white),emotional hazards,dog,81.0,8.72,8.96,8.86,8.91
04_Maurener_Weg_8_000010_000100,23,dog (black),emotional hazards,dog,39.0,29.46,26.97,26.77,26.82
04_Maurener_Weg_8_000010_000110,23,dog (black),emotional hazards,dog,43.0,25.23,22.68,22.44,22.51
04_Maurener_Weg_8_000010_000120,23,dog (black),emotional hazards,dog,52.0,20.63,18.88,18.59,18.65
04_Maurener_Weg_8_000010_000130,23,dog (black),emotional hazards,dog,67.0,15.92,14.86,14.61,14.77
04_Maurener_Weg_8_000010_000140,23,dog (black),emotional hazards,dog,91.0,11.86,10.79,10.61,10.71
04_Maurener_Weg_8_000010_000150,23,dog (black),emotional hazards,dog,131.0,8.22,8.13,7.98,8.08
04_Maurener_Weg_8_000011_000030,26,bobby car (gray),emotional hazards,car,17.0,62.04,58.89,57.34,57.78
04_Maurener_Weg_8_000011_000040,26,bobby car (gray),emotional hazards,car,18.0,61.66,60.45,59.38,59.78
04_Maurener_Weg_8_000011_000050,26,bobby car (gray),emotional hazards,car,17.0,61.39,57.98,56.67,57.12
04_Maurener_Weg_8_000011_000070,26,bobby car (gray),emotional hazards,car,20.0,55.62,55.41,53.75,54.3
04_Maurener_Weg_8_000011_000080,26,bobby car (gray),emotional hazards,car,19.0,52.84,51.36,49.9,50.27
04_Maurener_Weg_8_000011_000090,26,bobby car (gray),emotional hazards,car,21.0,50.11,50.48,49.05,49.67
04_Maurener_Weg_8_000011_000100,26,bobby car (gray),emotional hazards,car,23.0,47.01,48.48,46.72,47.24
04_Maurener_Weg_8_000011_000110,26,bobby car (gray),emotional hazards,car,24.0,42.13,41.09,40.35,40.49
04_Maurener_Weg_8_000011_000120,26,bobby car (gray),emotional hazards,car,28.0,37.84,38.12,37.12,37.34
04_Maurener_Weg_8_000011_000130,26,bobby car (gray),emotional hazards,dog,30.0,34.69,34.77,33.69,33.87
04_Maurener_Weg_8_000011_000140,26,bobby car (gray),emotional hazards,dog,33.0,30.78,28.76,28.23,28.36
04_Maurener_Weg_8_000011_000150,26,bobby car (gray),emotional hazards,motorcycle,38.0,26.29,25.12,24.87,24.95
04_Maurener_Weg_8_000011_000160,26,bobby car (gray),emotional hazards,car,46.0,22.81,21.27,21.06,21.13
04_Maurener_Weg_8_000011_000170,26,bobby car (gray),emotional hazards,car,55.0,18.99,18.11,17.98,18.02
04_Maurener_Weg_8_000011_000180,26,bobby car (gray),emotional hazards,car,64.0,15.12,14.84,14.66,14.71
04_Maurener_Weg_8_000011_000190,26,bobby car (gray),emotional hazards,car,84.0,11.58,11.77,11.61,11.69
04_Maurener_Weg_8_000012_000030,27,bobby car (red),emotional hazards,traffic cone,19.0,65.71,71.09,59.35,64.33
04_Maurener_Weg_8_000012_000060,27,bobby car (red),emotional hazards,traffic cone,20.0,61.6,65.85,57.53,59.53
04_Maurener_Weg_8_000012_000080,27,bobby car (red),emotional hazards,traffic cone,22.0,54.27,53.32,49.47,50.08
04_Maurener_Weg_8_000012_000120,27,bobby car (red),emotional hazards,dog,28.0,38.29,37.68,36.76,36.97
04_Maurener_Weg_8_000012_000140,27,bobby car (red),emotional hazards,dog,35.0,28.59,27.77,27.29,27.48
04_Maurener_Weg_8_000012_000150,27,bobby car (red),emotional hazards,dog,43.0,24.58,22.98,22.79,22.85
04_Maurener_Weg_8_000012_000160,27,bobby car (red),emotional hazards,car,54.0,19.74,19.07,18.86,18.93
04_Maurener_Weg_8_000012_000170,27,bobby car (red),emotional hazards,car,70.0,15.63,15.02,14.76,14.87
04_Maurener_Weg_8_000012_000180,27,bobby car (red),emotional hazards,motorcycle,89.0,11.58,11.22,11.03,11.1
04_Maurener_Weg_8_000012_000190,27,bobby car (red),emotional hazards,car,129.0,8.28,8.18,7.96,8.01
04_Maurener_Weg_8_000013_000180,28,bobby car (yellow),emotional hazards,dog,39.0,27.71,27.77,27.27,27.43
04_Maurener_Weg_8_000013_000190,28,bobby car (yellow),emotional hazards,dog,47.0,23.1,23.73,23.57,23.62
04_Maurener_Weg_8_000013_000200,28,bobby car (yellow),emotional hazards,car,55.0,19.39,20.16,19.89,20.01
04_Maurener_Weg_8_000013_000210,28,bobby car (yellow),emotional hazards,motorcycle,66.0,15.86,17.49,17.28,17.34
04_Maurener_Weg_8_000013_000220,28,bobby car (yellow),emotional hazards,motorcycle,84.0,12.64,14.24,14.06,14.14
04_Maurener_Weg_8_000013_000230,28,bobby car (yellow),emotional hazards,motorcycle,113.0,9.49,10.48,10.34,10.38
05_Schafgasse_1_000000_000180,05,"crate (gray, 2x stacked)",standard objects,box,60.0,13.46,13.99,13.87,13.9
05_Schafgasse_1_000000_000190,05,"crate (gray, 2x stacked)",standard objects,obstacle,81.0,10.13,10.28,10.19,10.24
05_Schafgasse_1_000000_000200,05,"crate (gray, 2x stacked)",standard objects,box,124.0,7.13,7.46,7.41,7.43
05_Schafgasse_1_000001_000230,03,"crate (black, upright)",standard objects,box,46.0,15.46,15.78,15.72,15.74
05_Schafgasse_1_000001_000240,03,"crate (black, upright)",standard objects,box,56.0,13.01,13.25,13.12,13.18
05_Schafgasse_1_000001_000250,03,"crate (black, upright)",standard objects,obstacle,69.0,10.79,11.47,11.4,11.43
05_Schafgasse_1_000001_000260,03,"crate (black, upright)",standard objects,obstacle,82.0,8.69,9.25,9.17,9.2
05_Schafgasse_1_000002_000120,18,pylon (white),random hazards,traffic cone,15.0,38.37,43.21,40.55,41.53
05_Schafgasse_1_000002_000150,18,pylon (white),random hazards,traffic cone,17.0,32.82,37.08,34.16,35.08
05_Schafgasse_1_000002_000170,18,pylon (white),random hazards,traffic cone,19.0,27.82,28.92,27.59,27.88
05_Schafgasse_1_000002_000180,18,pylon (white),random hazards,traffic cone,21.0,25.14,26.6,24.75,25.12
05_Schafgasse_1_000002_000190,18,pylon (white),random hazards,ball,24.0,22.0,22.96,21.41,21.67
05_Schafgasse_1_000002_000200,18,pylon (white),random hazards,ball,28.0,18.91,18.92,18.68,18.73
05_Schafgasse_1_000002_000210,08,cardboard box,random hazards,obstacle,26.0,24.34,26.03,25.73,25.83
05_Schafgasse_1_000002_000210,18,pylon (white),random hazards,ball,31.0,15.72,15.63,15.55,15.57
05_Schafgasse_1_000002_000220,18,pylon (white),random hazards,ball,41.0,12.48,12.86,12.78,12.8
05_Schafgasse_1_000002_000230,08,cardboard box,random hazards,box,35.0,18.15,19.4,19.31,19.35
05_Schafgasse_1_000002_000230,18,pylon (white),random hazards,ball,57.0,9.12,9.48,9.44,9.46
05_Schafgasse_1_000003_000140,20,tire,random hazards,obstacle,46.0,13.89,14.31,14.17,14.2
05_Schafgasse_1_000003_000150,20,tire,random hazards,obstacle,61.0,10.63,11.16,11.06,11.08
05_Schafgasse_1_000003_000160,20,tire,random hazards,obstacle,87.0,7.86,8.23,8.13,8.16
05_Schafgasse_1_000004_000130,11,crate (green),random hazards,box,29.0,22.66,24.25,24.16,24.19
05_Schafgasse_1_000004_000130,10,"crate (blue, small)",random hazards,box,25.0,18.62,19.26,19.08,19.13
05_Schafgasse_1_000004_000140,11,crate (green),random hazards,box,37.0,19.53,20.22,20.15,20.18
05_Schafgasse_1_000004_000140,10,"crate (blue, small)",random hazards,box,32.0,15.19,15.31,15.19,15.23
05_Schafgasse_1_000004_000150,10,"crate (blue, small)",random hazards,box,43.0,11.52,11.37,11.23,11.27
05_Schafgasse_1_000004_000150,11,crate (green),random hazards,box,41.0,15.85,15.83,15.74,15.78
05_Schafgasse_1_000004_000160,11,crate (green),random hazards,box,55.0,12.54,12.74,12.68,12.71
05_Schafgasse_1_000004_000160,10,"crate (blue, small)",random hazards,obstacle,68.0,7.99,8.23,8.13,8.17
05_Schafgasse_1_000004_000170,11,crate (green),random hazards,box,74.0,9.57,9.53,9.4,9.45
05_Schafgasse_1_000005_000120,21,ball,emotional hazards,ball,27.0,21.28,24.85,24.14,24.2
05_Schafgasse_1_000005_000130,21,ball,emotional hazards,ball,31.0,18.1,18.75,18.49,18.56
05_Schafgasse_1_000007_000130,20,tire,random hazards,obstacle,30.0,12.21,12.26,12.1,12.16
05_Schafgasse_1_000007_000140,20,tire,random hazards,obstacle,39.0,9.29,9.39,9.29,9.32
05_Schafgasse_1_000007_000150,20,tire,random hazards,obstacle,63.0,6.47,6.54,6.45,6.48
05_Schafgasse_1_000008_000110,14,headlight,random hazards,cat,47.0,13.23,13.13,13.07,13.1
05_Schafgasse_1_000008_000120,14,headlight,random hazards,dog,63.0,9.97,9.5,9.43,9.46
05_Schafgasse_1_000009_000180,23,dog (black),emotional hazards,dog,37.0,28.77,32.11,27.58,27.97
05_Schafgasse_1_000009_000190,23,dog (black),emotional hazards,dog,41.0,25.54,27.45,24.33,24.78
05_Schafgasse_1_000009_000200,23,dog (black),emotional hazards,dog,51.0,21.69,21.86,21.32,21.5
05_Schafgasse_1_000009_000210,23,dog (black),emotional hazards,dog,59.0,18.28,17.66,17.3,17.45
05_Schafgasse_1_000009_000220,23,dog (black),emotional hazards,dog,75.0,14.99,14.35,13.78,14.15
05_Schafgasse_1_000009_000230,23,dog (black),emotional hazards,dog,92.0,11.99,11.01,10.68,10.83
05_Schafgasse_1_000009_000240,23,dog (black),emotional hazards,dog,114.0,9.26,8.92,8.69,8.84
05_Schafgasse_1_000010_000130,24,dog (white),emotional hazards,dog,24.0,31.65,33.85,31.88,32.32
05_Schafgasse_1_000010_000140,24,dog (white),emotional hazards,dog,27.0,27.83,28.97,27.26,27.58
05_Schafgasse_1_000010_000150,24,dog (white),emotional hazards,dog,32.0,23.42,23.22,22.82,22.9
05_Schafgasse_1_000010_000160,24,dog (white),emotional hazards,dog,38.0,19.55,19.57,19.36,19.45
05_Schafgasse_1_000010_000170,24,dog (white),emotional hazards,dog,46.0,15.87,16.35,16.11,16.2
05_Schafgasse_1_000010_000180,24,dog (white),emotional hazards,dog,59.0,12.55,12.05,11.91,11.98
05_Schafgasse_1_000010_000190,24,dog (white),emotional hazards,dog,76.0,9.31,9.22,9.15,9.17
05_Schafgasse_1_000011_000120,27,bobby car (red),emotional hazards,person,29.0,39.08,41.04,38.03,38.61
05_Schafgasse_1_000011_000130,27,bobby car (red),emotional hazards,person,32.0,33.58,39.13,35.05,35.72
05_Schafgasse_1_000011_000140,27,bobby car (red),emotional hazards,car,36.0,28.89,32.18,30.74,30.95
05_Schafgasse_1_000011_000150,27,bobby car (red),emotional hazards,car,41.0,23.8,24.56,24.32,24.36
05_Schafgasse_1_000011_000160,27,bobby car (red),emotional hazards,car,54.0,19.23,19.42,19.27,19.32
05_Schafgasse_1_000011_000170,27,bobby car (red),emotional hazards,motorcycle,71.0,14.17,14.01,13.82,13.88
05_Schafgasse_1_000011_000180,27,bobby car (red),emotional hazards,car,105.0,9.75,9.75,9.67,9.7
05_Schafgasse_1_000012_000180,28,bobby car (yellow),emotional hazards,dog,47.0,22.57,22.81,22.65,22.69
05_Schafgasse_1_000012_000190,28,bobby car (yellow),emotional hazards,car,58.0,18.22,18.54,18.31,18.37
05_Schafgasse_1_000012_000200,28,bobby car (yellow),emotional hazards,car,75.0,14.25,14.05,13.85,13.93
05_Schafgasse_1_000012_000210,28,bobby car (yellow),emotional hazards,car,99.0,10.6,11.09,10.96,11.01
05_Schafgasse_1_000012_000220,28,bobby car (yellow),emotional hazards,car,142.0,7.32,7.16,7.05,7.1
05_Schafgasse_1_000013_000050,26,bobby car (gray),emotional hazards,car,17.0,64.37,69.58,66.34,67.09
05_Schafgasse_1_000013_000080,26,bobby car (gray),emotional hazards,car,22.0,54.04,58.78,54.88,56.06
05_Schafgasse_1_000013_000090,26,bobby car (gray),emotional hazards,car,23.0,51.2,52.97,50.75,51.57
05_Schafgasse_1_000013_000100,26,bobby car (gray),emotional hazards,car,22.0,45.71,47.62,45.11,45.81
05_Schafgasse_1_000013_000110,26,bobby car (gray),emotional hazards,car,25.0,41.84,42.36,40.38,40.84
05_Schafgasse_1_000013_000120,26,bobby car (gray),emotional hazards,car,30.0,36.78,36.72,34.23,34.63
05_Schafgasse_1_000013_000130,26,bobby car (gray),emotional hazards,car,32.0,32.16,33.7,31.33,31.79
05_Schafgasse_1_000013_000140,26,bobby car (gray),emotional hazards,car,39.0,28.02,28.22,26.99,27.21
05_Schafgasse_1_000013_000150,26,bobby car (gray),emotional hazards,car,45.0,23.07,22.42,22.12,22.25
05_Schafgasse_1_000013_000160,26,bobby car (gray),emotional hazards,car,55.0,18.43,18.87,18.62,18.71
05_Schafgasse_1_000013_000170,26,bobby car (gray),emotional hazards,car,69.0,14.2,14.26,13.98,14.08
05_Schafgasse_1_000013_000180,26,bobby car (gray),emotional hazards,car,97.0,10.46,10.48,10.31,10.39
05_Schafgasse_1_000014_000090,24,dog (white),emotional hazards,dog,32.0,32.25,35.37,33.4,33.83
05_Schafgasse_1_000014_000100,24,dog (white),emotional hazards,dog,32.0,28.71,33.19,29.75,30.22
05_Schafgasse_1_000014_000110,24,dog (white),emotional hazards,dog,38.0,25.23,25.92,25.44,25.58
05_Schafgasse_1_000014_000120,24,dog (white),emotional hazards,dog,42.0,21.15,21.36,20.91,21.01
05_Schafgasse_1_000014_000130,24,dog (white),emotional hazards,dog,53.0,17.66,17.75,17.6,17.68
05_Schafgasse_1_000014_000140,24,dog (white),emotional hazards,dog,62.0,14.09,14.04,13.83,13.9
05_Schafgasse_1_000014_000150,24,dog (white),emotional hazards,dog,79.0,11.09,11.23,10.72,10.96
05_Schafgasse_1_000014_000160,24,dog (white),emotional hazards,dog,104.0,8.48,8.61,8.01,8.23
05_Schafgasse_1_000015_000050,27,bobby car (red),emotional hazards,traffic cone,24.0,47.76,48.29,46.91,47.35
05_Schafgasse_1_000015_000060,27,bobby car (red),emotional hazards,person,25.0,43.62,44.46,42.47,43.04
05_Schafgasse_1_000015_000070,27,bobby car (red),emotional hazards,person,26.0,41.34,44.02,41.92,42.36
05_Schafgasse_1_000015_000080,27,bobby car (red),emotional hazards,person,30.0,37.11,37.82,36.92,37.13
05_Schafgasse_1_000015_000090,27,bobby car (red),emotional hazards,person,33.0,33.46,34.28,32.81,33.05
05_Schafgasse_1_000015_000100,27,bobby car (red),emotional hazards,person,36.0,29.06,29.8,29.24,29.4
05_Schafgasse_1_000015_000110,27,bobby car (red),emotional hazards,car,41.0,25.47,25.27,24.87,24.98
05_Schafgasse_1_000015_000120,27,bobby car (red),emotional hazards,car,46.0,21.62,21.56,21.31,21.42
05_Schafgasse_1_000015_000130,27,bobby car (red),emotional hazards,car,55.0,18.15,17.63,17.48,17.52
05_Schafgasse_1_000015_000140,27,bobby car (red),emotional hazards,car,68.0,14.93,14.62,14.5,14.52
05_Schafgasse_1_000015_000150,27,bobby car (red),emotional hazards,car,82.0,12.05,11.8,11.71,11.75
05_Schafgasse_1_000015_000160,27,bobby car (red),emotional hazards,car,104.0,9.41,9.19,9.08,9.12
05_Schafgasse_1_000015_000170,27,bobby car (red),emotional hazards,car,135.0,7.29,7.0,6.93,6.96
05_Schafgasse_1_000016_000150,27,bobby car (red),emotional hazards,car,63.0,16.08,16.57,16.46,16.49
05_Schafgasse_1_000016_000160,27,bobby car (red),emotional hazards,car,80.0,12.51,12.45,12.35,12.39
05_Schafgasse_1_000016_000170,27,bobby car (red),emotional hazards,car,108.0,9.15,9.26,9.14,9.18
05_Schafgasse_1_000017_000080,26,bobby car (gray),emotional hazards,motorcycle,26.0,43.18,47.65,43.78,44.84
05_Schafgasse_1_000017_000090,26,bobby car (gray),emotional hazards,motorcycle,27.0,39.46,40.96,39.06,39.49
05_Schafgasse_1_000017_000100,26,bobby car (gray),emotional hazards,motorcycle,30.0,35.81,40.08,35.91,36.6
05_Schafgasse_1_000017_000110,26,bobby car (gray),emotional hazards,motorcycle,32.0,31.94,35.79,33.8,34.01
05_Schafgasse_1_000017_000120,26,bobby car (gray),emotional hazards,dog,35.0,28.26,29.91,29.48,29.61
05_Schafgasse_1_000017_000130,26,bobby car (gray),emotional hazards,dog,42.0,25.01,25.45,25.2,25.27
05_Schafgasse_1_000017_000140,26,bobby car (gray),emotional hazards,dog,49.0,21.2,21.96,21.76,21.85
05_Schafgasse_1_000017_000150,26,bobby car (gray),emotional hazards,motorcycle,57.0,17.74,18.12,18.04,18.07
05_Schafgasse_1_000017_000160,26,bobby car (gray),emotional hazards,car,70.0,14.1,14.16,14.08,14.11
05_Schafgasse_1_000017_000170,26,bobby car (gray),emotional hazards,motorcycle,92.0,10.89,10.85,10.73,10.77
05_Schafgasse_1_000017_000180,26,bobby car (gray),emotional hazards,motorcycle,127.0,7.91,7.56,7.47,7.51
05_Schafgasse_1_000018_000110,24,dog (white),emotional hazards,dog,43.0,25.71,26.22,25.12,25.4
05_Schafgasse_1_000018_000120,24,dog (white),emotional hazards,dog,50.0,21.02,21.49,20.95,21.08
05_Schafgasse_1_000018_000130,24,dog (white),emotional hazards,dog,62.0,16.71,16.58,16.36,16.44
05_Schafgasse_1_000018_000140,24,dog (white),emotional hazards,dog,77.0,12.49,12.46,12.38,12.42
05_Schafgasse_1_000018_000150,24,dog (white),emotional hazards,dog,111.0,8.45,8.14,7.93,8.01
05_Schafgasse_1_000019_000160,23,dog (black),emotional hazards,dog,44.0,28.7,30.94,29.77,29.97
05_Schafgasse_1_000019_000180,23,dog (black),emotional hazards,dog,58.0,20.05,20.0,19.87,19.91
05_Schafgasse_1_000019_000190,23,dog (black),emotional hazards,dog,68.0,15.91,15.78,15.59,15.7
05_Schafgasse_1_000019_000200,23,dog (black),emotional hazards,dog,88.0,12.12,12.11,11.9,12.04
05_Schafgasse_1_000019_000210,23,dog (black),emotional hazards,dog,125.0,8.76,8.57,8.48,8.51
07_Festplatz_Flugfeld_000000_000210,04,crate (gray),standard objects,traffic barricade,34.0,14.06,15.85,15.67,15.73
07_Festplatz_Flugfeld_000000_000210,05,"crate (gray, 2x stacked)",standard objects,obstacle,32.0,27.28,30.01,29.79,29.88
07_Festplatz_Flugfeld_000000_000220,04,crate (gray),standard objects,obstacle,43.0,10.2,12.63,12.56,12.58
07_Festplatz_Flugfeld_000000_000220,05,"crate (gray, 2x stacked)",standard objects,obstacle,35.0,23.19,28.58,28.41,28.49
07_Festplatz_Flugfeld_000000_000230,05,"crate (gray, 2x stacked)",standard objects,construction barrier,38.0,19.43,24.61,24.39,24.47
07_Festplatz_Flugfeld_000000_000240,05,"crate (gray, 2x stacked)",standard objects,obstacle,51.0,15.84,17.72,17.63,17.67
07_Festplatz_Flugfeld_000000_000250,05,"crate (gray, 2x stacked)",standard objects,obstacle,70.0,12.57,14.04,13.99,14.01
07_Festplatz_Flugfeld_000000_000250,06,"crate (gray, upright)",standard objects,obstacle,80.0,17.61,19.81,19.57,19.67
07_Festplatz_Flugfeld_000000_000260,05,"crate (gray, 2x stacked)",standard objects,obstacle,93.0,9.07,11.59,11.46,11.5
07_Festplatz_Flugfeld_000000_000260,06,"crate (gray, upright)",standard objects,obstacle,97.0,14.11,17.89,17.73,17.8
07_Festplatz_Flugfeld_000001_000120,01,crate (black),standard objects,traffic cone,11.0,64.13,21.94,21.31,21.48
07_Festplatz_Flugfeld_000001_000130,01,crate (black),standard objects,traffic cone,13.0,61.19,52.69,50.75,51.41
07_Festplatz_Flugfeld_000001_000210,03,"crate (black, upright)",standard objects,obstacle,52.0,13.15,28.52,24.35,25.75
07_Festplatz_Flugfeld_000001_000220,03,"crate (black, upright)",standard objects,obstacle,72.0,9.81,12.24,12.15,12.19
07_Festplatz_Flugfeld_000001_000230,01,crate (black),standard objects,box,41.0,19.47,22.34,22.23,22.28
07_Festplatz_Flugfeld_000001_000230,03,"crate (black, upright)",standard objects,obstacle,103.0,7.16,8.13,8.05,8.08
07_Festplatz_Flugfeld_000002_000200,07,bumper,random hazards,car,19.0,96.91,91.33,88.14,89.18
07_Festplatz_Flugfeld_000002_000250,08,cardboard box,random hazards,traffic cone,13.0,70.26,59.79,55.13,56.5
07_Festplatz_Flugfeld_000002_000250,07,bumper,random hazards,car,21.0,81.85,82.22,74.97,77.34
07_Festplatz_Flugfeld_000002_000260,08,cardboard box,random hazards,traffic cone,13.0,66.52,62.47,57.12,58.78
07_Festplatz_Flugfeld_000002_000260,07,bumper,random hazards,car,22.0,79.18,71.23,68.58,69.23
07_Festplatz_Flugfeld_000002_000270,08,cardboard box,random hazards,traffic cone,14.0,65.08,52.1,48.28,49.4
07_Festplatz_Flugfeld_000002_000270,07,bumper,random hazards,car,23.0,74.13,88.76,67.86,72.92
07_Festplatz_Flugfeld_000002_000290,08,cardboard box,random hazards,traffic cone,15.0,55.77,47.46,43.97,44.99
07_Festplatz_Flugfeld_000002_000290,07,bumper,random hazards,car,23.0,64.3,60.35,58.03,58.77
07_Festplatz_Flugfeld_000002_000300,08,cardboard box,random hazards,traffic cone,17.0,50.66,43.22,41.87,42.3
07_Festplatz_Flugfeld_000002_000300,07,bumper,random hazards,car,26.0,61.45,55.31,54.17,54.48
07_Festplatz_Flugfeld_000002_000310,08,cardboard box,random hazards,traffic cone,19.0,48.05,42.43,40.39,40.89
07_Festplatz_Flugfeld_000002_000310,07,bumper,random hazards,car,26.0,57.05,52.3,50.66,51.05
07_Festplatz_Flugfeld_000002_000320,08,cardboard box,random hazards,traffic cone,21.0,42.8,38.18,36.18,36.61
07_Festplatz_Flugfeld_000002_000320,07,bumper,random hazards,car,27.0,51.62,49.71,48.0,48.53
07_Festplatz_Flugfeld_000002_000330,08,cardboard box,random hazards,traffic cone,22.0,39.31,35.36,34.59,34.87
07_Festplatz_Flugfeld_000002_000330,07,bumper,random hazards,car,30.0,48.6,45.4,44.1,44.6
07_Festplatz_Flugfeld_000002_000340,08,cardboard box,random hazards,traffic cone,24.0,35.66,33.78,33.48,33.55
07_Festplatz_Flugfeld_000002_000340,07,bumper,random hazards,car,33.0,43.1,45.8,44.08,44.91
07_Festplatz_Flugfeld_000002_000350,08,cardboard box,random hazards,traffic cone,26.0,31.73,29.99,29.7,29.77
07_Festplatz_Flugfeld_000002_000350,07,bumper,random hazards,car,35.0,40.65,39.34,38.23,38.59
07_Festplatz_Flugfeld_000002_000360,08,cardboard box,random hazards,traffic cone,30.0,28.34,27.0,26.72,26.81
07_Festplatz_Flugfeld_000002_000360,07,bumper,random hazards,car,39.0,36.23,37.18,36.45,36.81
07_Festplatz_Flugfeld_000002_000370,08,cardboard box,random hazards,box,40.0,24.87,21.99,21.78,21.83
07_Festplatz_Flugfeld_000002_000370,07,bumper,random hazards,car,48.0,32.92,32.65,31.79,32.23
07_Festplatz_Flugfeld_000002_000380,08,cardboard box,random hazards,box,42.0,21.24,20.1,19.98,20.01
07_Festplatz_Flugfeld_000002_000380,07,bumper,random hazards,car,49.0,29.28,31.82,30.84,31.3
07_Festplatz_Flugfeld_000002_000390,08,cardboard box,random hazards,box,49.0,18.09,18.29,18.2,18.24
07_Festplatz_Flugfeld_000002_000390,07,bumper,random hazards,car,58.0,25.89,28.55,27.72,28.05
07_Festplatz_Flugfeld_000002_000400,08,cardboard box,random hazards,box,59.0,14.72,15.73,15.64,15.68
07_Festplatz_Flugfeld_000002_000400,07,bumper,random hazards,car,63.0,22.92,26.97,26.41,26.63
07_Festplatz_Flugfeld_000002_000410,08,cardboard box,random hazards,traffic barricade,77.0,11.6,11.59,11.55,11.56
07_Festplatz_Flugfeld_000002_000410,07,bumper,random hazards,car,70.0,19.75,21.75,21.05,21.19
07_Festplatz_Flugfeld_000002_000420,07,bumper,random hazards,car,84.0,16.84,18.24,18.09,18.15
07_Festplatz_Flugfeld_000002_000420,08,cardboard box,random hazards,construction barrier,105.0,8.65,8.08,8.03,8.05
07_Festplatz_Flugfeld_000002_000430,07,bumper,random hazards,car,95.0,14.14,14.99,14.73,14.83
07_Festplatz_Flugfeld_000002_000440,07,bumper,random hazards,car,121.0,11.59,12.91,12.72,12.81
07_Festplatz_Flugfeld_000003_000110,07,bumper,random hazards,car,17.0,87.15,103.81,73.0,79.49
07_Festplatz_Flugfeld_000003_000120,07,bumper,random hazards,car,16.0,82.42,113.4,74.7,87.46
07_Festplatz_Flugfeld_000003_000130,07,bumper,random hazards,car,17.0,79.18,120.08,73.81,89.02
07_Festplatz_Flugfeld_000003_000140,07,bumper,random hazards,car,18.0,76.01,84.77,66.57,70.72
07_Festplatz_Flugfeld_000003_000150,07,bumper,random hazards,car,17.0,72.87,82.93,67.46,71.41
07_Festplatz_Flugfeld_000003_000160,07,bumper,random hazards,car,20.0,66.45,87.24,59.42,62.54
07_Festplatz_Flugfeld_000003_000170,07,bumper,random hazards,car,23.0,63.95,84.28,54.16,56.19
07_Festplatz_Flugfeld_000003_000180,07,bumper,random hazards,motorcycle,24.0,60.28,60.07,52.31,53.09
07_Festplatz_Flugfeld_000003_000190,07,bumper,random hazards,motorcycle,23.0,58.16,60.32,48.93,49.47
07_Festplatz_Flugfeld_000003_000200,07,bumper,random hazards,motorcycle,25.0,53.63,51.65,47.14,47.73
07_Festplatz_Flugfeld_000003_000210,07,bumper,random hazards,car,28.0,51.13,56.34,47.62,48.07
07_Festplatz_Flugfeld_000003_000220,07,bumper,random hazards,motorcycle,29.0,47.44,54.05,44.1,44.59
07_Festplatz_Flugfeld_000003_000230,07,bumper,random hazards,car,31.0,43.27,43.58,42.64,43.03
07_Festplatz_Flugfeld_000003_000240,07,bumper,random hazards,motorcycle,32.0,41.34,40.93,39.75,40.21
07_Festplatz_Flugfeld_000003_000250,07,bumper,random hazards,motorcycle,35.0,37.0,34.4,33.2,33.59
07_Festplatz_Flugfeld_000003_000260,07,bumper,random hazards,bicycle,38.0,34.24,32.87,31.54,31.94
07_Festplatz_Flugfeld_000003_000270,07,bumper,random hazards,motorcycle,43.0,30.74,28.34,27.45,27.7
07_Festplatz_Flugfeld_000003_000280,34,styrofoam,random hazards,obstacle,32.0,11.85,12.83,12.61,12.69
07_Festplatz_Flugfeld_000003_000280,07,bumper,random hazards,motorcycle,51.0,26.76,26.63,25.07,25.35
07_Festplatz_Flugfeld_000003_000290,34,styrofoam,random hazards,obstacle,53.0,8.0,8.54,8.41,8.46
07_Festplatz_Flugfeld_000003_000290,07,bumper,random hazards,motorcycle,56.0,23.24,22.43,21.78,21.88
07_Festplatz_Flugfeld_000003_000300,07,bumper,random hazards,motorcycle,73.0,19.75,19.35,18.85,18.95
07_Festplatz_Flugfeld_000003_000310,07,bumper,random hazards,motorcycle,88.0,16.45,15.26,14.77,15.04
07_Festplatz_Flugfeld_000003_000320,07,bumper,random hazards,motorcycle,114.0,13.15,13.2,12.87,13.04
07_Festplatz_Flugfeld_000003_000330,07,bumper,random hazards,motorcycle,154.0,10.12,11.02,10.4,10.6
07_Festplatz_Flugfeld_000003_000340,07,bumper,random hazards,obstacle,215.0,7.54,7.96,7.23,7.45
07_Festplatz_Flugfeld_000004_000030,20,tire,random hazards,obstacle,14.0,51.41,49.27,46.22,47.01
07_Festplatz_Flugfeld_000004_000060,20,tire,random hazards,obstacle,15.0,48.55,45.19,43.23,43.78
07_Festplatz_Flugfeld_000004_000080,20,tire,random hazards,obstacle,17.0,44.14,39.48,38.53,38.83
07_Festplatz_Flugfeld_000004_000100,20,tire,random hazards,obstacle,20.0,38.09,34.46,33.8,34.02
07_Festplatz_Flugfeld_000004_000110,08,cardboard box,random hazards,obstacle,11.0,40.75,38.14,37.52,37.75
07_Festplatz_Flugfeld_000004_000120,08,cardboard box,random hazards,obstacle,14.0,36.31,33.48,33.02,33.19
07_Festplatz_Flugfeld_000004_000120,20,tire,random hazards,obstacle,24.0,31.38,29.84,29.23,29.45
07_Festplatz_Flugfeld_000004_000130,20,tire,random hazards,obstacle,29.0,28.1,26.33,25.92,26.06
07_Festplatz_Flugfeld_000004_000140,08,cardboard box,random hazards,obstacle,18.0,30.37,28.49,27.82,28.0
07_Festplatz_Flugfeld_000004_000140,20,tire,random hazards,obstacle,34.0,23.81,23.54,23.18,23.31
07_Festplatz_Flugfeld_000004_000150,08,cardboard box,random hazards,obstacle,20.0,26.66,24.14,23.83,23.95
07_Festplatz_Flugfeld_000004_000150,20,tire,random hazards,obstacle,38.0,20.29,19.75,19.5,19.6
07_Festplatz_Flugfeld_000004_000160,08,cardboard box,random hazards,obstacle,21.0,23.61,21.96,21.76,21.84
07_Festplatz_Flugfeld_000004_000160,20,tire,random hazards,obstacle,48.0,17.03,16.66,16.48,16.55
07_Festplatz_Flugfeld_000004_000170,08,cardboard box,random hazards,obstacle,24.0,20.48,19.76,19.46,19.56
07_Festplatz_Flugfeld_000004_000170,20,tire,random hazards,obstacle,56.0,13.72,13.86,13.73,13.78
07_Festplatz_Flugfeld_000004_000180,08,cardboard box,random hazards,obstacle,28.0,17.31,17.25,17.06,17.15
07_Festplatz_Flugfeld_000004_000180,20,tire,random hazards,obstacle,71.0,10.66,10.89,10.79,10.82
07_Festplatz_Flugfeld_000004_000190,08,cardboard box,random hazards,box,37.0,14.72,14.53,14.43,14.47
07_Festplatz_Flugfeld_000004_000190,20,tire,random hazards,obstacle,100.0,7.87,8.05,7.96,7.98
07_Festplatz_Flugfeld_000004_000200,08,cardboard box,random hazards,box,44.0,11.83,11.48,11.39,11.42
07_Festplatz_Flugfeld_000004_000210,08,cardboard box,random hazards,box,61.0,9.21,9.06,8.99,9.01
07_Festplatz_Flugfeld_000004_000220,08,cardboard box,random hazards,box,80.0,6.89,6.81,6.72,6.77
07_Festplatz_Flugfeld_000005_000120,09,crate (blue),random hazards,box,19.0,27.73,27.0,26.73,26.82
07_Festplatz_Flugfeld_000005_000130,09,crate (blue),random hazards,obstacle,25.0,24.88,24.2,23.85,23.97
07_Festplatz_Flugfeld_000005_000140,09,crate (blue),random hazards,box,26.0,21.7,21.98,21.75,21.84
07_Festplatz_Flugfeld_000005_000160,09,crate (blue),random hazards,box,38.0,15.82,16.42,16.24,16.31
07_Festplatz_Flugfeld_000005_000170,09,crate (blue),random hazards,box,44.0,12.9,13.23,13.15,13.17
07_Festplatz_Flugfeld_000005_000180,09,crate (blue),random hazards,box,61.0,10.04,10.33,10.27,10.29
07_Festplatz_Flugfeld_000005_000190,09,crate (blue),random hazards,box,90.0,7.07,7.43,7.39,7.4
07_Festplatz_Flugfeld_000005_000200,13,exhaust pipe,random hazards,ball,99.0,8.56,8.11,8.01,8.05
15_Rechbergstr_Deckenpfronn_000000_000040,39,kid (walking),humans,person,52.0,44.16,48.5,47.4,47.78
15_Rechbergstr_Deckenpfronn_000000_000040,40,kid (on a bobby car),humans,motorcycle,48.0,43.18,47.24,46.83,46.95
15_Rechbergstr_Deckenpfronn_000000_000050,40,kid (on a bobby car),humans,motorcycle,51.0,43.23,48.0,47.16,47.44
15_Rechbergstr_Deckenpfronn_000000_000060,39,kid (walking),humans,person,28.0,44.4,47.66,46.91,47.37
15_Rechbergstr_Deckenpfronn_000000_000060,40,kid (on a bobby car),humans,motorcycle,48.0,43.39,47.33,46.47,46.7
15_Rechbergstr_Deckenpfronn_000000_000070,39,kid (walking),humans,person,31.0,45.04,50.93,49.12,49.23
15_Rechbergstr_Deckenpfronn_000000_000070,40,kid (on a bobby car),humans,motorcycle,49.0,43.31,48.82,47.99,48.32
15_Rechbergstr_Deckenpfronn_000000_000080,39,kid (walking),humans,person,50.0,45.09,48.38,46.34,47.03
15_Rechbergstr_Deckenpfronn_000000_000080,40,kid (on a bobby car),humans,motorcycle,50.0,43.24,48.56,47.87,48.07
15_Rechbergstr_Deckenpfronn_000000_000090,40,kid (on a bobby car),humans,motorcycle,50.0,43.31,48.1,47.55,47.74
15_Rechbergstr_Deckenpfronn_000000_000100,40,kid (on a bobby car),humans,motorcycle,49.0,43.47,48.34,47.43,47.73
15_Rechbergstr_Deckenpfronn_000000_000110,41,kid (on a small bobby car),humans,person,38.0,46.37,51.42,49.95,50.44
15_Rechbergstr_Deckenpfronn_000000_000110,40,kid (on a bobby car),humans,motorcycle,46.0,43.64,50.11,49.06,49.5
15_Rechbergstr_Deckenpfronn_000000_000120,40,kid (on a bobby car),humans,person,45.0,44.11,50.52,49.82,49.99
15_Rechbergstr_Deckenpfronn_000000_000120,41,kid (on a small bobby car),humans,person,37.0,46.99,52.16,51.2,51.45
15_Rechbergstr_Deckenpfronn_000000_000130,40,kid (on a bobby car),humans,person,47.0,45.48,50.88,49.84,50.17
15_Rechbergstr_Deckenpfronn_000000_000130,41,kid (on a small bobby car),humans,person,36.0,47.81,52.42,51.36,51.68
15_Rechbergstr_Deckenpfronn_000000_000140,40,kid (on a bobby car),humans,motorcycle,46.0,47.36,51.66,51.02,51.26
15_Rechbergstr_Deckenpfronn_000000_000140,41,kid (on a small bobby car),humans,person,37.0,47.34,50.88,49.76,50.13
15_Rechbergstr_Deckenpfronn_000000_000150,40,kid (on a bobby car),humans,motorcycle,47.0,48.08,51.31,50.94,51.13
15_Rechbergstr_Deckenpfronn_000000_000150,41,kid (on a small bobby car),humans,person,38.0,47.74,50.44,49.44,49.78
15_Rechbergstr_Deckenpfronn_000000_000160,40,kid (on a bobby car),humans,person,47.0,47.93,51.16,50.88,51.05
15_Rechbergstr_Deckenpfronn_000000_000160,41,kid (on a small bobby car),humans,person,37.0,47.58,50.22,49.39,49.69
15_Rechbergstr_Deckenpfronn_000000_000170,40,kid (on a bobby car),humans,person,48.0,48.64,51.21,51.09,51.15
15_Rechbergstr_Deckenpfronn_000000_000170,41,kid (on a small bobby car),humans,person,37.0,47.76,49.93,49.21,49.47
15_Rechbergstr_Deckenpfronn_000000_000180,40,kid (on a bobby car),humans,person,48.0,47.81,52.23,51.87,52.02
15_Rechbergstr_Deckenpfronn_000000_000180,41,kid (on a small bobby car),humans,person,37.0,47.54,51.43,50.7,50.93
15_Rechbergstr_Deckenpfronn_000001_000040,41,kid (on a small bobby car),humans,person,25.0,62.59,74.7,67.47,68.4
15_Rechbergstr_Deckenpfronn_000001_000040,39,kid (walking),humans,person,34.0,64.3,70.81,67.54,68.43
15_Rechbergstr_Deckenpfronn_000001_000050,41,kid (on a small bobby car),humans,person,26.0,62.04,76.38,67.43,68.48
15_Rechbergstr_Deckenpfronn_000001_000050,39,kid (walking),humans,person,33.0,64.56,69.57,68.4,68.88
15_Rechbergstr_Deckenpfronn_000001_000050,40,kid (on a bobby car),humans,person,28.0,62.46,67.06,66.32,66.66
15_Rechbergstr_Deckenpfronn_000001_000060,41,kid (on a small bobby car),humans,person,26.0,61.57,73.33,67.39,68.1
15_Rechbergstr_Deckenpfronn_000001_000060,40,kid (on a bobby car),humans,person,27.0,63.86,68.63,67.59,67.97
15_Rechbergstr_Deckenpfronn_000001_000060,39,kid (walking),humans,person,35.0,64.82,70.87,69.73,70.22
15_Rechbergstr_Deckenpfronn_000001_000070,41,kid (on a small bobby car),humans,person,26.0,61.81,72.35,67.44,68.17
15_Rechbergstr_Deckenpfronn_000001_000070,40,kid (on a bobby car),humans,person,26.0,63.73,69.0,67.58,68.1
15_Rechbergstr_Deckenpfronn_000001_000070,39,kid (walking),humans,person,35.0,64.05,70.64,69.77,70.12
15_Rechbergstr_Deckenpfronn_000001_000080,40,kid (on a bobby car),humans,person,34.0,63.79,68.7,67.85,68.18
15_Rechbergstr_Deckenpfronn_000001_000080,41,kid (on a small bobby car),humans,person,27.0,62.37,74.51,68.54,69.26
15_Rechbergstr_Deckenpfronn_000001_000080,39,kid (walking),humans,person,35.0,63.64,69.85,69.1,69.42
15_Rechbergstr_Deckenpfronn_000001_000090,39,kid (walking),humans,person,34.0,63.76,68.5,67.54,67.88
15_Rechbergstr_Deckenpfronn_000001_000090,41,kid (on a small bobby car),humans,person,26.0,62.34,71.82,67.7,68.18
15_Rechbergstr_Deckenpfronn_000001_000100,40,kid (on a bobby car),humans,person,34.0,62.86,68.74,67.8,68.12
15_Rechbergstr_Deckenpfronn_000001_000100,41,kid (on a small bobby car),humans,person,27.0,62.46,71.33,68.53,69.08
15_Rechbergstr_Deckenpfronn_000001_000100,39,kid (walking),humans,person,33.0,62.98,68.54,67.63,67.95
15_Rechbergstr_Deckenpfronn_000001_000110,40,kid (on a bobby car),humans,person,36.0,62.8,65.37,64.51,64.82
15_Rechbergstr_Deckenpfronn_000001_000120,41,kid (on a small bobby car),humans,person,26.0,61.54,66.01,65.54,65.7
15_Rechbergstr_Deckenpfronn_000001_000120,40,kid (on a bobby car),humans,person,36.0,63.86,67.81,66.82,67.13
15_Rechbergstr_Deckenpfronn_000001_000130,41,kid (on a small bobby car),humans,person,26.0,61.92,68.7,66.85,67.35
15_Rechbergstr_Deckenpfronn_000001_000130,40,kid (on a bobby car),humans,person,35.0,63.6,67.26,66.52,66.82
15_Rechbergstr_Deckenpfronn_000001_000140,41,kid (on a small bobby car),humans,person,28.0,61.72,73.54,68.36,69.07
15_Rechbergstr_Deckenpfronn_000001_000140,40,kid (on a bobby car),humans,person,35.0,63.76,68.15,67.37,67.63
15_Rechbergstr_Deckenpfronn_000001_000150,41,kid (on a small bobby car),humans,person,27.0,61.75,74.16,69.82,70.55
15_Rechbergstr_Deckenpfronn_000001_000150,40,kid (on a bobby car),humans,person,39.0,63.51,69.79,68.62,69.0
15_Rechbergstr_Deckenpfronn_000001_000160,41,kid (on a small bobby car),humans,person,26.0,61.81,73.05,68.26,69.13
15_Rechbergstr_Deckenpfronn_000001_000160,40,kid (on a bobby car),humans,person,36.0,64.53,66.76,65.98,66.22
15_Rechbergstr_Deckenpfronn_000001_000170,41,kid (on a small bobby car),humans,person,26.0,61.98,74.23,70.13,70.92
15_Rechbergstr_Deckenpfronn_000001_000170,39,kid (walking),humans,person,30.0,64.08,69.13,67.63,68.08
15_Rechbergstr_Deckenpfronn_000001_000180,41,kid (on a small bobby car),humans,person,27.0,62.16,75.41,70.54,71.38
15_Rechbergstr_Deckenpfronn_000001_000180,39,kid (walking),humans,person,31.0,65.21,69.36,67.92,68.48
15_Rechbergstr_Deckenpfronn_000001_000190,41,kid (on a small bobby car),humans,person,26.0,61.66,72.57,67.16,68.21
15_Rechbergstr_Deckenpfronn_000001_000190,39,kid (walking),humans,person,30.0,63.95,66.19,64.29,64.92
15_Rechbergstr_Deckenpfronn_000001_000190,40,kid (on a bobby car),humans,person,38.0,61.63,63.9,63.14,63.45
15_Rechbergstr_Deckenpfronn_000001_000200,40,kid (on a bobby car),humans,motorcycle,15.0,68.36,67.1,64.21,65.14
15_Rechbergstr_Deckenpfronn_000001_000200,41,kid (on a small bobby car),humans,person,27.0,62.22,70.28,66.72,67.36
15_Rechbergstr_Deckenpfronn_000001_000200,40,kid (on a bobby car),humans,motorcycle,29.0,61.89,62.46,61.72,61.99
15_Rechbergstr_Deckenpfronn_000001_000210,41,kid (on a small bobby car),humans,person,26.0,61.89,70.85,66.99,67.73
15_Rechbergstr_Deckenpfronn_000001_000210,40,kid (on a bobby car),humans,motorcycle,15.0,63.29,62.87,62.03,62.3
15_Rechbergstr_Deckenpfronn_000001_000210,40,kid (on a bobby car),humans,motorcycle,34.0,61.13,62.24,61.85,61.97
15_Rechbergstr_Deckenpfronn_000001_000220,41,kid (on a small bobby car),humans,person,26.0,62.07,73.63,68.93,69.84
15_Rechbergstr_Deckenpfronn_000001_000220,40,kid (on a bobby car),humans,motorcycle,21.0,64.59,68.75,65.25,66.43
15_Rechbergstr_Deckenpfronn_000001_000220,40,kid (on a bobby car),humans,motorcycle,34.0,60.93,62.63,62.07,62.25
15_Rechbergstr_Deckenpfronn_000001_000230,40,kid (on a bobby car),humans,motorcycle,18.0,64.33,68.58,67.5,68.01
15_Rechbergstr_Deckenpfronn_000001_000230,41,kid (on a small bobby car),humans,person,27.0,62.65,68.75,67.01,67.52
15_Rechbergstr_Deckenpfronn_000001_000230,40,kid (on a bobby car),humans,bicycle,34.0,60.67,61.86,61.41,61.54
15_Rechbergstr_Deckenpfronn_000001_000240,41,kid (on a small bobby car),humans,motorcycle,26.0,61.6,68.91,67.81,68.21
15_Rechbergstr_Deckenpfronn_000001_000240,40,kid (on a bobby car),humans,bicycle,33.0,61.72,63.16,62.76,62.91
15_Rechbergstr_Deckenpfronn_000001_000250,41,kid (on a small bobby car),humans,bicycle,26.0,62.8,68.19,67.4,67.68
15_Rechbergstr_Deckenpfronn_000001_000250,40,kid (on a bobby car),humans,motorcycle,34.0,61.81,63.42,63.05,63.16
15_Rechbergstr_Deckenpfronn_000001_000260,40,kid (on a bobby car),humans,motorcycle,33.0,61.84,64.61,63.61,63.96
15_Rechbergstr_Deckenpfronn_000001_000270,41,kid (on a small bobby car),humans,motorcycle,26.0,61.84,63.87,63.59,63.68
15_Rechbergstr_Deckenpfronn_000001_000270,40,kid (on a bobby car),humans,motorcycle,33.0,61.78,64.32,63.66,63.87
15_Rechbergstr_Deckenpfronn_000001_000270,39,kid (walking),humans,motorcycle,33.0,64.43,70.11,68.6,69.37
15_Rechbergstr_Deckenpfronn_000001_000280,39,kid (walking),humans,motorcycle,33.0,64.46,72.55,70.9,71.51
15_Rechbergstr_Deckenpfronn_000001_000280,39,kid (walking),humans,person,33.0,63.98,71.92,70.28,70.9
15_Rechbergstr_Deckenpfronn_000001_000280,40,kid (on a bobby car),humans,motorcycle,33.0,61.98,65.87,65.09,65.44
15_Rechbergstr_Deckenpfronn_000001_000290,40,kid (on a bobby car),humans,person,34.0,61.63,66.82,65.47,65.92
15_Rechbergstr_Deckenpfronn_000001_000290,39,kid (walking),humans,person,33.0,63.7,74.06,72.43,73.07
15_Rechbergstr_Deckenpfronn_000001_000290,39,kid (walking),humans,person,34.0,63.57,74.46,73.12,73.52
15_Rechbergstr_Deckenpfronn_000001_000300,40,kid (on a bobby car),humans,motorcycle,34.0,62.04,66.05,65.51,65.72
15_Rechbergstr_Deckenpfronn_000001_000300,39,kid (walking),humans,motorcycle,34.0,64.21,74.85,72.71,73.51
15_Rechbergstr_Deckenpfronn_000002_000130,40,kid (on a bobby car),humans,motorcycle,57.0,41.8,41.47,40.71,40.89
15_Rechbergstr_Deckenpfronn_000002_000140,40,kid (on a bobby car),humans,motorcycle,55.0,37.5,40.09,39.66,39.78
15_Rechbergstr_Deckenpfronn_000002_000150,40,kid (on a bobby car),humans,motorcycle,60.0,35.88,38.06,37.64,37.81
15_Rechbergstr_Deckenpfronn_000002_000160,40,kid (on a bobby car),humans,motorcycle,63.0,33.36,37.24,36.51,36.79
15_Rechbergstr_Deckenpfronn_000002_000170,40,kid (on a bobby car),humans,motorcycle,66.0,31.83,33.98,33.67,33.76
15_Rechbergstr_Deckenpfronn_000002_000180,40,kid (on a bobby car),humans,motorcycle,71.0,31.04,32.73,32.28,32.46
15_Rechbergstr_Deckenpfronn_000003_000120,40,kid (on a bobby car),humans,motorcycle,59.0,36.89,40.9,39.89,40.31
15_Rechbergstr_Deckenpfronn_000003_000130,40,kid (on a bobby car),humans,motorcycle,62.0,35.36,39.0,38.53,38.68
15_Rechbergstr_Deckenpfronn_000003_000140,40,kid (on a bobby car),humans,motorcycle,67.0,31.98,35.28,34.9,35.0
15_Rechbergstr_Deckenpfronn_000003_000150,40,kid (on a bobby car),humans,motorcycle,70.0,30.42,31.84,31.61,31.68
15_Rechbergstr_Deckenpfronn_000003_000160,40,kid (on a bobby car),humans,motorcycle,76.0,28.11,29.74,29.42,29.55
15_Rechbergstr_Deckenpfronn_000003_000170,40,kid (on a bobby car),humans,person,83.0,25.69,26.96,26.56,26.65
15_Rechbergstr_Deckenpfronn_000004_000150,41,kid (on a small bobby car),humans,person,40.0,42.73,45.74,44.82,45.11
15_Rechbergstr_Deckenpfronn_000004_000160,41,kid (on a small bobby car),humans,person,41.0,40.22,42.31,41.5,41.7
15_Rechbergstr_Deckenpfronn_000004_000170,41,kid (on a small bobby car),humans,person,44.0,37.22,40.74,39.82,40.14
15_Rechbergstr_Deckenpfronn_000004_000180,41,kid (on a small bobby car),humans,dog,48.0,35.79,37.19,36.53,36.76
15_Rechbergstr_Deckenpfronn_000004_000190,41,kid (on a small bobby car),humans,person,51.0,32.83,34.55,34.37,34.41
15_Rechbergstr_Deckenpfronn_000004_000200,41,kid (on a small bobby car),humans,person,56.0,31.3,32.61,32.04,32.23
15_Rechbergstr_Deckenpfronn_000004_000210,41,kid (on a small bobby car),humans,motorcycle,59.0,28.25,29.78,29.6,29.64
15_Rechbergstr_Deckenpfronn_000004_000220,41,kid (on a small bobby car),humans,person,65.0,25.91,28.02,27.5,27.7
15_Rechbergstr_Deckenpfronn_000004_000230,41,kid (on a small bobby car),humans,motorcycle,71.0,23.51,24.78,24.56,24.65
15_Rechbergstr_Deckenpfronn_000004_000240,41,kid (on a small bobby car),humans,person,79.0,21.23,22.01,21.77,21.88
15_Rechbergstr_Deckenpfronn_000004_000250,41,kid (on a small bobby car),humans,person,87.0,19.39,20.11,19.96,20.03
15_Rechbergstr_Deckenpfronn_000004_000260,41,kid (on a small bobby car),humans,person,95.0,17.54,18.47,18.41,18.43
15_Rechbergstr_Deckenpfronn_000004_000270,41,kid (on a small bobby car),humans,person,108.0,15.74,16.41,16.35,16.36
15_Rechbergstr_Deckenpfronn_000004_000280,41,kid (on a small bobby car),humans,motorcycle,120.0,14.11,15.03,14.96,14.99
15_Rechbergstr_Deckenpfronn_000004_000290,41,kid (on a small bobby car),humans,person,132.0,13.19,14.04,13.96,14.0
15_Rechbergstr_Deckenpfronn_000005_000020,42,kid (crawling),humans,person,85.0,12.41,13.49,13.28,13.35
15_Rechbergstr_Deckenpfronn_000005_000030,42,kid (crawling),humans,person,82.0,12.47,13.39,13.25,13.29
15_Rechbergstr_Deckenpfronn_000005_000040,42,kid (crawling),humans,person,84.0,12.54,13.5,13.4,13.43
15_Rechbergstr_Deckenpfronn_000005_000050,42,kid (crawling),humans,person,82.0,12.6,13.42,13.28,13.32
15_Rechbergstr_Deckenpfronn_000005_000060,42,kid (crawling),humans,person,74.0,12.66,13.55,13.38,13.44
15_Rechbergstr_Deckenpfronn_000005_000070,42,kid (crawling),humans,person,67.0,12.69,13.77,13.6,13.66
15_Rechbergstr_Deckenpfronn_000005_000080,42,kid (crawling),humans,person,68.0,12.68,13.4,13.33,13.37
15_Rechbergstr_Deckenpfronn_000005_000090,42,kid (crawling),humans,person,69.0,12.71,13.69,13.63,13.65
15_Rechbergstr_Deckenpfronn_000005_000100,42,kid (crawling),humans,person,76.0,12.71,13.77,13.62,13.68
15_Rechbergstr_Deckenpfronn_000006_000090,39,kid (walking),humans,person,45.0,48.24,50.97,50.14,50.35
15_Rechbergstr_Deckenpfronn_000006_000100,39,kid (walking),humans,person,47.0,45.15,48.38,47.6,47.85
15_Rechbergstr_Deckenpfronn_000006_000110,39,kid (walking),humans,person,49.0,43.56,47.37,46.96,47.08
15_Rechbergstr_Deckenpfronn_000006_000120,39,kid (walking),humans,person,52.0,42.37,44.17,43.76,43.92
15_Rechbergstr_Deckenpfronn_000006_000130,39,kid (walking),humans,person,53.0,41.58,43.07,42.41,42.57
15_Rechbergstr_Deckenpfronn_000006_000140,39,kid (walking),humans,person,55.0,40.46,41.11,40.7,40.8
15_Rechbergstr_Deckenpfronn_000006_000160,39,kid (walking),humans,person,68.0,36.15,37.49,37.23,37.32
15_Rechbergstr_Deckenpfronn_000006_000170,39,kid (walking),humans,person,72.0,33.22,37.16,36.93,37.01
15_Rechbergstr_Deckenpfronn_000006_000180,39,kid (walking),humans,person,75.0,31.62,33.25,33.04,33.14
15_Rechbergstr_Deckenpfronn_000006_000190,39,kid (walking),humans,person,79.0,29.68,31.6,31.18,31.36
15_Rechbergstr_Deckenpfronn_000006_000200,39,kid (walking),humans,person,84.0,28.1,29.02,28.75,28.86
15_Rechbergstr_Deckenpfronn_000006_000210,39,kid (walking),humans,person,89.0,26.16,26.88,26.62,26.77
15_Rechbergstr_Deckenpfronn_000006_000220,39,kid (walking),humans,person,98.0,25.04,25.88,25.79,25.82
15_Rechbergstr_Deckenpfronn_000006_000230,39,kid (walking),humans,person,103.0,23.08,23.26,23.02,23.08
15_Rechbergstr_Deckenpfronn_000006_000230,39,kid (walking),humans,person,95.0,23.73,24.63,24.4,24.48
15_Rechbergstr_Deckenpfronn_000006_000240,39,kid (walking),humans,person,101.0,22.19,22.72,22.26,22.55
15_Rechbergstr_Deckenpfronn_000006_000250,39,kid (walking),humans,person,110.0,20.55,21.13,21.06,21.1
15_Rechbergstr_Deckenpfronn_000006_000260,39,kid (walking),humans,person,118.0,19.23,19.85,19.48,19.69
15_Rechbergstr_Deckenpfronn_000006_000270,39,kid (walking),humans,person,126.0,18.01,18.47,18.38,18.42
15_Rechbergstr_Deckenpfronn_000006_000280,39,kid (walking),humans,person,135.0,16.78,17.24,17.1,17.15
15_Rechbergstr_Deckenpfronn_000006_000320,39,kid (walking),humans,person,198.0,11.95,13.01,12.94,12.97
15_Rechbergstr_Deckenpfronn_000006_000330,39,kid (walking),humans,person,208.0,11.0,12.46,12.34,12.4
15_Rechbergstr_Deckenpfronn_000006_000340,39,kid (walking),humans,person,218.0,10.55,11.99,11.89,11.92
15_Rechbergstr_Deckenpfronn_000006_000350,39,kid (walking),humans,person,233.0,10.21,11.31,11.22,11.25
15_Rechbergstr_Deckenpfronn_000007_000050,39,kid (walking),humans,person,46.0,50.76,60.38,58.9,59.1
15_Rechbergstr_Deckenpfronn_000007_000060,39,kid (walking),humans,person,46.0,50.35,60.57,60.14,60.24
15_Rechbergstr_Deckenpfronn_000007_000070,39,kid (walking),humans,person,45.0,49.94,58.0,57.49,57.55
15_Rechbergstr_Deckenpfronn_000007_000080,39,kid (walking),humans,person,47.0,49.5,56.95,56.37,56.52
15_Rechbergstr_Deckenpfronn_000007_000090,39,kid (walking),humans,person,48.0,49.38,55.45,54.56,54.75
15_Rechbergstr_Deckenpfronn_000007_000150,39,kid (walking),humans,person,64.0,38.21,99.9,31.72,53.18
15_Rechbergstr_Deckenpfronn_000007_000160,39,kid (walking),humans,person,65.0,36.33,40.55,40.32,40.37
15_Rechbergstr_Deckenpfronn_000007_000170,39,kid (walking),humans,person,68.0,34.63,38.69,38.29,38.47
15_Rechbergstr_Deckenpfronn_000007_000180,39,kid (walking),humans,person,74.0,31.96,35.88,35.63,35.74
15_Rechbergstr_Deckenpfronn_000007_000190,39,kid (walking),humans,person,78.0,29.63,33.59,33.38,33.5
15_Rechbergstr_Deckenpfronn_000007_000200,39,kid (walking),humans,person,84.0,27.9,30.15,29.96,30.03
15_Rechbergstr_Deckenpfronn_000007_000230,39,kid (walking),humans,person,98.0,22.7,26.0,25.83,25.88
15_Rechbergstr_Deckenpfronn_000007_000240,39,kid (walking),humans,person,105.0,21.11,23.88,23.71,23.79
15_Rechbergstr_Deckenpfronn_000007_000250,39,kid (walking),humans,person,110.0,19.78,21.69,21.43,21.56
15_Rechbergstr_Deckenpfronn_000007_000260,39,kid (walking),humans,person,117.0,18.57,20.83,20.7,20.75
15_Rechbergstr_Deckenpfronn_000007_000270,39,kid (walking),humans,person,125.0,17.83,19.58,19.3,19.51
15_Rechbergstr_Deckenpfronn_000007_000280,39,kid (walking),humans,person,132.0,16.9,17.43,17.3,17.36
15_Rechbergstr_Deckenpfronn_000007_000350,39,kid (walking),humans,person,150.0,14.55,15.63,15.57,15.59
15_Rechbergstr_Deckenpfronn_000007_000360,39,kid (walking),humans,person,152.0,14.74,15.61,15.28,15.56
