image,type,class,predicted_class,occluded,truncated,box_height_px,true_centre_m,true_nearest_surface_m,lateral_gap_m,unidepth-v2-small_median,unidepth-v2-small_p10,unidepth-v2-small_p25,in_path
000000,Pedestrian,pedestrian,person,0,0.0,164.9,8.61,8.27,1.24,7.7,7.52,7.57,False
000001,Truck,truck,train,0,0.0,32.8,69.44,63.27,0.0,78.05,71.76,73.15,True
000001,Car,car,car,0,0.0,21.6,60.78,58.75,15.59,50.82,48.44,49.53,False
000002,Car,car,car,0,0.0,33.3,34.53,32.28,2.37,37.4,36.6,36.79,False
000009,Car,car,car,0,0.0,52.5,23.89,22.25,0.0,21.34,20.98,21.11,True
000009,Car,car,car,0,0.0,15.4,68.29,66.48,1.14,73.24,69.68,70.42,True
000009,Car,car,car,2,0.0,16.2,66.37,64.42,0.0,81.0,66.65,73.17,True
000012,Car,car,car,0,0.0,19.2,59.08,57.21,4.37,67.84,66.0,66.57,False
000012,Van,van,bus,0,0.0,29.3,66.31,63.31,11.72,60.86,59.58,59.86,False
000015,Car,car,car,0,0.89,178.3,4.94,2.95,1.62,3.76,3.19,3.4,False
000015,Pedestrian,pedestrian,person,1,0.0,183.3,8.95,8.31,4.13,6.94,6.81,6.87,False
000015,Pedestrian,pedestrian,person,0,0.0,56.3,23.37,22.82,1.31,32.03,29.12,30.78,False
000015,Pedestrian,pedestrian,person,0,0.0,54.9,24.44,23.96,2.8,30.96,27.46,28.68,False
000015,Pedestrian,pedestrian,person,0,0.0,52.6,24.27,23.83,2.0,30.27,28.42,29.29,False
000019,Car,car,car,0,0.0,20.2,59.71,57.7,2.98,58.02,56.61,57.09,False
000019,Truck,truck,truck,1,0.74,374.0,6.31,3.48,2.14,3.94,3.2,3.54,False
000019,Car,car,car,0,0.0,136.9,10.13,8.14,1.98,7.72,7.36,7.46,False
000019,Van,van,truck,0,0.0,43.3,35.42,33.17,1.51,32.46,31.29,31.82,False
000026,Truck,truck,bus,1,0.0,56.6,37.35,34.09,1.13,37.41,35.78,36.4,True
000026,Car,car,car,0,0.0,16.8,68.47,66.58,3.15,69.92,69.17,69.5,False
000027,Van,van,truck,3,0.0,197.1,14.87,11.89,6.38,10.4,9.36,9.61,False
000027,Car,car,car,0,0.0,12.9,73.47,71.69,0.32,78.56,74.47,75.86,True
000030,Car,car,car,0,0.0,26.0,41.95,39.71,1.19,44.26,37.38,38.73,True
000031,Car,car,car,0,0.0,116.8,12.61,10.57,2.29,10.44,9.91,10.04,False
000031,Car,car,car,0,0.0,161.1,9.04,7.32,2.4,6.96,6.58,6.69,False
000031,Car,car,car,0,0.0,43.3,26.55,24.65,1.85,25.56,25.15,25.35,False
000031,Truck,truck,truck,2,0.0,96.7,22.54,19.72,2.42,19.65,18.72,18.94,False
000031,Van,van,truck,0,0.0,28.9,51.93,49.69,0.82,47.6,45.38,46.36,True
000031,Car,car,car,1,0.0,98.0,13.46,11.56,2.08,11.47,10.97,11.15,False
000052,Car,car,car,0,0.0,66.3,18.93,16.88,5.41,16.21,15.49,15.72,False
000052,Van,van,car,0,0.0,144.1,12.2,9.79,0.0,9.78,9.21,9.41,True
000052,Car,car,car,0,0.0,62.7,19.99,17.91,2.98,19.48,18.97,19.15,False
000052,Car,car,car,1,0.0,40.1,34.91,33.71,9.46,30.76,29.78,30.21,False
000052,Car,car,car,1,0.0,61.7,21.17,19.12,0.37,21.44,20.97,21.23,True
000052,Car,car,car,0,0.0,25.2,68.3,65.72,39.25,51.29,49.48,49.92,False
000058,Pedestrian,pedestrian,person,0,0.0,163.2,7.46,7.08,1.02,6.71,6.58,6.61,True
000063,Van,van,car,0,0.0,46.1,36.84,34.59,10.81,28.91,28.0,28.31,False
000063,Car,car,car,0,0.0,68.7,20.38,18.03,6.76,15.56,14.93,15.02,False
000063,Car,car,car,2,0.0,112.8,11.79,10.35,1.58,10.93,10.59,10.73,False
000064,Car,car,car,0,0.0,40.0,26.95,25.21,1.86,28.39,27.68,27.82,False
000064,Car,car,car,1,0.0,28.3,39.77,37.66,5.98,44.29,42.24,43.05,False
000064,Car,car,car,0,0.0,95.4,13.89,11.8,2.56,11.69,11.16,11.29,False
000064,Truck,truck,truck,1,0.0,206.3,17.97,13.83,5.85,13.6,13.23,13.36,False
000069,Car,car,car,0,0.0,71.0,18.5,16.91,6.15,15.85,15.34,15.48,False
000069,Car,car,car,1,0.0,16.4,62.9,61.64,4.7,65.93,54.06,58.09,False
000072,Car,car,car,0,0.0,101.2,13.25,10.92,3.0,10.83,9.81,9.98,False
000072,Car,car,car,0,0.0,39.0,32.6,30.35,0.0,30.21,29.76,29.89,True
000072,Car,car,car,1,0.25,49.8,32.14,29.78,19.09,23.52,22.42,22.89,False
000075,Car,car,car,1,0.0,40.5,28.36,26.48,0.02,29.28,27.3,27.71,True
000075,Car,car,car,0,0.0,77.0,16.81,14.65,1.02,15.16,14.06,14.23,True
000075,Car,car,car,1,0.0,55.0,22.83,20.89,0.0,22.57,20.6,21.24,True
000075,Car,car,car,0,1.0,236.3,3.3,2.09,2.06,3.51,3.26,3.37,False
000078,Car,car,car,0,0.0,34.5,34.61,33.24,2.23,35.33,33.84,34.12,False
000078,Van,van,car,0,0.66,231.5,6.86,4.54,2.65,4.43,3.68,4.05,False
000078,Car,car,car,0,0.0,21.2,51.28,49.05,0.39,48.99,47.1,47.77,True
000078,Car,car,car,1,0.0,141.7,11.61,9.21,2.89,8.82,7.57,8.0,False
000079,Car,car,car,0,0.0,119.7,10.93,9.04,0.76,8.93,8.39,8.55,True
000079,Car,car,car,0,0.0,29.5,37.43,35.28,4.42,38.02,37.24,37.41,False
000079,Car,car,car,0,0.16,147.7,11.54,9.63,4.61,8.32,7.59,7.83,False
000079,Car,car,car,0,0.0,21.6,47.03,44.75,3.67,50.9,48.54,49.15,False
000079,Truck,truck,truck,2,0.0,187.2,25.97,18.71,7.03,17.6,14.63,15.12,False
000081,Truck,truck,truck,0,0.0,29.9,75.8,69.63,0.0,71.22,69.59,70.29,True
000081,Car,car,car,0,0.0,16.2,76.57,74.99,3.05,85.1,82.15,83.13,False
000082,Truck,truck,truck,0,0.64,134.0,27.13,23.66,12.42,15.78,15.35,15.56,False
000082,Car,car,car,0,0.0,16.6,64.64,62.57,8.59,55.61,54.29,54.72,False
000101,Car,car,car,0,0.0,63.3,19.47,17.81,0.0,17.75,17.22,17.35,True
000101,Car,car,car,0,0.0,53.4,29.65,27.64,14.56,26.83,24.08,24.72,False
000101,Car,car,car,3,0.3,52.1,30.81,28.62,18.2,24.76,23.35,23.94,False
000103,Pedestrian,pedestrian,person,0,0.0,138.5,9.89,9.48,3.19,8.47,8.34,8.38,False
000108,Car,car,car,0,0.0,101.4,13.49,11.97,0.0,10.09,9.82,9.88,True
000108,Cyclist,cyclist,person,3,0.0,99.1,15.36,14.33,5.34,13.07,12.74,12.81,False
000117,Car,car,car,0,0.0,25.6,50.08,47.94,7.78,42.3,41.13,41.53,False
000117,Car,car,car,1,0.16,108.0,13.69,12.07,5.6,9.74,9.51,9.58,False
000117,Car,car,car,0,0.0,124.2,11.07,9.65,2.64,9.03,8.76,8.82,False
000117,Car,car,car,2,0.0,83.2,18.39,17.12,6.53,11.74,10.83,11.18,False
000117,Car,car,car,2,0.0,78.7,20.53,19.36,6.6,15.04,14.19,14.54,False
000120,Car,car,car,1,0.06,171.6,8.96,6.89,3.02,6.5,5.61,5.77,False
000120,Car,car,car,0,0.0,97.3,14.39,12.02,4.24,11.38,10.63,10.74,False
000120,Car,car,car,0,0.0,49.7,25.12,23.2,1.73,23.48,23.24,23.3,False
000120,Car,car,car,1,0.0,37.2,33.64,31.9,4.75,33.63,30.83,32.2,False
000120,Car,car,car,1,0.0,92.4,14.64,12.69,2.8,12.6,11.43,11.73,False
000120,Car,car,car,1,0.0,45.9,25.65,23.47,2.36,25.88,22.8,24.22,False
000120,Car,car,car,1,0.0,56.8,20.7,18.78,2.44,18.6,17.7,17.87,False
000125,Car,car,car,0,0.0,31.2,40.65,39.11,11.36,39.11,37.73,38.25,False
000125,Car,car,car,1,0.0,31.3,46.01,44.17,24.62,35.47,34.64,35.09,False
000125,Car,car,car,0,0.0,20.0,55.31,52.8,11.39,55.28,51.21,52.57,False
000125,Car,car,car,0,0.01,208.3,7.01,5.35,0.0,4.89,4.71,4.77,True
000125,Car,car,car,0,0.0,32.7,38.41,36.22,14.32,33.73,33.22,33.42,False
000125,Car,car,car,2,0.0,20.0,55.43,53.27,14.68,53.4,49.1,51.18,False
000126,Van,van,truck,3,0.0,48.1,43.72,40.85,0.91,42.63,41.44,41.76,True
000126,Car,car,car,0,0.0,77.3,16.34,13.94,3.8,13.74,13.15,13.3,False
000132,Car,car,car,0,0.0,41.0,30.89,28.95,5.22,28.01,27.44,27.59,False
000132,Car,car,car,1,0.0,14.0,77.22,75.26,17.77,58.76,30.16,46.37,False
000135,Car,car,car,1,0.0,45.9,26.12,24.15,1.99,22.59,21.88,22.02,False
000135,Car,car,car,1,0.0,52.7,23.18,21.29,5.42,20.3,19.27,19.51,False
000135,Van,van,car,0,0.0,50.2,43.3,40.83,23.45,33.15,31.69,32.18,False
000135,Car,car,car,1,0.0,37.2,36.75,34.59,5.28,33.75,30.78,32.01,False
000135,Car,car,car,1,0.0,43.9,36.1,33.78,19.95,24.86,24.39,24.56,False
000135,Car,car,car,1,0.0,40.3,28.39,26.26,5.36,25.07,21.58,24.13,False
000139,Truck,truck,truck,0,0.0,30.6,74.22,67.96,1.58,66.37,64.22,64.73,False
000139,Van,van,truck,3,0.0,66.9,27.2,24.78,12.32,21.97,19.95,20.57,False
000139,Car,car,car,0,0.0,26.1,48.08,46.55,0.0,49.31,47.82,48.36,True
000152,Car,car,car,0,0.35,177.2,6.91,4.66,1.83,4.41,4.03,4.1,False
000152,Car,car,car,0,0.0,25.5,41.41,39.59,2.67,40.79,39.96,40.23,False
000152,Car,car,car,0,0.26,218.1,6.79,4.78,1.57,4.41,4.25,4.29,False
000152,Car,car,car,1,0.0,58.5,20.37,18.23,2.37,18.15,16.77,17.2,False
000152,Car,car,car,0,0.0,24.3,46.87,44.8,1.25,46.45,44.34,44.99,False
000152,Car,car,car,2,0.0,72.9,16.76,14.57,1.33,14.71,14.09,14.27,False
000165,Car,car,car,0,0.0,44.5,24.12,22.43,0.0,21.86,21.49,21.58,True
000165,Van,van,car,3,0.01,227.2,9.08,6.73,2.42,5.86,5.45,5.6,False
000165,Van,van,bus,3,0.0,58.5,32.58,29.62,2.07,29.08,26.78,27.19,False
000165,Car,car,car,3,0.82,184.4,7.01,4.88,2.86,4.25,4.05,4.12,False
000165,Car,car,car,2,0.0,79.4,19.23,17.21,3.11,12.78,11.7,12.22,False
000165,Car,car,car,2,0.0,47.7,29.43,27.46,2.94,26.69,24.5,25.81,False
000167,Cyclist,cyclist,person,3,0.0,32.5,41.19,40.31,4.12,50.62,46.66,48.49,False
000167,Pedestrian,pedestrian,person,0,0.0,116.9,12.28,11.75,5.12,11.55,11.27,11.38,False
000167,Cyclist,cyclist,person,3,0.0,54.9,26.32,25.32,3.54,31.79,30.38,30.86,False
000168,Car,car,car,0,0.0,33.5,34.26,32.76,10.18,29.66,29.25,29.49,False
000168,Car,car,car,0,0.0,35.9,27.84,26.06,0.47,28.63,28.02,28.19,True
000168,Car,car,car,0,0.0,36.3,39.46,37.35,16.6,31.61,31.03,31.27,False
000168,Car,car,car,0,0.0,26.8,40.03,38.19,4.07,39.0,38.23,38.44,False
000177,Van,van,truck,0,0.0,88.8,23.11,20.25,2.44,20.76,20.33,20.54,False
000177,Pedestrian,pedestrian,person,0,0.0,71.3,19.36,18.86,7.77,19.75,18.74,19.15,False
000177,Pedestrian,pedestrian,person,0,0.0,83.1,17.19,16.82,8.38,15.79,15.53,15.67,False
000177,Person_sitting,pedestrian,person,0,0.0,51.2,20.35,19.92,6.07,20.42,19.78,19.96,False
000177,Car,car,car,1,0.0,30.8,36.72,35.14,8.5,34.09,32.96,33.32,False
000178,Car,car,car,0,0.0,64.5,19.07,16.95,2.22,16.12,15.61,15.72,False
000178,Car,car,car,1,0.0,50.1,26.49,25.08,9.68,21.92,21.29,21.52,False
000178,Car,car,car,0,0.0,25.2,46.6,44.77,0.0,57.46,49.12,50.3,True
000178,Car,car,car,0,0.93,183.0,4.55,2.66,2.05,3.04,2.58,2.75,False
000178,Car,car,car,0,0.0,51.8,29.46,27.58,15.19,18.43,14.97,17.28,False
000178,Car,car,car,1,0.0,173.6,8.99,6.96,2.18,6.4,6.02,6.12,False
000178,Car,car,car,1,0.0,30.9,37.33,35.3,2.57,37.79,35.66,36.34,False
000180,Car,car,car,1,0.0,23.1,52.32,51.08,7.44,48.83,45.17,46.36,False
000180,Car,car,car,0,0.0,16.3,63.79,61.63,3.98,64.43,61.65,62.19,False
000186,Truck,truck,truck,2,0.0,44.7,60.38,59.01,1.06,62.81,57.11,59.46,True
000186,Car,car,car,1,0.0,27.7,41.12,39.08,10.37,43.06,41.92,42.22,False
000186,Car,car,car,1,0.67,178.2,9.2,7.27,5.03,6.85,6.07,6.35,False
000186,Car,car,car,0,0.0,34.3,32.52,30.62,4.13,34.79,33.54,34.05,False
000186,Car,car,car,1,0.9,184.1,4.83,3.02,2.09,3.46,2.93,3.11,False
000186,Car,car,car,2,0.0,53.2,28.48,26.44,13.8,24.12,23.07,23.53,False
000186,Pedestrian,pedestrian,person,0,0.0,41.4,30.12,29.58,2.67,35.66,34.57,34.86,False
000186,Car,car,car,1,0.0,21.2,53.47,51.68,2.29,67.44,64.5,65.55,False
000186,Car,car,car,1,0.0,22.6,49.8,48.05,0.71,58.82,56.99,57.57,True
000201,Car,car,car,1,0.45,198.3,6.4,4.34,2.03,4.9,4.07,4.31,False
000201,Car,car,car,0,0.0,81.1,14.99,13.16,1.11,12.94,12.64,12.72,True
000201,Car,car,car,0,0.0,34.0,33.93,32.04,0.15,32.2,30.96,31.51,True
000201,Car,car,car,0,0.0,65.5,18.48,16.57,4.75,15.06,14.71,14.85,False
000201,Car,car,truck,1,0.0,61.7,21.91,19.89,0.0,20.6,19.27,19.45,True
000201,Car,car,car,1,0.0,25.6,43.86,42.09,2.37,40.44,38.96,39.48,False
000201,Cyclist,cyclist,person,0,0.0,62.9,20.92,19.9,3.75,25.07,19.66,20.85,False
000201,Cyclist,cyclist,person,0,0.0,72.7,18.99,18.04,4.24,19.06,18.63,18.73,False
000207,Car,car,car,1,0.0,44.0,34.21,32.1,15.94,27.16,25.74,25.97,False
000207,Car,car,car,0,0.0,47.0,30.64,28.52,13.01,25.54,23.49,23.92,False
000207,Car,car,car,0,0.0,24.4,51.7,49.58,13.17,48.0,46.42,46.88,False
000209,Pedestrian,pedestrian,person,0,0.0,177.0,8.09,7.64,2.08,7.1,6.86,6.94,False
000213,Car,car,car,0,0.0,92.8,13.62,11.42,1.8,10.94,10.5,10.57,False
000213,Car,car,car,1,0.0,30.9,43.75,41.5,2.3,39.76,38.08,38.51,False
000213,Car,car,car,2,0.0,111.1,13.32,11.63,4.63,9.37,8.47,8.93,False
000213,Car,car,car,1,0.0,66.3,18.15,16.67,3.67,14.4,9.59,14.26,False
000213,Car,car,car,0,0.71,179.1,9.17,7.33,4.48,5.42,4.98,5.11,False
000213,Car,car,car,0,0.92,169.8,4.67,2.99,2.06,3.23,2.77,2.92,False
000213,Car,car,car,1,0.0,44.9,24.29,22.16,2.14,23.45,22.01,22.22,False
000213,Car,car,car,3,0.29,131.8,11.25,9.52,4.65,7.4,7.01,7.21,False
000218,Car,car,car,0,0.0,70.6,19.12,17.17,5.25,16.51,15.29,15.54,False
000218,Car,car,car,1,0.0,26.8,41.43,39.6,5.53,39.88,38.48,39.11,False
000218,Car,car,car,0,0.0,179.0,8.19,6.14,2.2,5.85,5.55,5.62,False
000218,Car,car,car,1,0.0,84.7,14.01,12.36,2.03,12.48,12.32,12.36,False
000218,Car,car,car,1,0.0,26.0,44.52,42.59,1.97,45.03,41.05,42.27,False
000218,Car,car,car,2,0.0,22.6,46.95,44.85,5.48,46.09,42.85,44.22,False
000226,Car,car,car,0,0.0,26.6,41.83,39.64,1.79,39.32,38.47,38.8,False
000226,Car,car,car,0,0.8,157.0,5.08,3.25,1.91,3.89,3.26,3.55,False
000226,Van,van,car,2,0.0,39.6,38.75,37.65,3.77,39.94,35.09,37.45,False
000226,Truck,truck,truck,2,0.0,32.0,58.01,54.69,1.21,51.51,48.6,49.46,False
000226,Car,car,car,0,0.03,197.2,8.4,6.15,1.55,5.69,5.38,5.44,False
000226,Car,car,car,2,0.0,44.0,26.75,25.51,4.07,23.72,18.61,22.27,False
000226,Car,car,car,2,0.0,70.7,17.21,15.88,4.53,14.51,14.09,14.29,False
000226,Car,car,car,3,0.02,109.3,12.99,11.42,4.59,9.34,7.62,8.6,False
000228,Car,car,car,1,0.0,32.3,35.82,33.93,4.46,32.2,30.83,31.21,False
000228,Car,car,car,1,0.0,25.1,44.92,42.96,0.0,42.6,41.5,41.84,True
000228,Van,van,car,2,0.0,35.3,43.65,41.3,6.7,35.29,33.89,34.38,False
000228,Pedestrian,pedestrian,person,0,0.0,70.9,18.19,17.9,6.03,15.99,15.61,15.72,False
000228,Car,car,car,2,0.0,40.3,29.14,27.45,10.32,26.71,24.72,25.82,False
000236,Car,car,car,0,0.0,43.1,25.71,23.51,2.49,23.82,23.04,23.31,False
000236,Car,car,car,0,0.0,102.6,15.69,13.56,6.98,11.13,10.53,10.69,False
000236,Car,car,car,0,0.0,37.9,32.61,30.69,0.0,30.11,29.68,29.78,True
000236,Car,car,car,0,0.0,97.5,13.57,11.52,2.78,10.65,10.14,10.28,False
000236,Car,car,car,1,0.0,28.2,40.07,38.03,6.82,31.91,28.88,30.24,False
000236,Van,van,truck,1,0.0,36.2,57.93,54.91,3.55,57.93,53.43,54.62,False
000236,Car,car,car,2,0.0,57.3,21.8,19.73,6.7,17.29,17.1,17.17,False
000236,Car,car,car,3,0.36,79.5,19.56,17.59,11.32,13.21,12.73,12.89,False
000240,Car,car,car,0,0.0,38.1,29.37,27.14,0.04,29.42,28.51,28.77,True
000246,Van,van,truck,0,0.0,133.2,18.9,15.52,6.6,13.34,12.95,13.08,False
000246,Car,car,car,0,0.0,35.0,35.14,33.22,0.0,32.6,31.95,32.2,True
000246,Car,car,car,0,0.82,166.8,6.09,4.31,3.01,3.98,3.45,3.65,False
000246,Truck,truck,bus,1,0.0,54.6,62.09,53.83,3.7,51.77,42.26,47.16,False
000251,Pedestrian,pedestrian,person,0,0.0,139.2,9.83,9.27,3.61,9.03,8.79,8.9,False
000251,Pedestrian,pedestrian,person,0,0.02,175.2,7.09,6.59,1.97,6.25,6.13,6.16,False
000258,Car,car,car,0,0.0,25.4,46.89,45.0,4.16,45.86,43.41,44.25,False
000258,Car,car,car,0,0.0,47.4,26.7,24.72,3.45,23.8,22.97,23.25,False
000258,Car,car,car,0,0.0,73.2,19.16,17.16,5.37,15.0,14.03,14.27,False
000258,Car,car,car,1,0.0,68.0,23.46,21.31,4.66,18.98,17.7,18.34,False
000265,Cyclist,cyclist,person,3,0.0,30.4,40.17,39.37,6.08,52.23,45.35,46.68,False
000265,Pedestrian,pedestrian,person,0,0.0,42.8,30.19,29.71,7.77,29.43,28.89,28.97,False
000265,Pedestrian,pedestrian,person,2,0.0,42.8,30.0,29.58,6.93,29.98,29.21,29.4,False
000265,Cyclist,cyclist,person,3,0.0,56.9,24.32,23.42,4.96,27.0,24.76,26.15,False
000270,Car,car,car,1,0.0,40.6,29.75,27.59,8.29,26.92,25.11,25.67,False
000270,Car,car,car,0,0.0,26.5,47.13,45.31,0.0,47.31,45.61,46.14,True
000270,Car,car,car,1,0.0,24.7,52.57,50.56,9.43,55.72,51.59,53.06,False
000272,Car,car,car,0,0.0,26.6,43.01,41.01,0.0,43.34,41.52,42.22,True
000275,Pedestrian,pedestrian,person,0,0.0,48.3,25.35,24.82,3.57,23.12,22.6,22.72,False
000275,Car,car,car,1,0.17,95.3,17.43,15.12,9.01,13.6,12.27,12.63,False
000275,Car,car,car,0,0.42,200.0,7.48,5.45,2.59,4.12,3.77,3.9,False
000275,Car,car,car,0,0.0,100.6,13.14,11.29,0.0,10.19,9.89,9.98,True
000275,Van,van,car,1,0.0,22.9,67.42,64.56,5.37,65.57,63.99,64.51,False
000275,Car,car,car,2,0.0,151.7,10.25,8.06,2.27,7.53,7.07,7.21,False
000288,Pedestrian,pedestrian,person,0,0.0,151.2,8.92,8.32,1.36,7.84,7.68,7.72,False
000290,Pedestrian,pedestrian,person,0,0.0,208.6,6.51,5.94,0.59,5.66,5.59,5.62,True
000292,Car,car,car,0,0.0,64.9,19.66,18.06,0.0,16.8,16.4,16.57,True
000292,Pedestrian,pedestrian,person,0,0.0,30.1,40.19,39.69,9.77,40.56,39.95,40.19,False
000294,Pedestrian,pedestrian,person,0,0.0,183.6,8.72,8.2,4.14,6.43,6.26,6.35,False
000298,Pedestrian,pedestrian,person,0,0.0,162.4,9.72,9.33,3.12,8.0,7.81,7.89,False
000309,Car,car,car,1,0.0,120.8,14.01,11.42,3.19,9.64,9.28,9.45,False
000309,Car,car,car,1,0.01,196.8,8.45,6.25,2.85,5.35,4.98,5.03,False
000309,Car,car,car,2,0.0,53.7,24.73,22.67,5.24,18.32,16.87,17.14,False
000312,Truck,truck,truck,0,0.0,62.7,41.33,37.68,2.55,35.37,34.82,35.01,False
000312,Car,car,car,0,0.0,122.0,11.17,9.23,3.03,8.87,8.07,8.26,False
000312,Car,car,car,1,0.0,35.6,32.33,30.71,0.02,32.54,31.76,32.0,True
000312,Car,car,car,1,0.0,84.8,17.09,15.0,3.08,15.29,13.72,14.29,False
000313,Car,car,car,1,0.0,43.5,25.75,24.15,6.39,22.85,22.35,22.53,False
000316,Car,car,car,0,0.37,188.7,6.56,4.59,2.14,4.12,3.58,3.67,False
000316,Car,car,car,0,0.0,54.7,21.45,19.56,2.32,18.8,18.21,18.29,False
000316,Car,car,car,0,0.0,23.1,50.53,48.7,0.0,56.06,52.67,53.99,True
000316,Car,car,car,1,0.0,26.3,45.52,44.37,10.61,39.87,32.39,35.78,False
000316,Car,car,car,1,0.0,141.9,10.73,8.63,1.82,7.95,7.55,7.66,False
000316,Car,car,car,1,0.0,49.8,24.07,22.09,1.66,21.28,20.48,20.75,False
000316,Car,car,car,2,0.0,42.3,29.14,27.21,1.61,31.95,22.6,26.77,False
000316,Car,car,car,2,0.0,95.3,14.53,13.08,1.82,14.05,12.72,13.31,False
000316,Car,car,car,2,0.0,29.1,39.32,37.25,1.47,39.91,36.34,37.82,False
000318,Car,car,car,0,0.27,218.3,7.49,5.22,2.2,4.98,4.17,4.35,False
000318,Car,car,car,1,0.0,28.8,40.02,38.13,0.87,43.14,39.77,40.84,True
000318,Car,car,car,0,0.0,43.1,28.5,26.34,0.46,26.14,25.24,25.46,True
000318,Car,car,car,1,0.0,35.8,34.66,32.73,0.0,33.76,30.28,32.08,True
000318,Car,car,car,1,0.0,124.6,13.15,10.89,2.02,10.26,9.4,9.54,False
000322,Car,car,car,0,0.0,19.4,56.89,54.77,1.99,63.92,60.97,62.25,False
000322,Car,car,car,0,0.87,174.2,5.92,3.75,2.74,4.08,3.42,3.65,False
000327,Pedestrian,pedestrian,person,0,0.0,158.4,9.06,8.66,2.13,8.01,7.84,7.94,False
000331,Car,car,car,0,0.13,113.5,12.66,11.14,5.22,9.32,9.19,9.23,False
000331,Car,car,car,0,0.0,49.0,23.52,22.36,5.25,20.32,19.98,20.13,False
000331,Cyclist,cyclist,person,0,0.0,50.7,25.54,24.47,0.0,31.48,30.02,30.63,True
000332,Car,car,car,0,0.0,37.5,32.4,30.26,0.22,31.12,30.25,30.5,True
000332,Pedestrian,pedestrian,person,1,0.0,109.2,11.91,11.4,1.76,10.74,10.59,10.65,False
000332,Pedestrian,pedestrian,person,0,0.0,120.1,11.7,11.22,2.71,10.21,9.92,10.06,False
000332,Pedestrian,pedestrian,person,0,0.0,144.3,9.54,9.0,1.67,8.38,8.19,8.26,False
000332,Pedestrian,pedestrian,person,0,0.0,121.5,11.52,11.06,3.89,10.66,10.28,10.41,False
000332,Pedestrian,pedestrian,person,1,0.0,97.6,13.28,12.77,1.52,12.23,11.64,11.87,False
000332,Pedestrian,pedestrian,person,2,0.0,95.8,14.47,13.93,3.2,14.0,12.15,13.24,False
000332,Pedestrian,pedestrian,person,1,0.0,115.4,12.3,11.83,4.12,11.38,11.24,11.28,False
000333,Car,car,car,0,0.0,37.4,29.22,27.29,0.54,29.14,28.14,28.54,True
000333,Car,car,car,0,0.96,167.4,4.61,2.74,2.25,3.72,3.22,3.36,False
000333,Car,car,car,1,0.54,88.1,19.64,17.27,11.46,16.88,16.34,16.57,False
000337,Pedestrian,pedestrian,person,0,0.0,142.4,9.64,9.25,3.01,8.22,8.03,8.12,False
000344,Car,car,car,0,0.0,74.8,19.0,17.11,5.42,15.64,14.48,14.76,False
000344,Car,car,car,0,0.0,23.6,48.69,46.42,5.27,45.88,43.94,44.46,False
000344,Car,car,car,0,0.05,44.5,30.86,28.74,18.15,21.9,20.64,21.21,False
000344,Car,car,car,0,0.0,52.5,23.97,22.37,0.0,22.12,21.69,21.81,True
000345,Truck,truck,bus,0,0.0,141.3,29.2,20.9,2.51,20.13,19.71,19.82,False
000345,Car,car,car,0,0.0,48.0,26.13,24.21,0.0,23.95,23.39,23.54,True
000345,Car,car,car,1,0.0,39.8,28.7,26.66,7.36,29.33,22.99,24.49,False
000346,Car,car,car,0,0.0,39.5,28.74,26.93,4.64,25.95,25.16,25.42,False
000346,Car,car,car,0,0.0,26.6,40.36,38.53,0.88,35.32,34.67,34.84,True
000346,Van,van,car,2,0.0,62.9,24.47,23.17,4.27,22.75,21.13,21.95,False
000346,Car,car,car,0,0.73,192.3,9.7,7.84,4.83,5.69,5.29,5.41,False
000346,Car,car,car,0,0.99,189.6,4.06,2.33,2.04,2.72,2.35,2.51,False
000346,Car,car,car,2,0.0,94.8,13.65,12.22,4.81,7.82,7.72,7.75,False
000346,Car,car,car,2,0.0,62.7,20.36,19.12,5.3,15.25,13.11,13.52,False
000358,Car,car,car,0,0.0,26.3,49.32,47.22,17.65,43.3,42.21,42.48,False
000358,Truck,truck,train,0,0.0,67.4,43.46,37.95,0.32,38.8,35.93,36.9,True
000358,Car,car,car,1,0.0,21.2,54.47,52.2,17.54,48.83,45.62,46.82,False
000358,Car,car,car,1,0.0,18.9,61.49,59.18,17.11,55.05,52.6,53.37,False
000363,Car,car,car,0,0.0,38.6,32.06,29.92,3.01,30.58,29.82,30.05,False
000363,Car,car,car,0,0.0,44.4,28.89,26.64,0.0,26.97,26.7,26.79,True
000363,Car,car,car,0,0.0,21.7,53.2,51.27,2.96,54.9,52.43,53.15,False
000364,Person_sitting,pedestrian,person,1,0.65,144.5,8.82,8.26,5.48,6.96,6.47,6.76,False
000364,Pedestrian,pedestrian,person,0,0.0,64.8,17.8,17.5,2.87,17.44,16.88,17.06,False
000365,Pedestrian,pedestrian,person,0,0.0,171.6,7.47,7.13,1.17,6.68,6.52,6.6,True
000368,Pedestrian,pedestrian,person,1,0.0,160.9,8.94,8.48,3.8,7.35,7.23,7.27,False
000370,Car,car,car,0,0.0,69.4,17.08,15.65,1.32,14.77,14.27,14.46,False
000370,Car,car,car,0,0.0,19.1,66.73,64.58,13.54,54.4,52.92,53.36,False
000370,Car,car,car,2,0.0,78.2,19.21,17.92,7.02,14.37,13.86,14.08,False
000370,Car,car,car,3,0.58,126.2,11.53,9.94,5.64,7.14,6.8,6.93,False
000370,Car,car,car,2,0.0,53.2,24.31,22.89,7.44,18.02,17.17,17.65,False
000370,Car,car,car,1,0.0,43.2,27.47,26.36,0.27,25.09,24.53,24.76,True
000370,Car,car,car,3,0.23,110.2,13.68,12.2,6.17,9.3,8.62,8.92,False
000370,Car,car,car,1,0.0,42.8,29.1,28.03,7.83,24.94,23.86,24.26,False
000374,Car,car,car,0,0.0,54.8,23.04,21.44,0.0,20.73,20.36,20.46,True
000374,Car,car,car,1,0.0,19.9,54.28,52.55,2.5,57.54,54.29,55.43,False
000374,Car,car,car,1,0.0,17.1,65.1,62.9,18.1,52.38,49.99,50.94,False
000378,Car,car,car,0,0.0,66.3,19.28,18.25,0.23,17.04,16.83,16.89,True
000378,Car,car,car,2,0.0,52.3,23.56,21.51,3.55,21.31,20.55,20.89,False
000383,Pedestrian,pedestrian,person,0,0.0,123.2,11.19,10.8,1.96,10.45,10.2,10.33,False
000383,Car,car,car,0,0.82,176.0,5.58,3.57,2.32,3.92,3.23,3.43,False
000383,Pedestrian,pedestrian,person,0,0.0,147.0,9.2,8.8,1.28,9.16,8.99,9.05,False
000383,Cyclist,cyclist,bicycle,2,0.0,111.3,11.61,11.21,1.08,12.15,11.04,11.53,True
000383,Car,car,car,3,0.89,44.3,28.46,26.5,17.85,21.31,20.79,20.99,False
000385,Car,car,car,0,0.0,58.0,21.13,19.08,1.82,18.95,18.51,18.59,False
000385,Car,car,car,0,0.0,48.5,25.14,22.87,1.74,23.26,22.44,22.67,False
000385,Car,car,car,0,0.0,180.6,8.35,6.39,1.91,6.15,5.79,5.88,False
000385,Car,car,car,1,0.0,30.8,40.74,38.92,2.21,36.93,35.63,36.15,False
000385,Car,car,car,1,0.0,27.7,40.36,38.69,1.51,36.09,34.38,35.54,False
000388,Truck,truck,bus,0,0.0,29.5,76.74,70.57,1.81,66.54,65.12,65.56,False
000388,Car,car,car,0,0.0,19.7,63.53,61.96,5.31,61.31,60.27,60.6,False
000395,Van,van,truck,0,0.0,53.3,35.0,31.88,1.44,28.22,27.43,27.64,False
000395,Car,car,car,2,0.0,54.0,25.77,24.43,3.94,21.19,20.97,21.06,False
000395,Car,car,car,0,0.1,173.7,7.89,6.03,2.15,5.29,4.86,4.95,False
000395,Van,van,car,3,0.53,194.9,9.23,7.65,4.3,5.85,5.45,5.57,False
000395,Car,car,car,1,0.0,108.6,13.53,12.23,4.61,9.84,9.47,9.61,False
000395,Van,van,car,2,0.0,29.0,74.01,72.83,4.65,60.49,32.84,50.88,False
000395,Car,car,car,2,0.0,80.4,22.24,20.9,4.83,13.11,11.75,12.04,False
000395,Car,car,car,2,0.0,72.8,18.22,17.13,4.45,16.04,15.18,15.56,False
000395,Car,car,car,1,0.0,36.5,31.49,30.31,4.8,27.73,27.28,27.44,False
000395,Van,van,truck,2,0.0,38.2,52.42,49.06,1.17,43.7,38.0,40.44,True
000407,Pedestrian,pedestrian,person,0,0.0,153.1,9.13,8.67,3.24,7.26,7.15,7.2,False
000408,Car,car,car,0,0.0,63.1,21.89,19.74,2.12,18.78,18.14,18.31,False
000408,Car,car,car,0,0.0,141.8,9.68,8.31,1.55,7.8,7.47,7.58,False
000408,Car,car,car,0,0.0,24.3,46.59,44.68,1.69,44.16,43.1,43.57,False
000408,Cyclist,cyclist,person,3,0.0,54.2,24.81,24.2,0.3,24.58,23.31,23.71,True
000408,Car,car,car,1,0.0,80.9,17.02,15.43,4.98,13.89,13.14,13.73,False
000408,Car,car,car,1,0.0,80.6,14.42,12.75,1.54,12.23,11.8,11.92,False
000408,Car,car,car,1,0.0,37.0,29.64,27.69,1.89,25.84,21.97,24.43,False
000429,Car,car,car,0,0.0,136.2,11.16,9.1,3.89,8.55,7.67,7.86,False
000429,Car,car,car,0,0.0,30.0,37.17,35.48,3.18,36.06,35.11,35.39,False
000429,Car,car,car,1,0.75,180.2,6.36,4.41,2.9,4.42,3.78,3.98,False
000429,Car,car,car,1,0.0,121.8,11.39,9.46,2.91,9.3,8.63,8.82,False
000429,Car,car,car,1,0.0,77.2,16.38,14.34,3.77,14.22,13.15,13.53,False
000429,Car,car,car,2,0.0,78.7,16.37,14.17,2.82,14.06,13.36,13.52,False
000429,Car,car,car,2,0.0,44.5,26.8,24.97,3.25,26.07,20.57,22.63,False
000429,Car,car,car,2,0.0,54.3,21.61,19.3,3.64,19.65,18.34,18.78,False
000429,Car,car,car,2,0.0,57.1,21.33,19.48,2.91,20.07,17.75,19.15,False
000429,Car,car,car,2,0.0,36.2,32.28,30.3,3.44,26.3,22.53,24.26,False
000430,Car,car,car,3,0.13,130.9,13.0,11.04,6.11,8.66,7.89,8.05,False
000430,Car,car,car,1,0.0,33.4,39.03,37.23,16.06,33.03,29.05,31.67,False
000430,Van,van,truck,3,0.0,54.5,41.96,39.69,21.58,34.33,32.87,33.2,False
000430,Car,car,car,1,0.0,75.9,19.52,17.76,8.45,14.81,13.61,14.01,False
000441,Car,car,car,0,0.57,131.3,12.96,11.15,6.48,8.48,8.12,8.27,False
000441,Car,car,car,0,0.0,31.9,37.7,36.04,6.68,35.21,33.96,34.34,False
000441,Car,car,car,2,0.0,46.2,26.5,25.6,6.39,21.26,19.89,20.28,False
000441,Car,car,car,2,0.0,83.5,19.22,18.19,6.87,13.25,12.48,12.82,False
000454,Car,car,car,1,0.0,33.0,35.4,34.47,11.91,32.43,30.75,31.51,False
000454,Truck,truck,truck,0,0.0,29.8,75.99,69.82,0.0,74.8,72.26,72.89,True
000454,Car,car,car,1,0.0,24.8,50.16,47.64,19.88,52.89,46.59,48.71,False
000466,Car,car,car,1,0.0,34.8,38.88,36.65,17.87,27.86,24.84,25.76,False
000473,Car,car,car,0,0.0,27.8,41.31,39.31,0.0,41.2,39.71,40.25,True
000475,Car,car,car,1,0.0,89.2,15.59,13.41,4.67,12.44,11.42,11.59,False
000475,Car,car,car,0,0.0,147.3,9.66,7.69,2.49,7.33,6.49,6.6,False
000475,Car,car,car,1,0.0,51.1,23.53,21.64,2.15,20.46,19.84,20.01,False
000475,Car,car,car,0,0.92,154.5,7.91,6.19,4.94,5.42,5.13,5.25,False
000475,Car,car,car,1,0.0,41.2,29.98,28.05,4.85,28.71,27.14,27.51,False
000475,Car,car,car,1,0.0,83.4,15.15,13.05,2.32,12.97,11.75,11.94,False
000475,Car,car,car,2,0.0,41.0,29.09,27.3,2.23,28.67,24.9,26.19,False
000476,Car,car,car,0,0.0,35.6,32.77,30.76,1.64,28.49,27.54,27.81,False
000484,Car,car,car,0,0.45,213.6,6.25,4.21,1.92,3.75,3.43,3.52,False
000484,Car,car,car,0,0.0,22.3,52.48,50.64,0.0,62.62,54.9,56.77,True
000484,Car,car,car,0,0.0,67.9,17.4,15.53,1.91,14.88,14.42,14.54,False
000484,Car,car,car,2,0.0,53.7,22.43,20.44,2.03,19.94,18.41,19.11,False
000484,Car,car,car,2,0.0,35.3,32.6,30.69,2.28,29.97,23.09,26.81,False
000484,Car,car,car,2,0.0,34.0,37.2,35.19,1.98,40.13,36.22,37.55,False
000492,Car,car,car,0,0.0,61.4,21.8,19.58,2.46,18.54,18.16,18.22,False
000492,Car,car,car,0,0.17,196.7,7.69,5.56,2.37,4.74,4.35,4.43,False
000492,Car,car,car,0,0.0,51.2,24.64,22.72,0.0,21.23,20.71,20.87,True
000492,Car,car,car,0,0.0,34.6,33.53,31.53,7.51,29.38,28.48,28.76,False
000492,Car,car,car,1,0.0,27.9,42.98,40.85,11.91,29.97,28.99,29.48,False
000492,Car,car,car,1,0.0,22.1,47.64,45.48,3.57,46.51,43.04,44.21,False
000492,Car,car,car,1,0.0,32.9,34.93,32.94,3.33,29.42,23.57,26.62,False
000492,Car,car,car,1,0.8,141.5,11.12,9.18,6.79,7.89,7.72,7.78,False
000493,Car,car,car,0,0.0,42.7,26.96,24.77,0.0,26.77,25.83,26.09,True
000493,Car,car,truck,1,0.18,189.7,7.73,5.88,2.13,5.33,4.9,5.06,False
000493,Car,car,car,0,0.0,25.4,43.87,41.58,0.71,39.91,39.07,39.27,True
000493,Car,car,car,0,0.0,34.0,37.14,35.17,5.96,37.94,36.87,37.17,False
000500,Car,car,car,0,0.0,29.0,37.33,35.42,5.72,33.98,33.02,33.24,False
000500,Car,car,car,0,0.0,192.8,8.98,6.86,2.2,6.49,5.97,6.16,False
000500,Car,car,car,0,0.87,187.0,6.25,4.16,2.24,3.51,3.24,3.32,False
000500,Car,car,car,0,0.0,41.7,29.11,27.26,0.0,27.32,27.12,27.18,True
000500,Car,car,car,2,0.0,88.4,15.78,13.69,2.33,13.83,13.02,13.28,False
000500,Car,car,car,2,0.0,26.7,40.05,37.97,2.2,33.02,26.31,32.05,False
000500,Car,car,car,1,0.0,14.6,70.82,68.79,6.4,76.26,71.55,73.79,False
000502,Car,car,car,0,0.0,94.7,13.85,12.01,0.0,10.75,10.44,10.53,True
000502,Car,car,car,0,0.0,177.6,9.06,6.98,2.58,6.06,5.53,5.68,False
000502,Car,car,car,0,0.74,103.5,14.47,12.48,8.8,11.44,10.95,11.16,False
000502,Pedestrian,pedestrian,person,1,0.0,45.2,26.9,26.37,3.02,26.98,24.06,24.94,False
000502,Van,van,car,1,0.0,20.9,73.37,70.5,5.56,67.92,63.74,64.82,False
000502,Car,car,car,1,0.0,83.3,18.98,16.66,9.04,15.51,14.23,14.56,False
000502,Car,car,car,2,0.0,120.0,12.01,9.83,2.24,9.53,9.06,9.24,False
000502,Car,car,car,0,0.96,210.0,6.03,4.25,2.65,4.17,4.01,4.05,False
000509,Pedestrian,pedestrian,person,0,0.0,146.2,9.6,9.12,3.16,7.9,7.7,7.81,False
000510,Car,car,car,0,0.0,76.7,17.23,15.22,0.72,14.19,13.75,13.84,True
000510,Car,car,car,0,0.17,142.0,11.03,9.17,4.34,7.52,7.3,7.36,False
000510,Car,car,car,1,0.0,45.9,32.94,30.67,9.36,26.76,25.35,25.69,False
000510,Car,car,car,0,0.0,91.3,16.22,14.05,5.83,12.48,11.89,11.99,False
000510,Car,car,car,2,0.0,36.8,30.92,29.25,4.08,26.25,25.18,25.63,False
000510,Car,car,car,2,0.0,58.5,22.54,20.17,7.13,17.72,16.42,16.95,False
000511,Car,car,car,0,0.0,33.5,40.32,38.44,21.79,30.88,28.52,29.3,False
000511,Car,car,car,0,0.26,41.5,36.02,34.15,21.76,26.87,24.85,25.58,False
000511,Truck,truck,truck,0,0.0,76.5,38.88,33.46,0.0,35.66,34.8,35.07,True
000511,Car,car,car,1,0.0,27.0,49.88,48.05,22.39,40.64,38.57,39.35,False
000511,Car,car,car,1,0.0,28.1,44.75,42.65,22.17,36.4,34.9,35.61,False
000511,Car,car,car,1,0.0,22.2,54.24,52.42,22.61,45.99,43.74,44.79,False
000515,Car,car,car,0,0.0,87.7,17.46,15.32,7.03,12.73,12.2,12.3,False
000515,Car,car,car,0,0.0,86.4,14.94,12.9,2.81,11.97,11.43,11.63,False
000515,Car,car,car,0,0.0,40.7,27.09,24.9,2.55,24.76,24.03,24.27,False
000515,Car,car,car,0,0.0,38.5,32.14,30.22,0.0,29.88,29.44,29.53,True
000515,Car,car,car,0,0.73,116.1,12.7,10.76,7.62,8.88,8.32,8.52,False
000515,Car,car,car,2,0.0,51.7,23.67,21.6,6.72,19.53,19.15,19.26,False
000515,Car,car,car,2,0.0,26.9,41.76,39.72,6.91,33.63,30.4,31.83,False
000515,Van,van,truck,1,0.0,35.4,59.3,56.27,3.68,63.12,56.63,58.63,False
000515,Car,car,car,3,0.0,69.7,21.16,19.17,11.37,15.24,14.19,14.64,False
000521,Car,car,car,1,0.0,59.7,21.53,19.48,8.77,18.02,16.82,17.09,False
000521,Car,car,car,0,0.0,27.1,46.19,44.36,0.0,45.99,45.05,45.26,True
000521,Car,car,car,1,0.0,19.0,60.18,57.9,9.51,72.39,67.95,69.62,False
000521,Car,car,car,2,0.0,45.1,31.16,29.11,11.3,29.33,25.93,27.84,False
000523,Car,car,car,1,0.0,44.5,26.94,25.62,6.08,25.64,24.92,25.24,False
000530,Pedestrian,pedestrian,person,0,0.0,87.8,15.32,14.8,3.9,13.1,12.79,12.87,False
000530,Car,car,car,0,0.0,45.0,32.59,30.34,1.09,27.54,26.86,27.09,True
000530,Pedestrian,pedestrian,person,1,0.0,87.5,15.57,15.06,3.53,13.36,12.84,12.99,False
000537,Car,car,car,0,0.0,26.0,49.73,47.47,14.44,51.13,48.38,49.06,False
000537,Car,car,car,0,0.0,22.4,68.72,66.12,16.69,62.61,60.75,61.22,False
000537,Truck,truck,truck,0,0.0,71.0,41.48,36.06,0.0,38.35,36.94,37.51,True
000539,Car,car,car,0,0.0,38.6,37.33,35.07,20.23,28.26,26.32,26.91,False
000539,Car,car,car,1,0.0,31.9,41.9,39.98,20.34,33.24,31.2,32.05,False
000539,Truck,truck,truck,0,0.0,74.2,39.97,34.56,0.38,35.22,34.5,34.65,True
000539,Car,car,car,1,0.0,26.3,46.71,44.83,20.24,37.25,35.15,36.04,False
000539,Car,car,car,1,0.0,18.8,61.0,59.18,20.42,51.98,49.39,50.38,False
000539,Car,car,car,0,0.78,44.8,31.25,29.09,19.88,22.3,21.42,21.78,False
000539,Car,car,car,0,0.0,22.9,51.2,49.08,20.24,42.75,40.43,41.37,False
000539,Car,car,car,1,0.0,22.6,56.45,54.62,20.25,48.12,46.36,47.03,False
000543,Van,van,truck,3,0.0,46.0,45.55,42.68,0.87,45.86,44.59,44.97,True
000543,Car,car,car,0,0.0,67.5,18.09,15.7,3.81,16.29,15.36,15.58,False
000543,Car,car,car,0,0.64,127.2,12.45,11.33,5.89,9.02,8.75,8.84,False
000544,Car,car,car,1,0.0,35.8,31.7,30.57,6.6,30.76,29.64,29.79,False
000544,Car,car,car,2,0.0,33.4,36.97,35.87,6.73,32.23,29.66,31.02,False
000545,Car,car,car,0,0.11,79.4,19.0,17.95,8.76,14.52,13.97,14.18,False
000545,Van,van,truck,3,0.0,51.9,37.53,34.78,0.0,32.5,32.0,32.1,True
000545,Van,van,bus,3,0.0,28.9,62.36,60.1,6.3,56.15,54.58,55.25,False
000545,Car,car,car,1,0.0,35.7,32.1,30.07,3.18,29.07,28.72,28.85,False
000557,Car,car,car,0,0.0,94.9,12.84,11.04,1.95,10.34,9.86,9.97,False
000557,Van,van,car,1,0.0,89.8,17.82,15.5,5.43,13.86,12.95,13.14,False
000557,Car,car,car,0,0.0,45.8,26.67,24.78,1.19,23.88,23.38,23.48,True
000557,Car,car,car,0,0.0,51.1,23.83,21.64,0.0,21.26,20.69,20.87,True
000557,Car,car,car,1,0.0,27.2,40.37,38.19,4.52,30.97,30.36,30.56,False
000557,Car,car,car,0,0.97,172.3,4.05,2.09,1.76,3.11,2.69,2.85,False
000565,Car,car,car,0,0.0,22.3,49.79,47.66,2.01,52.27,49.97,50.61,False
000573,Car,car,car,1,0.0,79.6,16.7,15.23,6.75,12.97,12.37,12.51,False
000573,Car,car,car,2,0.0,28.8,44.95,43.75,6.81,40.03,36.94,38.56,False
000573,Car,car,car,1,0.0,62.0,21.54,20.22,6.8,18.44,17.94,18.08,False
000573,Car,car,car,2,0.0,36.9,32.31,31.13,6.56,26.46,23.99,25.5,False
000576,Car,car,car,0,0.0,54.8,29.0,26.87,10.94,23.44,22.38,22.73,False
000576,Van,van,truck,1,0.0,49.9,51.14,47.71,22.56,35.08,33.41,33.9,False
000576,Car,car,car,0,0.0,27.3,42.34,40.38,7.82,41.17,38.92,39.68,False
000577,Car,car,car,0,0.0,31.1,38.03,35.89,0.48,39.05,37.05,37.35,True
000577,Car,car,car,0,0.0,124.1,11.36,9.4,1.58,9.08,8.45,8.62,False
000577,Car,car,car,1,0.0,95.6,16.7,14.49,0.98,15.11,14.08,14.49,True
000577,Car,car,car,1,0.0,64.8,22.6,20.38,0.0,20.02,19.04,19.48,True
000580,Car,car,car,1,0.0,28.5,37.43,36.02,6.14,32.96,31.46,31.7,False
000589,Van,van,bus,1,0.0,38.0,48.52,45.49,8.42,42.84,40.78,41.57,False
000589,Car,car,car,1,0.0,106.5,16.02,13.85,7.67,11.23,10.13,10.36,False
000589,Van,van,car,2,0.0,66.9,28.08,25.81,11.05,21.63,20.11,20.91,False
000589,Car,car,car,0,0.0,25.8,48.37,46.55,0.0,48.4,46.51,47.11,True
000592,Car,car,car,2,0.0,68.8,20.9,18.74,0.0,22.19,19.42,20.89,True
000592,Car,car,car,0,0.0,85.0,15.1,13.26,0.0,13.11,12.78,12.88,True
000592,Car,car,car,0,0.0,93.4,14.47,12.63,2.05,12.36,11.96,12.07,False
000592,Car,car,car,1,0.0,23.9,53.58,52.37,21.44,40.7,38.22,39.34,False
000592,Car,car,car,1,0.0,23.2,52.45,51.52,14.3,49.39,45.91,47.68,False
000592,Car,car,car,1,0.0,61.3,20.26,18.13,1.62,18.14,17.28,17.43,False
000592,Car,car,car,1,0.0,46.4,26.01,23.88,1.29,24.3,23.25,23.53,False
000599,Car,car,car,0,0.0,25.5,46.03,44.2,0.0,53.25,49.88,50.55,True
000599,Car,car,car,0,0.0,73.9,16.97,14.83,2.21,14.14,13.63,13.83,False
000599,Car,car,car,1,0.34,56.8,27.77,25.83,15.22,18.09,16.96,17.51,False
000599,Car,car,car,1,0.24,198.6,6.95,4.92,2.16,4.44,4.08,4.16,False
000599,Car,car,car,1,0.0,55.4,24.58,23.08,9.72,19.98,19.26,19.52,False
000599,Car,car,car,1,0.0,32.9,35.19,33.16,2.49,34.06,32.8,33.23,False
000599,Car,car,car,2,0.0,57.2,21.66,19.78,2.43,20.31,17.51,18.97,False
000604,Truck,truck,bus,0,1.0,369.0,5.49,1.94,1.9,4.27,3.86,4.04,False
000604,Pedestrian,pedestrian,person,0,0.0,184.6,7.71,7.1,0.0,6.78,6.49,6.65,True
000606,Car,car,car,1,0.0,22.5,46.75,45.41,5.82,52.61,42.23,45.24,False
000617,Car,car,car,1,0.0,44.5,24.93,22.82,0.0,23.01,22.53,22.63,True
000617,Car,car,car,0,0.0,106.5,12.81,10.93,0.0,10.8,10.45,10.55,True
000617,Car,car,car,0,0.0,19.8,62.92,60.61,26.35,53.94,51.18,52.13,False
000625,Pedestrian,pedestrian,person,0,0.0,60.8,20.94,20.55,1.28,20.53,20.06,20.2,False
000625,Pedestrian,pedestrian,person,0,0.0,60.6,19.92,19.36,2.27,20.61,20.13,20.31,False
000625,Pedestrian,pedestrian,person,2,0.0,56.6,19.62,19.23,2.83,20.05,19.73,19.84,False
000625,Pedestrian,pedestrian,person,0,0.0,192.5,7.34,6.8,2.17,6.31,6.21,6.24,False
000625,Van,van,bus,3,0.97,369.0,4.86,2.08,1.32,4.07,2.04,2.62,False
000625,Pedestrian,pedestrian,person,1,0.0,116.7,11.31,10.8,2.22,11.03,10.74,10.82,False
000625,Pedestrian,pedestrian,person,1,0.0,121.5,12.64,12.3,4.57,12.27,9.84,11.45,False
000625,Pedestrian,pedestrian,person,1,0.0,68.1,19.85,19.21,4.69,17.42,16.57,17.03,False
000625,Pedestrian,pedestrian,person,1,0.0,113.0,11.47,11.0,2.62,10.71,10.54,10.61,False
000626,Car,car,car,0,0.0,37.9,27.81,25.71,0.0,24.41,23.98,24.06,True
000626,Van,van,truck,1,0.0,93.9,23.57,20.28,3.18,20.27,19.24,19.54,False
000626,Car,car,car,0,0.0,94.6,13.66,11.35,2.97,10.85,10.28,10.38,False
000626,Car,car,car,1,0.0,29.6,37.06,34.94,0.0,30.63,28.17,29.56,True
000631,Car,car,car,0,0.0,30.1,36.05,34.37,2.22,38.92,38.07,38.39,False
000631,Car,car,car,0,0.0,106.7,11.76,9.95,2.3,9.91,9.35,9.46,False
000631,Car,car,car,1,0.0,33.5,33.59,31.83,6.25,36.33,34.24,35.1,False
000631,Car,car,car,1,0.0,58.8,21.22,19.1,6.49,19.8,19.43,19.57,False
000638,Car,car,car,0,0.0,109.7,12.2,10.36,0.0,9.6,9.31,9.39,True
000638,Car,car,car,0,0.65,215.1,6.67,4.56,2.23,3.84,3.49,3.64,False
000638,Van,van,car,1,0.0,29.1,53.71,50.83,5.44,54.66,51.52,52.47,False
000638,Pedestrian,pedestrian,person,0,0.0,55.3,22.5,21.97,4.77,21.21,20.46,20.73,False
000638,Car,car,car,1,0.92,100.7,14.44,12.22,9.13,12.92,12.4,12.63,False
000638,Car,car,car,2,0.0,145.9,9.9,7.85,2.72,7.15,6.63,6.76,False
000643,Car,car,car,0,0.0,43.4,29.69,27.23,9.18,25.74,24.68,24.99,False
000643,Car,car,car,0,0.0,73.3,17.48,15.63,0.0,14.97,14.67,14.75,True
000643,Car,car,car,0,0.0,74.3,17.76,15.65,2.95,15.4,14.75,14.99,False
000643,Car,car,car,1,0.0,44.0,30.12,28.39,13.62,24.87,23.94,24.19,False
000643,Car,car,car,1,0.0,45.4,27.91,25.72,5.62,24.55,23.59,23.99,False
000643,Car,car,car,1,0.0,27.5,44.86,42.85,3.71,48.77,46.16,46.91,False
000643,Car,car,car,0,0.0,20.0,60.92,58.83,1.62,65.05,62.65,63.53,False
000643,Car,car,car,0,0.76,90.6,15.54,13.55,9.63,11.17,10.7,10.86,False
000643,Car,car,car,2,0.0,41.4,35.57,33.45,9.32,28.56,27.72,28.11,False
000643,Car,car,car,1,0.0,42.7,28.39,26.55,3.24,26.85,25.9,26.28,False
000643,Car,car,car,2,0.0,27.2,45.61,43.36,8.33,47.07,36.89,44.37,False
000645,Car,car,car,0,0.0,47.4,25.38,23.87,5.3,22.09,21.36,21.57,False
000645,Car,car,car,0,0.0,20.8,52.36,50.54,0.0,54.84,52.57,53.63,True
000645,Car,car,car,0,0.0,25.6,42.7,40.54,0.63,43.34,42.54,42.81,True
000647,Car,car,car,0,0.0,64.6,19.88,17.96,0.57,15.83,15.46,15.58,True
000647,Car,car,car,0,0.0,22.9,46.95,45.14,6.1,45.82,44.63,45.04,False
000647,Car,car,car,1,0.0,34.4,32.1,30.09,5.09,28.18,25.74,27.21,False
000647,Car,car,car,1,0.0,15.9,69.79,67.74,15.82,56.78,54.39,55.3,False
000656,Car,car,car,0,0.0,23.4,47.63,45.56,0.53,46.98,46.04,46.39,True
000656,Car,car,car,0,0.0,20.5,56.15,53.95,1.12,53.33,52.45,52.71,True
000657,Car,car,car,0,0.0,15.1,68.48,66.69,2.72,67.38,65.83,66.29,False
000657,Car,car,car,0,0.0,16.6,57.17,55.38,0.2,53.32,52.52,52.86,True
000659,Van,van,car,0,0.0,34.2,52.75,50.08,18.8,40.96,39.44,40.0,False
000659,Car,car,car,0,0.0,38.9,33.62,31.7,15.09,24.6,23.53,23.82,False
000661,Car,car,car,0,0.0,73.9,17.52,15.74,6.85,15.42,14.68,14.89,False
000661,Car,car,car,0,0.0,71.0,16.68,14.96,2.84,15.62,14.93,15.07,False
000666,Car,car,truck,1,0.0,49.5,34.26,31.67,9.99,27.12,26.51,26.74,False
000666,Car,car,car,1,0.0,34.8,35.94,33.84,12.98,28.34,28.03,28.13,False
000666,Car,car,car,2,0.0,69.2,19.87,18.46,4.42,11.65,11.44,11.55,False
000666,Car,car,car,2,0.0,46.1,29.63,28.34,4.3,27.8,26.45,26.96,False
000667,Car,car,car,0,0.11,188.6,8.32,6.24,2.31,5.64,5.25,5.32,False
000667,Car,car,car,0,0.88,195.8,4.91,3.27,2.41,3.24,2.79,2.94,False
000667,Truck,truck,truck,1,0.0,128.2,17.8,14.95,2.33,14.57,13.59,13.67,False
000667,Car,car,car,0,0.0,53.6,21.88,19.96,1.9,19.97,19.65,19.74,False
000667,Car,car,car,0,0.0,16.7,71.12,69.11,3.46,69.38,66.73,67.54,False
000667,Car,car,car,1,0.0,167.4,8.94,7.01,2.03,6.69,6.24,6.36,False
000667,Van,van,truck,0,0.0,31.8,47.3,45.04,1.0,45.04,42.68,43.51,True
000668,Car,car,car,1,0.81,116.4,14.61,12.93,8.21,7.97,7.73,7.81,False
000668,Car,car,car,0,0.0,41.7,32.99,30.94,14.43,27.81,26.54,26.98,False
000668,Car,car,car,0,0.0,108.3,13.36,12.42,0.0,11.82,11.53,11.62,True
000668,Car,car,car,0,0.0,57.8,21.56,19.41,6.02,18.4,17.25,17.6,False
000674,Car,car,car,0,0.0,82.4,16.99,15.01,4.91,13.9,12.67,12.85,False
000674,Car,car,car,0,0.0,137.0,10.28,8.35,2.15,7.87,7.46,7.55,False
000674,Car,car,car,2,0.0,82.5,15.56,13.75,2.2,13.75,12.74,13.12,False
000674,Car,car,car,2,0.0,56.5,21.76,19.88,4.94,19.25,17.98,18.29,False
000674,Car,car,car,2,0.0,53.5,20.98,19.17,2.55,19.95,18.57,19.15,False
000683,Car,car,car,1,0.0,24.8,46.13,43.93,11.04,44.89,42.7,43.37,False
000683,Car,car,car,1,0.0,24.0,45.05,43.13,7.72,45.79,44.32,44.91,False
000683,Car,car,car,0,0.0,27.5,45.57,43.75,0.0,44.19,43.48,43.72,True
000683,Car,car,car,1,0.0,15.7,68.69,66.64,8.14,61.35,58.52,59.47,False
000685,Car,car,car,0,0.36,201.2,6.82,4.79,1.78,4.05,3.79,3.86,False
000685,Car,car,car,1,0.0,77.7,16.85,14.94,0.0,14.63,14.15,14.34,True
000685,Car,car,car,0,0.0,134.8,10.14,8.02,0.55,8.11,7.67,7.77,True
000685,Van,van,car,0,0.0,38.2,41.1,38.88,6.56,34.81,34.26,34.42,False
000685,Car,car,car,1,0.0,118.6,13.75,11.57,5.8,9.55,8.71,8.89,False
000685,Van,van,car,2,0.0,87.1,18.87,16.58,6.68,15.12,13.34,13.91,False
000685,Car,car,car,2,0.0,41.1,29.54,27.61,9.18,22.12,20.5,21.06,False
000688,Car,car,car,1,0.0,27.7,45.81,43.51,18.73,40.6,38.66,39.25,False
000688,Car,car,car,0,0.0,43.9,34.66,32.6,18.89,26.7,25.59,25.84,False
000688,Truck,truck,truck,0,0.0,71.9,41.14,35.73,1.23,35.86,34.92,35.23,False
000688,Car,car,car,1,0.0,33.5,39.17,36.92,18.68,31.06,29.4,30.04,False
000688,Car,car,car,1,0.0,24.0,50.76,48.83,18.55,45.94,44.99,45.44,False
000692,Car,car,car,1,0.0,66.3,19.72,17.94,1.87,16.59,16.22,16.31,False
000692,Car,car,car,0,0.0,15.9,67.1,65.01,1.48,56.65,54.75,55.37,False
000692,Car,car,car,0,0.74,210.8,5.28,3.27,1.84,3.3,2.77,2.95,False
000692,Car,car,car,1,0.0,32.0,33.36,31.61,1.85,27.85,26.76,27.23,False
000692,Car,car,car,1,0.0,118.4,10.83,8.75,1.92,8.53,7.86,8.07,False
000692,Car,car,car,3,0.61,165.8,9.84,7.99,4.64,6.01,5.7,5.76,False
000692,Car,car,car,2,0.0,31.1,50.7,49.61,4.48,40.05,36.18,37.4,False
000692,Car,car,car,2,0.0,63.9,24.18,22.96,5.13,22.52,20.86,21.89,False
000692,Car,car,car,2,0.0,66.1,19.2,17.7,4.1,12.2,11.89,12.01,False
000693,Car,car,car,0,0.0,41.1,36.25,34.29,21.33,29.3,27.02,28.0,False
000698,Van,van,bus,0,0.0,106.5,21.33,18.65,4.61,17.63,17.15,17.36,False
000698,Car,car,car,0,0.1,218.6,8.59,6.39,3.27,5.32,4.99,5.06,False
000698,Cyclist,cyclist,person,0,0.0,38.4,34.27,33.34,6.79,35.38,34.63,34.93,False
000701,Pedestrian,pedestrian,person,0,0.0,180.9,8.4,7.93,3.05,6.99,6.75,6.82,False
000708,Car,car,car,0,0.0,42.4,27.02,25.31,3.88,26.36,25.41,25.62,False
000708,Car,car,car,1,0.62,184.1,6.69,4.52,2.58,4.39,3.66,3.95,False
000708,Car,car,car,0,0.83,168.0,7.33,5.37,3.92,5.36,4.83,5.03,False
000708,Car,car,car,2,0.0,75.9,16.66,14.78,2.85,14.73,13.95,14.25,False
000708,Car,car,car,1,0.0,124.3,11.18,9.27,2.58,9.13,8.53,8.73,False
000708,Car,car,car,1,0.0,123.5,11.87,9.55,4.05,9.56,8.25,8.55,False
000708,Car,car,car,2,0.0,36.9,31.66,29.7,3.58,31.96,29.66,30.7,False
000708,Car,car,car,2,0.0,42.5,27.68,25.82,3.34,22.92,20.45,21.22,False
000709,Car,car,car,1,0.0,55.8,22.42,20.47,2.02,20.9,19.48,19.93,False
000709,Car,car,car,0,0.01,171.8,9.15,7.3,2.66,6.73,6.06,6.21,False
000709,Car,car,car,1,0.0,85.4,15.59,13.68,2.97,13.3,12.09,12.44,False
000712,Car,car,car,0,0.0,38.1,36.81,34.73,5.91,33.79,33.16,33.46,False
000712,Car,car,car,1,0.0,56.8,25.66,23.49,11.68,20.22,19.16,19.47,False
000712,Car,car,car,0,0.0,62.9,21.59,19.57,7.56,18.73,17.57,17.86,False
000712,Van,van,truck,0,0.0,40.9,56.23,52.8,13.95,44.04,43.04,43.48,False
000712,Car,car,car,0,0.0,22.0,54.99,53.03,20.37,50.17,47.43,48.49,False
000712,Car,car,car,1,0.0,22.4,55.71,54.61,22.7,38.3,28.49,35.83,False
000712,Pedestrian,pedestrian,person,0,0.0,25.0,52.62,52.18,11.71,46.82,46.09,46.4,False
000735,Car,car,car,0,0.0,80.0,17.17,15.19,5.85,13.46,12.46,12.72,False
000735,Car,car,car,0,0.0,21.4,54.41,52.41,1.36,60.39,56.74,58.8,False
000735,Car,car,car,0,0.0,20.8,57.64,55.69,4.59,56.41,54.73,55.28,False
000735,Car,car,car,0,0.0,23.9,49.53,47.54,4.42,49.12,44.65,46.0,False
000742,Car,car,car,0,0.36,190.2,6.65,4.47,2.03,4.2,3.75,3.82,False
000742,Car,car,car,0,0.0,48.5,24.6,22.55,2.07,23.11,22.34,22.56,False
000742,Car,car,car,0,0.0,27.5,42.74,40.9,0.0,43.82,42.34,42.84,True
000742,Pedestrian,pedestrian,person,1,0.0,52.1,23.59,23.16,4.04,28.9,25.8,27.14,False
000742,Car,car,car,1,0.0,125.5,11.17,9.24,2.2,9.01,8.31,8.63,False
000742,Car,car,car,1,0.0,29.5,40.17,38.08,6.94,39.2,35.66,37.76,False
000742,Car,car,car,1,0.0,41.7,27.19,25.22,6.65,26.21,25.11,25.54,False
000742,Car,car,car,1,0.0,37.4,32.69,30.5,6.87,31.3,28.43,29.72,False
000742,Car,car,car,1,0.0,27.6,48.14,46.04,2.16,49.32,45.57,46.93,False
000742,Car,car,car,2,0.0,40.1,29.75,28.1,1.86,30.34,27.27,28.8,False
000745,Van,van,truck,0,0.39,311.0,8.32,5.83,3.22,4.59,4.26,4.35,False
000745,Car,car,car,0,0.0,43.6,28.57,26.65,0.0,26.48,26.02,26.11,True
000745,Van,van,truck,1,0.0,42.1,46.63,43.47,4.09,46.29,44.49,45.02,False
000745,Car,car,car,0,0.0,65.2,22.46,20.17,3.9,19.16,18.77,18.87,False
000745,Car,car,car,1,0.0,32.3,34.83,32.8,4.35,35.12,34.12,34.39,False
000747,Car,car,car,0,0.0,22.8,51.3,49.44,0.04,54.35,50.44,52.09,True
000747,Car,car,car,0,0.0,30.6,40.02,38.01,5.74,34.21,32.52,33.0,False
000747,Car,car,car,0,0.0,25.1,48.05,46.12,2.97,47.9,46.29,46.7,False
000747,Car,car,car,1,0.0,33.3,44.59,42.44,5.18,41.49,36.29,38.76,False
000749,Car,car,car,0,0.45,186.9,7.23,5.15,2.72,4.46,3.93,4.09,False
000749,Car,car,car,0,0.0,61.7,18.33,16.56,2.14,16.78,16.15,16.27,False
000749,Car,car,car,0,0.0,23.1,46.37,44.7,1.85,50.61,49.28,49.73,False
000749,Car,car,car,1,0.0,39.6,29.44,27.31,6.28,29.11,28.48,28.71,False
000750,Car,car,car,0,0.0,53.3,22.07,20.13,5.83,18.86,18.24,18.41,False
000750,Car,car,car,0,0.0,18.5,51.68,49.86,3.09,54.0,53.02,53.28,False
000750,Van,van,truck,0,0.0,27.6,62.19,59.57,0.24,58.38,57.64,58.07,True
000750,Car,car,car,0,0.0,60.0,21.58,19.55,2.47,18.66,18.23,18.36,False
000750,Car,car,car,0,0.0,15.5,71.01,69.9,6.66,80.29,75.41,77.82,False
000758,Car,car,car,0,0.0,46.7,27.6,25.34,0.0,25.05,24.3,24.48,True
000758,Car,car,bus,1,0.0,34.6,61.48,58.96,27.57,49.42,48.61,48.96,False
000758,Car,car,car,0,0.0,20.3,57.55,55.41,21.59,49.88,48.2,48.74,False
000764,Pedestrian,pedestrian,person,0,0.0,47.5,34.53,34.24,16.66,34.88,33.88,34.05,False
000764,Pedestrian,pedestrian,person,0,0.0,63.6,24.08,23.35,10.27,24.85,23.44,24.01,False
000764,Pedestrian,pedestrian,person,0,0.0,115.9,12.28,11.56,0.36,11.53,11.26,11.32,True
000764,Pedestrian,pedestrian,person,1,0.0,109.3,13.2,12.51,2.07,11.98,11.74,11.85,False
000764,Car,car,car,1,0.0,48.8,28.8,27.0,15.3,23.29,22.59,22.83,False
000764,Pedestrian,pedestrian,person,0,0.0,155.6,9.01,8.35,0.0,8.67,8.42,8.57,True
000764,Pedestrian,pedestrian,person,1,0.0,129.1,9.98,9.39,0.35,9.34,9.03,9.17,True
000764,Car,car,car,1,0.0,52.5,27.86,25.89,12.77,23.89,23.21,23.53,False
000764,Pedestrian,pedestrian,person,0,0.0,124.1,11.3,10.65,1.24,11.44,11.0,11.14,False
000764,Pedestrian,pedestrian,person,1,0.0,48.6,32.1,31.52,14.08,36.24,28.71,31.72,False
000764,Pedestrian,pedestrian,person,1,0.0,164.9,9.09,8.48,1.71,8.38,8.23,8.28,False
000765,Car,car,car,0,0.0,38.6,30.68,28.29,3.67,31.1,29.63,30.06,False
000765,Car,car,car,0,0.0,22.2,57.05,54.63,15.15,50.0,47.71,48.38,False
000765,Car,car,car,0,0.96,167.8,4.61,2.74,2.25,3.69,3.19,3.34,False
000767,Truck,truck,bus,0,0.0,49.6,48.1,41.92,0.44,43.4,42.4,42.78,True
000767,Car,car,car,0,0.0,25.6,45.8,43.55,15.65,40.39,37.42,38.21,False
000776,Car,car,car,0,0.0,87.1,15.04,12.74,0.0,11.96,10.97,11.15,True
000776,Car,car,car,0,0.0,49.1,24.99,22.93,5.52,19.17,18.57,18.75,False
000776,Car,car,car,1,0.0,40.1,27.7,25.71,4.18,22.86,20.73,22.05,False
000776,Car,car,car,1,0.0,58.9,20.4,18.12,1.08,16.28,14.76,15.23,True
000801,Truck,truck,bus,0,0.75,374.0,7.94,4.31,2.46,3.87,2.86,2.98,False
000801,Car,car,car,1,0.0,103.1,11.96,10.32,0.27,10.06,9.65,9.77,True
000801,Pedestrian,pedestrian,person,1,0.0,103.4,12.03,11.71,0.0,11.26,10.48,10.83,True
000803,Truck,truck,truck,0,0.0,29.9,75.67,69.5,0.0,70.65,68.34,69.04,True
000803,Van,van,car,3,0.0,30.2,49.42,46.92,15.75,45.19,43.35,43.98,False
000803,Car,car,car,1,0.0,33.4,40.1,38.21,16.46,38.36,36.58,37.4,False
000803,Car,car,car,0,0.0,66.3,18.38,16.63,4.11,15.1,14.36,14.65,False
000803,Cyclist,cyclist,person,3,0.0,34.3,46.97,46.22,26.69,35.89,33.4,34.29,False
000808,Car,car,car,0,0.0,52.4,21.04,19.34,0.0,18.92,18.62,18.7,True
000808,Car,car,car,0,0.0,27.3,46.75,44.66,10.75,41.74,39.79,40.32,False
000808,Van,van,car,3,0.0,36.6,44.56,42.34,2.14,40.27,38.44,39.2,False
000808,Car,car,car,2,0.0,38.3,30.96,29.15,0.0,35.12,29.82,30.84,True
000808,Car,car,car,1,0.0,34.7,36.77,34.93,16.16,30.11,12.7,29.4,False
000808,Pedestrian,pedestrian,person,0,0.0,55.1,25.13,24.61,8.25,29.37,24.78,26.28,False
000809,Car,car,car,0,0.0,39.7,31.52,29.55,2.15,29.9,29.27,29.48,False
000809,Car,car,car,1,0.85,178.6,5.1,2.98,1.91,3.59,3.01,3.19,False
000809,Car,car,car,0,0.0,68.7,18.06,15.87,1.34,15.56,15.19,15.27,False
000809,Car,car,car,2,0.0,29.5,47.34,45.08,0.88,45.94,38.58,41.81,True
000809,Car,car,car,2,0.0,41.1,30.33,28.22,1.12,27.52,26.03,26.58,True
000809,Car,car,car,0,1.0,174.3,3.17,1.73,1.49,2.58,2.36,2.46,False
000809,Car,car,car,2,0.0,24.6,45.12,43.46,2.66,44.83,33.76,40.19,False
000810,Car,car,car,0,0.0,69.6,17.93,15.65,1.58,15.92,15.21,15.36,False
000812,Car,car,car,0,0.0,48.3,26.61,25.09,0.0,24.65,24.35,24.49,True
000812,Cyclist,cyclist,person,3,0.0,73.5,19.68,18.65,5.01,18.17,17.88,17.98,False
000814,Car,car,car,0,0.38,90.8,17.22,15.34,9.79,12.91,12.14,12.41,False
000814,Car,car,car,0,0.0,83.0,15.73,13.81,2.77,13.31,12.76,12.95,False
000814,Car,car,car,1,0.0,68.4,21.81,19.47,9.71,17.42,16.21,16.53,False
000814,Car,car,car,0,0.0,40.1,30.21,28.36,0.0,27.36,26.89,27.01,True
000814,Car,car,car,0,0.0,16.1,78.5,76.16,9.82,73.65,68.83,70.24,False
000814,Car,car,car,0,0.0,13.9,74.61,72.73,5.72,69.22,64.49,66.78,False
000814,Car,car,car,2,0.0,39.8,29.37,27.23,2.44,25.42,22.98,24.11,False
000814,Car,car,car,2,0.0,51.8,22.38,20.17,2.22,16.1,15.48,15.7,False
000820,Car,car,car,0,0.0,39.2,30.37,28.13,2.47,29.08,27.74,28.16,False
000824,Car,car,car,0,0.0,21.8,49.69,47.45,2.21,55.79,51.84,52.85,False
000831,Car,car,car,3,0.36,184.4,10.56,8.61,3.9,7.0,6.39,6.6,False
000831,Car,car,car,1,0.0,47.0,24.88,23.0,2.0,21.88,21.42,21.53,False
000831,Car,car,car,0,0.78,195.6,8.85,7.14,4.59,5.26,4.9,5.04,False
000831,Car,car,car,3,0.12,178.7,7.64,5.82,2.0,5.39,5.01,5.12,False
000831,Car,car,car,1,0.0,106.3,12.97,10.98,2.06,10.26,9.75,9.94,False
000831,Car,car,car,1,0.0,36.0,35.6,33.72,1.9,29.91,28.59,29.14,False
000831,Car,car,car,0,1.0,208.2,3.28,2.01,1.93,3.05,2.85,2.92,False
000831,Car,car,car,1,0.0,51.1,28.77,27.6,4.35,24.68,23.75,24.06,False
000831,Car,car,car,2,0.0,96.2,14.28,12.75,4.28,9.51,9.17,9.29,False
000831,Car,car,car,2,0.0,51.4,24.12,22.76,4.37,19.48,18.39,18.8,False
000835,Car,car,car,0,0.0,22.4,51.97,49.78,2.86,50.71,48.82,49.47,False
000838,Car,car,car,1,0.0,31.2,35.78,34.68,2.28,34.12,33.14,33.4,False
000840,Van,van,truck,0,1.0,373.0,3.22,1.7,1.7,2.46,2.03,2.16,False
000840,Pedestrian,pedestrian,person,0,0.0,49.0,25.84,25.37,0.38,28.46,27.33,27.67,True
000840,Pedestrian,pedestrian,person,0,0.0,201.7,8.85,8.56,4.89,6.54,6.36,6.42,False
000840,Pedestrian,pedestrian,person,0,0.0,104.0,11.28,10.59,0.98,10.34,10.09,10.17,True
000840,Pedestrian,pedestrian,person,0,0.0,102.0,12.51,12.12,2.86,12.15,11.55,11.86,False
000840,Pedestrian,pedestrian,person,1,0.0,82.0,15.7,15.24,1.37,12.21,10.66,11.11,False
000840,Pedestrian,pedestrian,person,0,0.0,61.6,21.19,20.72,0.0,22.08,21.08,21.41,True
000857,Car,car,car,0,0.0,43.2,33.72,31.64,7.61,32.27,31.27,31.61,False
000857,Car,car,car,0,0.0,88.1,17.88,15.83,8.13,14.2,13.05,13.37,False
000857,Van,van,truck,0,0.0,43.4,54.31,50.88,16.9,45.28,43.38,44.15,False
000857,Car,car,car,0,0.0,23.8,49.93,47.97,15.7,47.23,45.51,46.04,False
000857,Car,car,car,1,0.22,76.9,22.27,20.13,12.52,15.25,14.57,14.85,False
000858,Van,van,truck,1,0.0,109.8,18.56,16.0,4.7,15.45,15.3,15.36,False
000858,Car,car,car,1,0.0,63.5,22.35,20.41,11.57,18.09,16.81,17.18,False
000862,Pedestrian,pedestrian,person,0,0.0,196.1,7.55,7.06,1.96,6.58,6.45,6.5,False
000862,Pedestrian,pedestrian,person,0,0.0,129.9,10.8,10.42,5.91,8.55,8.27,8.36,False
000863,Car,car,car,0,0.0,23.7,48.13,46.13,1.7,46.5,44.67,45.39,False
000863,Car,car,car,3,0.87,180.8,4.85,2.98,1.72,3.29,2.74,2.93,False
000863,Car,car,car,0,0.62,199.3,5.12,3.6,1.73,3.39,2.9,3.03,False
000878,Truck,truck,truck,3,0.1,110.3,30.93,27.27,16.47,21.47,18.93,19.92,False
000878,Car,car,car,0,0.0,28.4,45.88,43.54,11.62,37.11,35.72,36.06,False
000884,Car,car,car,0,0.0,71.9,18.26,15.96,1.78,14.87,14.04,14.22,False
000884,Van,van,car,0,0.0,92.8,18.34,15.91,2.3,14.31,13.88,13.97,False
000884,Van,van,car,0,0.93,226.2,4.49,2.42,1.86,3.06,2.58,2.73,False
000889,Car,car,car,0,0.0,56.9,26.14,23.9,0.0,22.76,22.21,22.41,True
000889,Pedestrian,pedestrian,person,0,0.0,201.4,7.51,7.01,2.93,6.11,5.89,5.95,False
000889,Cyclist,cyclist,person,0,0.0,28.5,43.54,42.68,4.65,60.15,40.12,42.75,False
000889,Pedestrian,pedestrian,person,0,0.0,65.1,19.54,19.03,5.83,17.37,16.93,17.05,False
000889,Pedestrian,pedestrian,person,0,0.0,214.6,7.22,6.68,3.28,5.45,5.38,5.4,False
000890,Car,car,car,0,0.0,28.9,37.45,35.77,2.18,39.2,38.39,38.7,False
000890,Car,car,car,0,0.0,97.4,12.6,10.8,2.27,10.55,10.02,10.13,False
000890,Car,car,car,1,0.0,32.2,34.82,33.06,6.2,37.85,35.47,36.49,False
000890,Car,car,car,2,0.0,55.3,22.28,20.15,6.45,20.18,19.67,19.84,False
000893,Truck,truck,bus,0,0.0,65.4,38.06,31.85,1.41,30.69,30.26,30.47,False
000893,Car,car,car,0,0.0,55.5,27.59,25.31,13.07,20.27,18.66,19.09,False
000909,Car,car,car,0,0.0,43.2,28.75,26.71,2.3,26.96,26.38,26.51,False
000909,Car,car,car,2,0.0,78.1,15.76,13.76,2.01,13.86,12.41,13.23,False
000909,Van,van,truck,0,0.8,344.7,5.19,2.87,1.9,3.21,2.5,2.71,False
000909,Car,car,car,2,0.0,56.6,21.56,19.42,1.88,21.93,19.63,20.13,False
000909,Car,car,car,2,0.0,29.6,37.67,35.86,2.01,37.45,35.18,36.04,False
000909,Car,car,car,1,0.0,135.6,10.3,8.12,1.82,8.06,7.86,7.93,False
000918,Car,car,car,0,0.0,55.3,23.0,21.19,2.37,22.81,22.22,22.39,False
000918,Car,car,car,0,0.25,193.2,6.8,5.02,2.34,4.53,4.19,4.28,False
000918,Car,car,car,0,0.0,55.7,22.08,20.25,0.0,20.94,20.51,20.66,True
000918,Car,car,car,1,0.0,20.3,60.95,59.84,18.74,46.54,37.81,41.06,False
000918,Car,car,car,2,0.0,47.6,29.23,27.07,0.0,50.87,26.45,29.91,True
000918,Car,car,car,1,0.0,34.2,34.52,32.39,1.84,38.44,35.0,36.09,False
000920,Car,car,car,0,0.0,43.1,27.5,25.19,3.23,25.54,24.23,24.47,False
000920,Car,car,car,0,0.0,63.2,20.72,18.68,1.14,18.21,17.45,17.6,True
000920,Car,car,car,0,0.0,141.1,10.69,8.44,2.82,8.33,7.47,7.65,False
000929,Car,car,car,1,0.0,33.6,32.77,30.94,4.99,29.36,28.44,28.74,False
000929,Car,car,car,0,0.0,39.3,28.65,26.71,2.38,25.62,24.65,24.83,False
000929,Car,car,car,0,0.0,52.2,24.05,22.44,0.02,21.17,20.71,20.91,True
000937,Pedestrian,pedestrian,person,0,0.0,62.1,20.27,19.89,1.51,20.82,20.46,20.62,False
000937,Pedestrian,pedestrian,person,0,0.0,48.3,24.19,23.76,0.9,23.09,22.57,22.75,True
000937,Pedestrian,pedestrian,person,0,0.0,50.7,28.35,27.78,4.58,27.53,26.67,26.91,False
000937,Pedestrian,pedestrian,person,1,0.0,100.4,14.26,13.83,7.57,11.2,11.09,11.16,False
000937,Pedestrian,pedestrian,person,0,0.0,48.3,28.46,27.89,5.26,27.86,26.89,27.54,False
000937,Pedestrian,pedestrian,person,0,0.0,115.3,13.68,13.19,7.59,10.84,10.72,10.79,False
000941,Car,car,car,0,0.0,77.5,17.36,15.28,2.0,14.21,13.42,13.58,False
000941,Car,car,car,0,0.57,186.4,7.03,4.56,2.25,4.3,3.65,3.87,False
000941,Car,car,car,0,0.0,23.8,46.16,44.06,1.45,41.18,39.92,40.32,False
000942,Car,car,car,2,0.0,38.7,29.74,27.89,4.87,28.13,26.71,27.15,False
000942,Car,car,car,0,0.1,160.6,10.82,8.72,4.67,7.61,6.49,6.72,False
000942,Car,car,car,0,0.0,50.9,24.84,22.89,4.85,23.21,22.12,22.26,False
000942,Car,car,car,1,0.0,67.8,18.29,16.38,2.14,15.69,15.31,15.42,False
000942,Car,car,car,0,0.91,203.2,5.05,3.27,2.46,3.38,2.86,3.01,False
000942,Car,car,car,1,0.0,142.0,10.03,7.92,2.33,7.59,7.01,7.11,False
000942,Car,car,car,2,0.0,51.2,23.71,21.91,2.23,22.98,20.89,21.87,False
000944,Car,car,car,0,0.82,201.0,5.07,2.89,1.74,3.06,2.42,2.6,False
000944,Car,car,car,0,0.0,28.8,38.21,36.02,2.36,35.57,34.91,35.06,False
000944,Car,car,car,1,0.58,158.9,10.08,8.26,4.43,6.32,6.11,6.18,False
000944,Car,car,car,2,0.0,50.6,23.23,21.93,3.62,19.58,12.66,18.57,False
000944,Van,van,car,2,0.0,43.6,35.23,34.09,3.22,36.37,34.58,35.28,False
000944,Truck,truck,truck,2,0.0,34.2,54.47,51.14,2.14,46.85,45.53,46.01,False
000944,Car,car,car,1,0.0,91.2,13.92,12.45,4.33,10.84,10.54,10.69,False
000944,Car,car,car,2,0.0,34.1,32.88,31.68,3.37,31.21,24.33,26.78,False
000944,Car,car,car,2,0.0,46.8,25.6,24.17,3.57,21.36,20.5,20.88,False
000948,Truck,truck,truck,0,0.0,29.4,76.8,70.58,0.21,66.29,64.81,65.29,True
000948,Car,car,car,0,0.0,21.1,59.08,57.54,0.47,60.33,59.23,59.78,True
000948,Van,van,truck,0,0.0,47.8,39.88,37.35,18.16,29.59,27.75,28.42,False
000950,Car,car,car,0,0.0,28.5,45.85,43.88,2.55,47.68,45.51,46.22,False
000951,Van,van,truck,0,0.39,163.2,16.7,13.75,6.94,11.74,11.59,11.68,False
000951,Car,car,car,0,0.0,73.8,19.45,16.97,7.71,15.02,14.35,14.55,False
000951,Van,van,car,0,0.0,92.8,17.9,15.61,0.83,15.63,15.25,15.41,True
000951,Car,car,car,0,0.0,46.9,24.82,22.76,4.71,24.59,24.14,24.26,False
000951,Van,van,truck,0,0.0,45.9,46.59,43.46,0.65,41.86,40.06,40.5,True
000951,Car,car,car,0,0.0,36.9,35.75,33.5,0.0,35.08,34.14,34.54,True
000951,Car,car,car,0,0.0,65.2,19.74,17.33,3.5,17.09,16.64,16.79,False
000951,Car,car,truck,1,0.0,98.8,21.07,18.69,11.07,14.9,14.52,14.67,False
000951,Car,car,car,1,0.0,68.0,21.0,18.62,5.95,18.04,17.73,17.83,False
000959,Car,car,car,0,0.0,29.9,37.31,35.47,2.11,40.74,38.84,39.38,False
000959,Car,car,car,0,0.83,188.2,5.09,3.1,2.03,3.13,2.6,2.77,False
000959,Car,car,car,0,0.0,85.9,14.82,12.85,2.28,11.96,11.55,11.66,False
000959,Car,car,car,0,0.0,22.7,51.52,49.68,0.0,61.79,55.62,57.21,True
000959,Car,car,car,1,0.0,21.8,53.95,52.91,10.16,42.68,39.75,41.01,False
000959,Car,car,car,2,0.0,69.9,19.24,17.19,1.94,17.08,15.56,16.07,False
000959,Car,car,car,2,0.0,23.6,47.95,45.89,1.86,48.27,43.05,44.55,False
000959,Car,car,car,1,0.0,35.7,32.7,30.73,1.92,33.61,27.3,30.53,False
000959,Car,car,car,1,0.0,22.8,55.38,53.97,15.59,36.04,29.27,31.48,False
000960,Car,car,car,0,0.0,18.7,59.03,56.96,2.88,55.3,54.14,54.36,False
000967,Car,car,car,0,0.0,28.6,37.45,35.68,5.18,34.88,34.33,34.63,False
000967,Car,car,car,0,0.0,33.5,36.62,34.6,1.16,33.15,32.35,32.67,True
000968,Car,car,car,0,0.0,24.4,45.14,42.86,0.0,43.62,42.65,42.99,True
000972,Car,car,car,0,0.0,16.9,67.9,65.84,4.98,63.83,62.11,62.7,False
000972,Car,car,car,0,0.97,168.5,6.25,4.02,3.39,4.79,4.4,4.55,False
000974,Car,car,car,1,0.0,27.8,42.13,40.25,11.87,37.77,34.63,35.39,False
000974,Truck,truck,bus,0,0.0,30.8,73.75,67.46,3.52,57.34,54.82,55.33,False
000974,Car,car,car,0,0.0,28.3,44.36,42.84,0.0,40.61,40.08,40.23,True
000980,Van,van,truck,0,0.0,42.7,54.84,51.41,16.11,43.79,42.61,43.0,False
000980,Car,car,car,0,0.0,79.7,18.78,16.74,7.98,15.44,14.25,14.59,False
000980,Car,car,car,0,0.0,41.6,34.53,32.44,7.14,32.28,30.87,31.31,False
000980,Car,car,car,0,0.0,23.3,51.25,49.29,16.97,50.66,48.2,48.98,False
000980,Car,car,car,1,0.0,71.4,23.14,20.99,12.32,16.26,15.46,15.72,False
000980,Car,car,car,1,0.0,24.1,54.24,53.11,24.53,36.97,34.57,35.2,False
000987,Car,car,car,1,0.0,92.7,13.74,12.05,3.45,11.01,10.69,10.8,False
000987,Car,car,car,1,0.71,205.4,7.74,5.8,3.34,4.74,4.43,4.52,False
000987,Car,car,car,3,0.15,157.8,9.47,8.0,3.56,7.28,6.77,6.94,False
000987,Pedestrian,pedestrian,person,0,0.0,50.0,28.31,27.64,4.37,24.16,19.44,22.19,False
000987,Car,car,car,1,0.0,62.0,18.56,17.46,3.26,17.08,16.22,16.55,False
000989,Car,car,car,0,0.0,44.7,25.37,23.41,3.75,21.8,20.89,21.12,False
000994,Car,car,car,0,0.0,39.8,36.68,34.6,18.69,29.15,27.02,27.46,False
000994,Car,car,car,1,0.0,25.7,48.08,45.78,18.29,43.3,41.1,41.77,False
000994,Truck,truck,truck,0,0.0,71.3,41.43,36.01,1.26,35.7,34.83,35.05,False
000994,Car,car,car,1,0.0,30.7,41.31,39.06,18.4,33.98,31.58,32.42,False
000994,Car,car,car,1,0.0,22.5,53.13,51.19,18.25,48.41,47.06,47.73,False
000995,Van,van,truck,2,0.0,149.2,15.97,13.01,6.17,11.2,10.12,10.51,False
000995,Car,car,car,0,0.0,175.7,8.32,6.47,2.33,5.93,5.53,5.62,False
000995,Car,car,car,0,0.0,71.2,17.8,15.61,0.34,14.82,14.45,14.57,True
000995,Car,car,car,0,0.0,28.5,38.33,36.61,5.4,37.57,36.85,37.1,False
000995,Car,car,car,0,0.0,37.9,29.41,28.29,0.0,28.71,28.16,28.39,True
000997,Car,car,car,0,0.0,61.2,21.84,20.31,5.87,18.04,17.62,17.73,False
001009,Car,car,car,0,0.0,49.6,23.59,21.5,4.34,20.75,19.65,19.85,False
001009,Car,car,car,0,0.0,37.9,30.22,28.14,1.22,28.14,27.48,27.65,False
001009,Car,car,car,0,0.0,27.8,42.07,39.87,0.46,38.62,37.98,38.17,True
001009,Car,car,car,1,0.0,22.4,52.4,50.55,0.0,49.05,47.95,48.37,True
001009,Car,car,car,2,0.0,26.1,40.89,39.17,0.86,37.66,33.27,36.47,True
001010,Car,car,car,0,0.88,199.3,4.84,2.9,2.11,3.12,2.58,2.78,False
001010,Car,car,car,0,0.0,106.7,12.77,10.74,2.15,10.08,9.62,9.76,False
001010,Car,car,car,0,0.92,162.4,6.42,4.46,3.54,4.58,4.08,4.24,False
001010,Car,car,car,0,0.0,16.7,66.93,65.0,0.22,55.01,54.14,54.48,True
001010,Van,van,truck,1,0.0,88.1,26.63,23.6,1.75,23.76,22.53,22.88,False
001010,Car,car,car,1,0.0,155.6,10.88,8.86,3.59,7.76,7.0,7.18,False
001010,Car,car,car,1,0.0,65.3,18.84,16.64,2.12,16.63,15.22,15.61,False
001010,Car,car,car,1,0.0,91.3,15.99,13.88,3.43,13.03,11.83,12.09,False
001010,Car,car,car,1,0.0,23.0,47.75,46.03,1.1,41.06,38.53,39.91,True
001010,Car,car,car,0,0.0,20.3,50.56,48.69,4.74,46.02,43.93,44.62,False
001010,Car,car,car,1,0.0,23.3,54.67,52.63,0.0,51.0,48.72,49.69,True
001014,Van,van,car,0,0.0,22.8,62.57,60.3,0.0,58.52,57.66,58.07,True
001014,Car,car,car,0,0.0,54.5,22.22,20.0,2.52,19.07,17.97,18.22,False
001018,Car,car,car,0,0.0,115.7,11.55,9.23,1.94,8.79,8.37,8.48,False
001022,Car,car,car,0,0.0,28.8,45.48,43.06,14.26,38.71,36.88,37.35,False
001022,Car,car,car,0,0.0,45.7,25.05,24.08,1.22,23.43,22.97,23.13,False
001022,Car,car,car,0,0.96,167.7,4.61,2.74,2.25,3.67,3.19,3.33,False
001022,Car,car,car,0,0.0,21.9,49.95,48.07,8.71,49.32,47.42,48.08,False
001025,Car,car,car,0,0.0,20.6,53.55,51.32,2.38,64.18,63.28,63.63,False
001025,Car,car,car,0,0.0,145.8,10.31,8.07,2.8,8.34,7.62,7.8,False
001041,Car,car,car,0,0.16,176.6,7.96,5.74,2.18,5.88,5.07,5.21,False
001041,Car,car,car,0,0.0,28.4,52.97,50.68,2.54,50.61,49.38,49.88,False
001043,Car,car,car,0,0.59,195.3,6.07,4.0,2.08,4.1,3.5,3.63,False
001043,Car,car,car,0,0.66,159.7,9.69,7.69,5.33,6.89,6.31,6.53,False
001043,Car,car,car,1,0.0,21.4,54.93,52.82,1.89,49.78,47.28,48.71,False
001043,Car,car,car,1,0.0,92.9,16.81,14.6,5.23,13.99,12.95,13.07,False
001043,Car,car,car,0,0.0,25.8,42.28,40.0,2.75,40.1,39.31,39.54,False
001043,Car,car,car,1,0.0,23.5,48.32,47.11,5.87,41.99,39.84,40.55,False
001043,Car,car,car,1,0.0,33.9,33.69,31.7,5.64,30.68,25.77,27.73,False
001043,Car,car,car,2,0.0,58.2,23.05,20.9,5.45,19.82,18.54,18.94,False
001049,Car,car,car,0,0.0,30.3,36.85,35.21,0.0,31.18,30.43,30.7,True
001049,Pedestrian,pedestrian,person,0,0.0,96.2,15.49,14.82,5.54,13.88,13.56,13.67,False
001049,Pedestrian,pedestrian,person,0,0.0,104.1,13.93,13.28,2.7,12.56,12.19,12.3,False
001049,Pedestrian,pedestrian,person,0,0.0,82.3,16.03,15.39,4.35,14.27,13.89,13.99,False
001049,Pedestrian,pedestrian,person,0,0.0,92.2,14.5,13.79,1.89,13.26,12.82,12.89,False
001049,Pedestrian,pedestrian,person,0,0.0,92.4,15.74,15.06,4.85,14.19,13.96,14.07,False
001049,Car,car,car,1,0.0,48.8,28.8,27.01,15.29,22.54,21.91,22.12,False
001049,Pedestrian,pedestrian,person,0,0.0,162.3,9.02,8.37,2.37,7.85,7.69,7.76,False
001049,Car,car,car,1,0.0,52.6,27.85,25.89,12.76,22.91,22.35,22.56,False
001058,Car,car,car,0,0.0,24.9,52.58,50.57,12.93,52.55,50.05,50.93,False
001058,Car,car,car,0,0.0,21.7,44.26,42.47,0.98,45.54,44.88,45.18,True
001058,Car,car,car,0,0.0,147.9,10.46,8.37,2.91,7.72,7.29,7.39,False
001058,Car,car,car,0,0.0,26.4,40.89,39.03,5.46,40.51,39.68,40.01,False
001062,Car,car,car,0,0.0,29.5,40.31,38.11,2.21,36.73,35.2,35.63,False
001062,Car,car,car,1,0.0,42.3,29.81,27.93,0.22,29.7,28.19,28.74,True
001062,Car,car,car,0,0.0,139.2,10.63,8.56,2.61,8.5,7.67,7.82,False
001062,Car,car,car,0,0.93,181.0,5.28,3.6,2.89,3.72,3.32,3.47,False
001062,Car,car,car,2,0.0,54.2,23.95,21.92,3.34,19.96,18.8,19.13,False
001062,Car,car,car,1,0.0,149.7,10.05,7.83,2.92,7.11,6.7,6.83,False
001062,Car,car,car,1,0.0,80.9,16.56,14.24,3.17,13.41,12.76,12.94,False
001062,Car,car,car,1,0.0,60.7,23.22,21.03,2.26,22.64,20.44,21.03,False
001062,Car,car,car,1,0.0,80.5,15.81,14.0,2.46,14.53,13.12,13.43,False
001063,Car,car,car,0,0.0,58.3,26.18,23.85,11.8,21.05,19.31,19.85,False
001063,Car,car,car,0,0.0,26.4,52.48,50.09,18.29,47.12,45.27,45.91,False
001063,Car,car,car,0,0.0,19.9,63.6,61.67,14.87,57.77,56.33,56.82,False
001066,Car,car,car,0,0.0,96.9,13.93,12.84,3.23,11.54,11.31,11.36,False
001069,Car,car,car,0,0.0,39.1,29.63,27.71,2.73,26.65,26.1,26.25,False
001069,Car,car,truck,1,0.61,75.2,20.6,18.54,11.67,17.85,17.01,17.1,False
001069,Pedestrian,pedestrian,person,0,0.0,36.7,35.9,35.55,6.47,36.51,33.38,34.3,False
001069,Cyclist,cyclist,bicycle,0,0.0,36.0,37.53,37.09,2.56,35.85,34.57,34.96,False
001081,Car,car,car,0,0.0,18.4,59.81,57.61,4.99,64.88,63.52,64.13,False
001081,Van,van,truck,0,0.0,48.6,33.74,31.38,5.67,31.39,30.84,30.97,False
001081,Car,car,car,1,0.0,27.3,42.94,41.31,11.05,45.14,42.42,43.65,False
001082,Car,car,car,0,0.0,49.5,23.76,21.65,6.14,19.27,18.43,18.59,False
001082,Car,car,car,0,0.0,98.5,13.62,11.45,2.49,11.43,10.65,10.96,False
001082,Van,van,truck,1,0.0,42.6,34.45,32.03,2.05,32.0,30.52,31.07,False
001082,Car,car,car,0,0.0,46.6,26.26,24.41,0.0,23.94,23.59,23.74,True
001082,Car,car,car,0,0.0,15.7,70.66,68.23,9.62,66.25,64.62,65.06,False
001082,Car,car,car,2,0.0,49.1,23.72,21.68,2.55,17.82,17.07,17.31,False
001082,Car,car,car,1,0.0,32.0,41.75,39.36,10.16,31.51,23.01,25.57,False
001082,Car,car,car,1,0.0,26.6,47.83,45.6,10.08,40.12,23.69,30.69,False
001083,Car,car,car,0,0.07,139.9,11.5,9.41,5.31,8.16,7.14,7.29,False
001083,Car,car,car,0,0.0,23.6,45.85,43.58,2.55,42.52,41.58,41.76,False
001083,Car,car,car,1,0.0,79.5,18.94,16.73,5.18,16.54,15.67,15.78,False
001083,Car,car,car,1,0.0,20.5,57.11,55.01,2.14,52.02,49.65,50.83,False
001083,Car,car,car,1,0.0,22.4,50.52,49.31,6.1,46.49,44.02,44.86,False
001083,Car,car,car,0,0.0,196.0,8.1,6.02,2.12,5.86,5.49,5.55,False
001083,Car,car,car,1,0.0,31.6,35.85,33.87,5.49,32.64,27.81,29.6,False
001083,Car,car,car,2,0.0,52.2,25.22,23.08,5.36,22.32,20.97,21.38,False
001084,Car,car,car,0,0.0,26.0,45.08,43.76,0.0,47.44,45.22,45.92,True
001084,Car,car,car,0,0.2,127.0,11.24,9.56,3.94,8.26,8.14,8.17,False
001084,Van,van,car,0,0.0,114.2,13.5,11.5,2.03,10.84,10.5,10.6,False
001084,Van,van,car,3,0.0,115.8,13.92,11.75,1.79,11.13,10.49,10.62,False
001084,Van,van,car,2,0.0,51.7,28.3,26.06,1.32,26.22,23.55,25.12,False
001084,Car,car,car,1,0.0,53.1,22.47,20.18,1.44,18.8,18.4,18.58,False
001085,Car,car,car,0,0.0,33.8,34.99,32.79,0.14,30.76,30.16,30.39,True
001085,Car,car,car,0,0.0,54.5,21.66,19.55,1.47,18.73,18.23,18.36,False
001085,Van,van,truck,1,0.0,48.6,31.32,28.95,4.49,26.03,25.27,25.52,False
001085,Car,car,car,1,0.0,33.5,32.21,30.48,1.37,30.47,28.54,29.46,False
001085,Car,car,car,1,0.0,26.0,45.44,43.57,0.33,38.83,38.25,38.33,True
001087,Car,car,car,1,0.33,149.9,11.29,9.36,5.93,8.24,7.0,7.33,False
001087,Car,car,car,0,0.0,27.3,40.18,38.19,0.0,41.82,40.2,40.73,True
001087,Car,car,car,1,0.0,35.6,32.45,31.58,2.79,25.24,23.68,24.17,False
001087,Car,car,car,2,0.0,46.3,25.03,23.95,3.01,18.3,16.02,17.22,False
001092,Truck,truck,train,0,0.0,58.1,49.53,44.09,0.0,46.13,44.57,45.16,True
001092,Car,car,car,0,0.0,15.9,76.39,74.29,16.46,74.42,70.48,71.62,False
001101,Car,car,car,1,0.0,57.9,21.72,19.57,0.0,19.28,18.19,18.53,True
001101,Pedestrian,pedestrian,person,0,0.23,203.6,5.81,5.25,2.46,4.43,4.33,4.37,False
001101,Pedestrian,pedestrian,person,0,0.0,163.2,8.25,7.64,0.59,7.43,7.31,7.33,True
001101,Pedestrian,pedestrian,person,0,0.0,209.4,6.64,6.09,1.66,5.9,5.8,5.84,False
001101,Pedestrian,pedestrian,person,0,0.0,109.2,13.14,12.52,0.87,12.63,12.41,12.49,True
001101,Pedestrian,pedestrian,person,1,0.0,160.0,9.42,8.83,2.99,8.01,7.85,7.91,False
001101,Pedestrian,pedestrian,person,0,0.0,126.9,11.21,10.68,2.0,10.54,9.48,10.0,False
001104,Car,car,car,0,0.0,57.7,22.07,20.15,0.0,19.21,18.92,18.99,True
001104,Van,van,truck,0,0.0,162.1,15.0,11.75,3.41,10.74,10.58,10.63,False
001104,Car,car,car,1,0.0,49.4,26.19,24.13,3.25,23.58,23.18,23.37,False
001104,Car,car,car,1,0.0,74.8,18.28,16.13,7.66,14.29,13.74,13.85,False
001104,Car,car,car,1,0.0,31.2,38.44,36.54,3.99,33.91,25.68,29.97,False
001104,Car,car,car,0,0.95,169.8,6.3,4.44,3.75,4.7,4.48,4.56,False
001110,Car,car,car,0,0.0,163.7,9.43,7.17,2.92,6.61,5.73,5.88,False
001110,Car,car,car,1,0.0,41.6,29.88,28.44,5.69,26.05,25.14,25.62,False
001112,Car,car,car,0,0.0,61.9,20.94,19.54,6.49,17.43,16.99,17.12,False
001112,Car,car,car,0,0.0,23.6,53.01,50.68,19.14,60.45,55.88,56.92,False
001112,Car,car,car,1,0.0,47.1,25.73,24.26,6.62,22.51,21.96,22.19,False
001112,Cyclist,cyclist,person,0,0.0,69.9,20.41,19.49,9.64,40.0,16.22,20.6,False
001124,Pedestrian,pedestrian,person,0,0.0,187.1,7.87,7.37,2.67,6.37,6.24,6.3,False
001125,Car,car,car,0,0.42,173.9,10.5,8.53,4.23,6.25,6.13,6.15,False
001125,Car,car,car,0,0.0,80.9,15.69,14.15,4.41,12.44,12.24,12.31,False
001125,Van,van,truck,0,0.0,111.3,18.53,15.37,1.89,13.64,13.47,13.54,False
001125,Van,van,truck,2,0.0,37.5,57.59,56.35,3.96,45.87,43.48,45.17,False
001125,Van,van,truck,2,0.0,57.7,35.84,32.44,1.7,28.2,27.25,27.53,False
001125,Car,car,car,0,0.72,160.8,9.82,8.2,5.17,6.04,5.65,5.79,False
001125,Car,car,car,2,0.0,34.2,37.75,36.59,4.45,30.04,28.23,28.58,False
001125,Car,car,car,2,0.0,73.0,20.24,19.07,3.76,17.29,16.79,17.0,False
001125,Car,car,car,2,0.0,34.5,35.19,34.1,5.41,28.87,27.37,28.4,False
001128,Car,car,car,0,0.14,211.7,7.92,5.81,2.78,5.03,4.81,4.87,False
001128,Car,car,car,0,0.0,28.1,37.5,35.79,1.53,38.54,37.34,37.66,False
001128,Car,car,car,0,0.0,50.7,23.81,21.76,2.34,22.13,21.2,21.42,False
001128,Truck,truck,truck,0,0.0,116.2,27.04,22.86,5.53,23.11,22.64,22.84,False
001134,Car,car,car,0,0.0,28.0,39.62,37.58,0.37,35.05,33.84,34.27,True
001134,Car,car,car,0,0.0,74.7,16.38,14.4,1.69,13.45,12.54,12.72,False
001134,Van,van,truck,1,0.0,45.7,47.97,46.53,13.86,36.63,33.83,35.93,False
001134,Cyclist,cyclist,person,0,0.0,106.7,13.28,12.35,2.39,12.16,11.93,12.0,False
001140,Car,car,car,1,0.0,90.0,14.47,12.45,2.12,12.0,11.45,11.56,False
001140,Car,car,car,0,0.0,124.7,12.27,10.37,5.29,9.28,8.3,8.51,False
001140,Car,car,car,1,0.0,56.2,25.29,23.1,5.09,23.18,22.24,22.4,False
001140,Car,car,car,1,0.0,18.4,63.59,61.48,2.5,58.43,56.2,57.21,False
001140,Car,car,car,1,0.0,73.1,17.4,15.25,5.2,14.83,13.57,13.86,False
001140,Car,car,car,2,0.0,40.5,31.78,29.66,5.2,28.98,25.65,27.65,False
001143,Car,car,car,0,0.0,26.5,47.23,45.41,0.0,49.43,48.01,48.48,True
001143,Car,car,car,1,0.23,105.7,15.46,13.22,8.09,11.27,10.15,10.52,False
001143,Car,car,car,1,0.0,33.2,35.04,32.9,8.4,33.22,31.49,32.17,False
001143,Car,car,car,1,0.0,22.3,57.71,55.7,9.76,58.08,52.97,53.89,False
001144,Car,car,car,2,0.0,39.3,32.26,30.13,1.83,33.7,31.92,32.37,False
001150,Car,car,car,0,0.0,87.9,14.75,12.97,4.5,12.73,11.91,12.1,False
001150,Car,car,car,1,0.94,183.2,4.93,3.19,2.56,3.69,3.25,3.45,False
001150,Car,car,car,1,0.0,150.4,9.76,7.68,2.37,7.26,6.89,6.98,False
001150,Car,car,car,2,0.0,84.5,15.08,13.17,2.69,13.75,12.83,13.19,False
001150,Car,car,car,2,0.0,65.7,19.14,17.14,4.38,18.22,16.76,17.33,False
001152,Car,car,car,0,0.0,16.7,67.63,65.57,7.67,63.77,61.72,62.33,False
001152,Car,car,car,0,0.0,26.6,44.58,42.4,7.16,44.12,40.99,41.97,False
001152,Car,car,car,0,0.0,12.9,73.35,71.57,0.93,78.46,75.92,76.98,True
001154,Truck,truck,bus,0,0.0,51.8,46.39,40.22,0.64,41.68,40.51,40.97,True
001154,Car,car,car,0,0.0,17.5,69.24,67.01,12.99,63.9,60.57,62.29,False
001154,Car,car,car,0,0.0,25.0,46.93,44.96,13.06,38.86,37.4,37.85,False
001154,Car,car,car,0,0.0,35.6,36.25,34.01,15.71,28.63,26.99,27.48,False
001162,Car,car,car,0,0.0,38.2,29.14,27.09,4.28,28.16,27.59,27.74,False
001162,Car,car,car,0,0.0,83.6,14.13,12.09,0.0,12.38,11.88,12.0,True
001162,Van,van,car,0,0.2,253.2,7.39,5.08,0.97,4.65,4.36,4.45,True
001162,Car,car,car,0,0.0,30.3,44.48,42.49,17.49,38.29,36.39,36.85,False
001162,Car,car,car,1,0.0,43.5,30.37,29.12,0.21,27.17,25.42,26.74,True
001162,Car,car,car,0,0.83,95.2,15.91,13.81,9.41,12.38,11.46,11.81,False
001162,Car,car,car,3,0.02,110.1,14.86,12.91,7.06,10.34,9.79,10.01,False
001162,Car,car,car,1,0.0,22.0,63.49,60.91,14.59,65.3,58.06,60.62,False
001163,Car,car,car,0,0.0,46.2,24.03,21.86,2.29,24.33,23.58,23.79,False
001163,Van,van,truck,2,0.0,32.2,56.62,53.79,2.46,56.93,53.6,55.05,False
001163,Car,car,car,0,0.85,187.1,5.28,3.06,2.0,3.58,3.08,3.33,False
001163,Car,car,car,0,0.84,163.3,5.13,3.22,1.98,3.57,2.97,3.14,False
001163,Car,car,car,0,0.0,26.1,44.13,42.19,2.53,45.17,43.55,43.89,False
001163,Car,car,car,1,0.0,61.2,19.28,17.57,2.4,17.85,17.22,17.47,False
001163,Car,car,car,1,0.0,133.5,10.87,8.86,2.45,9.18,8.11,8.49,False
001163,Car,car,car,1,0.0,146.9,10.24,7.85,1.93,8.75,7.59,7.83,False
001163,Car,car,car,2,0.0,41.3,26.4,24.46,2.18,25.34,23.83,24.63,False
001165,Car,car,car,0,0.0,31.7,46.32,44.38,20.25,37.07,35.66,36.14,False
001165,Car,car,car,0,0.0,36.9,34.28,32.03,0.02,30.49,29.93,30.09,True
001165,Car,car,car,0,0.0,21.9,56.4,54.5,20.47,48.81,46.55,47.32,False
001167,Car,car,car,0,0.0,34.1,38.65,36.51,13.32,34.05,32.61,32.98,False
001167,Pedestrian,pedestrian,person,1,0.0,40.6,32.02,31.63,5.52,39.22,35.01,36.12,False
001169,Pedestrian,pedestrian,person,0,0.0,94.4,13.03,12.48,0.54,11.36,10.91,11.11,True
001169,Cyclist,cyclist,person,1,0.0,115.9,12.43,11.57,3.56,18.44,5.71,14.69,False
001169,Pedestrian,pedestrian,person,1,0.0,42.5,30.65,30.12,2.52,16.94,11.14,11.59,False
001173,Car,car,car,0,0.0,17.7,70.23,68.66,3.79,69.84,68.85,69.11,False
001173,Truck,truck,train,0,0.0,29.8,76.0,69.83,0.0,68.48,67.41,67.76,True
001173,Van,van,truck,2,0.0,53.3,39.41,36.62,21.42,28.2,27.07,27.35,False
001193,Car,car,truck,0,0.0,138.6,13.52,11.03,1.03,10.72,10.06,10.2,True
001193,Pedestrian,pedestrian,person,0,0.0,102.0,13.19,12.61,0.0,12.97,12.42,12.6,True
001193,Pedestrian,pedestrian,person,0,0.14,224.9,6.16,5.47,2.05,4.67,4.55,4.6,False
001193,Pedestrian,pedestrian,person,0,0.0,82.0,16.36,15.91,0.0,15.07,14.59,14.72,True
001193,Person_sitting,pedestrian,other,2,0.0,113.2,9.73,9.35,4.11,4.64,4.58,4.61,False
001198,Van,van,car,0,0.0,192.1,9.36,7.31,2.24,6.57,6.26,6.37,False
001198,Pedestrian,pedestrian,person,2,0.0,105.2,13.65,13.31,4.77,11.33,11.15,11.22,False
001198,Person_sitting,pedestrian,person,1,0.0,83.8,12.07,11.64,1.87,11.01,10.89,10.93,False
001198,Person_sitting,pedestrian,person,1,0.0,82.3,12.21,11.77,2.54,11.18,10.78,11.04,False
001198,Person_sitting,pedestrian,person,2,0.0,64.8,15.15,14.81,2.44,11.0,10.89,10.93,False
001203,Car,car,car,0,0.0,38.2,29.12,27.18,1.15,26.18,24.91,25.12,True
001203,Car,car,car,0,0.86,202.8,7.26,5.11,3.9,5.2,4.66,4.82,False
001203,Car,car,car,0,0.0,104.2,13.55,11.2,3.25,10.59,9.68,9.9,False
001203,Car,car,car,0,0.0,20.7,52.49,50.45,1.45,44.52,43.02,43.61,False
001203,Cyclist,cyclist,person,0,0.0,72.3,18.86,17.93,1.94,17.88,16.96,17.36,False
001208,Pedestrian,pedestrian,person,0,0.0,165.9,8.8,8.3,3.69,6.61,6.46,6.51,False
001212,Truck,truck,truck,0,0.0,59.0,48.8,43.4,0.0,52.94,50.68,51.72,True
001212,Car,car,car,1,0.0,36.0,38.07,35.82,16.22,36.67,34.37,35.2,False
001215,Car,car,car,0,0.0,120.6,11.13,10.04,1.78,8.87,8.43,8.51,False
001219,Car,car,car,0,0.0,36.5,35.13,33.06,3.39,34.2,32.76,33.28,False
001219,Car,car,car,0,0.0,18.7,58.95,56.93,3.72,63.11,59.6,62.1,False
001224,Car,car,car,3,0.6,153.3,10.08,7.84,4.63,7.14,5.79,6.15,False
001224,Car,car,car,1,0.0,72.2,19.35,17.37,2.05,16.18,15.6,15.79,False
001224,Car,car,car,2,0.0,38.8,31.72,29.58,6.59,23.09,20.75,20.99,False
001224,Car,car,car,1,0.0,27.7,49.02,47.03,18.23,38.63,36.56,37.36,False
001224,Car,car,car,0,0.52,168.3,5.57,3.73,0.61,3.84,3.37,3.57,True
001224,Car,car,car,1,0.0,63.4,27.61,25.45,10.84,21.91,20.79,21.11,False
001224,Car,car,car,1,0.0,149.9,9.77,7.42,0.0,7.65,7.17,7.31,True
001224,Car,car,car,1,0.0,93.7,14.11,12.03,0.0,11.9,11.24,11.42,True
001224,Car,car,car,2,0.0,94.7,16.54,14.75,7.19,12.83,11.47,11.82,False
001225,Car,car,car,1,0.0,36.6,31.54,29.69,1.48,31.68,28.44,31.01,False
001225,Car,car,car,2,0.0,50.9,26.28,24.79,7.08,23.27,21.56,22.19,False
001225,Pedestrian,pedestrian,person,0,0.0,123.8,11.34,10.82,4.41,9.66,9.5,9.54,False
001225,Car,car,car,0,0.0,32.9,35.05,33.1,0.59,34.15,33.66,33.86,True
001225,Car,car,car,0,0.0,140.2,10.82,8.62,3.08,7.83,7.21,7.33,False
001225,Truck,truck,truck,1,0.0,60.9,52.36,49.46,24.17,34.05,32.88,33.5,False
001237,Car,car,car,0,0.29,168.4,11.01,9.32,4.41,7.31,7.17,7.23,False
001237,Car,car,car,0,0.0,82.4,16.71,14.79,1.7,13.63,13.36,13.44,False
001237,Car,car,car,0,0.47,176.2,6.23,4.27,1.85,4.06,3.66,3.77,False
001237,Car,car,car,2,0.0,39.6,31.65,29.89,1.69,29.39,26.4,27.5,False
001237,Car,car,car,2,0.0,26.6,41.09,40.12,4.5,33.47,26.61,29.98,False
001237,Car,car,car,2,0.0,83.1,15.33,13.94,4.35,11.64,11.31,11.43,False
001237,Car,car,car,2,0.0,48.7,22.73,20.71,1.7,18.75,17.21,17.82,False
001238,Car,car,car,0,0.85,171.7,8.18,5.86,4.46,5.78,5.18,5.4,False
001238,Car,car,car,1,0.36,55.2,27.18,24.93,15.18,17.95,17.1,17.31,False
001238,Pedestrian,pedestrian,person,1,0.0,155.4,10.11,9.6,4.31,7.74,7.38,7.62,False
001238,Pedestrian,pedestrian,person,0,0.0,121.3,11.62,11.14,3.41,9.2,9.09,9.14,False
001238,Pedestrian,pedestrian,person,1,0.0,121.6,12.13,11.61,3.2,9.63,9.32,9.43,False
001239,Car,car,car,0,0.0,86.5,14.1,12.92,0.0,12.49,12.22,12.29,True
001240,Van,van,truck,1,0.38,222.2,12.73,9.88,6.2,8.57,7.44,7.83,False
001240,Car,car,car,0,0.0,71.4,17.76,15.57,0.34,14.78,14.39,14.5,True
001240,Car,car,car,0,0.0,174.2,8.39,6.55,2.33,5.93,5.5,5.59,False
001240,Car,car,car,0,0.0,31.8,34.65,32.93,5.53,34.49,33.88,34.06,False
001240,Car,car,car,0,0.0,38.1,29.27,28.15,0.0,28.58,27.82,28.04,True
001256,Pedestrian,pedestrian,person,0,0.0,143.0,9.75,9.34,3.32,8.19,8.1,8.14,False
001259,Van,van,car,0,0.0,22.6,62.8,60.53,0.0,58.56,57.9,58.11,True
001259,Car,car,car,0,0.0,64.5,19.25,17.01,2.49,16.39,15.48,15.67,False
001260,Car,car,car,0,0.0,163.7,9.51,7.8,2.57,6.87,6.51,6.64,False
001260,Car,car,car,1,0.54,136.4,12.98,11.0,6.6,8.23,7.69,7.86,False
001265,Car,car,car,2,0.0,22.8,49.03,48.13,2.45,47.18,43.58,44.87,False
001265,Car,car,car,0,0.0,41.8,27.03,25.89,2.42,25.39,25.0,25.17,False
001271,Car,car,car,0,0.0,122.8,11.65,9.41,2.86,9.66,8.91,9.06,False
001271,Car,car,car,1,0.0,20.0,55.1,52.87,2.2,68.65,67.06,67.82,False
001275,Car,car,car,1,0.0,33.7,33.09,31.15,7.75,32.23,31.36,31.72,False
001275,Car,car,car,1,0.0,33.1,35.98,33.76,11.04,32.8,31.55,31.83,False
001275,Car,car,car,0,0.0,27.5,45.48,43.66,0.0,44.55,43.86,44.19,True
001275,Car,car,car,1,0.0,19.1,56.71,54.65,7.92,55.41,53.87,54.27,False
001277,Car,car,car,0,0.0,74.5,18.15,16.19,1.5,16.41,15.76,15.93,False
001277,Car,car,car,1,0.0,29.5,49.22,47.06,0.99,51.61,49.64,50.45,True
001277,Car,car,car,0,0.88,163.4,4.64,2.7,1.65,3.53,3.02,3.17,False
001277,Car,car,car,1,0.0,83.5,16.28,14.52,2.11,14.74,13.89,14.13,False
001277,Car,car,car,2,0.0,43.8,28.29,26.55,1.92,26.32,22.28,24.1,False
001277,Car,car,car,1,0.0,138.9,10.18,8.47,1.79,8.88,8.42,8.53,False
001277,Car,car,car,2,0.0,35.6,33.16,31.2,1.69,34.94,32.52,33.5,False
001277,Car,car,car,2,0.0,58.7,21.6,19.75,1.77,20.06,19.24,19.55,False
001279,Pedestrian,pedestrian,person,0,0.0,157.8,10.1,9.62,3.3,8.49,8.31,8.38,False
001281,Truck,truck,bus,0,0.0,33.4,68.47,62.3,0.0,76.62,72.34,73.44,True
001281,Car,car,car,0,0.0,15.0,82.57,80.38,12.19,66.02,64.93,65.45,False
001281,Car,car,car,0,0.0,34.2,41.63,39.57,15.84,32.89,31.48,31.94,False
001286,Car,car,car,0,0.0,15.7,70.46,68.58,2.38,60.27,59.0,59.39,False
001286,Car,car,car,1,0.0,20.1,57.74,56.33,11.86,49.3,28.17,28.93,False
001291,Car,car,car,0,0.0,29.8,35.78,34.02,3.74,33.88,33.43,33.6,False
001291,Car,car,car,0,0.0,33.2,36.88,34.87,0.02,32.52,31.72,32.01,True
001296,Van,van,truck,1,0.0,82.6,21.31,18.79,8.82,15.93,14.73,14.95,False
001296,Car,car,car,1,0.0,25.6,46.17,43.91,9.83,42.98,40.23,40.83,False
001296,Car,car,car,0,0.0,26.7,46.81,44.99,0.15,50.05,48.54,48.91,True
001296,Car,car,car,0,0.0,35.2,35.86,33.56,2.62,33.31,32.56,32.8,False
001311,Car,car,car,0,0.0,70.3,17.7,15.7,1.73,14.89,14.46,14.61,False
001311,Car,car,car,0,0.89,195.8,4.7,2.68,1.88,2.76,2.2,2.39,False
001311,Car,car,car,0,0.0,144.5,9.87,7.92,2.15,7.66,7.03,7.14,False
001311,Car,car,car,1,0.0,191.4,8.23,6.74,1.89,6.38,5.63,5.89,False
001311,Car,car,car,2,0.0,55.3,22.79,20.84,1.78,22.65,20.52,21.47,False
001311,Car,car,car,2,0.0,35.2,32.92,30.84,1.59,31.58,29.75,30.49,False
001311,Car,car,car,0,0.0,23.6,49.52,47.69,0.0,65.73,55.9,58.61,True
001311,Car,car,car,1,0.0,32.5,41.48,39.87,15.82,36.45,26.5,30.43,False
001316,Car,car,car,0,0.0,65.2,19.61,18.01,0.0,16.7,16.3,16.47,True
001326,Car,car,car,1,0.0,34.3,32.37,30.62,2.9,31.57,31.2,31.29,False
001326,Car,car,car,0,0.0,56.9,22.21,20.6,0.0,20.14,19.81,19.93,True
001326,Car,car,car,0,0.0,39.9,39.67,37.68,18.54,30.31,29.07,29.65,False
001326,Car,car,car,1,0.0,27.0,44.76,42.54,18.66,35.19,33.47,34.1,False
001329,Car,car,car,0,0.0,26.4,47.43,45.61,0.13,45.87,44.3,44.65,True
001334,Pedestrian,pedestrian,person,1,0.0,94.3,15.56,15.07,7.43,13.16,12.24,12.9,False
001334,Pedestrian,pedestrian,person,0,0.0,95.8,15.75,15.26,8.28,13.75,13.53,13.6,False
001334,Cyclist,cyclist,person,3,0.0,43.6,28.85,28.05,6.94,31.36,30.48,30.72,False
001335,Car,car,car,0,0.0,34.0,31.98,29.8,2.69,30.1,28.88,29.18,False
001335,Car,car,car,0,0.0,31.1,39.24,37.9,6.02,36.76,35.42,35.92,False
001339,Car,car,car,0,0.8,170.8,6.47,4.44,2.65,4.25,3.67,3.86,False
001339,Car,car,car,0,0.0,42.3,29.09,26.85,8.76,22.81,22.17,22.34,False
001341,Car,car,car,0,0.0,52.9,23.73,22.09,0.0,21.19,20.86,20.99,True
001342,Car,car,car,1,0.0,30.4,47.01,45.87,23.81,37.57,35.84,36.4,False
001357,Pedestrian,pedestrian,person,0,0.0,133.2,10.12,9.51,0.0,9.63,9.39,9.47,True
001357,Pedestrian,pedestrian,person,0,0.0,132.4,10.96,10.33,1.51,10.34,9.82,9.98,False
001357,Pedestrian,pedestrian,person,0,0.0,115.9,11.14,10.58,0.97,10.28,9.99,10.09,True
001364,Car,car,car,0,0.0,30.4,38.76,36.81,12.87,41.85,36.94,37.38,False
001378,Truck,truck,bus,1,0.0,75.3,32.94,31.03,3.56,29.66,28.79,29.14,False
001378,Car,car,car,0,0.0,19.7,57.61,55.63,5.2,56.97,54.62,55.34,False
001378,Car,car,car,0,0.0,19.3,56.73,54.61,1.76,60.25,58.48,58.99,False
001378,Van,van,truck,1,0.0,74.7,20.6,18.66,4.14,19.47,17.13,18.93,False
001378,Pedestrian,pedestrian,person,0,0.0,98.1,14.06,13.62,4.9,11.8,11.66,11.72,False
001378,Car,car,car,1,0.0,26.4,47.22,45.35,18.17,43.4,41.77,42.52,False
001378,Car,car,car,2,0.0,16.6,63.57,61.57,4.18,59.78,57.61,58.63,False
001387,Car,car,car,2,0.0,19.5,72.55,70.23,12.83,63.74,61.83,62.37,False
001387,Truck,truck,train,0,0.0,40.6,57.36,51.14,0.0,55.01,53.64,54.17,True
001387,Car,car,car,0,0.0,31.8,39.57,37.07,12.96,33.04,30.71,31.41,False
001396,Car,car,car,0,0.0,46.0,23.41,21.72,0.0,22.4,22.07,22.2,True
001396,Car,car,car,0,0.0,23.6,52.48,50.39,11.15,47.01,44.87,45.47,False
001396,Van,van,car,3,0.0,32.1,50.37,48.16,1.71,52.43,45.72,49.06,False
001396,Car,car,car,2,0.0,35.7,32.82,31.01,0.0,43.04,32.73,33.23,True
001403,Car,car,car,0,0.0,36.7,29.21,27.48,1.77,31.17,30.07,30.34,False
001403,Car,car,car,0,0.0,81.0,15.88,13.8,2.53,14.06,13.41,13.58,False
001403,Car,car,car,2,0.0,26.1,42.78,40.67,5.84,47.14,44.67,45.52,False
001403,Truck,truck,truck,1,0.0,177.7,19.81,15.65,5.76,15.43,14.92,15.08,False
001413,Car,car,car,0,0.0,44.1,28.49,26.5,3.49,24.95,24.4,24.63,False
001413,Car,car,car,0,0.0,25.3,47.04,45.12,3.72,45.83,43.65,44.23,False
001413,Car,car,car,0,0.0,65.9,20.89,18.88,5.35,16.68,15.74,15.97,False
001413,Car,car,car,1,0.0,62.4,25.19,23.03,4.67,20.79,19.4,20.09,False
001420,Car,car,car,0,0.0,18.9,58.18,56.07,8.22,56.51,55.07,55.59,False
001420,Car,car,car,0,0.0,18.1,60.62,58.34,3.04,62.81,59.41,60.88,False
001431,Pedestrian,pedestrian,person,0,0.0,174.7,9.52,8.87,4.88,6.99,6.7,6.8,False
001432,Car,car,car,0,0.0,40.0,28.74,26.5,1.72,30.47,29.6,29.76,False
001448,Car,car,car,1,0.0,33.6,40.39,38.1,11.43,38.91,35.95,37.2,False
001448,Car,car,car,0,0.0,24.4,46.54,44.28,2.15,47.28,46.59,46.87,False
001448,Car,car,car,1,0.0,18.7,59.23,57.32,0.9,58.48,55.82,57.23,True
001448,Car,car,car,0,0.0,22.9,49.33,47.39,0.0,51.38,50.1,50.43,True
001449,Pedestrian,pedestrian,person,0,0.0,141.3,9.74,9.35,3.21,8.73,8.55,8.59,False
001457,Van,van,truck,0,0.0,179.0,16.9,13.32,6.18,12.27,10.17,10.87,False
001457,Car,car,car,1,0.0,18.4,64.67,62.43,8.32,60.2,57.88,58.39,False
001457,Van,van,truck,0,0.0,146.8,12.4,9.91,2.27,9.52,8.87,9.09,False
001457,Car,car,car,0,0.91,223.1,6.8,4.97,3.0,3.8,3.66,3.71,False
001457,Car,car,car,0,0.0,72.8,17.46,15.62,0.0,14.92,14.43,14.6,True
001457,Car,car,car,1,0.0,23.6,48.28,45.83,9.29,43.17,41.76,42.22,False
001457,Car,car,car,1,0.0,25.6,54.53,52.45,9.32,50.87,43.24,46.5,False
001457,Car,car,car,1,0.0,37.9,33.96,32.06,18.24,17.54,15.82,16.35,False
001457,Car,car,car,2,0.0,32.3,36.78,34.75,2.89,34.09,32.81,33.13,False
001457,Car,car,car,2,0.0,63.7,19.4,17.2,2.34,16.98,16.57,16.72,False
001460,Car,car,car,0,0.0,107.5,13.3,11.05,4.77,10.41,9.14,9.38,False
001460,Car,car,car,0,0.0,27.7,41.28,39.19,4.61,37.01,35.8,36.23,False
001460,Car,car,car,0,0.0,75.9,16.04,14.06,1.51,13.77,13.6,13.66,False
001460,Car,car,car,0,0.0,62.5,20.8,18.69,4.54,17.25,16.26,16.46,False
001460,Car,car,car,2,0.0,48.0,25.83,23.73,4.48,22.64,20.72,21.64,False
001471,Car,car,car,0,0.0,35.4,35.79,34.25,0.0,33.61,33.27,33.36,True
