frame,label,type,group,box_height_px,true_m,da2-metric-base_median,da2-metric-base_p10,da2-metric-base_p25
02_Hanns_Klemm_Str_44_000000_000020,05,"crate (gray, 2x stacked)",standard objects,12.0,62.8,71.69,70.06,70.75
02_Hanns_Klemm_Str_44_000000_000060,05,"crate (gray, 2x stacked)",standard objects,14.0,53.3,67.62,64.75,65.81
02_Hanns_Klemm_Str_44_000000_000100,05,"crate (gray, 2x stacked)",standard objects,19.0,39.82,55.16,54.19,54.44
02_Hanns_Klemm_Str_44_000000_000140,05,"crate (gray, 2x stacked)",standard objects,34.0,22.13,37.16,36.22,36.69
02_Hanns_Klemm_Str_44_000000_000180,05,"crate (gray, 2x stacked)",standard objects,120.0,7.16,12.93,12.45,12.69
02_Hanns_Klemm_Str_44_000001_000040,05,"crate (gray, 2x stacked)",standard objects,13.0,59.22,67.94,65.29,66.81
02_Hanns_Klemm_Str_44_000001_000040,04,crate (gray),standard objects,8.0,57.15,70.5,67.19,68.12
02_Hanns_Klemm_Str_44_000001_000080,05,"crate (gray, 2x stacked)",standard objects,15.0,49.69,69.94,68.0,68.88
02_Hanns_Klemm_Str_44_000001_000080,04,crate (gray),standard objects,9.0,49.94,65.44,63.57,64.44
02_Hanns_Klemm_Str_44_000001_000120,05,"crate (gray, 2x stacked)",standard objects,19.0,37.86,58.97,57.12,57.88
02_Hanns_Klemm_Str_44_000001_000120,04,crate (gray),standard objects,11.0,38.76,58.41,57.25,57.75
02_Hanns_Klemm_Str_44_000001_000160,05,"crate (gray, 2x stacked)",standard objects,33.0,23.13,41.41,39.97,40.56
02_Hanns_Klemm_Str_44_000001_000160,04,crate (gray),standard objects,19.0,23.54,38.66,37.66,38.16
02_Hanns_Klemm_Str_44_000001_000200,05,"crate (gray, 2x stacked)",standard objects,105.0,7.93,15.67,15.34,15.53
02_Hanns_Klemm_Str_44_000001_000200,04,crate (gray),standard objects,70.0,7.99,14.72,14.55,14.6
02_Hanns_Klemm_Str_44_000002_000040,02,"crate (black, 2x stacked)",standard objects,23.0,58.42,74.78,73.94,74.19
02_Hanns_Klemm_Str_44_000002_000040,01,crate (black),standard objects,10.0,57.87,76.34,75.88,76.08
02_Hanns_Klemm_Str_44_000002_000080,02,"crate (black, 2x stacked)",standard objects,28.0,49.14,66.75,65.28,66.25
02_Hanns_Klemm_Str_44_000002_000080,01,crate (black),standard objects,14.0,48.2,67.62,64.69,66.19
02_Hanns_Klemm_Str_44_000002_000120,01,crate (black),standard objects,19.0,33.73,49.5,48.42,48.91
02_Hanns_Klemm_Str_44_000002_000120,02,"crate (black, 2x stacked)",standard objects,40.0,33.43,52.5,51.62,52.09
02_Hanns_Klemm_Str_44_000002_000160,02,"crate (black, 2x stacked)",standard objects,87.0,15.94,29.69,29.02,29.32
02_Hanns_Klemm_Str_44_000002_000160,01,crate (black),standard objects,42.0,16.07,28.39,27.94,28.09
02_Hanns_Klemm_Str_44_000003_000020,20,tire,random hazards,9.0,62.98,68.38,62.93,64.12
02_Hanns_Klemm_Str_44_000003_000020,34,styrofoam,random hazards,6.0,63.42,76.56,72.43,74.45
02_Hanns_Klemm_Str_44_000003_000060,20,tire,random hazards,10.0,54.2,58.11,57.11,57.62
02_Hanns_Klemm_Str_44_000003_000060,34,styrofoam,random hazards,8.0,52.78,78.31,77.41,78.06
02_Hanns_Klemm_Str_44_000003_000100,20,tire,random hazards,15.0,39.29,57.06,54.45,55.57
02_Hanns_Klemm_Str_44_000003_000100,34,styrofoam,random hazards,11.0,39.63,58.19,56.53,57.27
02_Hanns_Klemm_Str_44_000003_000140,20,tire,random hazards,27.0,22.01,36.16,35.12,35.59
02_Hanns_Klemm_Str_44_000003_000140,34,styrofoam,random hazards,19.0,22.25,37.38,36.34,36.72
02_Hanns_Klemm_Str_44_000005_000020,08,cardboard box,random hazards,10.0,60.42,68.22,63.45,64.19
02_Hanns_Klemm_Str_44_000005_000020,13,exhaust pipe,random hazards,10.0,60.3,78.12,77.88,78.06
02_Hanns_Klemm_Str_44_000005_000060,08,cardboard box,random hazards,10.0,53.48,66.16,62.24,63.38
02_Hanns_Klemm_Str_44_000005_000060,13,exhaust pipe,random hazards,9.0,52.82,77.81,77.12,77.5
02_Hanns_Klemm_Str_44_000005_000100,13,exhaust pipe,random hazards,14.0,40.54,59.81,57.97,58.43
02_Hanns_Klemm_Str_44_000005_000100,08,cardboard box,random hazards,14.0,40.37,58.94,57.92,58.25
02_Hanns_Klemm_Str_44_000005_000140,08,cardboard box,random hazards,25.0,24.19,39.56,37.81,38.34
02_Hanns_Klemm_Str_44_000005_000140,13,exhaust pipe,random hazards,26.0,24.75,39.23,37.97,38.47
02_Hanns_Klemm_Str_44_000005_000180,08,cardboard box,random hazards,63.0,9.69,18.12,17.69,17.88
02_Hanns_Klemm_Str_44_000005_000180,13,exhaust pipe,random hazards,65.0,10.26,18.92,18.34,18.63
02_Hanns_Klemm_Str_44_000006_000030,13,exhaust pipe,random hazards,11.0,47.44,42.62,41.41,41.8
02_Hanns_Klemm_Str_44_000006_000030,08,cardboard box,random hazards,10.0,51.8,44.06,42.43,42.92
02_Hanns_Klemm_Str_44_000006_000070,13,exhaust pipe,random hazards,15.0,46.95,38.22,37.28,37.64
02_Hanns_Klemm_Str_44_000006_000070,08,cardboard box,random hazards,12.0,45.26,40.34,38.7,39.31
02_Hanns_Klemm_Str_44_000006_000110,13,exhaust pipe,random hazards,18.0,34.67,30.63,29.82,30.09
02_Hanns_Klemm_Str_44_000006_000110,08,cardboard box,random hazards,15.0,34.35,30.66,29.75,30.25
02_Hanns_Klemm_Str_44_000006_000150,13,exhaust pipe,random hazards,33.0,21.58,25.03,24.42,24.55
02_Hanns_Klemm_Str_44_000006_000150,08,cardboard box,random hazards,27.0,21.27,24.81,23.94,24.18
02_Hanns_Klemm_Str_44_000006_000190,13,exhaust pipe,random hazards,113.0,7.59,9.64,9.27,9.35
02_Hanns_Klemm_Str_44_000006_000190,08,cardboard box,random hazards,82.0,7.34,9.42,9.34,9.39
02_Hanns_Klemm_Str_44_000007_000040,20,tire,random hazards,10.0,56.75,50.97,49.17,49.78
02_Hanns_Klemm_Str_44_000007_000080,20,tire,random hazards,11.0,53.13,47.75,46.84,47.12
02_Hanns_Klemm_Str_44_000007_000120,20,tire,random hazards,14.0,43.31,41.19,39.45,40.16
02_Hanns_Klemm_Str_44_000007_000160,20,tire,random hazards,18.0,32.51,29.14,28.22,28.53
02_Hanns_Klemm_Str_44_000007_000200,20,tire,random hazards,30.0,20.28,23.38,22.73,22.92
02_Hanns_Klemm_Str_44_000007_000240,20,tire,random hazards,95.0,7.22,9.25,9.04,9.11
02_Hanns_Klemm_Str_44_000008_000040,20,tire,random hazards,9.0,61.92,57.19,55.02,55.7
02_Hanns_Klemm_Str_44_000008_000080,20,tire,random hazards,11.0,55.38,49.03,47.17,47.9
02_Hanns_Klemm_Str_44_000008_000120,20,tire,random hazards,15.0,40.77,36.12,35.03,35.5
02_Hanns_Klemm_Str_44_000008_000160,20,tire,random hazards,21.0,26.35,30.39,29.81,30.03
02_Hanns_Klemm_Str_44_000008_000200,20,tire,random hazards,54.0,11.87,14.84,14.69,14.74
02_Hanns_Klemm_Str_44_000009_000030,02,"crate (black, 2x stacked)",standard objects,20.0,64.53,62.22,57.59,59.27
02_Hanns_Klemm_Str_44_000009_000030,01,crate (black),standard objects,10.0,66.25,58.83,56.47,57.18
02_Hanns_Klemm_Str_44_000009_000070,02,"crate (black, 2x stacked)",standard objects,22.0,63.01,57.16,53.78,54.84
02_Hanns_Klemm_Str_44_000009_000070,01,crate (black),standard objects,11.0,61.19,56.03,53.77,54.65
02_Hanns_Klemm_Str_44_000009_000110,02,"crate (black, 2x stacked)",standard objects,26.0,50.97,51.11,48.32,49.56
02_Hanns_Klemm_Str_44_000009_000110,01,crate (black),standard objects,14.0,51.87,49.25,47.39,48.0
02_Hanns_Klemm_Str_44_000009_000150,02,"crate (black, 2x stacked)",standard objects,36.0,37.31,33.25,31.02,31.7
02_Hanns_Klemm_Str_44_000009_000150,01,crate (black),standard objects,19.0,37.96,32.44,31.81,32.0
02_Hanns_Klemm_Str_44_000009_000190,02,"crate (black, 2x stacked)",standard objects,65.0,22.58,28.34,27.04,27.69
02_Hanns_Klemm_Str_44_000009_000190,01,crate (black),standard objects,31.0,22.63,29.05,28.38,28.66
02_Hanns_Klemm_Str_44_000009_000230,02,"crate (black, 2x stacked)",standard objects,227.0,6.35,8.22,8.06,8.14
02_Hanns_Klemm_Str_44_000009_000230,01,crate (black),standard objects,117.0,6.48,8.52,8.38,8.42
02_Hanns_Klemm_Str_44_000010_000040,05,"crate (gray, 2x stacked)",standard objects,11.0,62.62,58.53,55.44,56.73
02_Hanns_Klemm_Str_44_000010_000040,04,crate (gray),standard objects,7.0,62.89,56.28,54.69,55.19
02_Hanns_Klemm_Str_44_000010_000080,05,"crate (gray, 2x stacked)",standard objects,12.0,57.48,51.67,48.97,50.15
02_Hanns_Klemm_Str_44_000010_000080,04,crate (gray),standard objects,7.0,60.29,50.78,48.66,49.52
02_Hanns_Klemm_Str_44_000010_000120,05,"crate (gray, 2x stacked)",standard objects,16.0,42.63,40.62,38.66,39.51
02_Hanns_Klemm_Str_44_000010_000120,04,crate (gray),standard objects,11.0,43.28,39.16,38.12,38.59
02_Hanns_Klemm_Str_44_000010_000160,05,"crate (gray, 2x stacked)",standard objects,29.0,27.84,32.41,30.94,31.58
02_Hanns_Klemm_Str_44_000010_000160,04,crate (gray),standard objects,18.0,27.92,32.91,31.51,32.12
02_Hanns_Klemm_Str_44_000010_000200,04,crate (gray),standard objects,43.0,11.64,14.54,14.32,14.41
02_Hanns_Klemm_Str_44_000010_000200,05,"crate (gray, 2x stacked)",standard objects,66.0,11.48,14.48,14.3,14.38
02_Hanns_Klemm_Str_44_000011_000040,23,dog (black),emotional hazards,16.0,72.47,78.06,77.75,77.94
02_Hanns_Klemm_Str_44_000011_000080,23,dog (black),emotional hazards,16.0,70.68,72.06,71.0,71.69
02_Hanns_Klemm_Str_44_000011_000120,23,dog (black),emotional hazards,21.0,54.66,69.62,68.88,69.2
02_Hanns_Klemm_Str_44_000011_000160,23,dog (black),emotional hazards,29.0,36.3,53.03,52.16,52.53
02_Hanns_Klemm_Str_44_000011_000200,23,dog (black),emotional hazards,46.0,21.3,43.31,42.09,42.55
02_Hanns_Klemm_Str_44_000011_000240,23,dog (black),emotional hazards,118.0,8.99,14.45,13.92,14.19
02_Hanns_Klemm_Str_44_000012_000050,24,dog (white),emotional hazards,7.0,67.6,77.88,76.69,77.19
02_Hanns_Klemm_Str_44_000012_000090,24,dog (white),emotional hazards,8.0,59.36,76.25,74.19,74.8
02_Hanns_Klemm_Str_44_000012_000130,24,dog (white),emotional hazards,10.0,42.51,67.94,62.62,65.06
02_Hanns_Klemm_Str_44_000012_000170,24,dog (white),emotional hazards,23.0,26.63,44.83,42.46,43.34
02_Hanns_Klemm_Str_44_000013_000020,26,bobby car (gray),emotional hazards,13.0,67.11,75.81,75.5,75.69
02_Hanns_Klemm_Str_44_000013_000060,26,bobby car (gray),emotional hazards,15.0,62.56,72.81,70.81,71.81
02_Hanns_Klemm_Str_44_000013_000100,26,bobby car (gray),emotional hazards,17.0,54.49,66.84,63.28,64.75
02_Hanns_Klemm_Str_44_000013_000140,26,bobby car (gray),emotional hazards,21.0,41.95,62.42,56.64,60.56
02_Hanns_Klemm_Str_44_000013_000180,26,bobby car (gray),emotional hazards,33.0,26.95,46.41,44.66,45.48
02_Hanns_Klemm_Str_44_000013_000220,26,bobby car (gray),emotional hazards,81.0,12.05,23.19,22.95,23.05
02_Hanns_Klemm_Str_44_000014_000040,27,bobby car (red),emotional hazards,11.0,74.91,77.38,76.81,76.97
02_Hanns_Klemm_Str_44_000014_000080,27,bobby car (red),emotional hazards,12.0,69.54,73.72,72.07,72.64
02_Hanns_Klemm_Str_44_000014_000120,27,bobby car (red),emotional hazards,16.0,48.95,66.88,62.78,64.69
02_Hanns_Klemm_Str_44_000014_000160,27,bobby car (red),emotional hazards,25.0,33.43,50.22,47.59,48.84
02_Hanns_Klemm_Str_44_000014_000200,27,bobby car (red),emotional hazards,56.0,17.55,26.38,25.58,25.92
02_Hanns_Klemm_Str_44_000015_000060,27,bobby car (red),emotional hazards,8.0,50.0,48.5,46.11,47.62
02_Hanns_Klemm_Str_44_000015_000100,27,bobby car (red),emotional hazards,10.0,41.04,42.09,41.19,41.67
02_Hanns_Klemm_Str_44_000015_000140,27,bobby car (red),emotional hazards,26.0,32.17,29.5,29.09,29.22
02_Hanns_Klemm_Str_44_000015_000180,27,bobby car (red),emotional hazards,56.0,17.83,15.64,15.39,15.47
02_Hanns_Klemm_Str_44_000016_000020,26,bobby car (gray),emotional hazards,10.0,45.07,46.69,45.41,45.89
02_Hanns_Klemm_Str_44_000016_000060,26,bobby car (gray),emotional hazards,11.0,44.07,43.91,42.66,43.0
02_Hanns_Klemm_Str_44_000016_000100,26,bobby car (gray),emotional hazards,15.0,32.71,36.88,35.47,35.97
02_Hanns_Klemm_Str_44_000016_000140,26,bobby car (gray),emotional hazards,55.0,19.06,18.94,18.48,18.66
02_Hanns_Klemm_Str_44_000016_000180,26,bobby car (gray),emotional hazards,156.0,6.4,7.39,7.25,7.31
02_Hanns_Klemm_Str_44_000017_000050,23,dog (black),emotional hazards,13.0,48.93,46.69,45.47,45.97
02_Hanns_Klemm_Str_44_000017_000090,23,dog (black),emotional hazards,19.0,37.58,38.0,36.44,37.03
02_Hanns_Klemm_Str_44_000017_000130,23,dog (black),emotional hazards,45.0,22.98,21.88,21.17,21.56
02_Hanns_Klemm_Str_44_000017_000170,23,dog (black),emotional hazards,132.0,7.92,11.11,10.77,10.91
02_Hanns_Klemm_Str_44_000018_000110,24,dog (white),emotional hazards,11.0,42.68,38.42,37.2,37.72
02_Hanns_Klemm_Str_44_000018_000150,24,dog (white),emotional hazards,30.0,27.73,26.16,25.11,25.65
02_Hanns_Klemm_Str_44_000018_000190,24,dog (white),emotional hazards,58.0,13.84,16.66,16.22,16.45
04_Maurener_Weg_8_000000_000030,04,crate (gray),standard objects,9.0,62.86,69.12,64.72,67.0
04_Maurener_Weg_8_000000_000030,05,"crate (gray, 2x stacked)",standard objects,12.0,72.3,66.0,62.51,63.75
04_Maurener_Weg_8_000000_000030,06,"crate (gray, upright)",standard objects,21.0,71.32,66.66,63.75,64.44
04_Maurener_Weg_8_000000_000070,04,crate (gray),standard objects,11.0,51.21,55.62,52.62,53.99
04_Maurener_Weg_8_000000_000070,05,"crate (gray, 2x stacked)",standard objects,14.0,60.84,62.0,57.11,58.91
04_Maurener_Weg_8_000000_000070,06,"crate (gray, upright)",standard objects,25.0,59.39,59.72,53.66,55.2
04_Maurener_Weg_8_000000_000110,04,crate (gray),standard objects,18.0,32.78,39.12,37.57,38.38
04_Maurener_Weg_8_000000_000110,05,"crate (gray, 2x stacked)",standard objects,20.0,42.43,43.94,41.94,43.03
04_Maurener_Weg_8_000000_000110,06,"crate (gray, upright)",standard objects,34.0,42.64,42.12,38.69,39.94
04_Maurener_Weg_8_000000_000150,04,crate (gray),standard objects,35.0,16.61,22.98,22.16,22.56
04_Maurener_Weg_8_000000_000150,05,"crate (gray, 2x stacked)",standard objects,34.0,25.85,32.06,30.95,31.42
04_Maurener_Weg_8_000000_000150,06,"crate (gray, upright)",standard objects,60.0,24.26,29.19,26.84,27.69
04_Maurener_Weg_8_000000_000190,05,"crate (gray, 2x stacked)",standard objects,70.0,12.06,15.59,15.3,15.38
04_Maurener_Weg_8_000000_000190,06,"crate (gray, upright)",standard objects,150.0,9.65,12.3,11.94,12.08
04_Maurener_Weg_8_000001_000050,03,"crate (black, upright)",standard objects,11.0,66.25,65.5,61.04,62.72
04_Maurener_Weg_8_000001_000050,03,"crate (black, upright)",standard objects,9.0,77.84,67.94,64.86,66.0
04_Maurener_Weg_8_000001_000050,02,"crate (black, 2x stacked)",standard objects,16.0,71.11,57.62,54.8,55.53
04_Maurener_Weg_8_000001_000090,03,"crate (black, upright)",standard objects,17.0,52.86,54.38,49.29,51.48
04_Maurener_Weg_8_000001_000090,03,"crate (black, upright)",standard objects,12.0,62.43,57.62,55.47,56.38
04_Maurener_Weg_8_000001_000090,02,"crate (black, 2x stacked)",standard objects,19.0,58.16,47.91,45.22,45.97
04_Maurener_Weg_8_000001_000130,03,"crate (black, upright)",standard objects,23.0,36.42,42.39,39.28,40.56
04_Maurener_Weg_8_000001_000130,03,"crate (black, upright)",standard objects,15.0,48.13,47.38,46.57,46.81
04_Maurener_Weg_8_000001_000130,02,"crate (black, 2x stacked)",standard objects,26.0,42.43,40.42,38.28,38.84
04_Maurener_Weg_8_000001_000170,03,"crate (black, upright)",standard objects,37.0,18.45,24.14,22.88,23.52
04_Maurener_Weg_8_000001_000170,03,"crate (black, upright)",standard objects,25.0,30.81,35.78,34.19,34.66
04_Maurener_Weg_8_000001_000170,02,"crate (black, 2x stacked)",standard objects,43.0,24.93,27.48,26.62,26.89
04_Maurener_Weg_8_000001_000210,03,"crate (black, upright)",standard objects,48.0,14.97,19.06,18.52,18.69
04_Maurener_Weg_8_000001_000210,02,"crate (black, 2x stacked)",standard objects,122.0,9.33,11.67,11.41,11.5
04_Maurener_Weg_8_000002_000040,04,crate (gray),standard objects,10.0,36.57,40.05,38.41,39.06
04_Maurener_Weg_8_000002_000040,05,"crate (gray, 2x stacked)",standard objects,19.0,39.21,39.31,36.78,38.03
04_Maurener_Weg_8_000002_000040,06,"crate (gray, upright)",standard objects,33.0,51.7,51.44,44.28,46.03
04_Maurener_Weg_8_000002_000080,04,crate (gray),standard objects,15.0,25.97,31.2,29.98,30.53
04_Maurener_Weg_8_000002_000080,05,"crate (gray, 2x stacked)",standard objects,26.0,28.26,30.78,28.83,29.67
04_Maurener_Weg_8_000002_000080,06,"crate (gray, upright)",standard objects,43.0,36.7,37.28,34.94,35.72
04_Maurener_Weg_8_000002_000120,04,crate (gray),standard objects,39.0,11.76,15.77,15.4,15.58
04_Maurener_Weg_8_000002_000120,05,"crate (gray, 2x stacked)",standard objects,58.0,14.18,18.5,17.53,17.84
04_Maurener_Weg_8_000002_000120,06,"crate (gray, upright)",standard objects,70.0,19.9,25.16,24.38,24.72
04_Maurener_Weg_8_000003_000010,03,"crate (black, upright)",standard objects,20.0,32.8,38.38,37.06,37.53
04_Maurener_Weg_8_000003_000010,02,"crate (black, 2x stacked)",standard objects,30.0,38.22,38.09,37.38,37.75
04_Maurener_Weg_8_000003_000010,01,crate (black),standard objects,16.0,46.87,45.78,45.28,45.48
04_Maurener_Weg_8_000003_000050,03,"crate (black, upright)",standard objects,24.0,28.21,34.78,33.5,34.03
04_Maurener_Weg_8_000003_000050,02,"crate (black, 2x stacked)",standard objects,32.0,33.86,34.09,33.22,33.66
04_Maurener_Weg_8_000003_000050,01,crate (black),standard objects,18.0,41.91,41.34,40.47,41.0
04_Maurener_Weg_8_000003_000090,03,"crate (black, upright)",standard objects,42.0,16.64,20.48,19.86,20.09
04_Maurener_Weg_8_000003_000090,02,"crate (black, 2x stacked)",standard objects,49.0,21.29,24.03,23.52,23.75
04_Maurener_Weg_8_000003_000090,01,crate (black),standard objects,27.0,29.14,31.47,30.99,31.2
04_Maurener_Weg_8_000003_000130,02,"crate (black, 2x stacked)",standard objects,122.0,8.62,10.93,10.73,10.82
04_Maurener_Weg_8_000003_000130,01,crate (black),standard objects,50.0,16.18,20.45,20.19,20.3
04_Maurener_Weg_8_000004_000040,15,euro pallet,random hazards,12.0,53.19,51.53,48.12,49.41
04_Maurener_Weg_8_000004_000080,15,euro pallet,random hazards,13.0,50.15,49.34,45.97,47.55
04_Maurener_Weg_8_000004_000120,15,euro pallet,random hazards,12.0,39.86,40.56,38.84,39.56
04_Maurener_Weg_8_000004_000160,15,euro pallet,random hazards,23.0,25.4,29.56,28.27,28.7
04_Maurener_Weg_8_000004_000160,21,ball,emotional hazards,40.0,14.07,19.08,18.75,18.92
04_Maurener_Weg_8_000004_000200,15,euro pallet,random hazards,60.0,11.23,14.66,14.09,14.27
04_Maurener_Weg_8_000005_000030,16,pylon,random hazards,16.0,48.24,48.47,45.81,46.69
04_Maurener_Weg_8_000005_000030,18,pylon (white),random hazards,19.0,47.6,52.41,47.83,49.66
04_Maurener_Weg_8_000005_000070,16,pylon,random hazards,15.0,44.71,44.12,42.7,43.19
04_Maurener_Weg_8_000005_000070,18,pylon (white),random hazards,20.0,42.29,48.19,44.41,45.94
04_Maurener_Weg_8_000005_000110,18,pylon (white),random hazards,24.0,34.89,42.09,39.38,40.38
04_Maurener_Weg_8_000005_000110,16,pylon,random hazards,20.0,37.73,39.16,37.53,38.03
04_Maurener_Weg_8_000005_000150,18,pylon (white),random hazards,38.0,21.77,27.92,25.94,26.52
04_Maurener_Weg_8_000005_000150,16,pylon,random hazards,30.0,24.51,28.17,26.86,27.25
04_Maurener_Weg_8_000005_000190,18,pylon (white),random hazards,87.0,9.25,12.82,12.24,12.5
04_Maurener_Weg_8_000005_000190,16,pylon,random hazards,61.0,11.81,15.16,14.7,15.0
04_Maurener_Weg_8_000006_000040,18,pylon (white),random hazards,12.0,44.14,48.08,45.35,46.34
04_Maurener_Weg_8_000006_000080,18,pylon (white),random hazards,18.0,34.22,37.5,35.56,36.22
04_Maurener_Weg_8_000006_000120,18,pylon (white),random hazards,30.0,18.18,22.44,22.0,22.2
04_Maurener_Weg_8_000007_000020,25,kid dummy,emotional hazards,10.0,61.81,60.5,58.88,59.48
04_Maurener_Weg_8_000007_000020,21,ball,emotional hazards,10.0,65.08,63.62,60.11,60.55
04_Maurener_Weg_8_000007_000060,25,kid dummy,emotional hazards,8.0,51.23,48.91,47.21,48.22
04_Maurener_Weg_8_000007_000060,21,ball,emotional hazards,10.0,51.04,49.62,48.82,48.97
04_Maurener_Weg_8_000007_000100,25,kid dummy,emotional hazards,11.0,32.66,37.12,36.06,36.66
04_Maurener_Weg_8_000007_000100,21,ball,emotional hazards,15.0,32.42,38.0,37.03,37.34
04_Maurener_Weg_8_000007_000140,25,kid dummy,emotional hazards,24.0,13.94,19.89,19.19,19.41
04_Maurener_Weg_8_000007_000140,21,ball,emotional hazards,36.0,13.87,20.22,19.7,19.91
04_Maurener_Weg_8_000008_000020,31,plastic bag (bloated),random hazards,8.0,59.36,61.66,60.09,60.77
04_Maurener_Weg_8_000008_000020,11,crate (green),random hazards,12.0,66.7,72.0,70.19,71.08
04_Maurener_Weg_8_000008_000020,31,plastic bag (bloated),random hazards,8.0,56.65,49.95,47.83,48.38
04_Maurener_Weg_8_000008_000060,11,crate (green),random hazards,15.0,60.19,63.44,60.03,61.28
04_Maurener_Weg_8_000008_000060,31,plastic bag (bloated),random hazards,11.0,49.08,52.7,51.16,51.77
04_Maurener_Weg_8_000008_000060,31,plastic bag (bloated),random hazards,13.0,45.4,43.53,41.53,42.16
04_Maurener_Weg_8_000008_000100,31,plastic bag (bloated),random hazards,22.0,28.1,30.22,28.8,29.38
04_Maurener_Weg_8_000008_000100,11,crate (green),random hazards,19.0,42.25,47.91,46.22,46.91
04_Maurener_Weg_8_000008_000100,31,plastic bag (bloated),random hazards,14.0,33.31,37.22,36.03,36.52
04_Maurener_Weg_8_000008_000140,11,crate (green),random hazards,34.0,21.55,28.41,27.88,28.08
04_Maurener_Weg_8_000008_000140,31,plastic bag (bloated),random hazards,32.0,15.03,18.2,17.8,17.95
04_Maurener_Weg_8_000008_000140,31,plastic bag (bloated),random hazards,68.0,8.82,10.2,10.07,10.12
04_Maurener_Weg_8_000008_000180,11,crate (green),random hazards,98.0,7.8,12.12,11.75,11.9
04_Maurener_Weg_8_000009_000050,24,dog (white),emotional hazards,11.0,68.25,69.69,68.19,69.25
04_Maurener_Weg_8_000009_000090,24,dog (white),emotional hazards,14.0,58.85,60.72,57.92,59.44
04_Maurener_Weg_8_000009_000130,24,dog (white),emotional hazards,20.0,41.29,47.03,45.1,46.24
04_Maurener_Weg_8_000009_000170,24,dog (white),emotional hazards,31.0,23.04,32.62,31.22,31.97
04_Maurener_Weg_8_000009_000210,24,dog (white),emotional hazards,81.0,8.72,12.38,12.15,12.27
04_Maurener_Weg_8_000010_000040,23,dog (black),emotional hazards,22.0,50.66,58.59,55.86,58.09
04_Maurener_Weg_8_000010_000080,23,dog (black),emotional hazards,29.0,38.05,47.88,43.66,45.62
04_Maurener_Weg_8_000010_000120,23,dog (black),emotional hazards,52.0,20.63,27.64,27.16,27.34
04_Maurener_Weg_8_000011_000020,26,bobby car (gray),emotional hazards,18.0,62.34,61.41,60.66,60.97
04_Maurener_Weg_8_000011_000060,26,bobby car (gray),emotional hazards,18.0,60.67,57.75,56.82,57.2
04_Maurener_Weg_8_000011_000100,26,bobby car (gray),emotional hazards,23.0,47.01,47.41,46.56,46.92
04_Maurener_Weg_8_000011_000140,26,bobby car (gray),emotional hazards,33.0,30.78,39.41,38.66,39.03
04_Maurener_Weg_8_000011_000180,26,bobby car (gray),emotional hazards,64.0,15.12,22.06,21.64,21.8
04_Maurener_Weg_8_000012_000040,27,bobby car (red),emotional hazards,19.0,64.05,60.09,58.05,59.12
04_Maurener_Weg_8_000012_000080,27,bobby car (red),emotional hazards,22.0,54.27,52.91,51.31,52.04
04_Maurener_Weg_8_000012_000120,27,bobby car (red),emotional hazards,28.0,38.29,39.03,38.12,38.5
04_Maurener_Weg_8_000012_000160,27,bobby car (red),emotional hazards,54.0,19.74,25.95,25.28,25.58
04_Maurener_Weg_8_000013_000180,28,bobby car (yellow),emotional hazards,39.0,27.71,32.66,31.94,32.25
04_Maurener_Weg_8_000013_000220,28,bobby car (yellow),emotional hazards,84.0,12.64,16.41,16.2,16.27
05_Schafgasse_1_000000_000030,05,"crate (gray, 2x stacked)",standard objects,13.0,61.02,62.38,60.08,61.0
05_Schafgasse_1_000000_000070,05,"crate (gray, 2x stacked)",standard objects,13.0,51.7,51.12,49.41,50.25
05_Schafgasse_1_000000_000110,05,"crate (gray, 2x stacked)",standard objects,18.0,39.22,41.22,39.6,40.18
05_Schafgasse_1_000000_000150,05,"crate (gray, 2x stacked)",standard objects,31.0,24.92,30.25,29.09,29.66
05_Schafgasse_1_000000_000190,05,"crate (gray, 2x stacked)",standard objects,81.0,10.13,12.3,11.86,12.11
05_Schafgasse_1_000001_000090,03,"crate (black, upright)",standard objects,14.0,52.29,53.44,51.94,52.47
05_Schafgasse_1_000001_000130,03,"crate (black, upright)",standard objects,17.0,43.01,44.97,43.84,44.32
05_Schafgasse_1_000001_000170,03,"crate (black, upright)",standard objects,27.0,31.48,35.78,34.31,35.06
05_Schafgasse_1_000001_000210,03,"crate (black, upright)",standard objects,40.0,20.73,22.47,21.66,21.83
05_Schafgasse_1_000001_000250,03,"crate (black, upright)",standard objects,69.0,10.79,13.32,13.1,13.2
05_Schafgasse_1_000002_000130,08,cardboard box,random hazards,15.0,44.9,56.92,53.09,54.62
05_Schafgasse_1_000002_000130,18,pylon (white),random hazards,15.0,35.78,38.78,37.03,37.72
05_Schafgasse_1_000002_000170,08,cardboard box,random hazards,18.0,35.89,41.81,41.06,41.31
05_Schafgasse_1_000002_000170,18,pylon (white),random hazards,19.0,27.82,29.75,28.77,29.11
05_Schafgasse_1_000002_000210,08,cardboard box,random hazards,26.0,24.34,36.03,34.84,35.19
05_Schafgasse_1_000002_000210,18,pylon (white),random hazards,31.0,15.72,20.94,20.5,20.61
05_Schafgasse_1_000003_000030,20,tire,random hazards,16.0,42.15,47.41,46.08,46.78
05_Schafgasse_1_000003_000070,20,tire,random hazards,19.0,34.59,42.09,41.09,41.56
05_Schafgasse_1_000003_000110,20,tire,random hazards,27.0,23.44,30.66,30.2,30.34
05_Schafgasse_1_000003_000150,20,tire,random hazards,61.0,10.63,14.58,14.45,14.49
05_Schafgasse_1_000004_000030,11,crate (green),random hazards,13.0,45.13,48.97,48.0,48.44
05_Schafgasse_1_000004_000030,10,"crate (blue, small)",random hazards,11.0,41.74,43.09,42.59,42.81
05_Schafgasse_1_000004_000070,11,crate (green),random hazards,17.0,39.66,47.22,45.59,46.06
05_Schafgasse_1_000004_000070,10,"crate (blue, small)",random hazards,18.0,36.16,39.41,38.4,39.09
05_Schafgasse_1_000004_000110,11,crate (green),random hazards,23.0,30.01,40.09,39.31,39.56
05_Schafgasse_1_000004_000110,10,"crate (blue, small)",random hazards,18.0,25.48,32.41,31.69,31.92
05_Schafgasse_1_000004_000150,10,"crate (blue, small)",random hazards,43.0,11.52,14.9,14.7,14.76
05_Schafgasse_1_000004_000150,11,crate (green),random hazards,41.0,15.85,21.7,21.3,21.41
05_Schafgasse_1_000005_000040,29,cardboard box,random hazards,9.0,42.5,50.88,49.34,49.84
05_Schafgasse_1_000005_000080,29,cardboard box,random hazards,10.0,37.5,43.88,42.38,42.89
05_Schafgasse_1_000005_000120,29,cardboard box,random hazards,13.0,26.45,33.34,31.6,32.16
05_Schafgasse_1_000005_000120,21,ball,emotional hazards,27.0,21.28,30.72,29.62,30.02
05_Schafgasse_1_000007_000020,20,tire,random hazards,10.0,40.63,39.72,38.98,39.19
05_Schafgasse_1_000007_000060,20,tire,random hazards,10.0,33.22,35.97,35.44,35.59
05_Schafgasse_1_000007_000100,20,tire,random hazards,16.0,21.67,25.0,24.61,24.78
05_Schafgasse_1_000007_000140,20,tire,random hazards,39.0,9.29,12.06,11.88,11.95
05_Schafgasse_1_000008_000030,34,styrofoam,random hazards,7.0,47.08,43.19,42.22,42.5
05_Schafgasse_1_000008_000030,14,headlight,random hazards,18.0,36.73,34.59,34.19,34.34
05_Schafgasse_1_000008_000070,34,styrofoam,random hazards,10.0,36.55,39.97,38.81,39.25
05_Schafgasse_1_000008_000070,14,headlight,random hazards,22.0,26.37,26.85,25.97,26.22
05_Schafgasse_1_000008_000110,34,styrofoam,random hazards,16.0,23.57,28.22,27.03,27.58
05_Schafgasse_1_000008_000110,14,headlight,random hazards,47.0,13.23,16.08,15.94,15.98
05_Schafgasse_1_000009_000090,23,dog (black),emotional hazards,21.0,53.46,55.31,52.22,53.94
05_Schafgasse_1_000009_000130,23,dog (black),emotional hazards,25.0,44.83,45.97,43.21,44.64
05_Schafgasse_1_000009_000170,23,dog (black),emotional hazards,33.0,32.2,33.47,31.16,32.66
05_Schafgasse_1_000009_000210,23,dog (black),emotional hazards,59.0,18.28,22.31,21.11,21.81
05_Schafgasse_1_000010_000040,24,dog (white),emotional hazards,15.0,53.21,56.14,51.82,53.35
05_Schafgasse_1_000010_000080,24,dog (white),emotional hazards,16.0,48.51,44.88,43.81,44.38
05_Schafgasse_1_000010_000120,24,dog (white),emotional hazards,22.0,35.82,34.44,33.16,33.5
05_Schafgasse_1_000010_000160,24,dog (white),emotional hazards,38.0,19.55,20.95,20.25,20.45
05_Schafgasse_1_000011_000140,27,bobby car (red),emotional hazards,36.0,28.89,28.2,27.36,27.66
05_Schafgasse_1_000011_000180,27,bobby car (red),emotional hazards,105.0,9.75,11.83,11.6,11.7
05_Schafgasse_1_000012_000060,28,bobby car (yellow),emotional hazards,20.0,72.06,65.88,65.12,65.38
05_Schafgasse_1_000012_000100,28,bobby car (yellow),emotional hazards,21.0,57.89,47.97,47.25,47.47
05_Schafgasse_1_000012_000140,28,bobby car (yellow),emotional hazards,28.0,40.13,38.5,36.81,37.34
05_Schafgasse_1_000012_000180,28,bobby car (yellow),emotional hazards,47.0,22.57,23.47,22.97,23.14
05_Schafgasse_1_000012_000220,28,bobby car (yellow),emotional hazards,142.0,7.32,9.44,9.24,9.32
05_Schafgasse_1_000013_000060,26,bobby car (gray),emotional hazards,17.0,61.51,58.22,57.06,57.53
05_Schafgasse_1_000013_000100,26,bobby car (gray),emotional hazards,22.0,45.71,42.42,40.19,40.59
05_Schafgasse_1_000013_000140,26,bobby car (gray),emotional hazards,39.0,28.02,30.38,29.0,29.72
05_Schafgasse_1_000013_000180,26,bobby car (gray),emotional hazards,97.0,10.46,11.77,11.6,11.67
05_Schafgasse_1_000014_000060,24,dog (white),emotional hazards,26.0,41.49,48.59,45.55,47.25
05_Schafgasse_1_000014_000100,24,dog (white),emotional hazards,32.0,28.71,33.28,31.44,32.31
05_Schafgasse_1_000014_000140,24,dog (white),emotional hazards,62.0,14.09,18.66,18.12,18.42
05_Schafgasse_1_000015_000060,27,bobby car (red),emotional hazards,25.0,43.62,44.91,43.94,44.44
05_Schafgasse_1_000015_000100,27,bobby car (red),emotional hazards,36.0,29.06,33.88,33.34,33.53
05_Schafgasse_1_000015_000140,27,bobby car (red),emotional hazards,68.0,14.93,20.03,19.67,19.81
05_Schafgasse_1_000016_000030,27,bobby car (red),emotional hazards,20.0,52.31,40.19,39.25,39.59
05_Schafgasse_1_000016_000070,27,bobby car (red),emotional hazards,24.0,45.53,37.66,36.66,36.94
05_Schafgasse_1_000016_000110,27,bobby car (red),emotional hazards,34.0,31.6,31.58,30.7,30.92
05_Schafgasse_1_000016_000150,27,bobby car (red),emotional hazards,63.0,16.08,18.75,18.55,18.61
05_Schafgasse_1_000017_000040,26,bobby car (gray),emotional hazards,21.0,52.37,40.22,39.88,40.0
05_Schafgasse_1_000017_000080,26,bobby car (gray),emotional hazards,26.0,43.18,38.69,37.59,38.09
05_Schafgasse_1_000017_000120,26,bobby car (gray),emotional hazards,35.0,28.26,31.62,30.82,31.19
05_Schafgasse_1_000017_000160,26,bobby car (gray),emotional hazards,70.0,14.1,18.0,17.66,17.81
05_Schafgasse_1_000018_000040,24,dog (white),emotional hazards,23.0,52.2,39.25,38.12,38.62
05_Schafgasse_1_000018_000080,24,dog (white),emotional hazards,29.0,39.39,34.78,33.62,34.06
05_Schafgasse_1_000018_000120,24,dog (white),emotional hazards,50.0,21.02,24.81,24.06,24.39
05_Schafgasse_1_000019_000070,23,dog (black),emotional hazards,21.0,58.47,44.11,43.12,43.62
05_Schafgasse_1_000019_000110,23,dog (black),emotional hazards,28.0,48.86,40.25,38.94,39.53
05_Schafgasse_1_000019_000150,23,dog (black),emotional hazards,37.0,33.25,33.42,31.47,32.34
05_Schafgasse_1_000019_000190,23,dog (black),emotional hazards,68.0,15.91,18.81,18.09,18.59
07_Festplatz_Flugfeld_000000_000040,04,crate (gray),standard objects,8.0,77.52,59.41,56.72,57.69
07_Festplatz_Flugfeld_000000_000040,05,"crate (gray, 2x stacked)",standard objects,11.0,91.55,68.09,66.81,67.38
07_Festplatz_Flugfeld_000000_000040,06,"crate (gray, upright)",standard objects,15.0,106.56,65.0,64.06,64.44
07_Festplatz_Flugfeld_000000_000080,04,crate (gray),standard objects,8.0,64.92,48.84,48.56,48.69
07_Festplatz_Flugfeld_000000_000080,05,"crate (gray, 2x stacked)",standard objects,12.0,76.82,60.84,56.89,57.97
07_Festplatz_Flugfeld_000000_000080,06,"crate (gray, upright)",standard objects,17.0,94.08,60.38,55.92,57.59
07_Festplatz_Flugfeld_000000_000120,04,crate (gray),standard objects,9.0,48.99,44.88,44.38,44.66
07_Festplatz_Flugfeld_000000_000120,05,"crate (gray, 2x stacked)",standard objects,13.0,63.95,53.08,50.94,51.62
07_Festplatz_Flugfeld_000000_000120,06,"crate (gray, upright)",standard objects,21.0,68.72,56.72,53.62,54.25
07_Festplatz_Flugfeld_000000_000160,04,crate (gray),standard objects,14.0,33.12,33.06,31.75,32.28
07_Festplatz_Flugfeld_000000_000160,05,"crate (gray, 2x stacked)",standard objects,19.0,47.21,45.66,43.4,43.97
07_Festplatz_Flugfeld_000000_000160,06,"crate (gray, upright)",standard objects,30.0,52.01,47.09,45.5,46.41
07_Festplatz_Flugfeld_000000_000200,04,crate (gray),standard objects,24.0,18.02,20.27,19.5,19.72
07_Festplatz_Flugfeld_000000_000200,05,"crate (gray, 2x stacked)",standard objects,26.0,31.42,33.75,32.13,32.84
07_Festplatz_Flugfeld_000000_000200,06,"crate (gray, upright)",standard objects,42.0,36.24,36.62,35.53,36.0
07_Festplatz_Flugfeld_000000_000240,05,"crate (gray, 2x stacked)",standard objects,51.0,15.84,18.91,18.31,18.58
07_Festplatz_Flugfeld_000000_000240,06,"crate (gray, upright)",standard objects,64.0,20.94,22.92,22.47,22.7
07_Festplatz_Flugfeld_000001_000040,03,"crate (black, upright)",standard objects,7.0,88.02,62.64,60.61,61.14
07_Festplatz_Flugfeld_000001_000040,02,"crate (black, 2x stacked)",standard objects,10.0,104.11,64.31,60.43,62.34
07_Festplatz_Flugfeld_000001_000040,01,crate (black),standard objects,9.0,99.3,66.91,64.05,65.02
07_Festplatz_Flugfeld_000001_000080,03,"crate (black, upright)",standard objects,11.0,73.41,53.72,52.84,53.19
07_Festplatz_Flugfeld_000001_000080,02,"crate (black, 2x stacked)",standard objects,11.0,93.0,57.5,54.22,55.21
07_Festplatz_Flugfeld_000001_000080,01,crate (black),standard objects,9.0,87.15,58.94,56.37,57.31
07_Festplatz_Flugfeld_000001_000120,03,"crate (black, upright)",standard objects,13.0,52.22,45.75,44.34,44.81
07_Festplatz_Flugfeld_000001_000120,02,"crate (black, 2x stacked)",standard objects,14.0,70.93,53.62,50.82,52.27
07_Festplatz_Flugfeld_000001_000120,01,crate (black),standard objects,11.0,64.13,51.62,50.91,51.03
07_Festplatz_Flugfeld_000001_000160,03,"crate (black, upright)",standard objects,20.0,34.27,30.84,30.16,30.48
07_Festplatz_Flugfeld_000001_000160,02,"crate (black, 2x stacked)",standard objects,21.0,50.39,38.88,37.44,38.05
07_Festplatz_Flugfeld_000001_000160,01,crate (black),standard objects,17.0,47.37,40.02,38.62,39.22
07_Festplatz_Flugfeld_000001_000200,03,"crate (black, upright)",standard objects,42.0,16.73,18.48,18.23,18.31
07_Festplatz_Flugfeld_000001_000200,02,"crate (black, 2x stacked)",standard objects,32.0,32.75,32.12,31.06,31.45
07_Festplatz_Flugfeld_000001_000200,01,crate (black),standard objects,28.0,29.38,27.69,27.12,27.39
07_Festplatz_Flugfeld_000002_000190,08,cardboard box,random hazards,11.0,86.86,63.25,59.17,60.55
07_Festplatz_Flugfeld_000002_000190,07,bumper,random hazards,17.0,99.53,67.94,66.75,67.25
07_Festplatz_Flugfeld_000002_000230,08,cardboard box,random hazards,11.0,76.87,56.8,54.09,55.15
07_Festplatz_Flugfeld_000002_000230,07,bumper,random hazards,18.0,84.86,61.62,60.28,60.81
07_Festplatz_Flugfeld_000002_000270,08,cardboard box,random hazards,14.0,65.08,47.31,45.12,45.97
07_Festplatz_Flugfeld_000002_000270,07,bumper,random hazards,23.0,74.13,58.36,56.66,57.44
07_Festplatz_Flugfeld_000002_000310,08,cardboard box,random hazards,19.0,48.05,40.61,38.88,39.46
07_Festplatz_Flugfeld_000002_000310,07,bumper,random hazards,26.0,57.05,49.66,48.53,48.97
07_Festplatz_Flugfeld_000002_000350,08,cardboard box,random hazards,26.0,31.73,28.66,27.66,27.97
07_Festplatz_Flugfeld_000002_000350,07,bumper,random hazards,35.0,40.65,41.69,40.09,40.69
07_Festplatz_Flugfeld_000002_000390,08,cardboard box,random hazards,49.0,18.09,21.64,21.38,21.44
07_Festplatz_Flugfeld_000002_000390,07,bumper,random hazards,58.0,25.89,34.47,33.75,33.94
07_Festplatz_Flugfeld_000002_000430,07,bumper,random hazards,95.0,14.14,19.25,18.83,18.98
07_Festplatz_Flugfeld_000003_000100,34,styrofoam,random hazards,5.0,76.96,55.61,53.03,53.87
07_Festplatz_Flugfeld_000003_000100,07,bumper,random hazards,16.0,89.7,66.81,64.25,65.33
07_Festplatz_Flugfeld_000003_000140,34,styrofoam,random hazards,6.0,62.07,48.88,47.25,47.75
07_Festplatz_Flugfeld_000003_000140,07,bumper,random hazards,18.0,76.01,59.88,57.94,58.78
07_Festplatz_Flugfeld_000003_000180,34,styrofoam,random hazards,9.0,45.84,41.16,39.47,40.19
07_Festplatz_Flugfeld_000003_000180,07,bumper,random hazards,24.0,60.28,52.31,51.05,51.55
07_Festplatz_Flugfeld_000003_000220,34,styrofoam,random hazards,13.0,32.7,31.45,30.4,30.8
07_Festplatz_Flugfeld_000003_000220,07,bumper,random hazards,29.0,47.44,43.91,42.84,43.28
07_Festplatz_Flugfeld_000003_000260,34,styrofoam,random hazards,25.0,18.93,20.94,20.17,20.41
07_Festplatz_Flugfeld_000003_000260,07,bumper,random hazards,38.0,34.24,36.19,34.97,35.31
07_Festplatz_Flugfeld_000003_000300,07,bumper,random hazards,73.0,19.75,23.71,23.02,23.16
07_Festplatz_Flugfeld_000003_000340,07,bumper,random hazards,215.0,7.54,9.98,9.05,9.41
07_Festplatz_Flugfeld_000004_000060,08,cardboard box,random hazards,10.0,51.6,39.34,37.75,38.41
07_Festplatz_Flugfeld_000004_000060,20,tire,random hazards,15.0,48.55,33.91,32.94,33.38
07_Festplatz_Flugfeld_000004_000100,08,cardboard box,random hazards,12.0,43.65,32.94,32.25,32.53
07_Festplatz_Flugfeld_000004_000100,20,tire,random hazards,20.0,38.09,27.7,27.11,27.34
07_Festplatz_Flugfeld_000004_000140,08,cardboard box,random hazards,18.0,30.37,26.52,25.73,26.06
07_Festplatz_Flugfeld_000004_000140,20,tire,random hazards,34.0,23.81,21.52,21.17,21.3
07_Festplatz_Flugfeld_000004_000180,08,cardboard box,random hazards,28.0,17.31,18.58,18.11,18.31
07_Festplatz_Flugfeld_000004_000180,20,tire,random hazards,71.0,10.66,11.91,11.77,11.83
07_Festplatz_Flugfeld_000004_000220,08,cardboard box,random hazards,80.0,6.89,8.73,8.54,8.63
07_Festplatz_Flugfeld_000005_000050,09,crate (blue),random hazards,13.0,43.17,33.09,32.59,32.91
07_Festplatz_Flugfeld_000005_000050,13,exhaust pipe,random hazards,16.0,48.38,34.62,33.19,33.72
07_Festplatz_Flugfeld_000005_000090,09,crate (blue),random hazards,16.0,35.7,29.7,28.64,28.98
07_Festplatz_Flugfeld_000005_000090,13,exhaust pipe,random hazards,20.0,39.95,30.72,29.75,30.11
07_Festplatz_Flugfeld_000005_000130,09,crate (blue),random hazards,25.0,24.88,24.27,23.34,23.67
07_Festplatz_Flugfeld_000005_000130,13,exhaust pipe,random hazards,29.0,28.88,24.98,23.86,24.18
07_Festplatz_Flugfeld_000005_000170,09,crate (blue),random hazards,44.0,12.9,14.61,14.36,14.44
07_Festplatz_Flugfeld_000005_000170,13,exhaust pipe,random hazards,43.0,17.13,17.17,16.52,16.75
15_Rechbergstr_Deckenpfronn_000000_000040,39,kid (walking),humans,52.0,44.16,51.56,49.75,50.16
15_Rechbergstr_Deckenpfronn_000000_000040,40,kid (on a bobby car),humans,48.0,43.18,50.22,49.12,49.53
15_Rechbergstr_Deckenpfronn_000000_000080,39,kid (walking),humans,50.0,45.09,49.81,48.34,48.88
15_Rechbergstr_Deckenpfronn_000000_000080,40,kid (on a bobby car),humans,50.0,43.24,50.0,48.69,49.28
15_Rechbergstr_Deckenpfronn_000000_000120,40,kid (on a bobby car),humans,45.0,44.11,51.91,50.47,51.0
15_Rechbergstr_Deckenpfronn_000000_000120,41,kid (on a small bobby car),humans,37.0,46.99,52.66,51.34,51.84
15_Rechbergstr_Deckenpfronn_000000_000160,40,kid (on a bobby car),humans,47.0,47.93,52.19,50.62,51.06
15_Rechbergstr_Deckenpfronn_000000_000160,41,kid (on a small bobby car),humans,37.0,47.58,50.75,49.25,49.5
15_Rechbergstr_Deckenpfronn_000001_000050,40,kid (on a bobby car),humans,25.0,63.6,63.72,63.0,63.34
15_Rechbergstr_Deckenpfronn_000001_000050,41,kid (on a small bobby car),humans,26.0,62.04,63.45,61.72,62.37
15_Rechbergstr_Deckenpfronn_000001_000050,39,kid (walking),humans,33.0,64.56,64.06,63.31,63.66
15_Rechbergstr_Deckenpfronn_000001_000050,40,kid (on a bobby car),humans,28.0,62.46,62.31,61.02,61.75
15_Rechbergstr_Deckenpfronn_000001_000090,40,kid (on a bobby car),humans,28.0,63.56,63.44,62.65,63.15
15_Rechbergstr_Deckenpfronn_000001_000090,39,kid (walking),humans,34.0,63.76,63.53,62.21,63.28
15_Rechbergstr_Deckenpfronn_000001_000090,40,kid (on a bobby car),humans,27.0,62.13,62.28,61.38,61.75
15_Rechbergstr_Deckenpfronn_000001_000090,41,kid (on a small bobby car),humans,26.0,62.34,64.12,62.45,63.2
15_Rechbergstr_Deckenpfronn_000001_000130,41,kid (on a small bobby car),humans,26.0,61.92,63.59,62.56,62.88
15_Rechbergstr_Deckenpfronn_000001_000130,40,kid (on a bobby car),humans,35.0,63.6,63.0,62.01,62.41
15_Rechbergstr_Deckenpfronn_000001_000130,40,kid (on a bobby car),humans,13.0,61.13,61.89,60.98,61.34
15_Rechbergstr_Deckenpfronn_000001_000170,41,kid (on a small bobby car),humans,26.0,61.98,63.75,61.51,62.48
15_Rechbergstr_Deckenpfronn_000001_000170,40,kid (on a bobby car),humans,12.0,64.53,61.97,61.11,61.47
15_Rechbergstr_Deckenpfronn_000001_000170,40,kid (on a bobby car),humans,29.0,64.01,61.91,60.91,61.49
15_Rechbergstr_Deckenpfronn_000001_000170,39,kid (walking),humans,30.0,64.08,61.88,60.69,61.03
15_Rechbergstr_Deckenpfronn_000001_000170,40,kid (on a bobby car),humans,29.0,62.34,60.78,60.03,60.38
15_Rechbergstr_Deckenpfronn_000001_000210,41,kid (on a small bobby car),humans,26.0,61.89,65.0,63.16,63.92
15_Rechbergstr_Deckenpfronn_000001_000210,40,kid (on a bobby car),humans,15.0,63.29,61.31,60.5,60.8
15_Rechbergstr_Deckenpfronn_000001_000210,40,kid (on a bobby car),humans,34.0,61.13,60.38,59.15,59.66
15_Rechbergstr_Deckenpfronn_000001_000250,40,kid (on a bobby car),humans,16.0,63.42,63.47,62.88,63.16
15_Rechbergstr_Deckenpfronn_000001_000250,41,kid (on a small bobby car),humans,26.0,62.8,63.56,63.07,63.38
15_Rechbergstr_Deckenpfronn_000001_000250,40,kid (on a bobby car),humans,34.0,61.81,62.0,60.81,61.31
15_Rechbergstr_Deckenpfronn_000001_000290,41,kid (on a small bobby car),humans,26.0,61.87,64.12,63.69,63.88
15_Rechbergstr_Deckenpfronn_000001_000290,40,kid (on a bobby car),humans,34.0,61.63,63.84,62.78,63.28
15_Rechbergstr_Deckenpfronn_000001_000290,39,kid (walking),humans,33.0,63.7,66.12,65.38,65.88
15_Rechbergstr_Deckenpfronn_000001_000290,39,kid (walking),humans,34.0,63.57,65.75,64.25,65.0
15_Rechbergstr_Deckenpfronn_000002_000140,40,kid (on a bobby car),humans,55.0,37.5,45.19,43.5,44.0
15_Rechbergstr_Deckenpfronn_000002_000180,40,kid (on a bobby car),humans,71.0,31.04,38.16,36.47,37.31
15_Rechbergstr_Deckenpfronn_000003_000150,40,kid (on a bobby car),humans,70.0,30.42,36.62,36.0,36.25
15_Rechbergstr_Deckenpfronn_000004_000160,41,kid (on a small bobby car),humans,41.0,40.22,44.22,42.84,43.19
15_Rechbergstr_Deckenpfronn_000004_000200,41,kid (on a small bobby car),humans,56.0,31.3,39.81,38.0,38.81
15_Rechbergstr_Deckenpfronn_000004_000240,41,kid (on a small bobby car),humans,79.0,21.23,29.69,28.69,28.86
15_Rechbergstr_Deckenpfronn_000004_000280,41,kid (on a small bobby car),humans,120.0,14.11,21.39,20.33,20.53
15_Rechbergstr_Deckenpfronn_000005_000040,42,kid (crawling),humans,84.0,12.54,18.8,18.23,18.48
15_Rechbergstr_Deckenpfronn_000005_000080,42,kid (crawling),humans,68.0,12.68,19.16,18.59,18.75
15_Rechbergstr_Deckenpfronn_000006_000100,39,kid (walking),humans,47.0,45.15,49.91,47.62,48.21
15_Rechbergstr_Deckenpfronn_000006_000140,39,kid (walking),humans,55.0,40.46,46.19,45.12,45.53
15_Rechbergstr_Deckenpfronn_000006_000180,39,kid (walking),humans,75.0,31.62,41.34,39.38,39.91
15_Rechbergstr_Deckenpfronn_000006_000220,39,kid (walking),humans,98.0,25.04,36.75,34.38,35.81
15_Rechbergstr_Deckenpfronn_000006_000260,39,kid (walking),humans,118.0,19.23,31.81,28.38,30.24
15_Rechbergstr_Deckenpfronn_000006_000340,39,kid (walking),humans,218.0,10.55,18.5,16.17,17.44
15_Rechbergstr_Deckenpfronn_000007_000060,39,kid (walking),humans,46.0,50.35,72.44,70.75,71.81
15_Rechbergstr_Deckenpfronn_000007_000180,39,kid (walking),humans,74.0,31.96,51.72,48.09,49.03
15_Rechbergstr_Deckenpfronn_000007_000260,39,kid (walking),humans,117.0,18.57,36.72,33.91,35.06
