frame,label,type,group,box_height_px,true_m,da2-metric-large_median,da2-metric-large_p10,da2-metric-large_p25
02_Hanns_Klemm_Str_44_000000_000020,05,"crate (gray, 2x stacked)",standard objects,12.0,62.8,68.94,67.81,68.19
02_Hanns_Klemm_Str_44_000000_000060,05,"crate (gray, 2x stacked)",standard objects,14.0,53.3,64.75,63.31,63.89
02_Hanns_Klemm_Str_44_000000_000100,05,"crate (gray, 2x stacked)",standard objects,19.0,39.82,57.08,55.94,56.31
02_Hanns_Klemm_Str_44_000000_000140,05,"crate (gray, 2x stacked)",standard objects,34.0,22.13,37.41,36.16,36.5
02_Hanns_Klemm_Str_44_000000_000180,05,"crate (gray, 2x stacked)",standard objects,120.0,7.16,12.29,12.1,12.19
02_Hanns_Klemm_Str_44_000001_000040,05,"crate (gray, 2x stacked)",standard objects,13.0,59.22,71.0,68.98,69.62
02_Hanns_Klemm_Str_44_000001_000040,04,crate (gray),standard objects,8.0,57.15,71.56,70.06,70.31
02_Hanns_Klemm_Str_44_000001_000080,05,"crate (gray, 2x stacked)",standard objects,15.0,49.69,66.19,62.84,64.06
02_Hanns_Klemm_Str_44_000001_000080,04,crate (gray),standard objects,9.0,49.94,64.75,63.32,63.84
02_Hanns_Klemm_Str_44_000001_000120,05,"crate (gray, 2x stacked)",standard objects,19.0,37.86,57.44,56.59,56.84
02_Hanns_Klemm_Str_44_000001_000120,04,crate (gray),standard objects,11.0,38.76,57.59,56.81,57.03
02_Hanns_Klemm_Str_44_000001_000160,05,"crate (gray, 2x stacked)",standard objects,33.0,23.13,39.5,38.62,39.16
02_Hanns_Klemm_Str_44_000001_000160,04,crate (gray),standard objects,19.0,23.54,38.41,37.25,37.75
02_Hanns_Klemm_Str_44_000001_000200,05,"crate (gray, 2x stacked)",standard objects,105.0,7.93,14.88,14.72,14.77
02_Hanns_Klemm_Str_44_000001_000200,04,crate (gray),standard objects,70.0,7.99,14.35,14.13,14.24
02_Hanns_Klemm_Str_44_000002_000040,02,"crate (black, 2x stacked)",standard objects,23.0,58.42,72.56,71.31,72.06
02_Hanns_Klemm_Str_44_000002_000040,01,crate (black),standard objects,10.0,57.87,72.91,71.56,71.94
02_Hanns_Klemm_Str_44_000002_000080,02,"crate (black, 2x stacked)",standard objects,28.0,49.14,66.0,64.69,65.31
02_Hanns_Klemm_Str_44_000002_000080,01,crate (black),standard objects,14.0,48.2,65.5,64.49,64.81
02_Hanns_Klemm_Str_44_000002_000120,01,crate (black),standard objects,19.0,33.73,49.97,49.22,49.34
02_Hanns_Klemm_Str_44_000002_000120,02,"crate (black, 2x stacked)",standard objects,40.0,33.43,48.75,47.81,48.09
02_Hanns_Klemm_Str_44_000002_000160,02,"crate (black, 2x stacked)",standard objects,87.0,15.94,27.52,26.48,26.91
02_Hanns_Klemm_Str_44_000002_000160,01,crate (black),standard objects,42.0,16.07,26.06,25.53,25.73
02_Hanns_Klemm_Str_44_000003_000020,20,tire,random hazards,9.0,62.98,72.38,70.81,71.75
02_Hanns_Klemm_Str_44_000003_000020,34,styrofoam,random hazards,6.0,63.42,77.09,75.94,76.62
02_Hanns_Klemm_Str_44_000003_000060,20,tire,random hazards,10.0,54.2,64.69,62.94,63.16
02_Hanns_Klemm_Str_44_000003_000060,34,styrofoam,random hazards,8.0,52.78,70.25,68.0,68.91
02_Hanns_Klemm_Str_44_000003_000100,20,tire,random hazards,15.0,39.29,53.08,50.69,51.26
02_Hanns_Klemm_Str_44_000003_000100,34,styrofoam,random hazards,11.0,39.63,59.28,57.09,57.94
02_Hanns_Klemm_Str_44_000003_000140,20,tire,random hazards,27.0,22.01,35.34,34.91,35.06
02_Hanns_Klemm_Str_44_000003_000140,34,styrofoam,random hazards,19.0,22.25,35.12,33.97,34.34
02_Hanns_Klemm_Str_44_000005_000020,08,cardboard box,random hazards,10.0,60.42,75.69,74.44,75.0
02_Hanns_Klemm_Str_44_000005_000020,13,exhaust pipe,random hazards,10.0,60.3,75.5,73.94,74.75
02_Hanns_Klemm_Str_44_000005_000060,08,cardboard box,random hazards,10.0,53.48,73.59,70.39,72.0
02_Hanns_Klemm_Str_44_000005_000060,13,exhaust pipe,random hazards,9.0,52.82,72.06,70.0,70.78
02_Hanns_Klemm_Str_44_000005_000100,13,exhaust pipe,random hazards,14.0,40.54,60.39,58.12,58.84
02_Hanns_Klemm_Str_44_000005_000100,08,cardboard box,random hazards,14.0,40.37,61.75,59.25,60.09
02_Hanns_Klemm_Str_44_000005_000140,08,cardboard box,random hazards,25.0,24.19,40.34,38.91,39.16
02_Hanns_Klemm_Str_44_000005_000140,13,exhaust pipe,random hazards,26.0,24.75,39.28,38.16,38.53
02_Hanns_Klemm_Str_44_000005_000180,08,cardboard box,random hazards,63.0,9.69,17.5,17.16,17.3
02_Hanns_Klemm_Str_44_000005_000180,13,exhaust pipe,random hazards,65.0,10.26,18.31,17.83,17.94
02_Hanns_Klemm_Str_44_000006_000030,13,exhaust pipe,random hazards,11.0,47.44,44.19,43.12,43.45
02_Hanns_Klemm_Str_44_000006_000030,08,cardboard box,random hazards,10.0,51.8,45.41,44.21,44.7
02_Hanns_Klemm_Str_44_000006_000070,13,exhaust pipe,random hazards,15.0,46.95,39.19,37.34,37.95
02_Hanns_Klemm_Str_44_000006_000070,08,cardboard box,random hazards,12.0,45.26,41.0,39.84,40.22
02_Hanns_Klemm_Str_44_000006_000110,13,exhaust pipe,random hazards,18.0,34.67,29.87,28.98,29.19
02_Hanns_Klemm_Str_44_000006_000110,08,cardboard box,random hazards,15.0,34.35,30.34,29.73,30.05
02_Hanns_Klemm_Str_44_000006_000150,13,exhaust pipe,random hazards,33.0,21.58,25.38,24.48,24.73
02_Hanns_Klemm_Str_44_000006_000150,08,cardboard box,random hazards,27.0,21.27,24.41,24.05,24.25
02_Hanns_Klemm_Str_44_000006_000190,13,exhaust pipe,random hazards,113.0,7.59,9.46,9.22,9.26
02_Hanns_Klemm_Str_44_000006_000190,08,cardboard box,random hazards,82.0,7.34,9.47,9.34,9.39
02_Hanns_Klemm_Str_44_000007_000040,20,tire,random hazards,10.0,56.75,47.69,46.66,47.03
02_Hanns_Klemm_Str_44_000007_000080,20,tire,random hazards,11.0,53.13,48.84,48.03,48.34
02_Hanns_Klemm_Str_44_000007_000120,20,tire,random hazards,14.0,43.31,39.59,38.62,39.09
02_Hanns_Klemm_Str_44_000007_000160,20,tire,random hazards,18.0,32.51,28.81,28.22,28.53
02_Hanns_Klemm_Str_44_000007_000200,20,tire,random hazards,30.0,20.28,24.0,23.67,23.83
02_Hanns_Klemm_Str_44_000007_000240,20,tire,random hazards,95.0,7.22,9.21,9.07,9.11
02_Hanns_Klemm_Str_44_000008_000040,20,tire,random hazards,9.0,61.92,56.39,55.0,55.41
02_Hanns_Klemm_Str_44_000008_000080,20,tire,random hazards,11.0,55.38,49.27,47.88,48.37
02_Hanns_Klemm_Str_44_000008_000120,20,tire,random hazards,15.0,40.77,35.89,35.56,35.66
02_Hanns_Klemm_Str_44_000008_000160,20,tire,random hazards,21.0,26.35,31.88,31.5,31.69
02_Hanns_Klemm_Str_44_000008_000200,20,tire,random hazards,54.0,11.87,15.16,14.99,15.06
02_Hanns_Klemm_Str_44_000009_000030,02,"crate (black, 2x stacked)",standard objects,20.0,64.53,56.41,54.31,55.25
02_Hanns_Klemm_Str_44_000009_000030,01,crate (black),standard objects,10.0,66.25,57.11,56.09,56.62
02_Hanns_Klemm_Str_44_000009_000070,02,"crate (black, 2x stacked)",standard objects,22.0,63.01,56.91,54.19,54.91
02_Hanns_Klemm_Str_44_000009_000070,01,crate (black),standard objects,11.0,61.19,57.8,56.01,56.56
02_Hanns_Klemm_Str_44_000009_000110,02,"crate (black, 2x stacked)",standard objects,26.0,50.97,50.83,47.78,48.52
02_Hanns_Klemm_Str_44_000009_000110,01,crate (black),standard objects,14.0,51.87,48.44,47.54,47.92
02_Hanns_Klemm_Str_44_000009_000150,02,"crate (black, 2x stacked)",standard objects,36.0,37.31,32.81,31.0,31.53
02_Hanns_Klemm_Str_44_000009_000150,01,crate (black),standard objects,19.0,37.96,31.86,31.38,31.56
02_Hanns_Klemm_Str_44_000009_000190,02,"crate (black, 2x stacked)",standard objects,65.0,22.58,28.89,27.64,28.17
02_Hanns_Klemm_Str_44_000009_000190,01,crate (black),standard objects,31.0,22.63,28.84,28.16,28.39
02_Hanns_Klemm_Str_44_000009_000230,02,"crate (black, 2x stacked)",standard objects,227.0,6.35,8.13,7.98,8.04
02_Hanns_Klemm_Str_44_000009_000230,01,crate (black),standard objects,117.0,6.48,8.24,8.12,8.19
02_Hanns_Klemm_Str_44_000010_000040,05,"crate (gray, 2x stacked)",standard objects,11.0,62.62,57.2,56.03,56.44
02_Hanns_Klemm_Str_44_000010_000040,04,crate (gray),standard objects,7.0,62.89,57.25,56.97,57.03
02_Hanns_Klemm_Str_44_000010_000080,05,"crate (gray, 2x stacked)",standard objects,12.0,57.48,53.75,52.05,52.75
02_Hanns_Klemm_Str_44_000010_000080,04,crate (gray),standard objects,7.0,60.29,54.19,52.32,53.06
02_Hanns_Klemm_Str_44_000010_000120,05,"crate (gray, 2x stacked)",standard objects,16.0,42.63,39.72,38.75,39.03
02_Hanns_Klemm_Str_44_000010_000120,04,crate (gray),standard objects,11.0,43.28,38.53,37.75,38.12
02_Hanns_Klemm_Str_44_000010_000160,05,"crate (gray, 2x stacked)",standard objects,29.0,27.84,33.53,32.56,32.94
02_Hanns_Klemm_Str_44_000010_000160,04,crate (gray),standard objects,18.0,27.92,32.53,31.84,32.22
02_Hanns_Klemm_Str_44_000010_000200,04,crate (gray),standard objects,43.0,11.64,14.64,14.48,14.53
02_Hanns_Klemm_Str_44_000010_000200,05,"crate (gray, 2x stacked)",standard objects,66.0,11.48,14.48,14.38,14.44
02_Hanns_Klemm_Str_44_000011_000040,23,dog (black),emotional hazards,16.0,72.47,73.69,72.65,73.0
02_Hanns_Klemm_Str_44_000011_000080,23,dog (black),emotional hazards,16.0,70.68,66.69,66.0,66.19
02_Hanns_Klemm_Str_44_000011_000120,23,dog (black),emotional hazards,21.0,54.66,58.59,58.12,58.28
02_Hanns_Klemm_Str_44_000011_000160,23,dog (black),emotional hazards,29.0,36.3,50.19,49.56,49.94
02_Hanns_Klemm_Str_44_000011_000200,23,dog (black),emotional hazards,46.0,21.3,40.66,39.58,40.09
02_Hanns_Klemm_Str_44_000011_000240,23,dog (black),emotional hazards,118.0,8.99,15.12,14.38,14.76
02_Hanns_Klemm_Str_44_000012_000050,24,dog (white),emotional hazards,7.0,67.6,74.19,73.25,73.69
02_Hanns_Klemm_Str_44_000012_000090,24,dog (white),emotional hazards,8.0,59.36,69.25,65.94,67.17
02_Hanns_Klemm_Str_44_000012_000130,24,dog (white),emotional hazards,10.0,42.51,59.44,58.44,58.97
02_Hanns_Klemm_Str_44_000012_000170,24,dog (white),emotional hazards,23.0,26.63,42.22,40.84,41.28
02_Hanns_Klemm_Str_44_000013_000020,26,bobby car (gray),emotional hazards,13.0,67.11,71.75,70.5,70.94
02_Hanns_Klemm_Str_44_000013_000060,26,bobby car (gray),emotional hazards,15.0,62.56,68.62,67.03,67.88
02_Hanns_Klemm_Str_44_000013_000100,26,bobby car (gray),emotional hazards,17.0,54.49,61.03,59.5,60.16
02_Hanns_Klemm_Str_44_000013_000140,26,bobby car (gray),emotional hazards,21.0,41.95,54.94,52.66,53.88
02_Hanns_Klemm_Str_44_000013_000180,26,bobby car (gray),emotional hazards,33.0,26.95,43.12,41.81,42.35
02_Hanns_Klemm_Str_44_000013_000220,26,bobby car (gray),emotional hazards,81.0,12.05,22.33,21.84,22.02
02_Hanns_Klemm_Str_44_000014_000040,27,bobby car (red),emotional hazards,11.0,74.91,75.81,73.62,74.81
02_Hanns_Klemm_Str_44_000014_000080,27,bobby car (red),emotional hazards,12.0,69.54,72.5,67.19,70.06
02_Hanns_Klemm_Str_44_000014_000120,27,bobby car (red),emotional hazards,16.0,48.95,61.81,60.62,61.19
02_Hanns_Klemm_Str_44_000014_000160,27,bobby car (red),emotional hazards,25.0,33.43,45.84,44.75,45.12
02_Hanns_Klemm_Str_44_000014_000200,27,bobby car (red),emotional hazards,56.0,17.55,26.12,25.41,25.62
02_Hanns_Klemm_Str_44_000015_000060,27,bobby car (red),emotional hazards,8.0,50.0,46.0,43.96,45.33
02_Hanns_Klemm_Str_44_000015_000100,27,bobby car (red),emotional hazards,10.0,41.04,43.12,42.08,42.62
02_Hanns_Klemm_Str_44_000015_000140,27,bobby car (red),emotional hazards,26.0,32.17,29.05,28.12,28.48
02_Hanns_Klemm_Str_44_000015_000180,27,bobby car (red),emotional hazards,56.0,17.83,15.71,15.62,15.66
02_Hanns_Klemm_Str_44_000016_000020,26,bobby car (gray),emotional hazards,10.0,45.07,43.91,43.0,43.25
02_Hanns_Klemm_Str_44_000016_000060,26,bobby car (gray),emotional hazards,11.0,44.07,44.31,43.03,43.53
02_Hanns_Klemm_Str_44_000016_000100,26,bobby car (gray),emotional hazards,15.0,32.71,37.28,35.78,36.39
02_Hanns_Klemm_Str_44_000016_000140,26,bobby car (gray),emotional hazards,55.0,19.06,19.2,18.88,19.0
02_Hanns_Klemm_Str_44_000016_000180,26,bobby car (gray),emotional hazards,156.0,6.4,7.56,7.35,7.43
02_Hanns_Klemm_Str_44_000017_000050,23,dog (black),emotional hazards,13.0,48.93,44.88,44.28,44.5
02_Hanns_Klemm_Str_44_000017_000090,23,dog (black),emotional hazards,19.0,37.58,37.19,36.34,36.66
02_Hanns_Klemm_Str_44_000017_000130,23,dog (black),emotional hazards,45.0,22.98,21.22,20.86,21.0
02_Hanns_Klemm_Str_44_000017_000170,23,dog (black),emotional hazards,132.0,7.92,11.55,11.09,11.3
02_Hanns_Klemm_Str_44_000018_000110,24,dog (white),emotional hazards,11.0,42.68,40.36,39.04,39.56
02_Hanns_Klemm_Str_44_000018_000150,24,dog (white),emotional hazards,30.0,27.73,26.58,25.35,25.86
02_Hanns_Klemm_Str_44_000018_000190,24,dog (white),emotional hazards,58.0,13.84,17.34,16.98,17.16
04_Maurener_Weg_8_000000_000030,04,crate (gray),standard objects,9.0,62.86,67.75,63.35,65.62
04_Maurener_Weg_8_000000_000030,05,"crate (gray, 2x stacked)",standard objects,12.0,72.3,74.31,70.15,71.81
04_Maurener_Weg_8_000000_000030,06,"crate (gray, upright)",standard objects,21.0,71.32,63.19,62.06,62.53
04_Maurener_Weg_8_000000_000070,04,crate (gray),standard objects,11.0,51.21,55.19,52.19,53.55
04_Maurener_Weg_8_000000_000070,05,"crate (gray, 2x stacked)",standard objects,14.0,60.84,61.97,58.88,59.72
04_Maurener_Weg_8_000000_000070,06,"crate (gray, upright)",standard objects,25.0,59.39,56.64,52.97,54.6
04_Maurener_Weg_8_000000_000110,04,crate (gray),standard objects,18.0,32.78,38.34,37.22,37.66
04_Maurener_Weg_8_000000_000110,05,"crate (gray, 2x stacked)",standard objects,20.0,42.43,46.09,44.31,44.91
04_Maurener_Weg_8_000000_000110,06,"crate (gray, upright)",standard objects,34.0,42.64,46.41,40.5,42.31
04_Maurener_Weg_8_000000_000150,04,crate (gray),standard objects,35.0,16.61,21.72,21.06,21.34
04_Maurener_Weg_8_000000_000150,05,"crate (gray, 2x stacked)",standard objects,34.0,25.85,31.34,30.34,30.74
04_Maurener_Weg_8_000000_000150,06,"crate (gray, upright)",standard objects,60.0,24.26,26.42,25.34,25.69
04_Maurener_Weg_8_000000_000190,05,"crate (gray, 2x stacked)",standard objects,70.0,12.06,15.77,15.6,15.66
04_Maurener_Weg_8_000000_000190,06,"crate (gray, upright)",standard objects,150.0,9.65,12.2,11.97,12.08
04_Maurener_Weg_8_000001_000050,03,"crate (black, upright)",standard objects,11.0,66.25,64.94,59.53,61.34
04_Maurener_Weg_8_000001_000050,03,"crate (black, upright)",standard objects,9.0,77.84,71.94,68.99,69.88
04_Maurener_Weg_8_000001_000050,02,"crate (black, 2x stacked)",standard objects,16.0,71.11,61.41,59.94,60.25
04_Maurener_Weg_8_000001_000090,03,"crate (black, upright)",standard objects,17.0,52.86,55.81,50.44,52.86
04_Maurener_Weg_8_000001_000090,03,"crate (black, upright)",standard objects,12.0,62.43,61.2,58.97,59.5
04_Maurener_Weg_8_000001_000090,02,"crate (black, 2x stacked)",standard objects,19.0,58.16,50.81,49.62,50.06
04_Maurener_Weg_8_000001_000130,03,"crate (black, upright)",standard objects,23.0,36.42,43.53,39.72,40.88
04_Maurener_Weg_8_000001_000130,03,"crate (black, upright)",standard objects,15.0,48.13,50.19,48.35,49.0
04_Maurener_Weg_8_000001_000130,02,"crate (black, 2x stacked)",standard objects,26.0,42.43,41.77,40.69,41.0
04_Maurener_Weg_8_000001_000170,03,"crate (black, upright)",standard objects,37.0,18.45,23.06,22.31,22.7
04_Maurener_Weg_8_000001_000170,03,"crate (black, upright)",standard objects,25.0,30.81,34.91,34.06,34.41
04_Maurener_Weg_8_000001_000170,02,"crate (black, 2x stacked)",standard objects,43.0,24.93,27.88,27.06,27.31
04_Maurener_Weg_8_000001_000210,03,"crate (black, upright)",standard objects,48.0,14.97,19.28,18.97,19.08
04_Maurener_Weg_8_000001_000210,02,"crate (black, 2x stacked)",standard objects,122.0,9.33,11.8,11.48,11.65
04_Maurener_Weg_8_000002_000040,04,crate (gray),standard objects,10.0,36.57,38.05,36.67,37.22
04_Maurener_Weg_8_000002_000040,05,"crate (gray, 2x stacked)",standard objects,19.0,39.21,37.59,35.47,36.06
04_Maurener_Weg_8_000002_000040,06,"crate (gray, upright)",standard objects,33.0,51.7,48.5,42.06,43.84
04_Maurener_Weg_8_000002_000080,04,crate (gray),standard objects,15.0,25.97,29.93,28.5,29.03
04_Maurener_Weg_8_000002_000080,05,"crate (gray, 2x stacked)",standard objects,26.0,28.26,29.95,28.05,28.89
04_Maurener_Weg_8_000002_000080,06,"crate (gray, upright)",standard objects,43.0,36.7,38.06,34.03,35.5
04_Maurener_Weg_8_000002_000120,04,crate (gray),standard objects,39.0,11.76,15.16,14.88,15.02
04_Maurener_Weg_8_000002_000120,05,"crate (gray, 2x stacked)",standard objects,58.0,14.18,17.39,16.95,17.11
04_Maurener_Weg_8_000002_000120,06,"crate (gray, upright)",standard objects,70.0,19.9,23.8,23.41,23.61
04_Maurener_Weg_8_000003_000010,03,"crate (black, upright)",standard objects,20.0,32.8,36.81,35.5,36.14
04_Maurener_Weg_8_000003_000010,02,"crate (black, 2x stacked)",standard objects,30.0,38.22,38.03,36.88,37.31
04_Maurener_Weg_8_000003_000010,01,crate (black),standard objects,16.0,46.87,45.23,44.08,44.34
04_Maurener_Weg_8_000003_000050,03,"crate (black, upright)",standard objects,24.0,28.21,31.94,31.05,31.4
04_Maurener_Weg_8_000003_000050,02,"crate (black, 2x stacked)",standard objects,32.0,33.86,33.72,32.75,33.16
04_Maurener_Weg_8_000003_000050,01,crate (black),standard objects,18.0,41.91,41.19,40.81,40.97
04_Maurener_Weg_8_000003_000090,03,"crate (black, upright)",standard objects,42.0,16.64,19.75,19.3,19.45
04_Maurener_Weg_8_000003_000090,02,"crate (black, 2x stacked)",standard objects,49.0,21.29,23.47,22.83,23.03
04_Maurener_Weg_8_000003_000090,01,crate (black),standard objects,27.0,29.14,31.45,30.67,30.97
04_Maurener_Weg_8_000003_000130,02,"crate (black, 2x stacked)",standard objects,122.0,8.62,10.96,10.86,10.91
04_Maurener_Weg_8_000003_000130,01,crate (black),standard objects,50.0,16.18,20.83,20.59,20.66
04_Maurener_Weg_8_000004_000040,15,euro pallet,random hazards,12.0,53.19,47.33,44.38,45.47
04_Maurener_Weg_8_000004_000080,15,euro pallet,random hazards,13.0,50.15,44.06,41.56,42.62
04_Maurener_Weg_8_000004_000120,15,euro pallet,random hazards,12.0,39.86,38.81,36.53,37.47
04_Maurener_Weg_8_000004_000160,15,euro pallet,random hazards,23.0,25.4,28.92,27.58,28.14
04_Maurener_Weg_8_000004_000160,21,ball,emotional hazards,40.0,14.07,17.92,17.58,17.66
04_Maurener_Weg_8_000004_000200,15,euro pallet,random hazards,60.0,11.23,14.53,13.92,14.19
04_Maurener_Weg_8_000005_000030,16,pylon,random hazards,16.0,48.24,45.95,43.66,44.55
04_Maurener_Weg_8_000005_000030,18,pylon (white),random hazards,19.0,47.6,47.78,44.7,45.81
04_Maurener_Weg_8_000005_000070,16,pylon,random hazards,15.0,44.71,41.61,39.7,40.4
04_Maurener_Weg_8_000005_000070,18,pylon (white),random hazards,20.0,42.29,43.44,40.84,41.86
04_Maurener_Weg_8_000005_000110,18,pylon (white),random hazards,24.0,34.89,37.25,35.4,35.97
04_Maurener_Weg_8_000005_000110,16,pylon,random hazards,20.0,37.73,35.91,33.97,34.48
04_Maurener_Weg_8_000005_000150,18,pylon (white),random hazards,38.0,21.77,25.38,24.22,24.55
04_Maurener_Weg_8_000005_000150,16,pylon,random hazards,30.0,24.51,26.34,25.34,25.64
04_Maurener_Weg_8_000005_000190,18,pylon (white),random hazards,87.0,9.25,13.12,12.38,12.77
04_Maurener_Weg_8_000005_000190,16,pylon,random hazards,61.0,11.81,14.66,14.43,14.51
04_Maurener_Weg_8_000006_000040,18,pylon (white),random hazards,12.0,44.14,44.0,41.91,42.93
04_Maurener_Weg_8_000006_000080,18,pylon (white),random hazards,18.0,34.22,35.7,34.5,34.87
04_Maurener_Weg_8_000006_000120,18,pylon (white),random hazards,30.0,18.18,22.45,21.86,22.05
04_Maurener_Weg_8_000007_000020,25,kid dummy,emotional hazards,10.0,61.81,66.31,64.12,65.0
04_Maurener_Weg_8_000007_000020,21,ball,emotional hazards,10.0,65.08,71.75,65.68,67.78
04_Maurener_Weg_8_000007_000060,25,kid dummy,emotional hazards,8.0,51.23,50.06,48.78,49.22
04_Maurener_Weg_8_000007_000060,21,ball,emotional hazards,10.0,51.04,52.28,49.67,50.56
04_Maurener_Weg_8_000007_000100,25,kid dummy,emotional hazards,11.0,32.66,36.66,35.72,36.16
04_Maurener_Weg_8_000007_000100,21,ball,emotional hazards,15.0,32.42,37.34,36.44,36.81
04_Maurener_Weg_8_000007_000140,25,kid dummy,emotional hazards,24.0,13.94,19.91,19.58,19.75
04_Maurener_Weg_8_000007_000140,21,ball,emotional hazards,36.0,13.87,19.91,19.7,19.83
04_Maurener_Weg_8_000008_000020,31,plastic bag (bloated),random hazards,8.0,59.36,59.3,56.16,57.47
04_Maurener_Weg_8_000008_000020,11,crate (green),random hazards,12.0,66.7,66.38,63.57,64.62
04_Maurener_Weg_8_000008_000020,31,plastic bag (bloated),random hazards,8.0,56.65,47.73,46.05,46.65
04_Maurener_Weg_8_000008_000060,11,crate (green),random hazards,15.0,60.19,62.7,58.81,59.93
04_Maurener_Weg_8_000008_000060,31,plastic bag (bloated),random hazards,11.0,49.08,50.25,49.22,49.47
04_Maurener_Weg_8_000008_000060,31,plastic bag (bloated),random hazards,13.0,45.4,42.03,39.99,40.69
04_Maurener_Weg_8_000008_000100,31,plastic bag (bloated),random hazards,22.0,28.1,28.39,27.33,27.61
04_Maurener_Weg_8_000008_000100,11,crate (green),random hazards,19.0,42.25,42.56,41.44,41.84
04_Maurener_Weg_8_000008_000100,31,plastic bag (bloated),random hazards,14.0,33.31,34.28,33.97,34.03
04_Maurener_Weg_8_000008_000140,11,crate (green),random hazards,34.0,21.55,27.95,27.42,27.7
04_Maurener_Weg_8_000008_000140,31,plastic bag (bloated),random hazards,32.0,15.03,17.89,17.61,17.68
04_Maurener_Weg_8_000008_000140,31,plastic bag (bloated),random hazards,68.0,8.82,10.16,9.97,10.03
04_Maurener_Weg_8_000008_000180,11,crate (green),random hazards,98.0,7.8,12.03,11.75,11.89
04_Maurener_Weg_8_000009_000050,24,dog (white),emotional hazards,11.0,68.25,66.44,64.47,65.34
04_Maurener_Weg_8_000009_000090,24,dog (white),emotional hazards,14.0,58.85,59.11,55.75,57.62
04_Maurener_Weg_8_000009_000130,24,dog (white),emotional hazards,20.0,41.29,45.31,43.48,44.09
04_Maurener_Weg_8_000009_000170,24,dog (white),emotional hazards,31.0,23.04,29.12,28.53,28.77
04_Maurener_Weg_8_000009_000210,24,dog (white),emotional hazards,81.0,8.72,13.36,12.84,13.16
04_Maurener_Weg_8_000010_000040,23,dog (black),emotional hazards,22.0,50.66,53.97,50.84,53.03
04_Maurener_Weg_8_000010_000080,23,dog (black),emotional hazards,29.0,38.05,44.19,40.5,42.17
04_Maurener_Weg_8_000010_000120,23,dog (black),emotional hazards,52.0,20.63,25.64,25.02,25.17
04_Maurener_Weg_8_000011_000020,26,bobby car (gray),emotional hazards,18.0,62.34,59.91,59.44,59.62
04_Maurener_Weg_8_000011_000060,26,bobby car (gray),emotional hazards,18.0,60.67,56.31,55.56,55.88
04_Maurener_Weg_8_000011_000100,26,bobby car (gray),emotional hazards,23.0,47.01,46.94,45.84,46.31
04_Maurener_Weg_8_000011_000140,26,bobby car (gray),emotional hazards,33.0,30.78,35.16,34.66,34.78
04_Maurener_Weg_8_000011_000180,26,bobby car (gray),emotional hazards,64.0,15.12,20.05,19.7,19.81
04_Maurener_Weg_8_000012_000040,27,bobby car (red),emotional hazards,19.0,64.05,58.09,55.34,56.56
04_Maurener_Weg_8_000012_000080,27,bobby car (red),emotional hazards,22.0,54.27,54.47,50.41,51.75
04_Maurener_Weg_8_000012_000120,27,bobby car (red),emotional hazards,28.0,38.29,37.91,36.81,37.16
04_Maurener_Weg_8_000012_000160,27,bobby car (red),emotional hazards,54.0,19.74,23.94,23.7,23.78
04_Maurener_Weg_8_000013_000180,28,bobby car (yellow),emotional hazards,39.0,27.71,30.08,29.5,29.73
04_Maurener_Weg_8_000013_000220,28,bobby car (yellow),emotional hazards,84.0,12.64,15.53,15.35,15.43
05_Schafgasse_1_000000_000030,05,"crate (gray, 2x stacked)",standard objects,13.0,61.02,63.38,60.96,62.03
05_Schafgasse_1_000000_000070,05,"crate (gray, 2x stacked)",standard objects,13.0,51.7,54.97,52.99,53.5
05_Schafgasse_1_000000_000110,05,"crate (gray, 2x stacked)",standard objects,18.0,39.22,43.0,41.5,41.94
05_Schafgasse_1_000000_000150,05,"crate (gray, 2x stacked)",standard objects,31.0,24.92,29.45,28.38,28.81
05_Schafgasse_1_000000_000190,05,"crate (gray, 2x stacked)",standard objects,81.0,10.13,11.93,11.77,11.83
05_Schafgasse_1_000001_000090,03,"crate (black, upright)",standard objects,14.0,52.29,55.34,49.56,51.81
05_Schafgasse_1_000001_000130,03,"crate (black, upright)",standard objects,17.0,43.01,48.69,47.56,48.09
05_Schafgasse_1_000001_000170,03,"crate (black, upright)",standard objects,27.0,31.48,36.97,35.66,36.03
05_Schafgasse_1_000001_000210,03,"crate (black, upright)",standard objects,40.0,20.73,23.23,22.38,22.58
05_Schafgasse_1_000001_000250,03,"crate (black, upright)",standard objects,69.0,10.79,13.04,12.92,12.98
05_Schafgasse_1_000002_000130,08,cardboard box,random hazards,15.0,44.9,55.58,52.03,53.44
05_Schafgasse_1_000002_000130,18,pylon (white),random hazards,15.0,35.78,37.62,36.25,36.72
05_Schafgasse_1_000002_000170,08,cardboard box,random hazards,18.0,35.89,46.06,43.75,44.94
05_Schafgasse_1_000002_000170,18,pylon (white),random hazards,19.0,27.82,30.2,29.31,29.74
05_Schafgasse_1_000002_000210,08,cardboard box,random hazards,26.0,24.34,33.53,32.84,33.09
05_Schafgasse_1_000002_000210,18,pylon (white),random hazards,31.0,15.72,19.8,19.33,19.52
05_Schafgasse_1_000003_000030,20,tire,random hazards,16.0,42.15,49.34,48.92,49.06
05_Schafgasse_1_000003_000070,20,tire,random hazards,19.0,34.59,41.12,40.28,40.81
05_Schafgasse_1_000003_000110,20,tire,random hazards,27.0,23.44,29.55,29.27,29.38
05_Schafgasse_1_000003_000150,20,tire,random hazards,61.0,10.63,14.73,14.55,14.59
05_Schafgasse_1_000004_000030,11,crate (green),random hazards,13.0,45.13,51.66,50.69,51.09
05_Schafgasse_1_000004_000030,10,"crate (blue, small)",random hazards,11.0,41.74,41.64,41.34,41.44
05_Schafgasse_1_000004_000070,11,crate (green),random hazards,17.0,39.66,46.5,45.53,45.84
05_Schafgasse_1_000004_000070,10,"crate (blue, small)",random hazards,18.0,36.16,38.75,37.53,38.28
05_Schafgasse_1_000004_000110,11,crate (green),random hazards,23.0,30.01,36.38,35.66,35.94
05_Schafgasse_1_000004_000110,10,"crate (blue, small)",random hazards,18.0,25.48,30.12,29.39,29.66
05_Schafgasse_1_000004_000150,10,"crate (blue, small)",random hazards,43.0,11.52,14.99,14.84,14.88
05_Schafgasse_1_000004_000150,11,crate (green),random hazards,41.0,15.85,21.7,21.44,21.58
05_Schafgasse_1_000005_000040,29,cardboard box,random hazards,9.0,42.5,46.72,44.97,45.72
05_Schafgasse_1_000005_000080,29,cardboard box,random hazards,10.0,37.5,40.0,39.22,39.41
05_Schafgasse_1_000005_000120,29,cardboard box,random hazards,13.0,26.45,32.38,30.81,31.16
05_Schafgasse_1_000005_000120,21,ball,emotional hazards,27.0,21.28,29.39,28.78,28.96
05_Schafgasse_1_000007_000020,20,tire,random hazards,10.0,40.63,38.23,37.67,37.78
05_Schafgasse_1_000007_000060,20,tire,random hazards,10.0,33.22,35.62,34.91,35.16
05_Schafgasse_1_000007_000100,20,tire,random hazards,16.0,21.67,24.41,23.78,23.98
05_Schafgasse_1_000007_000140,20,tire,random hazards,39.0,9.29,11.88,11.76,11.8
05_Schafgasse_1_000008_000030,34,styrofoam,random hazards,7.0,47.08,45.16,44.0,44.34
05_Schafgasse_1_000008_000030,14,headlight,random hazards,18.0,36.73,32.97,31.64,31.84
05_Schafgasse_1_000008_000070,34,styrofoam,random hazards,10.0,36.55,39.56,38.22,38.81
05_Schafgasse_1_000008_000070,14,headlight,random hazards,22.0,26.37,27.24,26.84,26.98
05_Schafgasse_1_000008_000110,34,styrofoam,random hazards,16.0,23.57,26.72,25.73,26.16
05_Schafgasse_1_000008_000110,14,headlight,random hazards,47.0,13.23,15.87,15.75,15.79
05_Schafgasse_1_000009_000090,23,dog (black),emotional hazards,21.0,53.46,49.25,46.91,48.84
05_Schafgasse_1_000009_000130,23,dog (black),emotional hazards,25.0,44.83,44.38,42.76,43.47
05_Schafgasse_1_000009_000170,23,dog (black),emotional hazards,33.0,32.2,32.44,31.15,31.85
05_Schafgasse_1_000009_000210,23,dog (black),emotional hazards,59.0,18.28,20.8,19.89,20.3
05_Schafgasse_1_000010_000040,24,dog (white),emotional hazards,15.0,53.21,50.02,46.95,48.07
05_Schafgasse_1_000010_000080,24,dog (white),emotional hazards,16.0,48.51,42.86,41.05,41.54
05_Schafgasse_1_000010_000120,24,dog (white),emotional hazards,22.0,35.82,35.41,34.06,34.69
05_Schafgasse_1_000010_000160,24,dog (white),emotional hazards,38.0,19.55,21.79,21.3,21.5
05_Schafgasse_1_000011_000140,27,bobby car (red),emotional hazards,36.0,28.89,28.8,28.17,28.38
05_Schafgasse_1_000011_000180,27,bobby car (red),emotional hazards,105.0,9.75,12.05,11.8,11.89
05_Schafgasse_1_000012_000060,28,bobby car (yellow),emotional hazards,20.0,72.06,60.12,58.88,59.41
05_Schafgasse_1_000012_000100,28,bobby car (yellow),emotional hazards,21.0,57.89,50.0,48.81,49.25
05_Schafgasse_1_000012_000140,28,bobby car (yellow),emotional hazards,28.0,40.13,37.31,36.38,36.53
05_Schafgasse_1_000012_000180,28,bobby car (yellow),emotional hazards,47.0,22.57,23.73,23.38,23.5
05_Schafgasse_1_000012_000220,28,bobby car (yellow),emotional hazards,142.0,7.32,9.48,9.23,9.33
05_Schafgasse_1_000013_000060,26,bobby car (gray),emotional hazards,17.0,61.51,57.66,54.55,55.62
05_Schafgasse_1_000013_000100,26,bobby car (gray),emotional hazards,22.0,45.71,42.3,39.85,40.69
05_Schafgasse_1_000013_000140,26,bobby car (gray),emotional hazards,39.0,28.02,28.78,27.73,28.11
05_Schafgasse_1_000013_000180,26,bobby car (gray),emotional hazards,97.0,10.46,11.74,11.59,11.65
05_Schafgasse_1_000014_000060,24,dog (white),emotional hazards,26.0,41.49,46.28,43.06,44.59
05_Schafgasse_1_000014_000100,24,dog (white),emotional hazards,32.0,28.71,31.59,30.73,31.03
05_Schafgasse_1_000014_000140,24,dog (white),emotional hazards,62.0,14.09,18.75,18.3,18.44
05_Schafgasse_1_000015_000060,27,bobby car (red),emotional hazards,25.0,43.62,48.59,46.03,46.84
05_Schafgasse_1_000015_000100,27,bobby car (red),emotional hazards,36.0,29.06,35.56,34.69,35.0
05_Schafgasse_1_000015_000140,27,bobby car (red),emotional hazards,68.0,14.93,19.36,19.25,19.3
05_Schafgasse_1_000016_000030,27,bobby car (red),emotional hazards,20.0,52.31,42.09,41.41,41.62
05_Schafgasse_1_000016_000070,27,bobby car (red),emotional hazards,24.0,45.53,36.98,36.18,36.44
05_Schafgasse_1_000016_000110,27,bobby car (red),emotional hazards,34.0,31.6,29.97,28.81,29.14
05_Schafgasse_1_000016_000150,27,bobby car (red),emotional hazards,63.0,16.08,17.84,17.64,17.7
05_Schafgasse_1_000017_000040,26,bobby car (gray),emotional hazards,21.0,52.37,43.84,42.78,43.28
05_Schafgasse_1_000017_000080,26,bobby car (gray),emotional hazards,26.0,43.18,38.34,37.44,37.78
05_Schafgasse_1_000017_000120,26,bobby car (gray),emotional hazards,35.0,28.26,29.36,28.67,28.91
05_Schafgasse_1_000017_000160,26,bobby car (gray),emotional hazards,70.0,14.1,17.08,16.8,16.86
05_Schafgasse_1_000018_000040,24,dog (white),emotional hazards,23.0,52.2,42.31,41.31,41.94
05_Schafgasse_1_000018_000080,24,dog (white),emotional hazards,29.0,39.39,34.16,32.69,33.41
05_Schafgasse_1_000018_000120,24,dog (white),emotional hazards,50.0,21.02,23.81,22.95,23.41
05_Schafgasse_1_000019_000070,23,dog (black),emotional hazards,21.0,58.47,45.86,44.94,45.25
05_Schafgasse_1_000019_000110,23,dog (black),emotional hazards,28.0,48.86,40.47,39.53,40.0
05_Schafgasse_1_000019_000150,23,dog (black),emotional hazards,37.0,33.25,31.02,29.61,30.53
05_Schafgasse_1_000019_000190,23,dog (black),emotional hazards,68.0,15.91,18.62,18.23,18.44
07_Festplatz_Flugfeld_000000_000040,04,crate (gray),standard objects,8.0,77.52,64.44,61.97,62.97
07_Festplatz_Flugfeld_000000_000040,05,"crate (gray, 2x stacked)",standard objects,11.0,91.55,73.59,72.5,73.19
07_Festplatz_Flugfeld_000000_000040,06,"crate (gray, upright)",standard objects,15.0,106.56,69.09,67.44,67.88
07_Festplatz_Flugfeld_000000_000080,04,crate (gray),standard objects,8.0,64.92,56.2,52.75,54.42
07_Festplatz_Flugfeld_000000_000080,05,"crate (gray, 2x stacked)",standard objects,12.0,76.82,74.31,67.28,70.44
07_Festplatz_Flugfeld_000000_000080,06,"crate (gray, upright)",standard objects,17.0,94.08,65.25,64.12,64.31
07_Festplatz_Flugfeld_000000_000120,04,crate (gray),standard objects,9.0,48.99,47.53,45.88,46.66
07_Festplatz_Flugfeld_000000_000120,05,"crate (gray, 2x stacked)",standard objects,13.0,63.95,58.78,56.88,57.5
07_Festplatz_Flugfeld_000000_000120,06,"crate (gray, upright)",standard objects,21.0,68.72,57.94,56.78,57.53
07_Festplatz_Flugfeld_000000_000160,04,crate (gray),standard objects,14.0,33.12,32.67,31.8,32.06
07_Festplatz_Flugfeld_000000_000160,05,"crate (gray, 2x stacked)",standard objects,19.0,47.21,45.97,44.0,44.56
07_Festplatz_Flugfeld_000000_000160,06,"crate (gray, upright)",standard objects,30.0,52.01,45.12,44.22,44.66
07_Festplatz_Flugfeld_000000_000200,04,crate (gray),standard objects,24.0,18.02,19.94,19.48,19.67
07_Festplatz_Flugfeld_000000_000200,05,"crate (gray, 2x stacked)",standard objects,26.0,31.42,32.25,31.48,31.67
07_Festplatz_Flugfeld_000000_000200,06,"crate (gray, upright)",standard objects,42.0,36.24,35.06,33.75,34.25
07_Festplatz_Flugfeld_000000_000240,05,"crate (gray, 2x stacked)",standard objects,51.0,15.84,18.62,18.42,18.53
07_Festplatz_Flugfeld_000000_000240,06,"crate (gray, upright)",standard objects,64.0,20.94,22.98,22.22,22.62
07_Festplatz_Flugfeld_000001_000040,03,"crate (black, upright)",standard objects,7.0,88.02,69.5,67.75,68.44
07_Festplatz_Flugfeld_000001_000040,02,"crate (black, 2x stacked)",standard objects,10.0,104.11,71.0,69.69,70.31
07_Festplatz_Flugfeld_000001_000040,01,crate (black),standard objects,9.0,99.3,76.97,75.18,76.2
07_Festplatz_Flugfeld_000001_000080,03,"crate (black, upright)",standard objects,11.0,73.41,58.58,56.47,57.09
07_Festplatz_Flugfeld_000001_000080,02,"crate (black, 2x stacked)",standard objects,11.0,93.0,60.05,56.86,58.38
07_Festplatz_Flugfeld_000001_000080,01,crate (black),standard objects,9.0,87.15,66.56,62.83,63.94
07_Festplatz_Flugfeld_000001_000120,03,"crate (black, upright)",standard objects,13.0,52.22,48.72,47.84,48.0
07_Festplatz_Flugfeld_000001_000120,02,"crate (black, 2x stacked)",standard objects,14.0,70.93,57.12,55.25,56.23
07_Festplatz_Flugfeld_000001_000120,01,crate (black),standard objects,11.0,64.13,55.44,53.58,54.15
07_Festplatz_Flugfeld_000001_000160,03,"crate (black, upright)",standard objects,20.0,34.27,33.81,32.78,33.09
07_Festplatz_Flugfeld_000001_000160,02,"crate (black, 2x stacked)",standard objects,21.0,50.39,41.72,39.38,40.62
07_Festplatz_Flugfeld_000001_000160,01,crate (black),standard objects,17.0,47.37,41.23,40.16,40.38
07_Festplatz_Flugfeld_000001_000200,03,"crate (black, upright)",standard objects,42.0,16.73,18.58,18.19,18.33
07_Festplatz_Flugfeld_000001_000200,02,"crate (black, 2x stacked)",standard objects,32.0,32.75,31.93,30.94,31.19
07_Festplatz_Flugfeld_000001_000200,01,crate (black),standard objects,28.0,29.38,27.78,27.16,27.36
07_Festplatz_Flugfeld_000002_000190,08,cardboard box,random hazards,11.0,86.86,71.91,64.62,66.73
07_Festplatz_Flugfeld_000002_000190,07,bumper,random hazards,17.0,99.53,73.19,71.62,72.25
07_Festplatz_Flugfeld_000002_000230,08,cardboard box,random hazards,11.0,76.87,63.09,58.6,60.12
07_Festplatz_Flugfeld_000002_000230,07,bumper,random hazards,18.0,84.86,67.75,65.44,66.19
07_Festplatz_Flugfeld_000002_000270,08,cardboard box,random hazards,14.0,65.08,53.0,50.33,51.38
07_Festplatz_Flugfeld_000002_000270,07,bumper,random hazards,23.0,74.13,61.47,59.16,60.06
07_Festplatz_Flugfeld_000002_000310,08,cardboard box,random hazards,19.0,48.05,44.44,41.38,42.72
07_Festplatz_Flugfeld_000002_000310,07,bumper,random hazards,26.0,57.05,53.47,52.22,52.91
07_Festplatz_Flugfeld_000002_000350,08,cardboard box,random hazards,26.0,31.73,31.38,30.03,30.47
07_Festplatz_Flugfeld_000002_000350,07,bumper,random hazards,35.0,40.65,43.53,42.46,42.88
07_Festplatz_Flugfeld_000002_000390,08,cardboard box,random hazards,49.0,18.09,22.14,21.62,21.77
07_Festplatz_Flugfeld_000002_000390,07,bumper,random hazards,58.0,25.89,35.16,34.44,34.72
07_Festplatz_Flugfeld_000002_000430,07,bumper,random hazards,95.0,14.14,18.69,18.44,18.55
07_Festplatz_Flugfeld_000003_000100,34,styrofoam,random hazards,5.0,76.96,61.86,59.56,60.16
07_Festplatz_Flugfeld_000003_000100,07,bumper,random hazards,16.0,89.7,73.19,71.31,72.25
07_Festplatz_Flugfeld_000003_000140,34,styrofoam,random hazards,6.0,62.07,56.2,52.5,53.59
07_Festplatz_Flugfeld_000003_000140,07,bumper,random hazards,18.0,76.01,70.19,67.25,68.0
07_Festplatz_Flugfeld_000003_000180,34,styrofoam,random hazards,9.0,45.84,45.91,43.91,44.5
07_Festplatz_Flugfeld_000003_000180,07,bumper,random hazards,24.0,60.28,63.38,59.39,61.41
07_Festplatz_Flugfeld_000003_000220,34,styrofoam,random hazards,13.0,32.7,32.47,30.95,31.42
07_Festplatz_Flugfeld_000003_000220,07,bumper,random hazards,29.0,47.44,47.06,45.72,46.09
07_Festplatz_Flugfeld_000003_000260,34,styrofoam,random hazards,25.0,18.93,20.92,20.42,20.58
07_Festplatz_Flugfeld_000003_000260,07,bumper,random hazards,38.0,34.24,36.19,34.91,35.25
07_Festplatz_Flugfeld_000003_000300,07,bumper,random hazards,73.0,19.75,23.61,22.69,22.94
07_Festplatz_Flugfeld_000003_000340,07,bumper,random hazards,215.0,7.54,9.93,9.25,9.46
07_Festplatz_Flugfeld_000004_000060,08,cardboard box,random hazards,10.0,51.6,38.19,37.28,37.65
07_Festplatz_Flugfeld_000004_000060,20,tire,random hazards,15.0,48.55,35.31,34.75,34.97
07_Festplatz_Flugfeld_000004_000100,08,cardboard box,random hazards,12.0,43.65,33.78,32.98,33.25
07_Festplatz_Flugfeld_000004_000100,20,tire,random hazards,20.0,38.09,29.85,29.33,29.55
07_Festplatz_Flugfeld_000004_000140,08,cardboard box,random hazards,18.0,30.37,26.95,26.56,26.67
07_Festplatz_Flugfeld_000004_000140,20,tire,random hazards,34.0,23.81,21.69,21.5,21.56
07_Festplatz_Flugfeld_000004_000180,08,cardboard box,random hazards,28.0,17.31,17.97,17.86,17.91
07_Festplatz_Flugfeld_000004_000180,20,tire,random hazards,71.0,10.66,12.02,11.91,11.96
07_Festplatz_Flugfeld_000004_000220,08,cardboard box,random hazards,80.0,6.89,8.48,8.35,8.41
07_Festplatz_Flugfeld_000005_000050,09,crate (blue),random hazards,13.0,43.17,33.66,33.12,33.25
07_Festplatz_Flugfeld_000005_000050,13,exhaust pipe,random hazards,16.0,48.38,35.16,33.62,34.3
07_Festplatz_Flugfeld_000005_000090,09,crate (blue),random hazards,16.0,35.7,29.84,28.98,29.3
07_Festplatz_Flugfeld_000005_000090,13,exhaust pipe,random hazards,20.0,39.95,31.28,30.31,30.65
07_Festplatz_Flugfeld_000005_000130,09,crate (blue),random hazards,25.0,24.88,23.2,22.06,22.61
07_Festplatz_Flugfeld_000005_000130,13,exhaust pipe,random hazards,29.0,28.88,25.59,23.75,24.19
07_Festplatz_Flugfeld_000005_000170,09,crate (blue),random hazards,44.0,12.9,14.5,14.24,14.34
07_Festplatz_Flugfeld_000005_000170,13,exhaust pipe,random hazards,43.0,17.13,17.61,16.73,16.88
15_Rechbergstr_Deckenpfronn_000000_000040,39,kid (walking),humans,52.0,44.16,51.19,49.81,50.16
15_Rechbergstr_Deckenpfronn_000000_000040,40,kid (on a bobby car),humans,48.0,43.18,51.69,51.0,51.31
15_Rechbergstr_Deckenpfronn_000000_000080,39,kid (walking),humans,50.0,45.09,49.62,48.15,48.47
15_Rechbergstr_Deckenpfronn_000000_000080,40,kid (on a bobby car),humans,50.0,43.24,51.16,50.31,50.62
15_Rechbergstr_Deckenpfronn_000000_000120,40,kid (on a bobby car),humans,45.0,44.11,52.56,51.84,52.22
15_Rechbergstr_Deckenpfronn_000000_000120,41,kid (on a small bobby car),humans,37.0,46.99,54.62,53.5,53.84
15_Rechbergstr_Deckenpfronn_000000_000160,40,kid (on a bobby car),humans,47.0,47.93,53.88,53.12,53.53
15_Rechbergstr_Deckenpfronn_000000_000160,41,kid (on a small bobby car),humans,37.0,47.58,53.72,52.72,53.0
15_Rechbergstr_Deckenpfronn_000001_000050,40,kid (on a bobby car),humans,25.0,63.6,73.38,72.0,72.88
15_Rechbergstr_Deckenpfronn_000001_000050,41,kid (on a small bobby car),humans,26.0,62.04,68.66,67.31,67.75
15_Rechbergstr_Deckenpfronn_000001_000050,39,kid (walking),humans,33.0,64.56,74.56,73.86,74.12
15_Rechbergstr_Deckenpfronn_000001_000050,40,kid (on a bobby car),humans,28.0,62.46,72.12,70.25,71.0
15_Rechbergstr_Deckenpfronn_000001_000090,40,kid (on a bobby car),humans,28.0,63.56,73.69,72.44,73.0
15_Rechbergstr_Deckenpfronn_000001_000090,39,kid (walking),humans,34.0,63.76,74.56,73.75,74.12
15_Rechbergstr_Deckenpfronn_000001_000090,40,kid (on a bobby car),humans,27.0,62.13,72.22,70.5,71.19
15_Rechbergstr_Deckenpfronn_000001_000090,41,kid (on a small bobby car),humans,26.0,62.34,70.16,68.94,69.44
15_Rechbergstr_Deckenpfronn_000001_000130,41,kid (on a small bobby car),humans,26.0,61.92,68.88,67.12,67.62
15_Rechbergstr_Deckenpfronn_000001_000130,40,kid (on a bobby car),humans,35.0,63.6,71.44,70.88,71.19
15_Rechbergstr_Deckenpfronn_000001_000130,40,kid (on a bobby car),humans,13.0,61.13,71.25,70.14,70.55
15_Rechbergstr_Deckenpfronn_000001_000170,41,kid (on a small bobby car),humans,26.0,61.98,67.62,65.25,66.25
15_Rechbergstr_Deckenpfronn_000001_000170,40,kid (on a bobby car),humans,12.0,64.53,72.56,71.82,72.12
15_Rechbergstr_Deckenpfronn_000001_000170,40,kid (on a bobby car),humans,29.0,64.01,71.59,70.38,70.75
15_Rechbergstr_Deckenpfronn_000001_000170,39,kid (walking),humans,30.0,64.08,72.5,70.88,71.56
15_Rechbergstr_Deckenpfronn_000001_000170,40,kid (on a bobby car),humans,29.0,62.34,70.75,69.56,70.12
15_Rechbergstr_Deckenpfronn_000001_000210,41,kid (on a small bobby car),humans,26.0,61.89,69.38,68.19,68.56
15_Rechbergstr_Deckenpfronn_000001_000210,40,kid (on a bobby car),humans,15.0,63.29,68.75,66.81,67.28
15_Rechbergstr_Deckenpfronn_000001_000210,40,kid (on a bobby car),humans,34.0,61.13,66.81,65.88,66.38
15_Rechbergstr_Deckenpfronn_000001_000250,40,kid (on a bobby car),humans,16.0,63.42,68.81,68.31,68.56
15_Rechbergstr_Deckenpfronn_000001_000250,41,kid (on a small bobby car),humans,26.0,62.8,68.88,67.69,68.19
15_Rechbergstr_Deckenpfronn_000001_000250,40,kid (on a bobby car),humans,34.0,61.81,67.38,66.5,66.88
15_Rechbergstr_Deckenpfronn_000001_000290,41,kid (on a small bobby car),humans,26.0,61.87,70.56,69.75,70.06
15_Rechbergstr_Deckenpfronn_000001_000290,40,kid (on a bobby car),humans,34.0,61.63,69.75,68.75,69.19
15_Rechbergstr_Deckenpfronn_000001_000290,39,kid (walking),humans,33.0,63.7,75.31,74.75,75.0
15_Rechbergstr_Deckenpfronn_000001_000290,39,kid (walking),humans,34.0,63.57,75.69,75.38,75.5
15_Rechbergstr_Deckenpfronn_000002_000140,40,kid (on a bobby car),humans,55.0,37.5,43.25,41.88,42.31
15_Rechbergstr_Deckenpfronn_000002_000180,40,kid (on a bobby car),humans,71.0,31.04,37.34,36.66,36.88
15_Rechbergstr_Deckenpfronn_000003_000150,40,kid (on a bobby car),humans,70.0,30.42,35.41,35.0,35.19
15_Rechbergstr_Deckenpfronn_000004_000160,41,kid (on a small bobby car),humans,41.0,40.22,44.06,43.31,43.59
15_Rechbergstr_Deckenpfronn_000004_000200,41,kid (on a small bobby car),humans,56.0,31.3,38.78,37.56,38.03
15_Rechbergstr_Deckenpfronn_000004_000240,41,kid (on a small bobby car),humans,79.0,21.23,29.03,28.41,28.64
15_Rechbergstr_Deckenpfronn_000004_000280,41,kid (on a small bobby car),humans,120.0,14.11,21.02,20.55,20.64
15_Rechbergstr_Deckenpfronn_000005_000040,42,kid (crawling),humans,84.0,12.54,18.77,18.5,18.61
15_Rechbergstr_Deckenpfronn_000005_000080,42,kid (crawling),humans,68.0,12.68,19.53,19.16,19.28
15_Rechbergstr_Deckenpfronn_000006_000100,39,kid (walking),humans,47.0,45.15,49.56,48.38,48.84
15_Rechbergstr_Deckenpfronn_000006_000140,39,kid (walking),humans,55.0,40.46,44.59,44.0,44.34
15_Rechbergstr_Deckenpfronn_000006_000180,39,kid (walking),humans,75.0,31.62,40.5,38.91,39.75
15_Rechbergstr_Deckenpfronn_000006_000220,39,kid (walking),humans,98.0,25.04,34.69,33.31,34.0
15_Rechbergstr_Deckenpfronn_000006_000260,39,kid (walking),humans,118.0,19.23,30.86,28.17,29.56
15_Rechbergstr_Deckenpfronn_000006_000340,39,kid (walking),humans,218.0,10.55,18.39,16.45,17.28
15_Rechbergstr_Deckenpfronn_000007_000060,39,kid (walking),humans,46.0,50.35,75.81,74.94,75.38
15_Rechbergstr_Deckenpfronn_000007_000180,39,kid (walking),humans,74.0,31.96,52.16,49.19,51.03
15_Rechbergstr_Deckenpfronn_000007_000260,39,kid (walking),humans,117.0,18.57,35.47,33.22,33.75
