frame,label,type,group,box_height_px,true_m,da2-metric-small_median,da2-metric-small_p10,da2-metric-small_p25
02_Hanns_Klemm_Str_44_000000_000020,05,"crate (gray, 2x stacked)",standard objects,12.0,62.8,71.25,67.08,68.38
02_Hanns_Klemm_Str_44_000000_000060,05,"crate (gray, 2x stacked)",standard objects,14.0,53.3,71.62,67.14,70.22
02_Hanns_Klemm_Str_44_000000_000100,05,"crate (gray, 2x stacked)",standard objects,19.0,39.82,54.78,53.75,54.12
02_Hanns_Klemm_Str_44_000000_000140,05,"crate (gray, 2x stacked)",standard objects,34.0,22.13,38.16,37.19,37.47
02_Hanns_Klemm_Str_44_000000_000180,05,"crate (gray, 2x stacked)",standard objects,120.0,7.16,12.64,12.38,12.47
02_Hanns_Klemm_Str_44_000001_000040,05,"crate (gray, 2x stacked)",standard objects,13.0,59.22,62.53,60.37,61.35
02_Hanns_Klemm_Str_44_000001_000040,04,crate (gray),standard objects,8.0,57.15,76.38,74.85,75.62
02_Hanns_Klemm_Str_44_000001_000080,05,"crate (gray, 2x stacked)",standard objects,15.0,49.69,59.75,58.75,59.0
02_Hanns_Klemm_Str_44_000001_000080,04,crate (gray),standard objects,9.0,49.94,71.75,69.94,70.56
02_Hanns_Klemm_Str_44_000001_000120,05,"crate (gray, 2x stacked)",standard objects,19.0,37.86,53.06,51.91,52.34
02_Hanns_Klemm_Str_44_000001_000120,04,crate (gray),standard objects,11.0,38.76,57.16,56.0,56.28
02_Hanns_Klemm_Str_44_000001_000160,05,"crate (gray, 2x stacked)",standard objects,33.0,23.13,41.91,41.47,41.66
02_Hanns_Klemm_Str_44_000001_000160,04,crate (gray),standard objects,19.0,23.54,40.66,40.22,40.44
02_Hanns_Klemm_Str_44_000001_000200,05,"crate (gray, 2x stacked)",standard objects,105.0,7.93,15.83,15.34,15.49
02_Hanns_Klemm_Str_44_000001_000200,04,crate (gray),standard objects,70.0,7.99,14.38,14.15,14.26
02_Hanns_Klemm_Str_44_000002_000040,02,"crate (black, 2x stacked)",standard objects,23.0,58.42,70.97,69.44,69.81
02_Hanns_Klemm_Str_44_000002_000040,01,crate (black),standard objects,10.0,57.87,74.91,70.81,72.58
02_Hanns_Klemm_Str_44_000002_000080,02,"crate (black, 2x stacked)",standard objects,28.0,49.14,66.94,64.62,65.25
02_Hanns_Klemm_Str_44_000002_000080,01,crate (black),standard objects,14.0,48.2,72.44,71.31,72.0
02_Hanns_Klemm_Str_44_000002_000120,01,crate (black),standard objects,19.0,33.73,53.38,52.28,52.84
02_Hanns_Klemm_Str_44_000002_000120,02,"crate (black, 2x stacked)",standard objects,40.0,33.43,52.41,50.91,51.53
02_Hanns_Klemm_Str_44_000002_000160,02,"crate (black, 2x stacked)",standard objects,87.0,15.94,29.44,28.59,28.89
02_Hanns_Klemm_Str_44_000002_000160,01,crate (black),standard objects,42.0,16.07,28.45,27.95,28.28
02_Hanns_Klemm_Str_44_000003_000020,20,tire,random hazards,9.0,62.98,71.62,68.44,69.25
02_Hanns_Klemm_Str_44_000003_000020,34,styrofoam,random hazards,6.0,63.42,78.88,77.81,78.45
02_Hanns_Klemm_Str_44_000003_000060,20,tire,random hazards,10.0,54.2,68.94,61.98,63.63
02_Hanns_Klemm_Str_44_000003_000060,34,styrofoam,random hazards,8.0,52.78,78.12,75.82,77.03
02_Hanns_Klemm_Str_44_000003_000100,20,tire,random hazards,15.0,39.29,56.31,54.37,54.88
02_Hanns_Klemm_Str_44_000003_000100,34,styrofoam,random hazards,11.0,39.63,63.88,58.81,60.03
02_Hanns_Klemm_Str_44_000003_000140,20,tire,random hazards,27.0,22.01,38.72,38.16,38.41
02_Hanns_Klemm_Str_44_000003_000140,34,styrofoam,random hazards,19.0,22.25,39.62,38.0,38.75
02_Hanns_Klemm_Str_44_000005_000020,08,cardboard box,random hazards,10.0,60.42,68.75,65.25,66.34
02_Hanns_Klemm_Str_44_000005_000020,13,exhaust pipe,random hazards,10.0,60.3,76.5,76.07,76.38
02_Hanns_Klemm_Str_44_000005_000060,08,cardboard box,random hazards,10.0,53.48,70.5,69.16,69.62
02_Hanns_Klemm_Str_44_000005_000060,13,exhaust pipe,random hazards,9.0,52.82,76.22,74.57,75.25
02_Hanns_Klemm_Str_44_000005_000100,13,exhaust pipe,random hazards,14.0,40.54,62.7,58.59,59.81
02_Hanns_Klemm_Str_44_000005_000100,08,cardboard box,random hazards,14.0,40.37,62.28,58.81,59.66
02_Hanns_Klemm_Str_44_000005_000140,08,cardboard box,random hazards,25.0,24.19,41.97,40.25,40.91
02_Hanns_Klemm_Str_44_000005_000140,13,exhaust pipe,random hazards,26.0,24.75,40.81,39.97,40.34
02_Hanns_Klemm_Str_44_000005_000180,08,cardboard box,random hazards,63.0,9.69,16.67,16.36,16.42
02_Hanns_Klemm_Str_44_000005_000180,13,exhaust pipe,random hazards,65.0,10.26,18.72,18.09,18.28
02_Hanns_Klemm_Str_44_000006_000030,13,exhaust pipe,random hazards,11.0,47.44,43.47,42.32,42.72
02_Hanns_Klemm_Str_44_000006_000030,08,cardboard box,random hazards,10.0,51.8,44.31,42.47,42.92
02_Hanns_Klemm_Str_44_000006_000070,13,exhaust pipe,random hazards,15.0,46.95,37.53,36.28,36.72
02_Hanns_Klemm_Str_44_000006_000070,08,cardboard box,random hazards,12.0,45.26,39.06,37.56,38.12
02_Hanns_Klemm_Str_44_000006_000110,13,exhaust pipe,random hazards,18.0,34.67,29.93,29.03,29.29
02_Hanns_Klemm_Str_44_000006_000110,08,cardboard box,random hazards,15.0,34.35,31.15,30.02,30.4
02_Hanns_Klemm_Str_44_000006_000150,13,exhaust pipe,random hazards,33.0,21.58,23.4,22.62,22.84
02_Hanns_Klemm_Str_44_000006_000150,08,cardboard box,random hazards,27.0,21.27,23.38,22.55,22.88
02_Hanns_Klemm_Str_44_000006_000190,13,exhaust pipe,random hazards,113.0,7.59,9.52,9.25,9.33
02_Hanns_Klemm_Str_44_000006_000190,08,cardboard box,random hazards,82.0,7.34,8.98,8.82,8.88
02_Hanns_Klemm_Str_44_000007_000040,20,tire,random hazards,10.0,56.75,48.97,47.91,48.31
02_Hanns_Klemm_Str_44_000007_000080,20,tire,random hazards,11.0,53.13,44.62,43.99,44.34
02_Hanns_Klemm_Str_44_000007_000120,20,tire,random hazards,14.0,43.31,40.5,38.28,39.0
02_Hanns_Klemm_Str_44_000007_000160,20,tire,random hazards,18.0,32.51,29.53,28.53,29.02
02_Hanns_Klemm_Str_44_000007_000200,20,tire,random hazards,30.0,20.28,22.61,21.95,22.22
02_Hanns_Klemm_Str_44_000007_000240,20,tire,random hazards,95.0,7.22,8.88,8.8,8.83
02_Hanns_Klemm_Str_44_000008_000040,20,tire,random hazards,9.0,61.92,52.19,50.99,51.63
02_Hanns_Klemm_Str_44_000008_000080,20,tire,random hazards,11.0,55.38,51.34,49.73,50.38
02_Hanns_Klemm_Str_44_000008_000120,20,tire,random hazards,15.0,40.77,35.91,35.09,35.53
02_Hanns_Klemm_Str_44_000008_000160,20,tire,random hazards,21.0,26.35,29.78,29.3,29.53
02_Hanns_Klemm_Str_44_000008_000200,20,tire,random hazards,54.0,11.87,14.26,14.12,14.17
02_Hanns_Klemm_Str_44_000009_000030,02,"crate (black, 2x stacked)",standard objects,20.0,64.53,61.28,57.41,59.31
02_Hanns_Klemm_Str_44_000009_000030,01,crate (black),standard objects,10.0,66.25,59.12,56.06,56.88
02_Hanns_Klemm_Str_44_000009_000070,02,"crate (black, 2x stacked)",standard objects,22.0,63.01,52.62,49.84,51.06
02_Hanns_Klemm_Str_44_000009_000070,01,crate (black),standard objects,11.0,61.19,51.83,50.38,50.93
02_Hanns_Klemm_Str_44_000009_000110,02,"crate (black, 2x stacked)",standard objects,26.0,50.97,50.55,46.91,48.03
02_Hanns_Klemm_Str_44_000009_000110,01,crate (black),standard objects,14.0,51.87,47.59,46.39,46.91
02_Hanns_Klemm_Str_44_000009_000150,02,"crate (black, 2x stacked)",standard objects,36.0,37.31,33.09,31.55,32.25
02_Hanns_Klemm_Str_44_000009_000150,01,crate (black),standard objects,19.0,37.96,33.59,32.66,33.15
02_Hanns_Klemm_Str_44_000009_000190,02,"crate (black, 2x stacked)",standard objects,65.0,22.58,28.45,27.17,27.78
02_Hanns_Klemm_Str_44_000009_000190,01,crate (black),standard objects,31.0,22.63,28.44,27.89,28.11
02_Hanns_Klemm_Str_44_000009_000230,02,"crate (black, 2x stacked)",standard objects,227.0,6.35,8.06,7.77,7.86
02_Hanns_Klemm_Str_44_000009_000230,01,crate (black),standard objects,117.0,6.48,7.91,7.81,7.84
02_Hanns_Klemm_Str_44_000010_000040,05,"crate (gray, 2x stacked)",standard objects,11.0,62.62,55.7,54.06,54.95
02_Hanns_Klemm_Str_44_000010_000040,04,crate (gray),standard objects,7.0,62.89,54.81,53.56,54.06
02_Hanns_Klemm_Str_44_000010_000080,05,"crate (gray, 2x stacked)",standard objects,12.0,57.48,49.16,47.01,48.0
02_Hanns_Klemm_Str_44_000010_000080,04,crate (gray),standard objects,7.0,60.29,48.34,46.97,47.5
02_Hanns_Klemm_Str_44_000010_000120,05,"crate (gray, 2x stacked)",standard objects,16.0,42.63,39.25,37.41,38.22
02_Hanns_Klemm_Str_44_000010_000120,04,crate (gray),standard objects,11.0,43.28,38.88,37.59,38.12
02_Hanns_Klemm_Str_44_000010_000160,05,"crate (gray, 2x stacked)",standard objects,29.0,27.84,31.5,30.45,31.0
02_Hanns_Klemm_Str_44_000010_000160,04,crate (gray),standard objects,18.0,27.92,31.88,30.98,31.33
02_Hanns_Klemm_Str_44_000010_000200,04,crate (gray),standard objects,43.0,11.64,14.07,13.89,13.95
02_Hanns_Klemm_Str_44_000010_000200,05,"crate (gray, 2x stacked)",standard objects,66.0,11.48,14.38,14.09,14.23
02_Hanns_Klemm_Str_44_000011_000040,23,dog (black),emotional hazards,16.0,72.47,67.81,67.03,67.38
02_Hanns_Klemm_Str_44_000011_000080,23,dog (black),emotional hazards,16.0,70.68,59.78,58.7,59.09
02_Hanns_Klemm_Str_44_000011_000120,23,dog (black),emotional hazards,21.0,54.66,64.38,61.61,63.0
02_Hanns_Klemm_Str_44_000011_000160,23,dog (black),emotional hazards,29.0,36.3,52.78,51.28,52.0
02_Hanns_Klemm_Str_44_000011_000200,23,dog (black),emotional hazards,46.0,21.3,41.28,40.41,40.75
02_Hanns_Klemm_Str_44_000011_000240,23,dog (black),emotional hazards,118.0,8.99,13.66,12.74,12.96
02_Hanns_Klemm_Str_44_000012_000050,24,dog (white),emotional hazards,7.0,67.6,71.75,69.94,70.66
02_Hanns_Klemm_Str_44_000012_000090,24,dog (white),emotional hazards,8.0,59.36,62.3,60.8,61.42
02_Hanns_Klemm_Str_44_000012_000130,24,dog (white),emotional hazards,10.0,42.51,72.81,68.8,70.81
02_Hanns_Klemm_Str_44_000012_000170,24,dog (white),emotional hazards,23.0,26.63,49.75,47.38,48.31
02_Hanns_Klemm_Str_44_000013_000020,26,bobby car (gray),emotional hazards,13.0,67.11,77.12,76.69,76.94
02_Hanns_Klemm_Str_44_000013_000060,26,bobby car (gray),emotional hazards,15.0,62.56,66.56,64.06,65.19
02_Hanns_Klemm_Str_44_000013_000100,26,bobby car (gray),emotional hazards,17.0,54.49,62.73,61.19,61.72
02_Hanns_Klemm_Str_44_000013_000140,26,bobby car (gray),emotional hazards,21.0,41.95,64.59,58.84,61.25
02_Hanns_Klemm_Str_44_000013_000180,26,bobby car (gray),emotional hazards,33.0,26.95,47.12,45.38,45.97
02_Hanns_Klemm_Str_44_000013_000220,26,bobby car (gray),emotional hazards,81.0,12.05,24.45,23.73,24.09
02_Hanns_Klemm_Str_44_000014_000040,27,bobby car (red),emotional hazards,11.0,74.91,75.5,71.88,73.56
02_Hanns_Klemm_Str_44_000014_000080,27,bobby car (red),emotional hazards,12.0,69.54,72.62,71.62,71.88
02_Hanns_Klemm_Str_44_000014_000120,27,bobby car (red),emotional hazards,16.0,48.95,66.81,62.16,64.69
02_Hanns_Klemm_Str_44_000014_000160,27,bobby car (red),emotional hazards,25.0,33.43,54.89,51.62,52.72
02_Hanns_Klemm_Str_44_000014_000200,27,bobby car (red),emotional hazards,56.0,17.55,28.48,27.14,27.44
02_Hanns_Klemm_Str_44_000015_000060,27,bobby car (red),emotional hazards,8.0,50.0,45.31,43.11,44.39
02_Hanns_Klemm_Str_44_000015_000100,27,bobby car (red),emotional hazards,10.0,41.04,40.38,39.56,39.89
02_Hanns_Klemm_Str_44_000015_000140,27,bobby car (red),emotional hazards,26.0,32.17,29.64,29.19,29.34
02_Hanns_Klemm_Str_44_000015_000180,27,bobby car (red),emotional hazards,56.0,17.83,15.23,14.98,15.09
02_Hanns_Klemm_Str_44_000016_000020,26,bobby car (gray),emotional hazards,10.0,45.07,43.06,41.94,42.3
02_Hanns_Klemm_Str_44_000016_000060,26,bobby car (gray),emotional hazards,11.0,44.07,42.28,41.41,41.72
02_Hanns_Klemm_Str_44_000016_000100,26,bobby car (gray),emotional hazards,15.0,32.71,36.94,35.69,36.19
02_Hanns_Klemm_Str_44_000016_000140,26,bobby car (gray),emotional hazards,55.0,19.06,18.55,18.3,18.39
02_Hanns_Klemm_Str_44_000016_000180,26,bobby car (gray),emotional hazards,156.0,6.4,7.18,7.04,7.1
02_Hanns_Klemm_Str_44_000017_000050,23,dog (black),emotional hazards,13.0,48.93,43.28,42.94,43.03
02_Hanns_Klemm_Str_44_000017_000090,23,dog (black),emotional hazards,19.0,37.58,36.52,35.5,35.91
02_Hanns_Klemm_Str_44_000017_000130,23,dog (black),emotional hazards,45.0,22.98,20.81,20.05,20.56
02_Hanns_Klemm_Str_44_000017_000170,23,dog (black),emotional hazards,132.0,7.92,10.02,9.84,9.92
02_Hanns_Klemm_Str_44_000018_000110,24,dog (white),emotional hazards,11.0,42.68,36.48,35.69,35.94
02_Hanns_Klemm_Str_44_000018_000150,24,dog (white),emotional hazards,30.0,27.73,25.52,24.29,24.73
02_Hanns_Klemm_Str_44_000018_000190,24,dog (white),emotional hazards,58.0,13.84,16.28,15.93,16.16
04_Maurener_Weg_8_000000_000030,04,crate (gray),standard objects,9.0,62.86,64.12,61.29,62.47
04_Maurener_Weg_8_000000_000030,05,"crate (gray, 2x stacked)",standard objects,12.0,72.3,70.75,68.05,69.0
04_Maurener_Weg_8_000000_000030,06,"crate (gray, upright)",standard objects,21.0,71.32,69.78,61.8,64.89
04_Maurener_Weg_8_000000_000070,04,crate (gray),standard objects,11.0,51.21,51.56,49.93,50.74
04_Maurener_Weg_8_000000_000070,05,"crate (gray, 2x stacked)",standard objects,14.0,60.84,58.5,56.12,57.16
04_Maurener_Weg_8_000000_000070,06,"crate (gray, upright)",standard objects,25.0,59.39,56.88,51.5,53.38
04_Maurener_Weg_8_000000_000110,04,crate (gray),standard objects,18.0,32.78,39.19,37.81,38.34
04_Maurener_Weg_8_000000_000110,05,"crate (gray, 2x stacked)",standard objects,20.0,42.43,44.56,43.72,44.03
04_Maurener_Weg_8_000000_000110,06,"crate (gray, upright)",standard objects,34.0,42.64,44.78,39.97,41.78
04_Maurener_Weg_8_000000_000150,04,crate (gray),standard objects,35.0,16.61,22.42,21.75,22.14
04_Maurener_Weg_8_000000_000150,05,"crate (gray, 2x stacked)",standard objects,34.0,25.85,32.41,31.61,31.92
04_Maurener_Weg_8_000000_000150,06,"crate (gray, upright)",standard objects,60.0,24.26,32.41,27.06,28.59
04_Maurener_Weg_8_000000_000190,05,"crate (gray, 2x stacked)",standard objects,70.0,12.06,15.82,15.59,15.67
04_Maurener_Weg_8_000000_000190,06,"crate (gray, upright)",standard objects,150.0,9.65,12.55,12.02,12.28
04_Maurener_Weg_8_000001_000050,03,"crate (black, upright)",standard objects,11.0,66.25,60.67,56.78,58.31
04_Maurener_Weg_8_000001_000050,03,"crate (black, upright)",standard objects,9.0,77.84,66.19,64.19,65.06
04_Maurener_Weg_8_000001_000050,02,"crate (black, 2x stacked)",standard objects,16.0,71.11,55.22,53.44,53.97
04_Maurener_Weg_8_000001_000090,03,"crate (black, upright)",standard objects,17.0,52.86,48.97,45.79,47.02
04_Maurener_Weg_8_000001_000090,03,"crate (black, upright)",standard objects,12.0,62.43,52.69,51.59,51.88
04_Maurener_Weg_8_000001_000090,02,"crate (black, 2x stacked)",standard objects,19.0,58.16,48.25,47.31,47.53
04_Maurener_Weg_8_000001_000130,03,"crate (black, upright)",standard objects,23.0,36.42,42.19,39.06,40.04
04_Maurener_Weg_8_000001_000130,03,"crate (black, upright)",standard objects,15.0,48.13,47.78,46.66,47.02
04_Maurener_Weg_8_000001_000130,02,"crate (black, 2x stacked)",standard objects,26.0,42.43,39.84,39.06,39.41
04_Maurener_Weg_8_000001_000170,03,"crate (black, upright)",standard objects,37.0,18.45,24.05,23.12,23.45
04_Maurener_Weg_8_000001_000170,03,"crate (black, upright)",standard objects,25.0,30.81,34.81,34.16,34.38
04_Maurener_Weg_8_000001_000170,02,"crate (black, 2x stacked)",standard objects,43.0,24.93,27.36,26.52,26.78
04_Maurener_Weg_8_000001_000210,03,"crate (black, upright)",standard objects,48.0,14.97,18.92,18.48,18.58
04_Maurener_Weg_8_000001_000210,02,"crate (black, 2x stacked)",standard objects,122.0,9.33,11.8,11.64,11.73
04_Maurener_Weg_8_000002_000040,04,crate (gray),standard objects,10.0,36.57,43.03,41.28,41.89
04_Maurener_Weg_8_000002_000040,05,"crate (gray, 2x stacked)",standard objects,19.0,39.21,40.59,38.03,39.05
04_Maurener_Weg_8_000002_000040,06,"crate (gray, upright)",standard objects,33.0,51.7,55.34,48.21,51.34
04_Maurener_Weg_8_000002_000080,04,crate (gray),standard objects,15.0,25.97,31.9,30.91,31.33
04_Maurener_Weg_8_000002_000080,05,"crate (gray, 2x stacked)",standard objects,26.0,28.26,31.89,29.9,30.86
04_Maurener_Weg_8_000002_000080,06,"crate (gray, upright)",standard objects,43.0,36.7,40.28,37.78,38.97
04_Maurener_Weg_8_000002_000120,04,crate (gray),standard objects,39.0,11.76,15.09,14.75,14.93
04_Maurener_Weg_8_000002_000120,05,"crate (gray, 2x stacked)",standard objects,58.0,14.18,17.11,16.7,16.84
04_Maurener_Weg_8_000002_000120,06,"crate (gray, upright)",standard objects,70.0,19.9,26.09,24.75,25.41
04_Maurener_Weg_8_000003_000010,03,"crate (black, upright)",standard objects,20.0,32.8,40.22,39.47,39.78
04_Maurener_Weg_8_000003_000010,02,"crate (black, 2x stacked)",standard objects,30.0,38.22,40.53,38.97,39.75
04_Maurener_Weg_8_000003_000010,01,crate (black),standard objects,16.0,46.87,49.72,48.15,48.91
04_Maurener_Weg_8_000003_000050,03,"crate (black, upright)",standard objects,24.0,28.21,35.62,34.72,35.19
04_Maurener_Weg_8_000003_000050,02,"crate (black, 2x stacked)",standard objects,32.0,33.86,34.75,33.94,34.19
04_Maurener_Weg_8_000003_000050,01,crate (black),standard objects,18.0,41.91,45.72,44.78,45.41
04_Maurener_Weg_8_000003_000090,03,"crate (black, upright)",standard objects,42.0,16.64,19.53,19.17,19.27
04_Maurener_Weg_8_000003_000090,02,"crate (black, 2x stacked)",standard objects,49.0,21.29,23.34,22.95,23.11
04_Maurener_Weg_8_000003_000090,01,crate (black),standard objects,27.0,29.14,32.38,31.94,32.16
04_Maurener_Weg_8_000003_000130,02,"crate (black, 2x stacked)",standard objects,122.0,8.62,10.55,10.27,10.4
04_Maurener_Weg_8_000003_000130,01,crate (black),standard objects,50.0,16.18,20.03,19.8,19.89
04_Maurener_Weg_8_000004_000040,15,euro pallet,random hazards,12.0,53.19,55.16,50.93,52.31
04_Maurener_Weg_8_000004_000080,15,euro pallet,random hazards,13.0,50.15,47.38,45.09,45.77
04_Maurener_Weg_8_000004_000120,15,euro pallet,random hazards,12.0,39.86,42.78,40.53,41.47
04_Maurener_Weg_8_000004_000160,15,euro pallet,random hazards,23.0,25.4,29.12,28.16,28.5
04_Maurener_Weg_8_000004_000160,21,ball,emotional hazards,40.0,14.07,18.72,18.06,18.3
04_Maurener_Weg_8_000004_000200,15,euro pallet,random hazards,60.0,11.23,14.44,13.88,14.05
04_Maurener_Weg_8_000005_000030,16,pylon,random hazards,16.0,48.24,49.58,46.9,47.8
04_Maurener_Weg_8_000005_000030,18,pylon (white),random hazards,19.0,47.6,54.31,50.31,51.83
04_Maurener_Weg_8_000005_000070,16,pylon,random hazards,15.0,44.71,46.94,45.03,45.84
04_Maurener_Weg_8_000005_000070,18,pylon (white),random hazards,20.0,42.29,54.72,49.14,51.12
04_Maurener_Weg_8_000005_000110,18,pylon (white),random hazards,24.0,34.89,44.62,41.22,42.19
04_Maurener_Weg_8_000005_000110,16,pylon,random hazards,20.0,37.73,39.94,38.44,38.94
04_Maurener_Weg_8_000005_000150,18,pylon (white),random hazards,38.0,21.77,27.42,25.81,26.44
04_Maurener_Weg_8_000005_000150,16,pylon,random hazards,30.0,24.51,27.45,26.66,26.95
04_Maurener_Weg_8_000005_000190,18,pylon (white),random hazards,87.0,9.25,12.64,12.11,12.34
04_Maurener_Weg_8_000005_000190,16,pylon,random hazards,61.0,11.81,14.52,14.34,14.41
04_Maurener_Weg_8_000006_000040,18,pylon (white),random hazards,12.0,44.14,52.31,48.78,50.03
04_Maurener_Weg_8_000006_000080,18,pylon (white),random hazards,18.0,34.22,38.45,36.13,36.89
04_Maurener_Weg_8_000006_000120,18,pylon (white),random hazards,30.0,18.18,23.17,21.97,22.45
04_Maurener_Weg_8_000007_000020,25,kid dummy,emotional hazards,10.0,61.81,54.22,53.69,53.94
04_Maurener_Weg_8_000007_000020,21,ball,emotional hazards,10.0,65.08,54.81,53.5,53.91
04_Maurener_Weg_8_000007_000060,25,kid dummy,emotional hazards,8.0,51.23,50.75,48.71,49.62
04_Maurener_Weg_8_000007_000060,21,ball,emotional hazards,10.0,51.04,51.34,51.04,51.12
04_Maurener_Weg_8_000007_000100,25,kid dummy,emotional hazards,11.0,32.66,36.53,35.81,36.12
04_Maurener_Weg_8_000007_000100,21,ball,emotional hazards,15.0,32.42,36.78,35.97,36.28
04_Maurener_Weg_8_000007_000140,25,kid dummy,emotional hazards,24.0,13.94,19.83,19.22,19.42
04_Maurener_Weg_8_000007_000140,21,ball,emotional hazards,36.0,13.87,20.17,20.0,20.06
04_Maurener_Weg_8_000008_000020,31,plastic bag (bloated),random hazards,8.0,59.36,55.97,54.62,55.23
04_Maurener_Weg_8_000008_000020,11,crate (green),random hazards,12.0,66.7,56.48,54.56,55.26
04_Maurener_Weg_8_000008_000020,31,plastic bag (bloated),random hazards,8.0,56.65,48.14,46.3,46.97
04_Maurener_Weg_8_000008_000060,11,crate (green),random hazards,15.0,60.19,58.5,57.19,57.8
04_Maurener_Weg_8_000008_000060,31,plastic bag (bloated),random hazards,11.0,49.08,50.58,49.61,49.93
04_Maurener_Weg_8_000008_000060,31,plastic bag (bloated),random hazards,13.0,45.4,44.66,42.03,43.25
04_Maurener_Weg_8_000008_000100,31,plastic bag (bloated),random hazards,22.0,28.1,28.38,27.3,27.69
04_Maurener_Weg_8_000008_000100,11,crate (green),random hazards,19.0,42.25,46.09,44.56,45.22
04_Maurener_Weg_8_000008_000100,31,plastic bag (bloated),random hazards,14.0,33.31,35.59,34.88,35.16
04_Maurener_Weg_8_000008_000140,11,crate (green),random hazards,34.0,21.55,29.41,28.83,28.97
04_Maurener_Weg_8_000008_000140,31,plastic bag (bloated),random hazards,32.0,15.03,18.7,18.39,18.53
04_Maurener_Weg_8_000008_000140,31,plastic bag (bloated),random hazards,68.0,8.82,10.38,10.14,10.23
04_Maurener_Weg_8_000008_000180,11,crate (green),random hazards,98.0,7.8,11.74,11.48,11.57
04_Maurener_Weg_8_000009_000050,24,dog (white),emotional hazards,11.0,68.25,67.38,66.81,67.06
04_Maurener_Weg_8_000009_000090,24,dog (white),emotional hazards,14.0,58.85,59.56,57.03,58.56
04_Maurener_Weg_8_000009_000130,24,dog (white),emotional hazards,20.0,41.29,49.02,47.16,48.19
04_Maurener_Weg_8_000009_000170,24,dog (white),emotional hazards,31.0,23.04,31.58,30.31,31.17
04_Maurener_Weg_8_000009_000210,24,dog (white),emotional hazards,81.0,8.72,9.69,8.98,9.2
04_Maurener_Weg_8_000010_000040,23,dog (black),emotional hazards,22.0,50.66,59.84,56.25,58.62
04_Maurener_Weg_8_000010_000080,23,dog (black),emotional hazards,29.0,38.05,46.56,43.53,45.19
04_Maurener_Weg_8_000010_000120,23,dog (black),emotional hazards,52.0,20.63,28.17,27.42,27.7
04_Maurener_Weg_8_000011_000020,26,bobby car (gray),emotional hazards,18.0,62.34,62.56,59.62,61.8
04_Maurener_Weg_8_000011_000060,26,bobby car (gray),emotional hazards,18.0,60.67,55.91,54.84,55.22
04_Maurener_Weg_8_000011_000100,26,bobby car (gray),emotional hazards,23.0,47.01,47.78,46.5,46.89
04_Maurener_Weg_8_000011_000140,26,bobby car (gray),emotional hazards,33.0,30.78,38.25,37.38,37.78
04_Maurener_Weg_8_000011_000180,26,bobby car (gray),emotional hazards,64.0,15.12,21.52,21.02,21.17
04_Maurener_Weg_8_000012_000040,27,bobby car (red),emotional hazards,19.0,64.05,57.5,56.06,56.41
04_Maurener_Weg_8_000012_000080,27,bobby car (red),emotional hazards,22.0,54.27,52.34,50.28,51.06
04_Maurener_Weg_8_000012_000120,27,bobby car (red),emotional hazards,28.0,38.29,40.09,39.06,39.44
04_Maurener_Weg_8_000012_000160,27,bobby car (red),emotional hazards,54.0,19.74,25.05,24.33,24.55
04_Maurener_Weg_8_000013_000180,28,bobby car (yellow),emotional hazards,39.0,27.71,34.62,33.53,33.88
04_Maurener_Weg_8_000013_000220,28,bobby car (yellow),emotional hazards,84.0,12.64,15.87,15.67,15.76
05_Schafgasse_1_000000_000030,05,"crate (gray, 2x stacked)",standard objects,13.0,61.02,60.94,56.59,58.53
05_Schafgasse_1_000000_000070,05,"crate (gray, 2x stacked)",standard objects,13.0,51.7,46.72,44.09,45.03
05_Schafgasse_1_000000_000110,05,"crate (gray, 2x stacked)",standard objects,18.0,39.22,39.53,37.35,38.25
05_Schafgasse_1_000000_000150,05,"crate (gray, 2x stacked)",standard objects,31.0,24.92,30.02,29.58,29.81
05_Schafgasse_1_000000_000190,05,"crate (gray, 2x stacked)",standard objects,81.0,10.13,11.84,11.68,11.75
05_Schafgasse_1_000001_000090,03,"crate (black, upright)",standard objects,14.0,52.29,51.97,49.66,50.62
05_Schafgasse_1_000001_000130,03,"crate (black, upright)",standard objects,17.0,43.01,42.88,41.47,41.97
05_Schafgasse_1_000001_000170,03,"crate (black, upright)",standard objects,27.0,31.48,37.69,36.53,37.12
05_Schafgasse_1_000001_000210,03,"crate (black, upright)",standard objects,40.0,20.73,22.89,21.98,22.3
05_Schafgasse_1_000001_000250,03,"crate (black, upright)",standard objects,69.0,10.79,13.26,13.02,13.12
05_Schafgasse_1_000002_000130,08,cardboard box,random hazards,15.0,44.9,58.19,54.81,55.5
05_Schafgasse_1_000002_000130,18,pylon (white),random hazards,15.0,35.78,43.12,41.5,41.94
05_Schafgasse_1_000002_000170,08,cardboard box,random hazards,18.0,35.89,48.12,46.33,47.08
05_Schafgasse_1_000002_000170,18,pylon (white),random hazards,19.0,27.82,33.95,33.28,33.5
05_Schafgasse_1_000002_000210,08,cardboard box,random hazards,26.0,24.34,37.62,36.47,36.94
05_Schafgasse_1_000002_000210,18,pylon (white),random hazards,31.0,15.72,23.06,22.41,22.67
05_Schafgasse_1_000003_000030,20,tire,random hazards,16.0,42.15,45.28,44.25,44.66
05_Schafgasse_1_000003_000070,20,tire,random hazards,19.0,34.59,41.22,40.5,40.97
05_Schafgasse_1_000003_000110,20,tire,random hazards,27.0,23.44,33.19,32.47,32.94
05_Schafgasse_1_000003_000150,20,tire,random hazards,61.0,10.63,14.52,14.18,14.3
05_Schafgasse_1_000004_000030,11,crate (green),random hazards,13.0,45.13,51.94,50.47,50.78
05_Schafgasse_1_000004_000030,10,"crate (blue, small)",random hazards,11.0,41.74,44.41,43.75,43.96
05_Schafgasse_1_000004_000070,11,crate (green),random hazards,17.0,39.66,43.84,42.28,42.5
05_Schafgasse_1_000004_000070,10,"crate (blue, small)",random hazards,18.0,36.16,41.34,40.12,40.56
05_Schafgasse_1_000004_000110,11,crate (green),random hazards,23.0,30.01,38.78,37.53,38.09
05_Schafgasse_1_000004_000110,10,"crate (blue, small)",random hazards,18.0,25.48,33.91,33.41,33.62
05_Schafgasse_1_000004_000150,10,"crate (blue, small)",random hazards,43.0,11.52,15.05,14.73,14.84
05_Schafgasse_1_000004_000150,11,crate (green),random hazards,41.0,15.85,20.5,20.25,20.36
05_Schafgasse_1_000005_000040,29,cardboard box,random hazards,9.0,42.5,53.22,51.54,52.19
05_Schafgasse_1_000005_000080,29,cardboard box,random hazards,10.0,37.5,43.42,41.92,42.45
05_Schafgasse_1_000005_000120,29,cardboard box,random hazards,13.0,26.45,34.16,32.62,33.09
05_Schafgasse_1_000005_000120,21,ball,emotional hazards,27.0,21.28,31.52,30.86,31.0
05_Schafgasse_1_000007_000020,20,tire,random hazards,10.0,40.63,37.56,36.94,37.22
05_Schafgasse_1_000007_000060,20,tire,random hazards,10.0,33.22,31.3,30.88,30.98
05_Schafgasse_1_000007_000100,20,tire,random hazards,16.0,21.67,23.81,23.28,23.52
05_Schafgasse_1_000007_000140,20,tire,random hazards,39.0,9.29,11.29,11.19,11.21
05_Schafgasse_1_000008_000030,34,styrofoam,random hazards,7.0,47.08,40.97,40.29,40.53
05_Schafgasse_1_000008_000030,14,headlight,random hazards,18.0,36.73,33.72,33.34,33.53
05_Schafgasse_1_000008_000070,34,styrofoam,random hazards,10.0,36.55,34.34,33.56,33.84
05_Schafgasse_1_000008_000070,14,headlight,random hazards,22.0,26.37,26.78,26.28,26.55
05_Schafgasse_1_000008_000110,34,styrofoam,random hazards,16.0,23.57,27.27,26.2,26.68
05_Schafgasse_1_000008_000110,14,headlight,random hazards,47.0,13.23,15.38,15.15,15.23
05_Schafgasse_1_000009_000090,23,dog (black),emotional hazards,21.0,53.46,51.59,48.41,50.59
05_Schafgasse_1_000009_000130,23,dog (black),emotional hazards,25.0,44.83,44.81,42.59,43.83
05_Schafgasse_1_000009_000170,23,dog (black),emotional hazards,33.0,32.2,31.16,29.37,30.47
05_Schafgasse_1_000009_000210,23,dog (black),emotional hazards,59.0,18.28,20.45,19.79,20.11
05_Schafgasse_1_000010_000040,24,dog (white),emotional hazards,15.0,53.21,52.08,47.6,49.98
05_Schafgasse_1_000010_000080,24,dog (white),emotional hazards,16.0,48.51,44.92,40.38,41.86
05_Schafgasse_1_000010_000120,24,dog (white),emotional hazards,22.0,35.82,30.97,30.0,30.33
05_Schafgasse_1_000010_000160,24,dog (white),emotional hazards,38.0,19.55,20.84,19.98,20.39
05_Schafgasse_1_000011_000140,27,bobby car (red),emotional hazards,36.0,28.89,26.8,26.09,26.34
05_Schafgasse_1_000011_000180,27,bobby car (red),emotional hazards,105.0,9.75,11.23,11.01,11.09
05_Schafgasse_1_000012_000060,28,bobby car (yellow),emotional hazards,20.0,72.06,64.0,61.28,63.19
05_Schafgasse_1_000012_000100,28,bobby car (yellow),emotional hazards,21.0,57.89,49.66,47.0,47.97
05_Schafgasse_1_000012_000140,28,bobby car (yellow),emotional hazards,28.0,40.13,35.91,34.88,35.38
05_Schafgasse_1_000012_000180,28,bobby car (yellow),emotional hazards,47.0,22.57,23.83,23.23,23.44
05_Schafgasse_1_000012_000220,28,bobby car (yellow),emotional hazards,142.0,7.32,9.02,8.84,8.89
05_Schafgasse_1_000013_000060,26,bobby car (gray),emotional hazards,17.0,61.51,61.45,58.68,60.12
05_Schafgasse_1_000013_000100,26,bobby car (gray),emotional hazards,22.0,45.71,40.12,38.62,39.25
05_Schafgasse_1_000013_000140,26,bobby car (gray),emotional hazards,39.0,28.02,27.8,26.34,26.94
05_Schafgasse_1_000013_000180,26,bobby car (gray),emotional hazards,97.0,10.46,11.2,10.98,11.06
05_Schafgasse_1_000014_000060,24,dog (white),emotional hazards,26.0,41.49,48.72,44.77,46.41
05_Schafgasse_1_000014_000100,24,dog (white),emotional hazards,32.0,28.71,34.16,32.41,33.16
05_Schafgasse_1_000014_000140,24,dog (white),emotional hazards,62.0,14.09,18.77,18.5,18.64
05_Schafgasse_1_000015_000060,27,bobby car (red),emotional hazards,25.0,43.62,49.81,47.72,48.86
05_Schafgasse_1_000015_000100,27,bobby car (red),emotional hazards,36.0,29.06,33.72,33.0,33.25
05_Schafgasse_1_000015_000140,27,bobby car (red),emotional hazards,68.0,14.93,20.03,19.8,19.89
05_Schafgasse_1_000016_000030,27,bobby car (red),emotional hazards,20.0,52.31,40.41,39.72,39.88
05_Schafgasse_1_000016_000070,27,bobby car (red),emotional hazards,24.0,45.53,40.38,39.62,39.75
05_Schafgasse_1_000016_000110,27,bobby car (red),emotional hazards,34.0,31.6,33.16,32.75,32.84
05_Schafgasse_1_000016_000150,27,bobby car (red),emotional hazards,63.0,16.08,19.39,18.98,19.17
05_Schafgasse_1_000017_000040,26,bobby car (gray),emotional hazards,21.0,52.37,38.47,37.97,38.16
05_Schafgasse_1_000017_000080,26,bobby car (gray),emotional hazards,26.0,43.18,41.19,40.22,40.44
05_Schafgasse_1_000017_000120,26,bobby car (gray),emotional hazards,35.0,28.26,31.97,31.59,31.75
05_Schafgasse_1_000017_000160,26,bobby car (gray),emotional hazards,70.0,14.1,18.31,17.94,18.17
05_Schafgasse_1_000018_000040,24,dog (white),emotional hazards,23.0,52.2,39.44,38.06,38.94
05_Schafgasse_1_000018_000080,24,dog (white),emotional hazards,29.0,39.39,36.5,35.44,35.88
05_Schafgasse_1_000018_000120,24,dog (white),emotional hazards,50.0,21.02,26.28,25.31,25.86
05_Schafgasse_1_000019_000070,23,dog (black),emotional hazards,21.0,58.47,49.38,48.94,49.19
05_Schafgasse_1_000019_000110,23,dog (black),emotional hazards,28.0,48.86,45.22,43.78,44.53
05_Schafgasse_1_000019_000150,23,dog (black),emotional hazards,37.0,33.25,34.22,32.72,33.62
05_Schafgasse_1_000019_000190,23,dog (black),emotional hazards,68.0,15.91,19.75,18.91,19.39
07_Festplatz_Flugfeld_000000_000040,04,crate (gray),standard objects,8.0,77.52,53.59,50.66,51.66
07_Festplatz_Flugfeld_000000_000040,05,"crate (gray, 2x stacked)",standard objects,11.0,91.55,64.47,61.03,62.56
07_Festplatz_Flugfeld_000000_000040,06,"crate (gray, upright)",standard objects,15.0,106.56,62.48,60.03,60.72
07_Festplatz_Flugfeld_000000_000080,04,crate (gray),standard objects,8.0,64.92,43.83,42.69,43.19
07_Festplatz_Flugfeld_000000_000080,05,"crate (gray, 2x stacked)",standard objects,12.0,76.82,53.53,50.17,51.44
07_Festplatz_Flugfeld_000000_000080,06,"crate (gray, upright)",standard objects,17.0,94.08,50.38,49.44,49.88
07_Festplatz_Flugfeld_000000_000120,04,crate (gray),standard objects,9.0,48.99,38.97,38.31,38.56
07_Festplatz_Flugfeld_000000_000120,05,"crate (gray, 2x stacked)",standard objects,13.0,63.95,47.22,45.97,46.44
07_Festplatz_Flugfeld_000000_000120,06,"crate (gray, upright)",standard objects,21.0,68.72,51.2,48.75,49.84
07_Festplatz_Flugfeld_000000_000160,04,crate (gray),standard objects,14.0,33.12,30.91,30.2,30.55
07_Festplatz_Flugfeld_000000_000160,05,"crate (gray, 2x stacked)",standard objects,19.0,47.21,46.09,44.19,44.84
07_Festplatz_Flugfeld_000000_000160,06,"crate (gray, upright)",standard objects,30.0,52.01,49.34,46.34,47.16
07_Festplatz_Flugfeld_000000_000200,04,crate (gray),standard objects,24.0,18.02,18.5,18.14,18.25
07_Festplatz_Flugfeld_000000_000200,05,"crate (gray, 2x stacked)",standard objects,26.0,31.42,33.47,32.47,32.84
07_Festplatz_Flugfeld_000000_000200,06,"crate (gray, upright)",standard objects,42.0,36.24,36.88,35.59,36.19
07_Festplatz_Flugfeld_000000_000240,05,"crate (gray, 2x stacked)",standard objects,51.0,15.84,17.91,17.69,17.78
07_Festplatz_Flugfeld_000000_000240,06,"crate (gray, upright)",standard objects,64.0,20.94,23.17,22.52,22.64
07_Festplatz_Flugfeld_000001_000040,03,"crate (black, upright)",standard objects,7.0,88.02,64.81,60.23,61.85
07_Festplatz_Flugfeld_000001_000040,02,"crate (black, 2x stacked)",standard objects,10.0,104.11,60.41,57.81,58.78
07_Festplatz_Flugfeld_000001_000040,01,crate (black),standard objects,9.0,99.3,69.22,64.54,66.02
07_Festplatz_Flugfeld_000001_000080,03,"crate (black, upright)",standard objects,11.0,73.41,50.23,48.02,48.81
07_Festplatz_Flugfeld_000001_000080,02,"crate (black, 2x stacked)",standard objects,11.0,93.0,56.14,53.08,54.7
07_Festplatz_Flugfeld_000001_000080,01,crate (black),standard objects,9.0,87.15,57.31,53.44,54.41
07_Festplatz_Flugfeld_000001_000120,03,"crate (black, upright)",standard objects,13.0,52.22,45.06,43.09,43.78
07_Festplatz_Flugfeld_000001_000120,02,"crate (black, 2x stacked)",standard objects,14.0,70.93,54.75,52.74,53.91
07_Festplatz_Flugfeld_000001_000120,01,crate (black),standard objects,11.0,64.13,49.56,48.25,48.59
07_Festplatz_Flugfeld_000001_000160,03,"crate (black, upright)",standard objects,20.0,34.27,32.12,31.41,31.64
07_Festplatz_Flugfeld_000001_000160,02,"crate (black, 2x stacked)",standard objects,21.0,50.39,41.94,39.56,40.48
07_Festplatz_Flugfeld_000001_000160,01,crate (black),standard objects,17.0,47.37,38.59,37.38,38.03
07_Festplatz_Flugfeld_000001_000200,03,"crate (black, upright)",standard objects,42.0,16.73,17.42,17.23,17.3
07_Festplatz_Flugfeld_000001_000200,02,"crate (black, 2x stacked)",standard objects,32.0,32.75,30.31,29.77,29.98
07_Festplatz_Flugfeld_000001_000200,01,crate (black),standard objects,28.0,29.38,24.92,24.59,24.67
07_Festplatz_Flugfeld_000002_000190,08,cardboard box,random hazards,11.0,86.86,60.97,55.0,56.9
07_Festplatz_Flugfeld_000002_000190,07,bumper,random hazards,17.0,99.53,66.25,64.07,64.88
07_Festplatz_Flugfeld_000002_000230,08,cardboard box,random hazards,11.0,76.87,53.0,49.88,51.16
07_Festplatz_Flugfeld_000002_000230,07,bumper,random hazards,18.0,84.86,60.47,58.44,59.22
07_Festplatz_Flugfeld_000002_000270,08,cardboard box,random hazards,14.0,65.08,43.72,41.74,42.41
07_Festplatz_Flugfeld_000002_000270,07,bumper,random hazards,23.0,74.13,52.81,49.75,50.78
07_Festplatz_Flugfeld_000002_000310,08,cardboard box,random hazards,19.0,48.05,35.97,34.59,35.06
07_Festplatz_Flugfeld_000002_000310,07,bumper,random hazards,26.0,57.05,44.91,43.03,43.84
07_Festplatz_Flugfeld_000002_000350,08,cardboard box,random hazards,26.0,31.73,28.19,27.17,27.53
07_Festplatz_Flugfeld_000002_000350,07,bumper,random hazards,35.0,40.65,38.22,37.03,37.56
07_Festplatz_Flugfeld_000002_000390,08,cardboard box,random hazards,49.0,18.09,20.03,19.59,19.83
07_Festplatz_Flugfeld_000002_000390,07,bumper,random hazards,58.0,25.89,30.14,29.55,29.83
07_Festplatz_Flugfeld_000002_000430,07,bumper,random hazards,95.0,14.14,17.88,17.55,17.67
07_Festplatz_Flugfeld_000003_000100,34,styrofoam,random hazards,5.0,76.96,50.45,48.53,49.17
07_Festplatz_Flugfeld_000003_000100,07,bumper,random hazards,16.0,89.7,60.64,58.81,59.54
07_Festplatz_Flugfeld_000003_000140,34,styrofoam,random hazards,6.0,62.07,40.14,38.69,39.22
07_Festplatz_Flugfeld_000003_000140,07,bumper,random hazards,18.0,76.01,46.66,45.53,46.09
07_Festplatz_Flugfeld_000003_000180,34,styrofoam,random hazards,9.0,45.84,33.69,32.66,32.91
07_Festplatz_Flugfeld_000003_000180,07,bumper,random hazards,24.0,60.28,41.56,40.56,40.94
07_Festplatz_Flugfeld_000003_000220,34,styrofoam,random hazards,13.0,32.7,29.14,28.0,28.45
07_Festplatz_Flugfeld_000003_000220,07,bumper,random hazards,29.0,47.44,41.81,40.94,41.19
07_Festplatz_Flugfeld_000003_000260,34,styrofoam,random hazards,25.0,18.93,19.34,18.67,18.92
07_Festplatz_Flugfeld_000003_000260,07,bumper,random hazards,38.0,34.24,33.22,32.47,32.75
07_Festplatz_Flugfeld_000003_000300,07,bumper,random hazards,73.0,19.75,22.61,21.58,21.89
07_Festplatz_Flugfeld_000003_000340,07,bumper,random hazards,215.0,7.54,9.7,9.01,9.26
07_Festplatz_Flugfeld_000004_000060,08,cardboard box,random hazards,10.0,51.6,39.88,38.28,38.9
07_Festplatz_Flugfeld_000004_000060,20,tire,random hazards,15.0,48.55,35.44,34.23,34.7
07_Festplatz_Flugfeld_000004_000100,08,cardboard box,random hazards,12.0,43.65,33.38,32.47,32.81
07_Festplatz_Flugfeld_000004_000100,20,tire,random hazards,20.0,38.09,28.61,28.08,28.37
07_Festplatz_Flugfeld_000004_000140,08,cardboard box,random hazards,18.0,30.37,26.62,25.57,26.08
07_Festplatz_Flugfeld_000004_000140,20,tire,random hazards,34.0,23.81,20.12,19.5,19.73
07_Festplatz_Flugfeld_000004_000180,08,cardboard box,random hazards,28.0,17.31,17.38,16.93,17.14
07_Festplatz_Flugfeld_000004_000180,20,tire,random hazards,71.0,10.66,10.99,10.79,10.88
07_Festplatz_Flugfeld_000004_000220,08,cardboard box,random hazards,80.0,6.89,7.93,7.79,7.84
07_Festplatz_Flugfeld_000005_000050,09,crate (blue),random hazards,13.0,43.17,32.66,32.06,32.31
07_Festplatz_Flugfeld_000005_000050,13,exhaust pipe,random hazards,16.0,48.38,34.47,33.29,33.75
07_Festplatz_Flugfeld_000005_000090,09,crate (blue),random hazards,16.0,35.7,28.44,27.92,28.11
07_Festplatz_Flugfeld_000005_000090,13,exhaust pipe,random hazards,20.0,39.95,30.27,29.34,29.72
07_Festplatz_Flugfeld_000005_000130,09,crate (blue),random hazards,25.0,24.88,22.05,21.47,21.67
07_Festplatz_Flugfeld_000005_000130,13,exhaust pipe,random hazards,29.0,28.88,23.7,22.63,23.07
07_Festplatz_Flugfeld_000005_000170,09,crate (blue),random hazards,44.0,12.9,12.98,12.7,12.84
07_Festplatz_Flugfeld_000005_000170,13,exhaust pipe,random hazards,43.0,17.13,16.39,15.8,16.0
15_Rechbergstr_Deckenpfronn_000000_000040,39,kid (walking),humans,52.0,44.16,55.06,52.53,53.75
15_Rechbergstr_Deckenpfronn_000000_000040,40,kid (on a bobby car),humans,48.0,43.18,53.59,52.47,53.09
15_Rechbergstr_Deckenpfronn_000000_000080,39,kid (walking),humans,50.0,45.09,50.31,47.99,49.12
15_Rechbergstr_Deckenpfronn_000000_000080,40,kid (on a bobby car),humans,50.0,43.24,53.5,52.22,52.69
15_Rechbergstr_Deckenpfronn_000000_000120,40,kid (on a bobby car),humans,45.0,44.11,52.88,52.28,52.59
15_Rechbergstr_Deckenpfronn_000000_000120,41,kid (on a small bobby car),humans,37.0,46.99,54.53,53.86,54.16
15_Rechbergstr_Deckenpfronn_000000_000160,40,kid (on a bobby car),humans,47.0,47.93,53.69,52.62,53.06
15_Rechbergstr_Deckenpfronn_000000_000160,41,kid (on a small bobby car),humans,37.0,47.58,55.0,52.7,53.64
15_Rechbergstr_Deckenpfronn_000001_000050,40,kid (on a bobby car),humans,25.0,63.6,67.06,65.93,66.38
15_Rechbergstr_Deckenpfronn_000001_000050,41,kid (on a small bobby car),humans,26.0,62.04,67.38,64.81,66.12
15_Rechbergstr_Deckenpfronn_000001_000050,39,kid (walking),humans,33.0,64.56,68.81,66.74,67.62
15_Rechbergstr_Deckenpfronn_000001_000050,40,kid (on a bobby car),humans,28.0,62.46,65.97,65.06,65.38
15_Rechbergstr_Deckenpfronn_000001_000090,40,kid (on a bobby car),humans,28.0,63.56,65.03,64.25,64.62
15_Rechbergstr_Deckenpfronn_000001_000090,39,kid (walking),humans,34.0,63.76,66.06,64.38,65.0
15_Rechbergstr_Deckenpfronn_000001_000090,40,kid (on a bobby car),humans,27.0,62.13,64.75,64.06,64.31
15_Rechbergstr_Deckenpfronn_000001_000090,41,kid (on a small bobby car),humans,26.0,62.34,67.12,65.33,66.06
15_Rechbergstr_Deckenpfronn_000001_000130,41,kid (on a small bobby car),humans,26.0,61.92,69.75,68.25,68.88
15_Rechbergstr_Deckenpfronn_000001_000130,40,kid (on a bobby car),humans,35.0,63.6,70.5,68.21,69.38
15_Rechbergstr_Deckenpfronn_000001_000130,40,kid (on a bobby car),humans,13.0,61.13,67.38,65.94,66.31
15_Rechbergstr_Deckenpfronn_000001_000170,41,kid (on a small bobby car),humans,26.0,61.98,69.19,67.06,67.81
15_Rechbergstr_Deckenpfronn_000001_000170,40,kid (on a bobby car),humans,12.0,64.53,65.94,62.17,63.08
15_Rechbergstr_Deckenpfronn_000001_000170,40,kid (on a bobby car),humans,29.0,64.01,64.88,63.0,63.56
15_Rechbergstr_Deckenpfronn_000001_000170,39,kid (walking),humans,30.0,64.08,65.25,62.49,63.19
15_Rechbergstr_Deckenpfronn_000001_000170,40,kid (on a bobby car),humans,29.0,62.34,64.31,63.22,63.78
15_Rechbergstr_Deckenpfronn_000001_000210,41,kid (on a small bobby car),humans,26.0,61.89,71.94,70.75,71.31
15_Rechbergstr_Deckenpfronn_000001_000210,40,kid (on a bobby car),humans,15.0,63.29,66.69,65.0,65.94
15_Rechbergstr_Deckenpfronn_000001_000210,40,kid (on a bobby car),humans,34.0,61.13,63.89,62.34,62.78
15_Rechbergstr_Deckenpfronn_000001_000250,40,kid (on a bobby car),humans,16.0,63.42,66.06,65.19,65.47
15_Rechbergstr_Deckenpfronn_000001_000250,41,kid (on a small bobby car),humans,26.0,62.8,66.25,65.12,65.5
15_Rechbergstr_Deckenpfronn_000001_000250,40,kid (on a bobby car),humans,34.0,61.81,63.09,61.22,62.0
15_Rechbergstr_Deckenpfronn_000001_000290,41,kid (on a small bobby car),humans,26.0,61.87,66.12,65.38,65.69
15_Rechbergstr_Deckenpfronn_000001_000290,40,kid (on a bobby car),humans,34.0,61.63,64.31,62.97,63.5
15_Rechbergstr_Deckenpfronn_000001_000290,39,kid (walking),humans,33.0,63.7,70.12,69.5,69.75
15_Rechbergstr_Deckenpfronn_000001_000290,39,kid (walking),humans,34.0,63.57,69.88,68.69,69.27
15_Rechbergstr_Deckenpfronn_000002_000140,40,kid (on a bobby car),humans,55.0,37.5,47.53,45.84,46.62
15_Rechbergstr_Deckenpfronn_000002_000180,40,kid (on a bobby car),humans,71.0,31.04,37.06,36.38,36.66
15_Rechbergstr_Deckenpfronn_000003_000150,40,kid (on a bobby car),humans,70.0,30.42,36.12,35.75,35.91
15_Rechbergstr_Deckenpfronn_000004_000160,41,kid (on a small bobby car),humans,41.0,40.22,47.22,46.06,46.47
15_Rechbergstr_Deckenpfronn_000004_000200,41,kid (on a small bobby car),humans,56.0,31.3,40.88,38.91,39.62
15_Rechbergstr_Deckenpfronn_000004_000240,41,kid (on a small bobby car),humans,79.0,21.23,28.42,27.69,27.83
15_Rechbergstr_Deckenpfronn_000004_000280,41,kid (on a small bobby car),humans,120.0,14.11,20.44,19.56,19.73
15_Rechbergstr_Deckenpfronn_000005_000040,42,kid (crawling),humans,84.0,12.54,17.84,17.36,17.55
15_Rechbergstr_Deckenpfronn_000005_000080,42,kid (crawling),humans,68.0,12.68,18.23,17.77,17.97
15_Rechbergstr_Deckenpfronn_000006_000100,39,kid (walking),humans,47.0,45.15,50.45,47.84,48.44
15_Rechbergstr_Deckenpfronn_000006_000140,39,kid (walking),humans,55.0,40.46,46.81,45.69,46.34
15_Rechbergstr_Deckenpfronn_000006_000180,39,kid (walking),humans,75.0,31.62,43.59,41.01,42.81
15_Rechbergstr_Deckenpfronn_000006_000220,39,kid (walking),humans,98.0,25.04,34.16,33.28,33.72
15_Rechbergstr_Deckenpfronn_000006_000260,39,kid (walking),humans,118.0,19.23,32.72,28.03,31.16
15_Rechbergstr_Deckenpfronn_000006_000340,39,kid (walking),humans,218.0,10.55,16.75,15.39,16.05
15_Rechbergstr_Deckenpfronn_000007_000060,39,kid (walking),humans,46.0,50.35,68.44,64.56,66.06
15_Rechbergstr_Deckenpfronn_000007_000180,39,kid (walking),humans,74.0,31.96,49.83,47.72,48.81
15_Rechbergstr_Deckenpfronn_000007_000260,39,kid (walking),humans,117.0,18.57,36.38,34.28,35.44
