frame,label,type,group,box_height_px,true_m,metric3d-v2-small_median,metric3d-v2-small_p10,metric3d-v2-small_p25
02_Hanns_Klemm_Str_44_000000_000020,05,"crate (gray, 2x stacked)",standard objects,12.0,62.8,119.03,109.42,113.12
02_Hanns_Klemm_Str_44_000000_000060,05,"crate (gray, 2x stacked)",standard objects,14.0,53.3,85.26,74.29,75.75
02_Hanns_Klemm_Str_44_000000_000100,05,"crate (gray, 2x stacked)",standard objects,19.0,39.82,59.86,54.83,56.39
02_Hanns_Klemm_Str_44_000000_000140,05,"crate (gray, 2x stacked)",standard objects,34.0,22.13,28.65,28.0,28.29
02_Hanns_Klemm_Str_44_000000_000180,05,"crate (gray, 2x stacked)",standard objects,120.0,7.16,7.9,7.83,7.86
02_Hanns_Klemm_Str_44_000001_000040,05,"crate (gray, 2x stacked)",standard objects,13.0,59.22,113.09,103.11,107.38
02_Hanns_Klemm_Str_44_000001_000040,04,crate (gray),standard objects,8.0,57.15,118.57,108.14,111.48
02_Hanns_Klemm_Str_44_000001_000080,05,"crate (gray, 2x stacked)",standard objects,15.0,49.69,80.9,77.93,79.12
02_Hanns_Klemm_Str_44_000001_000080,04,crate (gray),standard objects,9.0,49.94,96.82,84.51,87.7
02_Hanns_Klemm_Str_44_000001_000120,05,"crate (gray, 2x stacked)",standard objects,19.0,37.86,74.26,64.47,67.36
02_Hanns_Klemm_Str_44_000001_000120,04,crate (gray),standard objects,11.0,38.76,67.63,63.15,64.44
02_Hanns_Klemm_Str_44_000001_000160,05,"crate (gray, 2x stacked)",standard objects,33.0,23.13,31.08,30.48,30.63
02_Hanns_Klemm_Str_44_000001_000160,04,crate (gray),standard objects,19.0,23.54,31.14,29.62,30.14
02_Hanns_Klemm_Str_44_000001_000200,05,"crate (gray, 2x stacked)",standard objects,105.0,7.93,9.68,9.64,9.66
02_Hanns_Klemm_Str_44_000001_000200,04,crate (gray),standard objects,70.0,7.99,9.57,9.45,9.48
02_Hanns_Klemm_Str_44_000002_000040,02,"crate (black, 2x stacked)",standard objects,23.0,58.42,115.87,108.3,110.51
02_Hanns_Klemm_Str_44_000002_000040,01,crate (black),standard objects,10.0,57.87,95.04,92.72,93.69
02_Hanns_Klemm_Str_44_000002_000080,02,"crate (black, 2x stacked)",standard objects,28.0,49.14,79.13,76.98,77.54
02_Hanns_Klemm_Str_44_000002_000080,01,crate (black),standard objects,14.0,48.2,85.67,82.66,83.9
02_Hanns_Klemm_Str_44_000002_000120,01,crate (black),standard objects,19.0,33.73,48.92,48.17,48.44
02_Hanns_Klemm_Str_44_000002_000120,02,"crate (black, 2x stacked)",standard objects,40.0,33.43,47.46,46.93,47.22
02_Hanns_Klemm_Str_44_000002_000160,02,"crate (black, 2x stacked)",standard objects,87.0,15.94,20.56,20.39,20.45
02_Hanns_Klemm_Str_44_000002_000160,01,crate (black),standard objects,42.0,16.07,20.47,20.26,20.34
02_Hanns_Klemm_Str_44_000003_000020,20,tire,random hazards,9.0,62.98,121.66,112.35,115.96
02_Hanns_Klemm_Str_44_000003_000020,34,styrofoam,random hazards,6.0,63.42,118.82,114.26,115.97
02_Hanns_Klemm_Str_44_000003_000060,20,tire,random hazards,10.0,54.2,100.17,89.54,92.85
02_Hanns_Klemm_Str_44_000003_000060,34,styrofoam,random hazards,8.0,52.78,98.01,91.76,93.86
02_Hanns_Klemm_Str_44_000003_000100,20,tire,random hazards,15.0,39.29,65.26,59.57,61.09
02_Hanns_Klemm_Str_44_000003_000100,34,styrofoam,random hazards,11.0,39.63,64.78,61.16,62.21
02_Hanns_Klemm_Str_44_000003_000140,20,tire,random hazards,27.0,22.01,28.82,28.25,28.45
02_Hanns_Klemm_Str_44_000003_000140,34,styrofoam,random hazards,19.0,22.25,29.14,27.69,28.16
02_Hanns_Klemm_Str_44_000005_000020,08,cardboard box,random hazards,10.0,60.42,123.52,107.25,111.89
02_Hanns_Klemm_Str_44_000005_000020,13,exhaust pipe,random hazards,10.0,60.3,93.66,91.49,92.58
02_Hanns_Klemm_Str_44_000005_000060,08,cardboard box,random hazards,10.0,53.48,87.83,83.77,85.45
02_Hanns_Klemm_Str_44_000005_000060,13,exhaust pipe,random hazards,9.0,52.82,95.73,92.53,94.17
02_Hanns_Klemm_Str_44_000005_000100,13,exhaust pipe,random hazards,14.0,40.54,64.7,62.35,63.41
02_Hanns_Klemm_Str_44_000005_000100,08,cardboard box,random hazards,14.0,40.37,66.05,60.13,61.98
02_Hanns_Klemm_Str_44_000005_000140,08,cardboard box,random hazards,25.0,24.19,30.33,29.56,29.85
02_Hanns_Klemm_Str_44_000005_000140,13,exhaust pipe,random hazards,26.0,24.75,31.04,29.29,29.77
02_Hanns_Klemm_Str_44_000005_000180,08,cardboard box,random hazards,63.0,9.69,10.17,10.08,10.11
02_Hanns_Klemm_Str_44_000005_000180,13,exhaust pipe,random hazards,65.0,10.26,10.62,10.35,10.43
02_Hanns_Klemm_Str_44_000006_000030,13,exhaust pipe,random hazards,11.0,47.44,47.53,42.97,45.22
02_Hanns_Klemm_Str_44_000006_000030,08,cardboard box,random hazards,10.0,51.8,52.5,47.88,49.0
02_Hanns_Klemm_Str_44_000006_000070,13,exhaust pipe,random hazards,15.0,46.95,36.56,34.34,35.15
02_Hanns_Klemm_Str_44_000006_000070,08,cardboard box,random hazards,12.0,45.26,40.59,35.73,37.5
02_Hanns_Klemm_Str_44_000006_000110,13,exhaust pipe,random hazards,18.0,34.67,36.51,34.17,34.95
02_Hanns_Klemm_Str_44_000006_000110,08,cardboard box,random hazards,15.0,34.35,34.91,31.92,32.88
02_Hanns_Klemm_Str_44_000006_000150,13,exhaust pipe,random hazards,33.0,21.58,24.1,22.96,23.37
02_Hanns_Klemm_Str_44_000006_000150,08,cardboard box,random hazards,27.0,21.27,22.58,22.05,22.22
02_Hanns_Klemm_Str_44_000006_000190,13,exhaust pipe,random hazards,113.0,7.59,8.9,8.48,8.61
02_Hanns_Klemm_Str_44_000006_000190,08,cardboard box,random hazards,82.0,7.34,9.43,8.41,8.61
02_Hanns_Klemm_Str_44_000007_000040,20,tire,random hazards,10.0,56.75,59.67,55.05,56.95
02_Hanns_Klemm_Str_44_000007_000080,20,tire,random hazards,11.0,53.13,68.05,62.04,64.25
02_Hanns_Klemm_Str_44_000007_000120,20,tire,random hazards,14.0,43.31,48.52,44.54,46.01
02_Hanns_Klemm_Str_44_000007_000160,20,tire,random hazards,18.0,32.51,36.59,33.61,34.8
02_Hanns_Klemm_Str_44_000007_000200,20,tire,random hazards,30.0,20.28,21.13,20.8,20.95
02_Hanns_Klemm_Str_44_000007_000240,20,tire,random hazards,95.0,7.22,9.5,8.22,8.46
02_Hanns_Klemm_Str_44_000008_000040,20,tire,random hazards,9.0,61.92,76.03,70.62,72.33
02_Hanns_Klemm_Str_44_000008_000080,20,tire,random hazards,11.0,55.38,67.07,63.1,64.72
02_Hanns_Klemm_Str_44_000008_000120,20,tire,random hazards,15.0,40.77,50.39,46.91,48.22
02_Hanns_Klemm_Str_44_000008_000160,20,tire,random hazards,21.0,26.35,29.68,28.99,29.25
02_Hanns_Klemm_Str_44_000008_000200,20,tire,random hazards,54.0,11.87,12.28,12.11,12.17
02_Hanns_Klemm_Str_44_000009_000030,02,"crate (black, 2x stacked)",standard objects,20.0,64.53,90.26,82.31,85.33
02_Hanns_Klemm_Str_44_000009_000030,01,crate (black),standard objects,10.0,66.25,93.45,83.81,87.56
02_Hanns_Klemm_Str_44_000009_000070,02,"crate (black, 2x stacked)",standard objects,22.0,63.01,94.84,75.9,81.01
02_Hanns_Klemm_Str_44_000009_000070,01,crate (black),standard objects,11.0,61.19,89.42,82.92,85.48
02_Hanns_Klemm_Str_44_000009_000110,02,"crate (black, 2x stacked)",standard objects,26.0,50.97,76.13,66.65,69.46
02_Hanns_Klemm_Str_44_000009_000110,01,crate (black),standard objects,14.0,51.87,74.0,67.72,70.06
02_Hanns_Klemm_Str_44_000009_000150,02,"crate (black, 2x stacked)",standard objects,36.0,37.31,43.14,41.75,42.25
02_Hanns_Klemm_Str_44_000009_000150,01,crate (black),standard objects,19.0,37.96,45.76,43.22,44.33
02_Hanns_Klemm_Str_44_000009_000190,02,"crate (black, 2x stacked)",standard objects,65.0,22.58,24.52,24.26,24.39
02_Hanns_Klemm_Str_44_000009_000190,01,crate (black),standard objects,31.0,22.63,26.48,26.1,26.25
02_Hanns_Klemm_Str_44_000009_000230,02,"crate (black, 2x stacked)",standard objects,227.0,6.35,6.92,6.69,6.74
02_Hanns_Klemm_Str_44_000009_000230,01,crate (black),standard objects,117.0,6.48,6.93,6.84,6.88
02_Hanns_Klemm_Str_44_000010_000040,05,"crate (gray, 2x stacked)",standard objects,11.0,62.62,89.44,80.37,83.68
02_Hanns_Klemm_Str_44_000010_000040,04,crate (gray),standard objects,7.0,62.89,84.38,78.52,80.4
02_Hanns_Klemm_Str_44_000010_000080,05,"crate (gray, 2x stacked)",standard objects,12.0,57.48,76.12,68.78,71.59
02_Hanns_Klemm_Str_44_000010_000080,04,crate (gray),standard objects,7.0,60.29,76.04,70.75,73.1
02_Hanns_Klemm_Str_44_000010_000120,05,"crate (gray, 2x stacked)",standard objects,16.0,42.63,55.17,50.09,52.07
02_Hanns_Klemm_Str_44_000010_000120,04,crate (gray),standard objects,11.0,43.28,52.58,48.37,50.18
02_Hanns_Klemm_Str_44_000010_000160,05,"crate (gray, 2x stacked)",standard objects,29.0,27.84,35.76,32.4,33.62
02_Hanns_Klemm_Str_44_000010_000160,04,crate (gray),standard objects,18.0,27.92,35.12,32.61,33.6
02_Hanns_Klemm_Str_44_000010_000200,04,crate (gray),standard objects,43.0,11.64,12.38,12.2,12.28
02_Hanns_Klemm_Str_44_000010_000200,05,"crate (gray, 2x stacked)",standard objects,66.0,11.48,12.03,11.95,11.99
02_Hanns_Klemm_Str_44_000011_000040,23,dog (black),emotional hazards,16.0,72.47,101.27,100.16,100.54
02_Hanns_Klemm_Str_44_000011_000080,23,dog (black),emotional hazards,16.0,70.68,82.69,82.13,82.33
02_Hanns_Klemm_Str_44_000011_000120,23,dog (black),emotional hazards,21.0,54.66,73.76,72.23,72.94
02_Hanns_Klemm_Str_44_000011_000160,23,dog (black),emotional hazards,29.0,36.3,53.5,52.55,53.09
02_Hanns_Klemm_Str_44_000011_000200,23,dog (black),emotional hazards,46.0,21.3,40.24,39.66,39.9
02_Hanns_Klemm_Str_44_000011_000240,23,dog (black),emotional hazards,118.0,8.99,10.58,9.78,10.3
02_Hanns_Klemm_Str_44_000012_000050,24,dog (white),emotional hazards,7.0,67.6,125.77,118.94,121.85
02_Hanns_Klemm_Str_44_000012_000090,24,dog (white),emotional hazards,8.0,59.36,108.61,92.85,98.87
02_Hanns_Klemm_Str_44_000012_000130,24,dog (white),emotional hazards,10.0,42.51,86.23,65.93,72.05
02_Hanns_Klemm_Str_44_000012_000170,24,dog (white),emotional hazards,23.0,26.63,43.26,29.3,32.43
02_Hanns_Klemm_Str_44_000013_000020,26,bobby car (gray),emotional hazards,13.0,67.11,94.86,89.13,90.23
02_Hanns_Klemm_Str_44_000013_000060,26,bobby car (gray),emotional hazards,15.0,62.56,101.13,93.42,96.5
02_Hanns_Klemm_Str_44_000013_000100,26,bobby car (gray),emotional hazards,17.0,54.49,72.76,71.72,72.01
02_Hanns_Klemm_Str_44_000013_000140,26,bobby car (gray),emotional hazards,21.0,41.95,67.13,61.47,63.68
02_Hanns_Klemm_Str_44_000013_000180,26,bobby car (gray),emotional hazards,33.0,26.95,34.37,33.35,33.7
02_Hanns_Klemm_Str_44_000013_000220,26,bobby car (gray),emotional hazards,81.0,12.05,13.15,12.99,13.05
02_Hanns_Klemm_Str_44_000014_000040,27,bobby car (red),emotional hazards,11.0,74.91,110.74,109.82,110.17
02_Hanns_Klemm_Str_44_000014_000080,27,bobby car (red),emotional hazards,12.0,69.54,102.72,98.61,100.9
02_Hanns_Klemm_Str_44_000014_000120,27,bobby car (red),emotional hazards,16.0,48.95,70.38,68.97,69.6
02_Hanns_Klemm_Str_44_000014_000160,27,bobby car (red),emotional hazards,25.0,33.43,40.51,39.0,39.4
02_Hanns_Klemm_Str_44_000014_000200,27,bobby car (red),emotional hazards,56.0,17.55,17.08,16.56,16.79
02_Hanns_Klemm_Str_44_000015_000060,27,bobby car (red),emotional hazards,8.0,50.0,53.68,49.54,51.96
02_Hanns_Klemm_Str_44_000015_000100,27,bobby car (red),emotional hazards,10.0,41.04,46.4,44.33,45.08
02_Hanns_Klemm_Str_44_000015_000140,27,bobby car (red),emotional hazards,26.0,32.17,28.53,26.57,27.23
02_Hanns_Klemm_Str_44_000015_000180,27,bobby car (red),emotional hazards,56.0,17.83,17.02,16.74,16.85
02_Hanns_Klemm_Str_44_000016_000020,26,bobby car (gray),emotional hazards,10.0,45.07,48.37,46.57,47.3
02_Hanns_Klemm_Str_44_000016_000060,26,bobby car (gray),emotional hazards,11.0,44.07,45.54,43.34,44.1
02_Hanns_Klemm_Str_44_000016_000100,26,bobby car (gray),emotional hazards,15.0,32.71,33.78,31.79,32.47
02_Hanns_Klemm_Str_44_000016_000140,26,bobby car (gray),emotional hazards,55.0,19.06,17.14,16.85,16.92
02_Hanns_Klemm_Str_44_000016_000180,26,bobby car (gray),emotional hazards,156.0,6.4,6.76,6.47,6.56
02_Hanns_Klemm_Str_44_000017_000050,23,dog (black),emotional hazards,13.0,48.93,45.8,43.67,44.53
02_Hanns_Klemm_Str_44_000017_000090,23,dog (black),emotional hazards,19.0,37.58,33.85,32.08,32.75
02_Hanns_Klemm_Str_44_000017_000130,23,dog (black),emotional hazards,45.0,22.98,20.42,19.89,20.09
02_Hanns_Klemm_Str_44_000017_000170,23,dog (black),emotional hazards,132.0,7.92,7.97,7.8,7.89
02_Hanns_Klemm_Str_44_000018_000110,24,dog (white),emotional hazards,11.0,42.68,34.75,33.36,33.86
02_Hanns_Klemm_Str_44_000018_000150,24,dog (white),emotional hazards,30.0,27.73,27.88,26.43,26.99
02_Hanns_Klemm_Str_44_000018_000190,24,dog (white),emotional hazards,58.0,13.84,13.59,13.3,13.38
04_Maurener_Weg_8_000000_000030,04,crate (gray),standard objects,9.0,62.86,66.04,63.79,64.68
04_Maurener_Weg_8_000000_000030,05,"crate (gray, 2x stacked)",standard objects,12.0,72.3,77.89,72.17,74.34
04_Maurener_Weg_8_000000_000030,06,"crate (gray, upright)",standard objects,21.0,71.32,66.57,62.15,63.17
04_Maurener_Weg_8_000000_000070,04,crate (gray),standard objects,11.0,51.21,55.02,52.31,53.34
04_Maurener_Weg_8_000000_000070,05,"crate (gray, 2x stacked)",standard objects,14.0,60.84,69.5,63.32,65.24
04_Maurener_Weg_8_000000_000070,06,"crate (gray, upright)",standard objects,25.0,59.39,58.49,56.48,57.32
04_Maurener_Weg_8_000000_000110,04,crate (gray),standard objects,18.0,32.78,36.33,33.75,34.63
04_Maurener_Weg_8_000000_000110,05,"crate (gray, 2x stacked)",standard objects,20.0,42.43,44.55,40.38,41.41
04_Maurener_Weg_8_000000_000110,06,"crate (gray, upright)",standard objects,34.0,42.64,39.58,38.45,38.77
04_Maurener_Weg_8_000000_000150,04,crate (gray),standard objects,35.0,16.61,17.15,16.84,16.95
04_Maurener_Weg_8_000000_000150,05,"crate (gray, 2x stacked)",standard objects,34.0,25.85,25.19,24.54,24.74
04_Maurener_Weg_8_000000_000150,06,"crate (gray, upright)",standard objects,60.0,24.26,23.98,23.14,23.41
04_Maurener_Weg_8_000000_000190,05,"crate (gray, 2x stacked)",standard objects,70.0,12.06,12.36,12.16,12.22
04_Maurener_Weg_8_000000_000190,06,"crate (gray, upright)",standard objects,150.0,9.65,9.84,9.75,9.79
04_Maurener_Weg_8_000001_000050,03,"crate (black, upright)",standard objects,11.0,66.25,59.3,54.34,56.28
04_Maurener_Weg_8_000001_000050,03,"crate (black, upright)",standard objects,9.0,77.84,64.48,61.78,62.69
04_Maurener_Weg_8_000001_000050,02,"crate (black, 2x stacked)",standard objects,16.0,71.11,54.49,53.02,53.56
04_Maurener_Weg_8_000001_000090,03,"crate (black, upright)",standard objects,17.0,52.86,52.57,47.81,49.48
04_Maurener_Weg_8_000001_000090,03,"crate (black, upright)",standard objects,12.0,62.43,65.25,60.64,62.21
04_Maurener_Weg_8_000001_000090,02,"crate (black, 2x stacked)",standard objects,19.0,58.16,55.22,53.25,53.95
04_Maurener_Weg_8_000001_000130,03,"crate (black, upright)",standard objects,23.0,36.42,39.19,34.94,36.03
04_Maurener_Weg_8_000001_000130,03,"crate (black, upright)",standard objects,15.0,48.13,51.94,47.56,48.91
04_Maurener_Weg_8_000001_000130,02,"crate (black, 2x stacked)",standard objects,26.0,42.43,38.9,37.83,38.18
04_Maurener_Weg_8_000001_000170,03,"crate (black, upright)",standard objects,37.0,18.45,20.2,19.69,19.86
04_Maurener_Weg_8_000001_000170,03,"crate (black, upright)",standard objects,25.0,30.81,31.93,31.4,31.5
04_Maurener_Weg_8_000001_000170,02,"crate (black, 2x stacked)",standard objects,43.0,24.93,25.1,24.65,24.87
04_Maurener_Weg_8_000001_000210,03,"crate (black, upright)",standard objects,48.0,14.97,16.3,16.08,16.21
04_Maurener_Weg_8_000001_000210,02,"crate (black, 2x stacked)",standard objects,122.0,9.33,9.36,9.25,9.3
04_Maurener_Weg_8_000002_000040,04,crate (gray),standard objects,10.0,36.57,43.4,40.63,41.5
04_Maurener_Weg_8_000002_000040,05,"crate (gray, 2x stacked)",standard objects,19.0,39.21,45.16,40.79,42.35
04_Maurener_Weg_8_000002_000040,06,"crate (gray, upright)",standard objects,33.0,51.7,55.19,50.84,53.02
04_Maurener_Weg_8_000002_000080,04,crate (gray),standard objects,15.0,25.97,31.28,29.43,30.08
04_Maurener_Weg_8_000002_000080,05,"crate (gray, 2x stacked)",standard objects,26.0,28.26,32.85,30.11,31.09
04_Maurener_Weg_8_000002_000080,06,"crate (gray, upright)",standard objects,43.0,36.7,36.18,35.35,35.55
04_Maurener_Weg_8_000002_000120,04,crate (gray),standard objects,39.0,11.76,12.32,12.14,12.22
04_Maurener_Weg_8_000002_000120,05,"crate (gray, 2x stacked)",standard objects,58.0,14.18,14.02,13.91,13.95
04_Maurener_Weg_8_000002_000120,06,"crate (gray, upright)",standard objects,70.0,19.9,19.88,19.76,19.83
04_Maurener_Weg_8_000003_000010,03,"crate (black, upright)",standard objects,20.0,32.8,35.71,34.82,35.07
04_Maurener_Weg_8_000003_000010,02,"crate (black, 2x stacked)",standard objects,30.0,38.22,40.97,40.0,40.3
04_Maurener_Weg_8_000003_000010,01,crate (black),standard objects,16.0,46.87,46.48,46.21,46.27
04_Maurener_Weg_8_000003_000050,03,"crate (black, upright)",standard objects,24.0,28.21,28.97,28.58,28.68
04_Maurener_Weg_8_000003_000050,02,"crate (black, 2x stacked)",standard objects,32.0,33.86,32.33,31.74,31.86
04_Maurener_Weg_8_000003_000050,01,crate (black),standard objects,18.0,41.91,40.75,40.34,40.48
04_Maurener_Weg_8_000003_000090,03,"crate (black, upright)",standard objects,42.0,16.64,17.16,16.93,17.04
04_Maurener_Weg_8_000003_000090,02,"crate (black, 2x stacked)",standard objects,49.0,21.29,21.7,21.36,21.51
04_Maurener_Weg_8_000003_000090,01,crate (black),standard objects,27.0,29.14,31.51,31.05,31.26
04_Maurener_Weg_8_000003_000130,02,"crate (black, 2x stacked)",standard objects,122.0,8.62,8.69,8.6,8.64
04_Maurener_Weg_8_000003_000130,01,crate (black),standard objects,50.0,16.18,16.66,16.52,16.6
04_Maurener_Weg_8_000004_000040,15,euro pallet,random hazards,12.0,53.19,55.49,51.18,52.6
04_Maurener_Weg_8_000004_000080,15,euro pallet,random hazards,13.0,50.15,55.89,49.11,51.68
04_Maurener_Weg_8_000004_000120,15,euro pallet,random hazards,12.0,39.86,39.76,37.16,38.06
04_Maurener_Weg_8_000004_000160,15,euro pallet,random hazards,23.0,25.4,26.62,24.85,25.46
04_Maurener_Weg_8_000004_000160,21,ball,emotional hazards,40.0,14.07,15.31,14.88,15.03
04_Maurener_Weg_8_000004_000200,15,euro pallet,random hazards,60.0,11.23,11.6,11.11,11.32
04_Maurener_Weg_8_000005_000030,16,pylon,random hazards,16.0,48.24,59.98,54.07,56.32
04_Maurener_Weg_8_000005_000030,18,pylon (white),random hazards,19.0,47.6,56.44,52.16,54.01
04_Maurener_Weg_8_000005_000070,16,pylon,random hazards,15.0,44.71,55.97,50.73,52.53
04_Maurener_Weg_8_000005_000070,18,pylon (white),random hazards,20.0,42.29,50.09,47.24,48.55
04_Maurener_Weg_8_000005_000110,18,pylon (white),random hazards,24.0,34.89,39.52,37.42,38.06
04_Maurener_Weg_8_000005_000110,16,pylon,random hazards,20.0,37.73,40.72,36.2,37.37
04_Maurener_Weg_8_000005_000150,18,pylon (white),random hazards,38.0,21.77,24.28,22.87,23.45
04_Maurener_Weg_8_000005_000150,16,pylon,random hazards,30.0,24.51,25.4,24.36,24.69
04_Maurener_Weg_8_000005_000190,18,pylon (white),random hazards,87.0,9.25,9.8,9.5,9.62
04_Maurener_Weg_8_000005_000190,16,pylon,random hazards,61.0,11.81,12.11,11.83,11.94
04_Maurener_Weg_8_000006_000040,18,pylon (white),random hazards,12.0,44.14,48.03,45.34,46.39
04_Maurener_Weg_8_000006_000080,18,pylon (white),random hazards,18.0,34.22,35.82,33.81,34.44
04_Maurener_Weg_8_000006_000120,18,pylon (white),random hazards,30.0,18.18,18.41,17.98,18.16
04_Maurener_Weg_8_000007_000020,25,kid dummy,emotional hazards,10.0,61.81,64.05,62.34,63.08
04_Maurener_Weg_8_000007_000020,21,ball,emotional hazards,10.0,65.08,65.2,64.12,64.89
04_Maurener_Weg_8_000007_000060,25,kid dummy,emotional hazards,8.0,51.23,56.6,54.23,55.31
04_Maurener_Weg_8_000007_000060,21,ball,emotional hazards,10.0,51.04,59.91,56.53,57.79
04_Maurener_Weg_8_000007_000100,25,kid dummy,emotional hazards,11.0,32.66,37.26,35.83,36.31
04_Maurener_Weg_8_000007_000100,21,ball,emotional hazards,15.0,32.42,39.2,36.69,37.52
04_Maurener_Weg_8_000007_000140,25,kid dummy,emotional hazards,24.0,13.94,15.08,14.57,14.83
04_Maurener_Weg_8_000007_000140,21,ball,emotional hazards,36.0,13.87,14.66,14.52,14.56
04_Maurener_Weg_8_000008_000020,31,plastic bag (bloated),random hazards,8.0,59.36,63.2,60.62,61.54
04_Maurener_Weg_8_000008_000020,11,crate (green),random hazards,12.0,66.7,64.96,62.41,63.6
04_Maurener_Weg_8_000008_000020,31,plastic bag (bloated),random hazards,8.0,56.65,45.34,44.95,45.15
04_Maurener_Weg_8_000008_000060,11,crate (green),random hazards,15.0,60.19,53.85,51.06,52.02
04_Maurener_Weg_8_000008_000060,31,plastic bag (bloated),random hazards,11.0,49.08,48.36,45.84,46.6
04_Maurener_Weg_8_000008_000060,31,plastic bag (bloated),random hazards,13.0,45.4,34.61,34.41,34.53
04_Maurener_Weg_8_000008_000100,31,plastic bag (bloated),random hazards,22.0,28.1,25.29,24.5,24.83
04_Maurener_Weg_8_000008_000100,11,crate (green),random hazards,19.0,42.25,39.61,38.59,38.86
04_Maurener_Weg_8_000008_000100,31,plastic bag (bloated),random hazards,14.0,33.31,31.87,30.98,31.35
04_Maurener_Weg_8_000008_000140,11,crate (green),random hazards,34.0,21.55,23.15,22.5,22.78
04_Maurener_Weg_8_000008_000140,31,plastic bag (bloated),random hazards,32.0,15.03,16.23,15.7,15.91
04_Maurener_Weg_8_000008_000140,31,plastic bag (bloated),random hazards,68.0,8.82,8.98,8.65,8.77
04_Maurener_Weg_8_000008_000180,11,crate (green),random hazards,98.0,7.8,8.88,8.63,8.71
04_Maurener_Weg_8_000009_000050,24,dog (white),emotional hazards,11.0,68.25,62.13,60.91,61.38
04_Maurener_Weg_8_000009_000090,24,dog (white),emotional hazards,14.0,58.85,53.34,52.51,52.84
04_Maurener_Weg_8_000009_000130,24,dog (white),emotional hazards,20.0,41.29,39.04,37.88,38.42
04_Maurener_Weg_8_000009_000170,24,dog (white),emotional hazards,31.0,23.04,23.05,21.89,22.24
04_Maurener_Weg_8_000009_000210,24,dog (white),emotional hazards,81.0,8.72,9.52,9.39,9.44
04_Maurener_Weg_8_000010_000040,23,dog (black),emotional hazards,22.0,50.66,53.45,52.91,53.17
04_Maurener_Weg_8_000010_000080,23,dog (black),emotional hazards,29.0,38.05,41.57,39.92,40.62
04_Maurener_Weg_8_000010_000120,23,dog (black),emotional hazards,52.0,20.63,20.39,20.14,20.22
04_Maurener_Weg_8_000011_000020,26,bobby car (gray),emotional hazards,18.0,62.34,61.11,59.58,60.24
04_Maurener_Weg_8_000011_000060,26,bobby car (gray),emotional hazards,18.0,60.67,53.44,52.53,52.83
04_Maurener_Weg_8_000011_000100,26,bobby car (gray),emotional hazards,23.0,47.01,42.88,41.84,42.2
04_Maurener_Weg_8_000011_000140,26,bobby car (gray),emotional hazards,33.0,30.78,28.58,27.56,27.91
04_Maurener_Weg_8_000011_000180,26,bobby car (gray),emotional hazards,64.0,15.12,15.41,15.12,15.16
04_Maurener_Weg_8_000012_000040,27,bobby car (red),emotional hazards,19.0,64.05,58.58,56.13,56.86
04_Maurener_Weg_8_000012_000080,27,bobby car (red),emotional hazards,22.0,54.27,51.79,48.38,49.62
04_Maurener_Weg_8_000012_000120,27,bobby car (red),emotional hazards,28.0,38.29,38.62,37.12,37.69
04_Maurener_Weg_8_000012_000160,27,bobby car (red),emotional hazards,54.0,19.74,18.03,17.64,17.74
04_Maurener_Weg_8_000013_000180,28,bobby car (yellow),emotional hazards,39.0,27.71,25.94,25.17,25.37
04_Maurener_Weg_8_000013_000220,28,bobby car (yellow),emotional hazards,84.0,12.64,14.71,14.46,14.49
05_Schafgasse_1_000000_000030,05,"crate (gray, 2x stacked)",standard objects,13.0,61.02,92.33,88.01,89.78
05_Schafgasse_1_000000_000070,05,"crate (gray, 2x stacked)",standard objects,13.0,51.7,75.57,71.71,73.77
05_Schafgasse_1_000000_000110,05,"crate (gray, 2x stacked)",standard objects,18.0,39.22,53.29,48.75,50.4
05_Schafgasse_1_000000_000150,05,"crate (gray, 2x stacked)",standard objects,31.0,24.92,30.34,29.28,29.55
05_Schafgasse_1_000000_000190,05,"crate (gray, 2x stacked)",standard objects,81.0,10.13,10.82,10.7,10.75
05_Schafgasse_1_000001_000090,03,"crate (black, upright)",standard objects,14.0,52.29,79.05,75.16,76.88
05_Schafgasse_1_000001_000130,03,"crate (black, upright)",standard objects,17.0,43.01,61.11,55.64,57.56
05_Schafgasse_1_000001_000170,03,"crate (black, upright)",standard objects,27.0,31.48,39.7,37.89,38.4
05_Schafgasse_1_000001_000210,03,"crate (black, upright)",standard objects,40.0,20.73,25.0,24.63,24.73
05_Schafgasse_1_000001_000250,03,"crate (black, upright)",standard objects,69.0,10.79,11.28,11.18,11.21
05_Schafgasse_1_000002_000130,08,cardboard box,random hazards,15.0,44.9,56.62,54.35,55.11
05_Schafgasse_1_000002_000130,18,pylon (white),random hazards,15.0,35.78,43.11,41.54,42.06
05_Schafgasse_1_000002_000170,08,cardboard box,random hazards,18.0,35.89,45.74,43.08,44.09
05_Schafgasse_1_000002_000170,18,pylon (white),random hazards,19.0,27.82,30.04,28.64,29.12
05_Schafgasse_1_000002_000210,08,cardboard box,random hazards,26.0,24.34,26.79,26.0,26.3
05_Schafgasse_1_000002_000210,18,pylon (white),random hazards,31.0,15.72,15.51,15.16,15.29
05_Schafgasse_1_000003_000030,20,tire,random hazards,16.0,42.15,52.33,51.6,51.8
05_Schafgasse_1_000003_000070,20,tire,random hazards,19.0,34.59,42.12,40.79,41.26
05_Schafgasse_1_000003_000110,20,tire,random hazards,27.0,23.44,25.3,24.88,25.06
05_Schafgasse_1_000003_000150,20,tire,random hazards,61.0,10.63,10.06,9.95,9.99
05_Schafgasse_1_000004_000030,11,crate (green),random hazards,13.0,45.13,62.56,61.22,61.72
05_Schafgasse_1_000004_000030,10,"crate (blue, small)",random hazards,11.0,41.74,53.57,51.49,52.26
05_Schafgasse_1_000004_000070,11,crate (green),random hazards,17.0,39.66,52.23,50.84,51.31
05_Schafgasse_1_000004_000070,10,"crate (blue, small)",random hazards,18.0,36.16,42.26,40.95,41.42
05_Schafgasse_1_000004_000110,11,crate (green),random hazards,23.0,30.01,34.0,32.81,33.2
05_Schafgasse_1_000004_000110,10,"crate (blue, small)",random hazards,18.0,25.48,27.48,26.75,27.12
05_Schafgasse_1_000004_000150,10,"crate (blue, small)",random hazards,43.0,11.52,11.45,11.37,11.39
05_Schafgasse_1_000004_000150,11,crate (green),random hazards,41.0,15.85,16.22,16.06,16.12
05_Schafgasse_1_000005_000040,29,cardboard box,random hazards,9.0,42.5,53.14,51.39,52.14
05_Schafgasse_1_000005_000080,29,cardboard box,random hazards,10.0,37.5,40.66,39.41,39.88
05_Schafgasse_1_000005_000120,29,cardboard box,random hazards,13.0,26.45,29.77,28.64,29.0
05_Schafgasse_1_000005_000120,21,ball,emotional hazards,27.0,21.28,26.62,25.71,26.15
05_Schafgasse_1_000007_000020,20,tire,random hazards,10.0,40.63,53.97,51.95,52.7
05_Schafgasse_1_000007_000060,20,tire,random hazards,10.0,33.22,42.54,40.86,41.51
05_Schafgasse_1_000007_000100,20,tire,random hazards,16.0,21.67,24.19,23.17,23.54
05_Schafgasse_1_000007_000140,20,tire,random hazards,39.0,9.29,8.87,8.66,8.74
05_Schafgasse_1_000008_000030,34,styrofoam,random hazards,7.0,47.08,64.95,63.04,63.76
05_Schafgasse_1_000008_000030,14,headlight,random hazards,18.0,36.73,49.93,47.53,48.49
05_Schafgasse_1_000008_000070,34,styrofoam,random hazards,10.0,36.55,46.61,44.99,45.76
05_Schafgasse_1_000008_000070,14,headlight,random hazards,22.0,26.37,32.59,31.38,31.89
05_Schafgasse_1_000008_000110,34,styrofoam,random hazards,16.0,23.57,27.36,25.96,26.53
05_Schafgasse_1_000008_000110,14,headlight,random hazards,47.0,13.23,13.09,12.81,12.92
05_Schafgasse_1_000009_000090,23,dog (black),emotional hazards,21.0,53.46,58.47,55.46,56.73
05_Schafgasse_1_000009_000130,23,dog (black),emotional hazards,25.0,44.83,51.71,47.96,49.7
05_Schafgasse_1_000009_000170,23,dog (black),emotional hazards,33.0,32.2,33.56,32.64,32.95
05_Schafgasse_1_000009_000210,23,dog (black),emotional hazards,59.0,18.28,21.13,20.42,20.83
05_Schafgasse_1_000010_000040,24,dog (white),emotional hazards,15.0,53.21,65.52,62.2,63.3
05_Schafgasse_1_000010_000080,24,dog (white),emotional hazards,16.0,48.51,56.8,53.82,55.01
05_Schafgasse_1_000010_000120,24,dog (white),emotional hazards,22.0,35.82,37.25,34.12,35.11
05_Schafgasse_1_000010_000160,24,dog (white),emotional hazards,38.0,19.55,21.6,20.59,20.89
05_Schafgasse_1_000011_000140,27,bobby car (red),emotional hazards,36.0,28.89,29.26,28.21,28.5
05_Schafgasse_1_000011_000180,27,bobby car (red),emotional hazards,105.0,9.75,10.09,9.97,10.0
05_Schafgasse_1_000012_000060,28,bobby car (yellow),emotional hazards,20.0,72.06,68.42,65.89,66.91
05_Schafgasse_1_000012_000100,28,bobby car (yellow),emotional hazards,21.0,57.89,54.81,53.37,53.92
05_Schafgasse_1_000012_000140,28,bobby car (yellow),emotional hazards,28.0,40.13,40.03,39.28,39.56
05_Schafgasse_1_000012_000180,28,bobby car (yellow),emotional hazards,47.0,22.57,24.31,23.8,23.99
05_Schafgasse_1_000012_000220,28,bobby car (yellow),emotional hazards,142.0,7.32,7.22,7.12,7.14
05_Schafgasse_1_000013_000060,26,bobby car (gray),emotional hazards,17.0,61.51,72.93,66.97,69.13
05_Schafgasse_1_000013_000100,26,bobby car (gray),emotional hazards,22.0,45.71,45.93,43.88,44.59
05_Schafgasse_1_000013_000140,26,bobby car (gray),emotional hazards,39.0,28.02,29.59,28.43,28.84
05_Schafgasse_1_000013_000180,26,bobby car (gray),emotional hazards,97.0,10.46,10.49,10.36,10.41
05_Schafgasse_1_000014_000060,24,dog (white),emotional hazards,26.0,41.49,48.98,45.14,46.67
05_Schafgasse_1_000014_000100,24,dog (white),emotional hazards,32.0,28.71,31.23,29.88,30.26
05_Schafgasse_1_000014_000140,24,dog (white),emotional hazards,62.0,14.09,14.52,14.23,14.38
05_Schafgasse_1_000015_000060,27,bobby car (red),emotional hazards,25.0,43.62,50.99,47.32,48.45
05_Schafgasse_1_000015_000100,27,bobby car (red),emotional hazards,36.0,29.06,31.72,30.55,30.92
05_Schafgasse_1_000015_000140,27,bobby car (red),emotional hazards,68.0,14.93,14.52,14.33,14.4
05_Schafgasse_1_000016_000030,27,bobby car (red),emotional hazards,20.0,52.31,46.99,45.31,45.95
05_Schafgasse_1_000016_000070,27,bobby car (red),emotional hazards,24.0,45.53,44.88,43.49,44.12
05_Schafgasse_1_000016_000110,27,bobby car (red),emotional hazards,34.0,31.6,31.06,29.53,29.97
05_Schafgasse_1_000016_000150,27,bobby car (red),emotional hazards,63.0,16.08,16.75,16.32,16.46
05_Schafgasse_1_000017_000040,26,bobby car (gray),emotional hazards,21.0,52.37,54.49,51.83,52.87
05_Schafgasse_1_000017_000080,26,bobby car (gray),emotional hazards,26.0,43.18,43.71,42.24,42.8
05_Schafgasse_1_000017_000120,26,bobby car (gray),emotional hazards,35.0,28.26,29.31,28.48,28.72
05_Schafgasse_1_000017_000160,26,bobby car (gray),emotional hazards,70.0,14.1,15.38,15.17,15.22
05_Schafgasse_1_000018_000040,24,dog (white),emotional hazards,23.0,52.2,53.37,51.69,52.4
05_Schafgasse_1_000018_000080,24,dog (white),emotional hazards,29.0,39.39,42.03,40.0,40.74
05_Schafgasse_1_000018_000120,24,dog (white),emotional hazards,50.0,21.02,20.04,19.72,19.81
05_Schafgasse_1_000019_000070,23,dog (black),emotional hazards,21.0,58.47,62.43,58.63,60.22
05_Schafgasse_1_000019_000110,23,dog (black),emotional hazards,28.0,48.86,48.11,45.97,46.94
05_Schafgasse_1_000019_000150,23,dog (black),emotional hazards,37.0,33.25,32.88,31.07,31.96
05_Schafgasse_1_000019_000190,23,dog (black),emotional hazards,68.0,15.91,15.2,14.98,15.09
07_Festplatz_Flugfeld_000000_000040,04,crate (gray),standard objects,8.0,77.52,55.73,49.73,52.03
07_Festplatz_Flugfeld_000000_000040,05,"crate (gray, 2x stacked)",standard objects,11.0,91.55,108.55,77.57,91.55
07_Festplatz_Flugfeld_000000_000040,06,"crate (gray, upright)",standard objects,15.0,106.56,102.65,88.99,99.49
07_Festplatz_Flugfeld_000000_000080,04,crate (gray),standard objects,8.0,64.92,51.81,48.62,49.41
07_Festplatz_Flugfeld_000000_000080,05,"crate (gray, 2x stacked)",standard objects,12.0,76.82,103.55,73.8,84.16
07_Festplatz_Flugfeld_000000_000080,06,"crate (gray, upright)",standard objects,17.0,94.08,93.95,73.18,83.75
07_Festplatz_Flugfeld_000000_000120,04,crate (gray),standard objects,9.0,48.99,36.29,34.98,35.36
07_Festplatz_Flugfeld_000000_000120,05,"crate (gray, 2x stacked)",standard objects,13.0,63.95,56.63,43.79,46.17
07_Festplatz_Flugfeld_000000_000120,06,"crate (gray, upright)",standard objects,21.0,68.72,72.76,45.98,52.78
07_Festplatz_Flugfeld_000000_000160,04,crate (gray),standard objects,14.0,33.12,30.55,28.97,29.57
07_Festplatz_Flugfeld_000000_000160,05,"crate (gray, 2x stacked)",standard objects,19.0,47.21,44.61,37.97,39.39
07_Festplatz_Flugfeld_000000_000160,06,"crate (gray, upright)",standard objects,30.0,52.01,39.24,38.64,38.88
07_Festplatz_Flugfeld_000000_000200,04,crate (gray),standard objects,24.0,18.02,18.19,17.46,17.72
07_Festplatz_Flugfeld_000000_000200,05,"crate (gray, 2x stacked)",standard objects,26.0,31.42,29.0,28.3,28.54
07_Festplatz_Flugfeld_000000_000200,06,"crate (gray, upright)",standard objects,42.0,36.24,29.55,28.54,29.01
07_Festplatz_Flugfeld_000000_000240,05,"crate (gray, 2x stacked)",standard objects,51.0,15.84,18.2,17.76,17.96
07_Festplatz_Flugfeld_000000_000240,06,"crate (gray, upright)",standard objects,64.0,20.94,22.11,22.04,22.07
07_Festplatz_Flugfeld_000001_000040,03,"crate (black, upright)",standard objects,7.0,88.02,50.32,45.6,47.17
07_Festplatz_Flugfeld_000001_000040,02,"crate (black, 2x stacked)",standard objects,10.0,104.11,91.61,60.19,73.12
07_Festplatz_Flugfeld_000001_000040,01,crate (black),standard objects,9.0,99.3,66.69,53.13,56.94
07_Festplatz_Flugfeld_000001_000080,03,"crate (black, upright)",standard objects,11.0,73.41,48.12,43.31,44.67
07_Festplatz_Flugfeld_000001_000080,02,"crate (black, 2x stacked)",standard objects,11.0,93.0,79.79,53.15,57.57
07_Festplatz_Flugfeld_000001_000080,01,crate (black),standard objects,9.0,87.15,64.12,54.55,56.81
07_Festplatz_Flugfeld_000001_000120,03,"crate (black, upright)",standard objects,13.0,52.22,40.04,37.33,38.04
07_Festplatz_Flugfeld_000001_000120,02,"crate (black, 2x stacked)",standard objects,14.0,70.93,46.3,42.46,43.8
07_Festplatz_Flugfeld_000001_000120,01,crate (black),standard objects,11.0,64.13,45.61,42.82,43.54
07_Festplatz_Flugfeld_000001_000160,03,"crate (black, upright)",standard objects,20.0,34.27,29.21,28.3,28.55
07_Festplatz_Flugfeld_000001_000160,02,"crate (black, 2x stacked)",standard objects,21.0,50.39,37.64,36.47,36.91
07_Festplatz_Flugfeld_000001_000160,01,crate (black),standard objects,17.0,47.37,34.9,33.65,33.96
07_Festplatz_Flugfeld_000001_000200,03,"crate (black, upright)",standard objects,42.0,16.73,16.9,16.79,16.83
07_Festplatz_Flugfeld_000001_000200,02,"crate (black, 2x stacked)",standard objects,32.0,32.75,31.79,31.21,31.53
07_Festplatz_Flugfeld_000001_000200,01,crate (black),standard objects,28.0,29.38,25.25,24.67,24.89
07_Festplatz_Flugfeld_000002_000190,08,cardboard box,random hazards,11.0,86.86,51.39,46.28,48.3
07_Festplatz_Flugfeld_000002_000190,07,bumper,random hazards,17.0,99.53,70.3,56.36,61.59
07_Festplatz_Flugfeld_000002_000230,08,cardboard box,random hazards,11.0,76.87,44.38,41.64,43.12
07_Festplatz_Flugfeld_000002_000230,07,bumper,random hazards,18.0,84.86,57.11,50.66,53.41
07_Festplatz_Flugfeld_000002_000270,08,cardboard box,random hazards,14.0,65.08,42.02,39.52,40.52
07_Festplatz_Flugfeld_000002_000270,07,bumper,random hazards,23.0,74.13,55.83,47.89,51.06
07_Festplatz_Flugfeld_000002_000310,08,cardboard box,random hazards,19.0,48.05,35.99,34.56,34.94
07_Festplatz_Flugfeld_000002_000310,07,bumper,random hazards,26.0,57.05,45.09,42.52,43.68
07_Festplatz_Flugfeld_000002_000350,08,cardboard box,random hazards,26.0,31.73,25.81,25.26,25.44
07_Festplatz_Flugfeld_000002_000350,07,bumper,random hazards,35.0,40.65,32.1,31.59,31.7
07_Festplatz_Flugfeld_000002_000390,08,cardboard box,random hazards,49.0,18.09,17.23,17.05,17.15
07_Festplatz_Flugfeld_000002_000390,07,bumper,random hazards,58.0,25.89,26.23,25.63,25.79
07_Festplatz_Flugfeld_000002_000430,07,bumper,random hazards,95.0,14.14,14.96,14.7,14.79
07_Festplatz_Flugfeld_000003_000100,34,styrofoam,random hazards,5.0,76.96,45.47,43.68,44.71
07_Festplatz_Flugfeld_000003_000100,07,bumper,random hazards,16.0,89.7,60.32,53.52,55.97
07_Festplatz_Flugfeld_000003_000140,34,styrofoam,random hazards,6.0,62.07,47.05,44.39,45.08
07_Festplatz_Flugfeld_000003_000140,07,bumper,random hazards,18.0,76.01,66.08,56.14,59.54
07_Festplatz_Flugfeld_000003_000180,34,styrofoam,random hazards,9.0,45.84,35.93,34.38,35.17
07_Festplatz_Flugfeld_000003_000180,07,bumper,random hazards,24.0,60.28,45.24,41.21,43.2
07_Festplatz_Flugfeld_000003_000220,34,styrofoam,random hazards,13.0,32.7,28.85,27.79,28.22
07_Festplatz_Flugfeld_000003_000220,07,bumper,random hazards,29.0,47.44,35.01,34.25,34.44
07_Festplatz_Flugfeld_000003_000260,34,styrofoam,random hazards,25.0,18.93,18.38,17.51,17.85
07_Festplatz_Flugfeld_000003_000260,07,bumper,random hazards,38.0,34.24,28.5,27.63,28.03
07_Festplatz_Flugfeld_000003_000300,07,bumper,random hazards,73.0,19.75,19.75,19.07,19.31
07_Festplatz_Flugfeld_000003_000340,07,bumper,random hazards,215.0,7.54,8.51,8.02,8.19
07_Festplatz_Flugfeld_000004_000060,08,cardboard box,random hazards,10.0,51.6,47.14,42.79,44.48
07_Festplatz_Flugfeld_000004_000060,20,tire,random hazards,15.0,48.55,40.73,37.57,38.35
07_Festplatz_Flugfeld_000004_000100,08,cardboard box,random hazards,12.0,43.65,40.16,38.36,39.0
07_Festplatz_Flugfeld_000004_000100,20,tire,random hazards,20.0,38.09,32.42,31.42,31.7
07_Festplatz_Flugfeld_000004_000140,08,cardboard box,random hazards,18.0,30.37,28.38,27.53,27.79
07_Festplatz_Flugfeld_000004_000140,20,tire,random hazards,34.0,23.81,22.1,21.46,21.64
07_Festplatz_Flugfeld_000004_000180,08,cardboard box,random hazards,28.0,17.31,15.8,15.49,15.62
07_Festplatz_Flugfeld_000004_000180,20,tire,random hazards,71.0,10.66,9.97,9.86,9.89
07_Festplatz_Flugfeld_000004_000220,08,cardboard box,random hazards,80.0,6.89,6.55,6.41,6.46
07_Festplatz_Flugfeld_000005_000050,09,crate (blue),random hazards,13.0,43.17,43.93,40.39,41.51
07_Festplatz_Flugfeld_000005_000050,13,exhaust pipe,random hazards,16.0,48.38,46.31,42.57,43.97
07_Festplatz_Flugfeld_000005_000090,09,crate (blue),random hazards,16.0,35.7,36.84,34.45,35.34
07_Festplatz_Flugfeld_000005_000090,13,exhaust pipe,random hazards,20.0,39.95,38.46,36.18,37.02
07_Festplatz_Flugfeld_000005_000130,09,crate (blue),random hazards,25.0,24.88,26.17,25.27,25.57
07_Festplatz_Flugfeld_000005_000130,13,exhaust pipe,random hazards,29.0,28.88,30.57,28.08,28.96
07_Festplatz_Flugfeld_000005_000170,09,crate (blue),random hazards,44.0,12.9,13.06,12.73,12.88
07_Festplatz_Flugfeld_000005_000170,13,exhaust pipe,random hazards,43.0,17.13,16.57,15.8,16.02
15_Rechbergstr_Deckenpfronn_000000_000040,39,kid (walking),humans,52.0,44.16,50.44,49.33,49.94
15_Rechbergstr_Deckenpfronn_000000_000040,40,kid (on a bobby car),humans,48.0,43.18,49.73,49.33,49.51
15_Rechbergstr_Deckenpfronn_000000_000080,39,kid (walking),humans,50.0,45.09,50.84,46.17,48.75
15_Rechbergstr_Deckenpfronn_000000_000080,40,kid (on a bobby car),humans,50.0,43.24,52.74,51.66,52.07
15_Rechbergstr_Deckenpfronn_000000_000120,40,kid (on a bobby car),humans,45.0,44.11,53.52,52.96,53.09
15_Rechbergstr_Deckenpfronn_000000_000120,41,kid (on a small bobby car),humans,37.0,46.99,61.24,58.42,59.59
15_Rechbergstr_Deckenpfronn_000000_000160,40,kid (on a bobby car),humans,47.0,47.93,60.15,58.79,59.47
15_Rechbergstr_Deckenpfronn_000000_000160,41,kid (on a small bobby car),humans,37.0,47.58,59.6,57.37,58.26
15_Rechbergstr_Deckenpfronn_000001_000050,40,kid (on a bobby car),humans,25.0,63.6,71.73,70.51,71.03
15_Rechbergstr_Deckenpfronn_000001_000050,41,kid (on a small bobby car),humans,26.0,62.04,79.06,70.88,73.31
15_Rechbergstr_Deckenpfronn_000001_000050,39,kid (walking),humans,33.0,64.56,74.76,72.46,73.22
15_Rechbergstr_Deckenpfronn_000001_000050,40,kid (on a bobby car),humans,28.0,62.46,70.13,69.13,69.51
15_Rechbergstr_Deckenpfronn_000001_000090,40,kid (on a bobby car),humans,28.0,63.56,64.87,63.88,64.3
15_Rechbergstr_Deckenpfronn_000001_000090,39,kid (walking),humans,34.0,63.76,65.7,64.51,64.94
15_Rechbergstr_Deckenpfronn_000001_000090,40,kid (on a bobby car),humans,27.0,62.13,63.38,62.83,63.04
15_Rechbergstr_Deckenpfronn_000001_000090,41,kid (on a small bobby car),humans,26.0,62.34,76.24,67.09,69.61
15_Rechbergstr_Deckenpfronn_000001_000130,41,kid (on a small bobby car),humans,26.0,61.92,70.44,68.61,69.14
15_Rechbergstr_Deckenpfronn_000001_000130,40,kid (on a bobby car),humans,35.0,63.6,68.27,66.47,67.06
15_Rechbergstr_Deckenpfronn_000001_000130,40,kid (on a bobby car),humans,13.0,61.13,65.99,65.69,65.8
15_Rechbergstr_Deckenpfronn_000001_000170,41,kid (on a small bobby car),humans,26.0,61.98,80.68,75.43,77.1
15_Rechbergstr_Deckenpfronn_000001_000170,40,kid (on a bobby car),humans,12.0,64.53,74.36,73.05,73.5
15_Rechbergstr_Deckenpfronn_000001_000170,40,kid (on a bobby car),humans,29.0,64.01,72.16,70.89,71.35
15_Rechbergstr_Deckenpfronn_000001_000170,39,kid (walking),humans,30.0,64.08,73.05,71.34,72.02
15_Rechbergstr_Deckenpfronn_000001_000170,40,kid (on a bobby car),humans,29.0,62.34,70.43,69.52,69.9
15_Rechbergstr_Deckenpfronn_000001_000210,41,kid (on a small bobby car),humans,26.0,61.89,79.15,72.35,74.41
15_Rechbergstr_Deckenpfronn_000001_000210,40,kid (on a bobby car),humans,15.0,63.29,66.02,64.41,65.1
15_Rechbergstr_Deckenpfronn_000001_000210,40,kid (on a bobby car),humans,34.0,61.13,63.23,62.23,62.55
15_Rechbergstr_Deckenpfronn_000001_000250,40,kid (on a bobby car),humans,16.0,63.42,67.3,66.56,66.91
15_Rechbergstr_Deckenpfronn_000001_000250,41,kid (on a small bobby car),humans,26.0,62.8,66.88,66.09,66.37
15_Rechbergstr_Deckenpfronn_000001_000250,40,kid (on a bobby car),humans,34.0,61.81,63.02,62.24,62.48
15_Rechbergstr_Deckenpfronn_000001_000290,41,kid (on a small bobby car),humans,26.0,61.87,63.18,62.45,62.72
15_Rechbergstr_Deckenpfronn_000001_000290,40,kid (on a bobby car),humans,34.0,61.63,62.46,61.74,62.01
15_Rechbergstr_Deckenpfronn_000001_000290,39,kid (walking),humans,33.0,63.7,72.51,70.45,71.52
15_Rechbergstr_Deckenpfronn_000001_000290,39,kid (walking),humans,34.0,63.57,71.41,69.66,70.34
15_Rechbergstr_Deckenpfronn_000002_000140,40,kid (on a bobby car),humans,55.0,37.5,41.49,40.09,40.44
15_Rechbergstr_Deckenpfronn_000002_000180,40,kid (on a bobby car),humans,71.0,31.04,34.65,34.02,34.22
15_Rechbergstr_Deckenpfronn_000003_000150,40,kid (on a bobby car),humans,70.0,30.42,33.41,32.83,33.04
15_Rechbergstr_Deckenpfronn_000004_000160,41,kid (on a small bobby car),humans,41.0,40.22,48.01,46.35,47.0
15_Rechbergstr_Deckenpfronn_000004_000200,41,kid (on a small bobby car),humans,56.0,31.3,35.03,34.62,34.81
15_Rechbergstr_Deckenpfronn_000004_000240,41,kid (on a small bobby car),humans,79.0,21.23,22.66,22.26,22.37
15_Rechbergstr_Deckenpfronn_000004_000280,41,kid (on a small bobby car),humans,120.0,14.11,15.36,15.15,15.24
15_Rechbergstr_Deckenpfronn_000005_000040,42,kid (crawling),humans,84.0,12.54,13.66,13.56,13.6
15_Rechbergstr_Deckenpfronn_000005_000080,42,kid (crawling),humans,68.0,12.68,13.72,13.59,13.63
15_Rechbergstr_Deckenpfronn_000006_000100,39,kid (walking),humans,47.0,45.15,51.52,50.5,50.66
15_Rechbergstr_Deckenpfronn_000006_000140,39,kid (walking),humans,55.0,40.46,43.57,43.08,43.33
15_Rechbergstr_Deckenpfronn_000006_000180,39,kid (walking),humans,75.0,31.62,34.89,34.18,34.49
15_Rechbergstr_Deckenpfronn_000006_000220,39,kid (walking),humans,98.0,25.04,27.67,27.08,27.28
15_Rechbergstr_Deckenpfronn_000006_000260,39,kid (walking),humans,118.0,19.23,22.25,22.03,22.14
15_Rechbergstr_Deckenpfronn_000006_000340,39,kid (walking),humans,218.0,10.55,11.9,11.72,11.82
15_Rechbergstr_Deckenpfronn_000007_000060,39,kid (walking),humans,46.0,50.35,63.9,63.2,63.37
15_Rechbergstr_Deckenpfronn_000007_000180,39,kid (walking),humans,74.0,31.96,32.98,31.74,31.94
15_Rechbergstr_Deckenpfronn_000007_000260,39,kid (walking),humans,117.0,18.57,20.95,20.39,20.56
