image,type,class,predicted_class,occluded,truncated,box_height_px,true_centre_m,true_nearest_surface_m,lateral_gap_m,depth-pro_median,depth-pro_p10,depth-pro_p25,in_path
000000,Pedestrian,pedestrian,person,0,0.0,164.9,8.61,8.27,1.24,5.31,5.21,5.25,False
000001,Truck,truck,train,0,0.0,32.8,69.44,63.27,0.0,56.66,55.26,56.66,True
000001,Car,car,car,0,0.0,21.6,60.78,58.75,15.59,46.08,44.86,45.76,False
000002,Car,car,car,0,0.0,33.3,34.53,32.28,2.37,29.74,29.52,29.74,False
000009,Car,car,car,0,0.0,52.5,23.89,22.25,0.0,20.87,20.51,20.84,True
000009,Car,car,car,0,0.0,15.4,68.29,66.48,1.14,56.66,56.66,56.66,True
000009,Car,car,car,2,0.0,16.2,66.37,64.42,0.0,52.6,40.71,48.55,True
000012,Car,car,car,0,0.0,19.2,59.08,57.21,4.37,36.05,34.99,35.46,False
000012,Van,van,bus,0,0.0,29.3,66.31,63.31,11.72,37.38,36.05,37.0,False
000015,Car,car,car,0,0.89,178.3,4.94,2.95,1.62,3.78,3.14,3.37,False
000015,Pedestrian,pedestrian,person,1,0.0,183.3,8.95,8.31,4.13,7.4,7.2,7.29,False
000015,Pedestrian,pedestrian,person,0,0.0,56.3,23.37,22.82,1.31,24.25,23.65,23.87,False
000015,Pedestrian,pedestrian,person,0,0.0,54.9,24.44,23.96,2.8,25.31,23.3,24.29,False
000015,Pedestrian,pedestrian,person,0,0.0,52.6,24.27,23.83,2.0,24.24,23.13,23.59,False
000019,Car,car,car,0,0.0,20.2,59.71,57.7,2.98,45.76,45.08,45.76,False
000019,Truck,truck,truck,1,0.74,374.0,6.31,3.48,2.14,3.89,3.08,3.48,False
000019,Car,car,car,0,0.0,136.9,10.13,8.14,1.98,8.04,7.83,7.88,False
000019,Van,van,truck,0,0.0,43.3,35.42,33.17,1.51,29.74,29.74,29.74,False
000026,Truck,truck,bus,1,0.0,56.6,37.35,34.09,1.13,24.79,24.79,24.79,True
000026,Car,car,car,0,0.0,16.8,68.47,66.58,3.15,44.07,42.49,43.37,False
000027,Van,van,truck,3,0.0,197.1,14.87,11.89,6.38,10.72,9.52,9.86,False
000027,Car,car,car,0,0.0,12.9,73.47,71.69,0.32,62.02,58.04,59.49,True
000030,Car,car,car,0,0.0,26.0,41.95,39.71,1.19,24.79,24.28,24.28,True
000031,Car,car,car,0,0.0,116.8,12.61,10.57,2.29,10.77,10.35,10.44,False
000031,Car,car,car,0,0.0,161.1,9.04,7.32,2.4,7.21,7.08,7.12,False
000031,Car,car,car,0,0.0,43.3,26.55,24.65,1.85,22.9,22.45,22.81,False
000031,Truck,truck,truck,2,0.0,96.7,22.54,19.72,2.42,19.83,19.17,19.27,False
000031,Van,van,truck,0,0.0,28.9,51.93,49.69,0.82,41.03,40.02,40.78,True
000031,Car,car,car,1,0.0,98.0,13.46,11.56,2.08,11.55,11.12,11.24,False
000052,Car,car,car,0,0.0,66.3,18.93,16.88,5.41,13.68,13.37,13.52,False
000052,Van,van,car,0,0.0,144.1,12.2,9.79,0.0,9.22,8.75,8.95,True
000052,Car,car,car,0,0.0,62.7,19.99,17.91,2.98,18.19,17.72,17.76,False
000052,Car,car,car,1,0.0,40.1,34.91,33.71,9.46,29.74,28.33,29.02,False
000052,Car,car,car,1,0.0,61.7,21.17,19.12,0.37,20.17,19.5,19.83,True
000052,Car,car,car,0,0.0,25.2,68.3,65.72,39.25,45.76,45.27,45.76,False
000058,Pedestrian,pedestrian,person,0,0.0,163.2,7.46,7.08,1.02,3.3,3.23,3.25,True
000063,Van,van,car,0,0.0,46.1,36.84,34.59,10.81,25.86,25.32,25.77,False
000063,Car,car,car,0,0.0,68.7,20.38,18.03,6.76,14.51,14.0,14.16,False
000063,Car,car,car,2,0.0,112.8,11.79,10.35,1.58,9.79,9.55,9.67,False
000064,Car,car,car,0,0.0,40.0,26.95,25.21,1.86,23.79,23.08,23.33,False
000064,Car,car,car,1,0.0,28.3,39.77,37.66,5.98,33.99,33.05,33.05,False
000064,Car,car,car,0,0.0,95.4,13.89,11.8,2.56,11.22,10.96,11.02,False
000064,Truck,truck,truck,1,0.0,206.3,17.97,13.83,5.85,12.93,12.39,12.52,False
000069,Car,car,car,0,0.0,71.0,18.5,16.91,6.15,14.51,14.33,14.42,False
000069,Car,car,car,1,0.0,16.4,62.9,61.64,4.7,51.73,49.57,51.03,False
000072,Car,car,car,0,0.0,101.2,13.25,10.92,3.0,10.53,9.8,9.87,False
000072,Car,car,car,0,0.0,39.0,32.6,30.35,0.0,27.4,27.04,27.04,True
000072,Car,car,car,1,0.25,49.8,32.14,29.78,19.09,21.44,20.2,20.87,False
000075,Car,car,car,1,0.0,40.5,28.36,26.48,0.02,24.79,23.8,23.96,True
000075,Car,car,car,0,0.0,77.0,16.81,14.65,1.02,14.0,13.08,13.22,True
000075,Car,car,car,1,0.0,55.0,22.83,20.89,0.0,19.5,18.3,18.66,True
000075,Car,car,car,0,1.0,236.3,3.3,2.09,2.06,2.64,2.44,2.53,False
000078,Car,car,car,0,0.0,34.5,34.61,33.24,2.23,25.86,25.7,25.86,False
000078,Van,van,car,0,0.66,231.5,6.86,4.54,2.65,4.36,3.67,4.01,False
000078,Car,car,car,0,0.0,21.2,51.28,49.05,0.39,34.99,33.99,34.42,True
000078,Car,car,car,1,0.0,141.7,11.61,9.21,2.89,8.59,7.63,7.95,False
000079,Car,car,car,0,0.0,119.7,10.93,9.04,0.76,8.75,8.38,8.5,True
000079,Car,car,car,0,0.0,29.5,37.43,35.28,4.42,33.99,33.05,33.43,False
000079,Car,car,car,0,0.16,147.7,11.54,9.63,4.61,8.26,7.53,7.78,False
000079,Car,car,car,0,0.0,21.6,47.03,44.75,3.67,41.16,41.03,41.03,False
000079,Truck,truck,truck,2,0.0,187.2,25.97,18.71,7.03,16.08,13.66,14.0,False
000081,Truck,truck,truck,0,0.0,29.9,75.8,69.63,0.0,49.11,47.59,47.59,True
000081,Car,car,car,0,0.0,16.2,76.57,74.99,3.05,51.73,49.57,50.17,False
000082,Truck,truck,truck,0,0.64,134.0,27.13,23.66,12.42,17.5,17.14,17.24,False
000082,Car,car,car,0,0.0,16.6,64.64,62.57,8.59,47.72,47.59,47.59,False
000101,Car,car,car,0,0.0,63.3,19.47,17.81,0.0,17.54,17.5,17.5,True
000101,Car,car,car,0,0.0,53.4,29.65,27.64,14.56,23.89,22.45,22.88,False
000101,Car,car,car,3,0.3,52.1,30.81,28.62,18.2,23.8,22.03,22.88,False
000103,Pedestrian,pedestrian,person,0,0.0,138.5,9.89,9.48,3.19,5.54,5.46,5.49,False
000108,Car,car,car,0,0.0,101.4,13.49,11.97,0.0,11.12,10.92,11.02,True
000108,Cyclist,cyclist,person,3,0.0,99.1,15.36,14.33,5.34,15.01,14.69,14.74,False
000117,Car,car,car,0,0.0,25.6,50.08,47.94,7.78,34.99,34.99,34.99,False
000117,Car,car,car,1,0.16,108.0,13.69,12.07,5.6,9.37,9.22,9.27,False
000117,Car,car,car,0,0.0,124.2,11.07,9.65,2.64,8.59,8.5,8.55,False
000117,Car,car,car,2,0.0,83.2,18.39,17.12,6.53,12.25,10.26,11.68,False
000117,Car,car,car,2,0.0,78.7,20.53,19.36,6.6,13.68,13.37,13.37,False
000120,Car,car,car,1,0.06,171.6,8.96,6.89,3.02,7.17,6.4,6.54,False
000120,Car,car,car,0,0.0,97.3,14.39,12.02,4.24,12.66,11.78,11.9,False
000120,Car,car,car,0,0.0,49.7,25.12,23.2,1.73,23.33,22.88,23.21,False
000120,Car,car,car,1,0.0,37.2,33.64,31.9,4.75,30.51,29.02,29.74,False
000120,Car,car,car,1,0.0,92.4,14.64,12.69,2.8,13.68,12.38,12.66,False
000120,Car,car,car,1,0.0,45.9,25.65,23.47,2.36,25.31,23.17,24.28,False
000120,Car,car,car,1,0.0,56.8,20.7,18.78,2.44,20.42,18.89,19.19,False
000125,Car,car,car,0,0.0,31.2,40.65,39.11,11.36,37.16,36.05,36.49,False
000125,Car,car,car,1,0.0,31.3,46.01,44.17,24.62,32.16,31.31,31.31,False
000125,Car,car,car,0,0.0,20.0,55.31,52.8,11.39,51.53,47.94,49.57,False
000125,Car,car,car,0,0.01,208.3,7.01,5.35,0.0,5.41,5.34,5.38,True
000125,Car,car,car,0,0.0,32.7,38.41,36.22,14.32,31.31,31.31,31.31,False
000125,Car,car,car,2,0.0,20.0,55.43,53.27,14.68,48.74,45.03,47.59,False
000126,Van,van,truck,3,0.0,48.1,43.72,40.85,0.91,36.05,34.99,35.43,True
000126,Car,car,car,0,0.0,77.3,16.34,13.94,3.8,14.33,13.83,13.87,False
000132,Car,car,car,0,0.0,41.0,30.89,28.95,5.22,24.21,23.73,23.73,False
000132,Car,car,car,1,0.0,14.0,77.22,75.26,17.77,49.33,44.82,47.47,False
000135,Car,car,car,1,0.0,45.9,26.12,24.15,1.99,22.02,21.15,21.25,False
000135,Car,car,car,1,0.0,52.7,23.18,21.29,5.42,19.19,18.3,18.59,False
000135,Van,van,car,0,0.0,50.2,43.3,40.83,23.45,25.22,23.8,24.28,False
000135,Car,car,car,1,0.0,37.2,36.75,34.59,5.28,31.31,28.6,30.51,False
000135,Car,car,car,1,0.0,43.9,36.1,33.78,19.95,25.37,24.79,25.31,False
000135,Car,car,car,1,0.0,40.3,28.39,26.26,5.36,23.8,20.51,22.88,False
000139,Truck,truck,truck,0,0.0,30.6,74.22,67.96,1.58,56.66,56.66,56.66,False
000139,Van,van,truck,3,0.0,66.9,27.2,24.78,12.32,20.17,18.89,19.46,False
000139,Car,car,car,0,0.0,26.1,48.08,46.55,0.0,42.07,41.03,41.03,True
000152,Car,car,car,0,0.35,177.2,6.91,4.66,1.83,4.53,4.31,4.36,False
000152,Car,car,car,0,0.0,25.5,41.41,39.59,2.67,34.99,33.99,33.99,False
000152,Car,car,car,0,0.26,218.1,6.79,4.78,1.57,4.65,4.59,4.61,False
000152,Car,car,car,1,0.0,58.5,20.37,18.23,2.37,18.03,16.83,17.33,False
000152,Car,car,car,0,0.0,24.3,46.87,44.8,1.25,38.38,38.38,38.38,False
000152,Car,car,car,2,0.0,72.9,16.76,14.57,1.33,15.15,14.16,14.33,False
000165,Car,car,car,0,0.0,44.5,24.12,22.43,0.0,21.25,20.87,21.24,True
000165,Van,van,car,3,0.01,227.2,9.08,6.73,2.42,6.13,5.78,5.92,False
000165,Van,van,bus,3,0.0,58.5,32.58,29.62,2.07,26.7,25.86,26.35,False
000165,Car,car,car,3,0.82,184.4,7.01,4.88,2.86,4.09,3.87,3.97,False
000165,Car,car,car,2,0.0,79.4,19.23,17.21,3.11,13.25,12.93,13.07,False
000165,Car,car,car,2,0.0,47.7,29.43,27.46,2.94,25.86,23.53,24.79,False
000167,Cyclist,cyclist,person,3,0.0,32.5,41.19,40.31,4.12,37.18,36.05,36.15,False
000167,Pedestrian,pedestrian,person,0,0.0,116.9,12.28,11.75,5.12,12.14,11.9,12.02,False
000167,Cyclist,cyclist,person,3,0.0,54.9,26.32,25.32,3.54,27.67,26.44,27.04,False
000168,Car,car,car,0,0.0,33.5,34.26,32.76,10.18,28.1,27.67,27.67,False
000168,Car,car,car,0,0.0,35.9,27.84,26.06,0.47,27.04,26.89,27.04,True
000168,Car,car,car,0,0.0,36.3,39.46,37.35,16.6,27.85,27.66,27.67,False
000168,Car,car,car,0,0.0,26.8,40.03,38.19,4.07,38.38,38.16,38.38,False
000177,Van,van,truck,0,0.0,88.8,23.11,20.25,2.44,16.76,16.52,16.7,False
000177,Pedestrian,pedestrian,person,0,0.0,71.3,19.36,18.86,7.77,14.87,14.52,14.69,False
000177,Pedestrian,pedestrian,person,0,0.0,83.1,17.19,16.82,8.38,12.79,12.66,12.66,False
000177,Person_sitting,pedestrian,person,0,0.0,51.2,20.35,19.92,6.07,16.52,15.66,15.8,False
000177,Car,car,car,1,0.0,30.8,36.72,35.14,8.5,27.57,24.79,27.02,False
000178,Car,car,car,0,0.0,64.5,19.07,16.95,2.22,17.18,16.52,16.76,False
000178,Car,car,car,1,0.0,50.1,26.49,25.08,9.68,22.03,21.58,21.63,False
000178,Car,car,car,0,0.0,25.2,46.6,44.77,0.0,41.43,41.03,41.03,True
000178,Car,car,car,0,0.93,183.0,4.55,2.66,2.05,3.34,2.76,2.96,False
000178,Car,car,car,0,0.0,51.8,29.46,27.58,15.19,18.89,15.45,18.42,False
000178,Car,car,car,1,0.0,173.6,8.99,6.96,2.18,6.96,6.68,6.76,False
000178,Car,car,car,1,0.0,30.9,37.33,35.3,2.57,33.05,28.43,32.28,False
000180,Car,car,car,1,0.0,23.1,52.32,51.08,7.44,38.96,37.59,38.38,False
000180,Car,car,car,0,0.0,16.3,63.79,61.63,3.98,48.77,47.59,47.59,False
000186,Truck,truck,truck,2,0.0,44.7,60.38,59.01,1.06,60.3,52.48,59.49,True
000186,Car,car,car,1,0.0,27.7,41.12,39.08,10.37,44.07,42.49,43.23,False
000186,Car,car,car,1,0.67,178.2,9.2,7.27,5.03,7.93,6.96,7.28,False
000186,Car,car,car,0,0.0,34.3,32.52,30.62,4.13,36.01,34.99,34.99,False
000186,Car,car,car,1,0.9,184.1,4.83,3.02,2.09,3.72,3.11,3.31,False
000186,Car,car,car,2,0.0,53.2,28.48,26.44,13.8,28.03,27.53,27.67,False
000186,Pedestrian,pedestrian,person,0,0.0,41.4,30.12,29.58,2.67,33.36,32.3,33.05,False
000186,Car,car,car,1,0.0,21.2,53.47,51.68,2.29,63.65,62.62,62.62,False
000186,Car,car,car,1,0.0,22.6,49.8,48.05,0.71,59.49,59.09,59.49,True
000201,Car,car,car,1,0.45,198.3,6.4,4.34,2.03,5.04,4.13,4.32,False
000201,Car,car,car,0,0.0,81.1,14.99,13.16,1.11,13.03,12.66,12.79,True
000201,Car,car,car,0,0.0,34.0,33.93,32.04,0.15,31.31,30.51,30.66,True
000201,Car,car,car,0,0.0,65.5,18.48,16.57,4.75,15.25,14.86,15.04,False
000201,Car,car,truck,1,0.0,61.7,21.91,19.89,0.0,19.6,18.89,18.89,True
000201,Car,car,car,1,0.0,25.6,43.86,42.09,2.37,38.38,37.26,38.38,False
000201,Cyclist,cyclist,person,0,0.0,62.9,20.92,19.9,3.75,20.51,19.83,20.17,False
000201,Cyclist,cyclist,person,0,0.0,72.7,18.99,18.04,4.24,17.5,17.17,17.24,False
000207,Car,car,car,1,0.0,44.0,34.21,32.1,15.94,23.8,22.45,22.53,False
000207,Car,car,car,0,0.0,47.0,30.64,28.52,13.01,21.26,20.51,20.51,False
000207,Car,car,car,0,0.0,24.4,51.7,49.58,13.17,37.18,36.05,36.9,False
000209,Pedestrian,pedestrian,person,0,0.0,177.0,8.09,7.64,2.08,4.53,4.39,4.46,False
000213,Car,car,car,0,0.0,92.8,13.62,11.42,1.8,11.78,11.44,11.45,False
000213,Car,car,car,1,0.0,30.9,43.75,41.5,2.3,38.38,37.59,38.38,False
000213,Car,car,car,2,0.0,111.1,13.32,11.63,4.63,10.26,9.32,10.01,False
000213,Car,car,car,1,0.0,66.3,18.15,16.67,3.67,15.25,10.54,15.06,False
000213,Car,car,car,0,0.71,179.1,9.17,7.33,4.48,5.77,5.36,5.46,False
000213,Car,car,car,0,0.92,169.8,4.67,2.99,2.06,3.38,2.87,3.02,False
000213,Car,car,car,1,0.0,44.9,24.29,22.16,2.14,23.33,22.03,22.45,False
000213,Car,car,car,3,0.29,131.8,11.25,9.52,4.65,7.88,7.73,7.78,False
000218,Car,car,car,0,0.0,70.6,19.12,17.17,5.25,17.2,16.5,16.52,False
000218,Car,car,car,1,0.0,26.8,41.43,39.6,5.53,39.66,38.45,39.66,False
000218,Car,car,car,0,0.0,179.0,8.19,6.14,2.2,5.94,5.71,5.78,False
000218,Car,car,car,1,0.0,84.7,14.01,12.36,2.03,12.27,11.81,12.02,False
000218,Car,car,car,1,0.0,26.0,44.52,42.59,1.97,38.41,38.38,38.38,False
000218,Car,car,car,2,0.0,22.6,46.95,44.85,5.48,42.49,41.03,41.93,False
000226,Car,car,car,0,0.0,26.6,41.83,39.64,1.79,36.05,35.35,36.05,False
000226,Car,car,car,0,0.8,157.0,5.08,3.25,1.91,3.72,3.25,3.46,False
000226,Van,van,car,2,0.0,39.6,38.75,37.65,3.77,34.99,31.51,33.99,False
000226,Truck,truck,truck,2,0.0,32.0,58.01,54.69,1.21,47.59,45.76,46.06,False
000226,Car,car,car,0,0.03,197.2,8.4,6.15,1.55,5.89,5.69,5.75,False
000226,Car,car,car,2,0.0,44.0,26.75,25.51,4.07,21.31,16.73,20.69,False
000226,Car,car,car,2,0.0,70.7,17.21,15.88,4.53,14.51,14.0,14.16,False
000226,Car,car,car,3,0.02,109.3,12.99,11.42,4.59,9.77,8.41,9.15,False
000228,Car,car,car,1,0.0,32.3,35.82,33.93,4.46,27.67,27.04,27.04,False
000228,Car,car,car,1,0.0,25.1,44.92,42.96,0.0,35.0,34.99,34.99,True
000228,Van,van,car,2,0.0,35.3,43.65,41.3,6.7,34.0,33.96,33.99,False
000228,Pedestrian,pedestrian,person,0,0.0,70.9,18.19,17.9,6.03,13.96,13.54,13.68,False
000228,Car,car,car,2,0.0,40.3,29.14,27.45,10.32,22.71,18.87,22.44,False
000236,Car,car,car,0,0.0,43.1,25.71,23.51,2.49,24.21,23.73,23.76,False
000236,Car,car,car,0,0.0,102.6,15.69,13.56,6.98,11.98,11.46,11.52,False
000236,Car,car,car,0,0.0,37.9,32.61,30.69,0.0,30.9,30.42,30.42,True
000236,Car,car,car,0,0.0,97.5,13.57,11.52,2.78,11.52,11.3,11.3,False
000236,Car,car,car,1,0.0,28.2,40.07,38.03,6.82,34.82,32.95,33.89,False
000236,Van,van,truck,1,0.0,36.2,57.93,54.91,3.55,59.32,56.49,56.49,False
000236,Car,car,car,2,0.0,57.3,21.8,19.73,6.7,18.57,18.25,18.39,False
000236,Car,car,car,3,0.36,79.5,19.56,17.59,11.32,14.29,13.55,13.79,False
000240,Car,car,car,0,0.0,38.1,29.37,27.14,0.04,21.29,20.87,21.09,True
000246,Van,van,truck,0,0.0,133.2,18.9,15.52,6.6,13.67,13.48,13.48,False
000246,Car,car,car,0,0.0,35.0,35.14,33.22,0.0,32.06,31.22,31.67,True
000246,Car,car,car,0,0.82,166.8,6.09,4.31,3.01,4.33,3.72,3.93,False
000246,Truck,truck,bus,1,0.0,54.6,62.09,53.83,3.7,49.43,44.08,47.45,False
000251,Pedestrian,pedestrian,person,0,0.0,139.2,9.83,9.27,3.61,6.42,6.29,6.35,False
000251,Pedestrian,pedestrian,person,0,0.02,175.2,7.09,6.59,1.97,5.06,5.04,5.04,False
000258,Car,car,car,0,0.0,25.4,46.89,45.0,4.16,38.4,37.4,38.38,False
000258,Car,car,car,0,0.0,47.4,26.7,24.72,3.45,21.58,21.25,21.25,False
000258,Car,car,car,0,0.0,73.2,19.16,17.16,5.37,15.25,14.33,14.51,False
000258,Car,car,car,1,0.0,68.0,23.46,21.31,4.66,19.19,18.03,18.59,False
000265,Cyclist,cyclist,person,3,0.0,30.4,40.17,39.37,6.08,37.61,35.2,36.05,False
000265,Pedestrian,pedestrian,person,0,0.0,42.8,30.19,29.71,7.77,29.25,28.45,28.97,False
000265,Pedestrian,pedestrian,person,2,0.0,42.8,30.0,29.58,6.93,29.43,28.57,29.02,False
000265,Cyclist,cyclist,person,3,0.0,56.9,24.32,23.42,4.96,24.32,23.43,23.8,False
000270,Car,car,car,1,0.0,40.6,29.75,27.59,8.29,28.33,27.67,27.67,False
000270,Car,car,car,0,0.0,26.5,47.13,45.31,0.0,49.57,49.22,49.57,True
000270,Car,car,car,1,0.0,24.7,52.57,50.56,9.43,49.57,48.4,49.57,False
000272,Car,car,car,0,0.0,26.6,43.01,41.01,0.0,22.88,22.44,22.45,True
000275,Pedestrian,pedestrian,person,0,0.0,48.3,25.35,24.82,3.57,23.33,22.04,22.81,False
000275,Car,car,car,1,0.17,95.3,17.43,15.12,9.01,12.54,11.43,11.87,False
000275,Car,car,car,0,0.42,200.0,7.48,5.45,2.59,4.37,4.09,4.19,False
000275,Car,car,car,0,0.0,100.6,13.14,11.29,0.0,10.44,10.28,10.35,True
000275,Van,van,car,1,0.0,22.9,67.42,64.56,5.37,51.73,49.57,51.13,False
000275,Car,car,car,2,0.0,151.7,10.25,8.06,2.27,7.83,7.48,7.63,False
000288,Pedestrian,pedestrian,person,0,0.0,151.2,8.92,8.32,1.36,6.16,6.07,6.13,False
000290,Pedestrian,pedestrian,person,0,0.0,208.6,6.51,5.94,0.59,5.34,5.23,5.26,True
000292,Car,car,car,0,0.0,64.9,19.66,18.06,0.0,16.62,16.3,16.45,True
000292,Pedestrian,pedestrian,person,0,0.0,30.1,40.19,39.69,9.77,37.44,35.78,36.05,False
000294,Pedestrian,pedestrian,person,0,0.0,183.6,8.72,8.2,4.14,2.99,2.95,2.97,False
000298,Pedestrian,pedestrian,person,0,0.0,162.4,9.72,9.33,3.12,5.31,5.21,5.27,False
000309,Car,car,car,1,0.0,120.8,14.01,11.42,3.19,9.76,9.3,9.52,False
000309,Car,car,car,1,0.01,196.8,8.45,6.25,2.85,5.24,4.85,4.89,False
000309,Car,car,car,2,0.0,53.7,24.73,22.67,5.24,18.1,13.12,17.54,False
000312,Truck,truck,truck,0,0.0,62.7,41.33,37.68,2.55,33.99,33.05,33.5,False
000312,Car,car,car,0,0.0,122.0,11.17,9.23,3.03,9.75,9.06,9.15,False
000312,Car,car,car,1,0.0,35.6,32.33,30.71,0.02,27.69,27.67,27.67,True
000312,Car,car,car,1,0.0,84.8,17.09,15.0,3.08,15.45,14.33,14.69,False
000313,Car,car,car,1,0.0,43.5,25.75,24.15,6.39,20.51,20.17,20.34,False
000316,Car,car,car,0,0.37,188.7,6.56,4.59,2.14,4.7,4.28,4.34,False
000316,Car,car,car,0,0.0,54.7,21.45,19.56,2.32,21.63,20.93,21.25,False
000316,Car,car,car,0,0.0,23.1,50.53,48.7,0.0,44.68,44.07,44.07,True
000316,Car,car,car,1,0.0,26.3,45.52,44.37,10.61,39.66,32.15,34.96,False
000316,Car,car,car,1,0.0,141.9,10.73,8.63,1.82,9.3,8.81,8.95,False
000316,Car,car,car,1,0.0,49.8,24.07,22.09,1.66,22.35,21.63,22.0,False
000316,Car,car,car,2,0.0,42.3,29.14,27.21,1.61,29.76,22.88,27.67,False
000316,Car,car,car,2,0.0,95.3,14.53,13.08,1.82,15.06,14.51,14.87,False
000316,Car,car,car,2,0.0,29.1,39.32,37.25,1.47,36.05,33.99,34.99,False
000318,Car,car,car,0,0.27,218.3,7.49,5.22,2.2,4.98,4.29,4.37,False
000318,Car,car,car,1,0.0,28.8,40.02,38.13,0.87,31.31,29.78,30.51,True
000318,Car,car,car,0,0.0,43.1,28.5,26.34,0.46,22.19,21.61,21.63,True
000318,Car,car,car,1,0.0,35.8,34.66,32.73,0.0,26.44,24.26,25.53,True
000318,Car,car,car,1,0.0,124.6,13.15,10.89,2.02,10.44,9.5,9.67,False
000322,Car,car,car,0,0.0,19.4,56.89,54.77,1.99,54.08,51.73,52.46,False
000322,Car,car,car,0,0.87,174.2,5.92,3.75,2.74,4.85,4.03,4.34,False
000327,Pedestrian,pedestrian,person,0,0.0,158.4,9.06,8.66,2.13,4.12,4.0,4.07,False
000331,Car,car,car,0,0.13,113.5,12.66,11.14,5.22,8.81,8.75,8.75,False
000331,Car,car,car,0,0.0,49.0,23.52,22.36,5.25,19.83,19.83,19.83,False
000331,Cyclist,cyclist,person,0,0.0,50.7,25.54,24.47,0.0,24.16,22.45,22.87,True
000332,Car,car,car,0,0.0,37.5,32.4,30.26,0.22,28.29,27.64,27.77,True
000332,Pedestrian,pedestrian,person,1,0.0,109.2,11.91,11.4,1.76,11.24,10.99,11.06,False
000332,Pedestrian,pedestrian,person,0,0.0,120.1,11.7,11.22,2.71,11.05,10.8,10.88,False
000332,Pedestrian,pedestrian,person,0,0.0,144.3,9.54,9.0,1.67,8.9,8.69,8.79,False
000332,Pedestrian,pedestrian,person,0,0.0,121.5,11.52,11.06,3.89,10.82,10.71,10.73,False
000332,Pedestrian,pedestrian,person,1,0.0,97.6,13.28,12.77,1.52,12.66,12.27,12.38,False
000332,Pedestrian,pedestrian,person,2,0.0,95.8,14.47,13.93,3.2,13.66,12.42,13.35,False
000332,Pedestrian,pedestrian,person,1,0.0,115.4,12.3,11.83,4.12,11.77,11.61,11.65,False
000333,Car,car,car,0,0.0,37.4,29.22,27.29,0.54,24.65,23.66,24.14,True
000333,Car,car,car,0,0.96,167.4,4.61,2.74,2.25,3.08,2.67,2.8,False
000333,Car,car,car,1,0.54,88.1,19.64,17.27,11.46,13.14,12.45,12.72,False
000337,Pedestrian,pedestrian,person,0,0.0,142.4,9.64,9.25,3.01,5.0,4.95,4.97,False
000344,Car,car,car,0,0.0,74.8,19.0,17.11,5.42,16.24,15.25,15.46,False
000344,Car,car,car,0,0.0,23.6,48.69,46.42,5.27,42.62,41.52,42.49,False
000344,Car,car,car,0,0.05,44.5,30.86,28.74,18.15,18.89,18.03,18.3,False
000344,Car,car,car,0,0.0,52.5,23.97,22.37,0.0,22.03,21.69,21.95,True
000345,Truck,truck,bus,0,0.0,141.3,29.2,20.9,2.51,18.25,17.97,17.98,False
000345,Car,car,car,0,0.0,48.0,26.13,24.21,0.0,21.22,21.09,21.18,True
000345,Car,car,car,1,0.0,39.8,28.7,26.66,7.36,20.89,17.35,19.85,False
000346,Car,car,car,0,0.0,39.5,28.74,26.93,4.64,24.38,23.8,23.8,False
000346,Car,car,car,0,0.0,26.6,40.36,38.53,0.88,33.05,32.16,32.67,True
000346,Van,van,car,2,0.0,62.9,24.47,23.17,4.27,22.45,21.63,22.03,False
000346,Car,car,car,0,0.73,192.3,9.7,7.84,4.83,5.86,5.53,5.64,False
000346,Car,car,car,0,0.99,189.6,4.06,2.33,2.04,2.72,2.34,2.48,False
000346,Car,car,car,2,0.0,94.8,13.65,12.22,4.81,7.93,7.83,7.88,False
000346,Car,car,car,2,0.0,62.7,20.36,19.12,5.3,15.45,12.52,12.66,False
000358,Car,car,car,0,0.0,26.3,49.32,47.22,17.65,42.49,41.03,41.25,False
000358,Truck,truck,train,0,0.0,67.4,43.46,37.95,0.32,36.05,34.99,35.63,True
000358,Car,car,car,1,0.0,21.2,54.47,52.2,17.54,45.76,45.76,45.76,False
000358,Car,car,car,1,0.0,18.9,61.49,59.18,17.11,54.08,52.37,54.08,False
000363,Car,car,car,0,0.0,38.6,32.06,29.92,3.01,30.95,30.51,30.51,False
000363,Car,car,car,0,0.0,44.4,28.89,26.64,0.0,27.04,26.59,27.01,True
000363,Car,car,car,0,0.0,21.7,53.2,51.27,2.96,50.58,49.57,49.57,False
000364,Person_sitting,pedestrian,person,1,0.65,144.5,8.82,8.26,5.48,5.51,5.24,5.36,False
000364,Pedestrian,pedestrian,person,0,0.0,64.8,17.8,17.5,2.87,14.33,13.92,14.15,False
000365,Pedestrian,pedestrian,person,0,0.0,171.6,7.47,7.13,1.17,4.09,3.98,4.05,True
000368,Pedestrian,pedestrian,person,1,0.0,160.9,8.94,8.48,3.8,4.91,4.76,4.87,False
000370,Car,car,car,0,0.0,69.4,17.08,15.65,1.32,13.47,13.24,13.37,False
000370,Car,car,car,0,0.0,19.1,66.73,64.58,13.54,45.76,44.07,44.59,False
000370,Car,car,car,2,0.0,78.2,19.21,17.92,7.02,13.37,12.94,13.22,False
000370,Car,car,car,3,0.58,126.2,11.53,9.94,5.64,7.17,7.0,7.08,False
000370,Car,car,car,2,0.0,53.2,24.31,22.89,7.44,16.08,14.67,15.86,False
000370,Car,car,car,1,0.0,43.2,27.47,26.36,0.27,22.45,22.03,22.24,True
000370,Car,car,car,3,0.23,110.2,13.68,12.2,6.17,9.3,9.08,9.15,False
000370,Car,car,car,1,0.0,42.8,29.1,28.03,7.83,20.87,20.51,20.87,False
000374,Car,car,car,0,0.0,54.8,23.04,21.44,0.0,22.88,22.45,22.54,True
000374,Car,car,car,1,0.0,19.9,54.28,52.55,2.5,49.57,49.57,49.57,False
000374,Car,car,car,1,0.0,17.1,65.1,62.9,18.1,53.79,51.73,51.73,False
000378,Car,car,car,0,0.0,66.3,19.28,18.25,0.23,18.03,17.76,17.78,True
000378,Car,car,car,2,0.0,52.3,23.56,21.51,3.55,21.83,12.29,21.25,False
000383,Pedestrian,pedestrian,person,0,0.0,123.2,11.19,10.8,1.96,9.78,9.62,9.7,False
000383,Car,car,car,0,0.82,176.0,5.58,3.57,2.32,3.56,2.94,3.12,False
000383,Pedestrian,pedestrian,person,0,0.0,147.0,9.2,8.8,1.28,8.55,8.4,8.47,False
000383,Cyclist,cyclist,bicycle,2,0.0,111.3,11.61,11.21,1.08,10.62,10.32,10.47,True
000383,Car,car,car,3,0.89,44.3,28.46,26.5,17.85,17.92,17.4,17.49,False
000385,Car,car,car,0,0.0,58.0,21.13,19.08,1.82,19.83,19.19,19.19,False
000385,Car,car,car,0,0.0,48.5,25.14,22.87,1.74,24.79,24.04,24.28,False
000385,Car,car,car,0,0.0,180.6,8.35,6.39,1.91,6.54,6.33,6.36,False
000385,Car,car,car,1,0.0,30.8,40.74,38.92,2.21,38.36,36.62,37.18,False
000385,Car,car,car,1,0.0,27.7,40.36,38.69,1.51,37.18,31.51,36.32,False
000388,Truck,truck,bus,0,0.0,29.5,76.74,70.57,1.81,61.65,59.49,59.83,False
000388,Car,car,car,0,0.0,19.7,63.53,61.96,5.31,56.51,54.08,54.56,False
000395,Van,van,truck,0,0.0,53.3,35.0,31.88,1.44,27.67,27.26,27.67,False
000395,Car,car,car,2,0.0,54.0,25.77,24.43,3.94,20.8,20.27,20.51,False
000395,Car,car,car,0,0.1,173.7,7.89,6.03,2.15,5.67,5.43,5.48,False
000395,Van,van,car,3,0.53,194.9,9.23,7.65,4.3,5.95,5.8,5.83,False
000395,Car,car,car,1,0.0,108.6,13.53,12.23,4.61,9.91,9.75,9.83,False
000395,Van,van,car,2,0.0,29.0,74.01,72.83,4.65,49.57,31.31,44.54,False
000395,Car,car,car,2,0.0,80.4,22.24,20.9,4.83,14.16,12.27,12.39,False
000395,Car,car,car,2,0.0,72.8,18.22,17.13,4.45,15.04,14.51,14.74,False
000395,Car,car,car,1,0.0,36.5,31.49,30.31,4.8,26.19,25.86,25.86,False
000395,Van,van,truck,2,0.0,38.2,52.42,49.06,1.17,39.81,38.38,39.61,True
000407,Pedestrian,pedestrian,person,0,0.0,153.1,9.13,8.67,3.24,4.62,4.57,4.59,False
000408,Car,car,car,0,0.0,63.1,21.89,19.74,2.12,19.48,18.89,19.19,False
000408,Car,car,car,0,0.0,141.8,9.68,8.31,1.55,8.68,8.5,8.56,False
000408,Car,car,car,0,0.0,24.3,46.59,44.68,1.69,37.73,37.18,37.18,False
000408,Cyclist,cyclist,person,3,0.0,54.2,24.81,24.2,0.3,22.67,21.65,22.03,True
000408,Car,car,car,1,0.0,80.9,17.02,15.43,4.98,15.06,14.69,14.87,False
000408,Car,car,car,1,0.0,80.6,14.42,12.75,1.54,13.22,12.66,12.79,False
000408,Car,car,car,1,0.0,37.0,29.64,27.69,1.89,25.31,21.54,24.79,False
000429,Car,car,car,0,0.0,136.2,11.16,9.1,3.89,9.37,8.44,8.64,False
000429,Car,car,car,0,0.0,30.0,37.17,35.48,3.18,36.05,34.99,34.99,False
000429,Car,car,car,1,0.75,180.2,6.36,4.41,2.9,4.74,3.99,4.23,False
000429,Car,car,car,1,0.0,121.8,11.39,9.46,2.91,9.9,9.44,9.52,False
000429,Car,car,car,1,0.0,77.2,16.38,14.34,3.77,15.86,14.69,15.06,False
000429,Car,car,car,2,0.0,78.7,16.37,14.17,2.82,15.66,15.25,15.45,False
000429,Car,car,car,2,0.0,44.5,26.8,24.97,3.25,27.04,21.25,23.64,False
000429,Car,car,car,2,0.0,54.3,21.61,19.3,3.64,21.63,20.17,20.56,False
000429,Car,car,car,2,0.0,57.1,21.33,19.48,2.91,21.25,19.79,20.6,False
000429,Car,car,car,2,0.0,36.2,32.28,30.3,3.44,27.6,23.33,25.53,False
000430,Car,car,car,3,0.13,130.9,13.0,11.04,6.11,9.08,8.5,8.67,False
000430,Car,car,car,1,0.0,33.4,39.03,37.23,16.06,25.86,20.0,25.03,False
000430,Van,van,truck,3,0.0,54.5,41.96,39.69,21.58,20.17,18.89,19.19,False
000430,Car,car,car,1,0.0,75.9,19.52,17.76,8.45,14.33,13.68,13.83,False
000441,Car,car,car,0,0.57,131.3,12.96,11.15,6.48,8.95,8.81,8.87,False
000441,Car,car,car,0,0.0,31.9,37.7,36.04,6.68,33.99,33.05,33.05,False
000441,Car,car,car,2,0.0,46.2,26.5,25.6,6.39,22.39,21.18,21.79,False
000441,Car,car,car,2,0.0,83.5,19.22,18.19,6.87,13.94,13.68,13.83,False
000454,Car,car,car,1,0.0,33.0,35.4,34.47,11.91,29.69,14.06,20.37,False
000454,Truck,truck,truck,0,0.0,29.8,75.99,69.82,0.0,51.68,49.57,50.14,True
000454,Car,car,car,1,0.0,24.8,50.16,47.64,19.88,38.47,37.18,37.18,False
000466,Car,car,car,1,0.0,34.8,38.88,36.65,17.87,25.31,21.52,24.28,False
000473,Car,car,car,0,0.0,27.8,41.31,39.31,0.0,25.86,25.31,25.33,True
000475,Car,car,car,1,0.0,89.2,15.59,13.41,4.67,12.52,11.44,11.55,False
000475,Car,car,car,0,0.0,147.3,9.66,7.69,2.49,7.34,6.72,6.84,False
000475,Car,car,car,1,0.0,51.1,23.53,21.64,2.15,19.5,19.19,19.19,False
000475,Car,car,car,0,0.92,154.5,7.91,6.19,4.94,5.62,5.26,5.42,False
000475,Car,car,car,1,0.0,41.2,29.98,28.05,4.85,26.44,25.31,25.74,False
000475,Car,car,car,1,0.0,83.4,15.15,13.05,2.32,12.52,11.66,11.9,False
000475,Car,car,car,2,0.0,41.0,29.09,27.3,2.23,25.86,24.12,25.05,False
000476,Car,car,car,0,0.0,35.6,32.77,30.76,1.64,24.28,23.8,23.8,False
000484,Car,car,car,0,0.45,213.6,6.25,4.21,1.92,4.36,4.08,4.13,False
000484,Car,car,car,0,0.0,22.3,52.48,50.64,0.0,45.76,44.61,45.63,True
000484,Car,car,car,0,0.0,67.9,17.4,15.53,1.91,16.08,15.45,15.66,False
000484,Car,car,car,2,0.0,53.7,22.43,20.44,2.03,21.25,20.59,21.17,False
000484,Car,car,car,2,0.0,35.3,32.6,30.69,2.28,29.02,25.15,27.72,False
000484,Car,car,car,2,0.0,34.0,37.2,35.19,1.98,36.06,33.99,34.99,False
000492,Car,car,car,0,0.0,61.4,21.8,19.58,2.46,19.73,19.13,19.45,False
000492,Car,car,car,0,0.17,196.7,7.69,5.56,2.37,5.49,5.03,5.18,False
000492,Car,car,car,0,0.0,51.2,24.64,22.72,0.0,22.38,22.0,22.32,True
000492,Car,car,car,0,0.0,34.6,33.53,31.53,7.51,29.98,29.03,29.66,False
000492,Car,car,car,1,0.0,27.9,42.98,40.85,11.91,35.95,29.7,34.89,False
000492,Car,car,car,1,0.0,22.1,47.64,45.48,3.57,43.94,40.91,42.37,False
000492,Car,car,car,1,0.0,32.9,34.93,32.94,3.33,32.06,21.57,24.53,False
000492,Car,car,car,1,0.8,141.5,11.12,9.18,6.79,8.66,8.3,8.47,False
000493,Car,car,car,0,0.0,42.7,26.96,24.77,0.0,25.49,24.79,24.8,True
000493,Car,car,truck,1,0.18,189.7,7.73,5.88,2.13,5.88,5.24,5.53,False
000493,Car,car,car,0,0.0,25.4,43.87,41.58,0.71,38.42,38.36,38.38,True
000493,Car,car,car,0,0.0,34.0,37.14,35.17,5.96,33.05,32.16,32.16,False
000500,Car,car,car,0,0.0,29.0,37.33,35.42,5.72,29.74,28.81,29.02,False
000500,Car,car,car,0,0.0,192.8,8.98,6.86,2.2,6.23,5.92,6.01,False
000500,Car,car,car,0,0.87,187.0,6.25,4.16,2.24,3.16,2.97,3.06,False
000500,Car,car,car,0,0.0,41.7,29.11,27.26,0.0,23.8,23.48,23.78,True
000500,Car,car,car,2,0.0,88.4,15.78,13.69,2.33,13.52,13.07,13.22,False
000500,Car,car,car,2,0.0,26.7,40.05,37.97,2.2,29.02,21.04,28.33,False
000500,Car,car,car,1,0.0,14.6,70.82,68.79,6.4,59.49,56.66,58.81,False
000502,Car,car,car,0,0.0,94.7,13.85,12.01,0.0,10.82,10.72,10.72,True
000502,Car,car,car,0,0.0,177.6,9.06,6.98,2.58,6.33,5.92,6.04,False
000502,Car,car,car,0,0.74,103.5,14.47,12.48,8.8,10.45,9.78,10.08,False
000502,Pedestrian,pedestrian,person,1,0.0,45.2,26.9,26.37,3.02,23.8,22.25,22.88,False
000502,Van,van,car,1,0.0,20.9,73.37,70.5,5.56,50.12,48.53,49.57,False
000502,Car,car,car,1,0.0,83.3,18.98,16.66,9.04,14.16,13.07,13.52,False
000502,Car,car,car,2,0.0,120.0,12.01,9.83,2.24,9.6,9.22,9.37,False
000502,Car,car,car,0,0.96,210.0,6.03,4.25,2.65,3.01,2.95,2.97,False
000509,Pedestrian,pedestrian,person,0,0.0,146.2,9.6,9.12,3.16,5.45,5.33,5.38,False
000510,Car,car,car,0,0.0,76.7,17.23,15.22,0.72,16.76,16.3,16.52,True
000510,Car,car,car,0,0.17,142.0,11.03,9.17,4.34,9.15,8.82,8.95,False
000510,Car,car,car,1,0.0,45.9,32.94,30.67,9.36,28.91,23.62,28.33,False
000510,Car,car,car,0,0.0,91.3,16.22,14.05,5.83,13.52,13.22,13.22,False
000510,Car,car,car,2,0.0,36.8,30.92,29.25,4.08,27.67,25.83,27.02,False
000510,Car,car,car,2,0.0,58.5,22.54,20.17,7.13,20.48,19.5,19.83,False
000511,Car,car,car,0,0.0,33.5,40.32,38.44,21.79,32.22,30.55,31.31,False
000511,Car,car,car,0,0.26,41.5,36.02,34.15,21.76,27.67,26.44,26.81,False
000511,Truck,truck,truck,0,0.0,76.5,38.88,33.46,0.0,33.05,32.66,33.05,True
000511,Car,car,car,1,0.0,27.0,49.88,48.05,22.39,42.49,41.03,41.03,False
000511,Car,car,car,1,0.0,28.1,44.75,42.65,22.17,37.18,36.05,36.51,False
000511,Car,car,car,1,0.0,22.2,54.24,52.42,22.61,45.76,44.07,45.11,False
000515,Car,car,car,0,0.0,87.7,17.46,15.32,7.03,13.47,12.9,13.04,False
000515,Car,car,car,0,0.0,86.4,14.94,12.9,2.81,12.48,12.22,12.23,False
000515,Car,car,car,0,0.0,40.7,27.09,24.9,2.55,24.21,23.73,23.73,False
000515,Car,car,car,0,0.0,38.5,32.14,30.22,0.0,28.93,28.25,28.85,True
000515,Car,car,car,0,0.73,116.1,12.7,10.76,7.62,9.57,8.99,9.2,False
000515,Car,car,car,2,0.0,51.7,23.67,21.6,6.72,19.77,19.6,19.77,False
000515,Car,car,car,2,0.0,26.9,41.76,39.72,6.91,33.89,29.8,32.95,False
000515,Van,van,truck,1,0.0,35.4,59.3,56.27,3.68,53.92,51.58,53.57,False
000515,Car,car,car,3,0.0,69.7,21.16,19.17,11.37,15.41,14.29,14.65,False
000521,Car,car,car,1,0.0,59.7,21.53,19.48,8.77,19.75,18.55,18.73,False
000521,Car,car,car,0,0.0,27.1,46.19,44.36,0.0,47.59,47.02,47.59,True
000521,Car,car,car,1,0.0,19.0,60.18,57.9,9.51,56.11,53.83,54.08,False
000521,Car,car,car,2,0.0,45.1,31.16,29.11,11.3,30.12,28.64,29.47,False
000523,Car,car,car,1,0.0,44.5,26.94,25.62,6.08,22.03,21.63,21.7,False
000530,Pedestrian,pedestrian,person,0,0.0,87.8,15.32,14.8,3.9,14.25,14.08,14.09,False
000530,Car,car,car,0,0.0,45.0,32.59,30.34,1.09,29.58,28.95,29.53,True
000530,Pedestrian,pedestrian,person,1,0.0,87.5,15.57,15.06,3.53,14.79,14.25,14.43,False
000537,Car,car,car,0,0.0,26.0,49.73,47.47,14.44,41.03,39.44,39.66,False
000537,Car,car,car,0,0.0,22.4,68.72,66.12,16.69,54.08,54.08,54.08,False
000537,Truck,truck,truck,0,0.0,71.0,41.48,36.06,0.0,37.18,36.16,37.12,True
000539,Car,car,car,0,0.0,38.6,37.33,35.07,20.23,28.56,27.04,27.15,False
000539,Car,car,car,1,0.0,31.9,41.9,39.98,20.34,33.99,32.16,33.05,False
000539,Truck,truck,truck,0,0.0,74.2,39.97,34.56,0.38,31.31,31.31,31.31,True
000539,Car,car,car,1,0.0,26.3,46.71,44.83,20.24,38.38,37.18,37.18,False
000539,Car,car,car,1,0.0,18.8,61.0,59.18,20.42,47.59,45.76,46.46,False
000539,Car,car,car,0,0.78,44.8,31.25,29.09,19.88,22.45,21.63,22.03,False
000539,Car,car,car,0,0.0,22.9,51.2,49.08,20.24,41.03,39.78,40.98,False
000539,Car,car,car,1,0.0,22.6,56.45,54.62,20.25,44.07,44.07,44.07,False
000543,Van,van,truck,3,0.0,46.0,45.55,42.68,0.87,31.31,30.51,30.54,True
000543,Car,car,car,0,0.0,67.5,18.09,15.7,3.81,14.0,13.52,13.67,False
000543,Car,car,car,0,0.64,127.2,12.45,11.33,5.89,8.75,8.56,8.63,False
000544,Car,car,car,1,0.0,35.8,31.7,30.57,6.6,23.8,23.33,23.5,False
000544,Car,car,car,2,0.0,33.4,36.97,35.87,6.73,26.44,23.33,23.91,False
000545,Car,car,car,0,0.11,79.4,19.0,17.95,8.76,12.27,11.88,12.02,False
000545,Van,van,truck,3,0.0,51.9,37.53,34.78,0.0,24.28,23.8,24.28,True
000545,Van,van,bus,3,0.0,28.9,62.36,60.1,6.3,36.05,34.99,34.99,False
000545,Car,car,car,1,0.0,35.7,32.1,30.07,3.18,22.57,22.45,22.45,False
000557,Car,car,car,0,0.0,94.9,12.84,11.04,1.95,12.51,12.25,12.26,False
000557,Van,van,car,1,0.0,89.8,17.82,15.5,5.43,17.22,16.21,16.42,False
000557,Car,car,car,0,0.0,45.8,26.67,24.78,1.19,27.64,27.01,27.37,True
000557,Car,car,car,0,0.0,51.1,23.83,21.64,0.0,24.76,24.25,24.25,True
000557,Car,car,car,1,0.0,27.2,40.37,38.19,4.52,42.44,40.98,41.19,False
000557,Car,car,car,0,0.97,172.3,4.05,2.09,1.76,3.44,2.84,3.06,False
000565,Car,car,car,0,0.0,22.3,49.79,47.66,2.01,49.57,47.59,47.69,False
000573,Car,car,car,1,0.0,79.6,16.7,15.23,6.75,12.79,12.76,12.79,False
000573,Car,car,car,2,0.0,28.8,44.95,43.75,6.81,36.61,34.25,34.99,False
000573,Car,car,car,1,0.0,62.0,21.54,20.22,6.8,17.5,17.47,17.5,False
000573,Car,car,car,2,0.0,36.9,32.31,31.13,6.56,24.79,22.98,24.69,False
000576,Car,car,car,0,0.0,54.8,29.0,26.87,10.94,19.5,18.72,18.91,False
000576,Van,van,truck,1,0.0,49.9,51.14,47.71,22.56,28.33,27.23,27.67,False
000576,Car,car,car,0,0.0,27.3,42.34,40.38,7.82,29.44,28.33,29.02,False
000577,Car,car,car,0,0.0,31.1,38.03,35.89,0.48,33.99,33.05,33.58,True
000577,Car,car,car,0,0.0,124.1,11.36,9.4,1.58,9.91,9.3,9.44,False
000577,Car,car,car,1,0.0,95.6,16.7,14.49,0.98,15.86,14.69,15.16,True
000577,Car,car,car,1,0.0,64.8,22.6,20.38,0.0,20.51,19.86,20.17,True
000580,Car,car,car,1,0.0,28.5,37.43,36.02,6.14,28.03,27.67,27.67,False
000589,Van,van,bus,1,0.0,38.0,48.52,45.49,8.42,43.07,34.99,41.03,False
000589,Car,car,car,1,0.0,106.5,16.02,13.85,7.67,12.44,10.08,11.12,False
000589,Van,van,car,2,0.0,66.9,28.08,25.81,11.05,22.78,15.86,21.63,False
000589,Car,car,car,0,0.0,25.8,48.37,46.55,0.0,42.49,42.49,42.49,True
000592,Car,car,car,2,0.0,68.8,20.9,18.74,0.0,20.87,17.83,19.89,True
000592,Car,car,car,0,0.0,85.0,15.1,13.26,0.0,14.5,14.33,14.33,True
000592,Car,car,car,0,0.0,93.4,14.47,12.63,2.05,14.16,14.0,14.0,False
000592,Car,car,car,1,0.0,23.9,53.58,52.37,21.44,41.03,38.31,41.03,False
000592,Car,car,car,1,0.0,23.2,52.45,51.52,14.3,45.76,45.76,45.76,False
000592,Car,car,car,1,0.0,61.3,20.26,18.13,1.62,20.17,19.5,19.51,False
000592,Car,car,car,1,0.0,46.4,26.01,23.88,1.29,25.86,25.16,25.31,False
000599,Car,car,car,0,0.0,25.5,46.03,44.2,0.0,39.66,38.97,39.66,True
000599,Car,car,car,0,0.0,73.9,16.97,14.83,2.21,14.69,14.16,14.33,False
000599,Car,car,car,1,0.34,56.8,27.77,25.83,15.22,18.3,16.59,17.54,False
000599,Car,car,car,1,0.24,198.6,6.95,4.92,2.16,4.72,4.51,4.56,False
000599,Car,car,car,1,0.0,55.4,24.58,23.08,9.72,19.5,19.21,19.5,False
000599,Car,car,car,1,0.0,32.9,35.19,33.16,2.49,29.02,27.2,29.0,False
000599,Car,car,car,2,0.0,57.2,21.66,19.78,2.43,19.3,17.55,18.3,False
000604,Truck,truck,bus,0,1.0,369.0,5.49,1.94,1.9,4.15,3.7,3.93,False
000604,Pedestrian,pedestrian,person,0,0.0,184.6,7.71,7.1,0.0,5.4,5.31,5.35,True
000606,Car,car,car,1,0.0,22.5,46.75,45.41,5.82,34.99,32.7,33.99,False
000617,Car,car,car,1,0.0,44.5,24.93,22.82,0.0,24.28,23.8,24.22,True
000617,Car,car,car,0,0.0,106.5,12.81,10.93,0.0,12.52,12.27,12.39,True
000617,Car,car,car,0,0.0,19.8,62.92,60.61,26.35,53.72,51.73,51.73,False
000625,Pedestrian,pedestrian,person,0,0.0,60.8,20.94,20.55,1.28,20.79,20.4,20.5,False
000625,Pedestrian,pedestrian,person,0,0.0,60.6,19.92,19.36,2.27,18.78,18.2,18.48,False
000625,Pedestrian,pedestrian,person,2,0.0,56.6,19.62,19.23,2.83,18.93,18.26,18.48,False
000625,Pedestrian,pedestrian,person,0,0.0,192.5,7.34,6.8,2.17,6.72,6.61,6.65,False
000625,Van,van,bus,3,0.97,369.0,4.86,2.08,1.32,4.13,2.16,2.84,False
000625,Pedestrian,pedestrian,person,1,0.0,116.7,11.31,10.8,2.22,11.27,11.16,11.16,False
000625,Pedestrian,pedestrian,person,1,0.0,121.5,12.64,12.3,4.57,11.16,9.17,10.38,False
000625,Pedestrian,pedestrian,person,1,0.0,68.1,19.85,19.21,4.69,17.28,16.21,16.91,False
000625,Pedestrian,pedestrian,person,1,0.0,113.0,11.47,11.0,2.62,11.27,11.16,11.16,False
000626,Car,car,car,0,0.0,37.9,27.81,25.71,0.0,25.31,24.79,24.79,True
000626,Van,van,truck,1,0.0,93.9,23.57,20.28,3.18,21.25,20.16,20.51,False
000626,Car,car,car,0,0.0,94.6,13.66,11.35,2.97,11.55,11.12,11.21,False
000626,Car,car,car,1,0.0,29.6,37.06,34.94,0.0,30.51,27.67,29.74,True
000631,Car,car,car,0,0.0,30.1,36.05,34.37,2.22,33.05,32.16,32.16,False
000631,Car,car,car,0,0.0,106.7,11.76,9.95,2.3,9.83,9.6,9.63,False
000631,Car,car,car,1,0.0,33.5,33.59,31.83,6.25,30.52,29.74,30.51,False
000631,Car,car,car,1,0.0,58.8,21.22,19.1,6.49,18.59,18.3,18.4,False
000638,Car,car,car,0,0.0,109.7,12.2,10.36,0.0,9.6,9.44,9.46,True
000638,Car,car,car,0,0.65,215.1,6.67,4.56,2.23,4.03,3.78,3.88,False
000638,Van,van,car,1,0.0,29.1,53.71,50.83,5.44,44.07,42.49,43.57,False
000638,Pedestrian,pedestrian,person,0,0.0,55.3,22.5,21.97,4.77,20.65,20.17,20.49,False
000638,Car,car,car,1,0.92,100.7,14.44,12.22,9.13,11.22,10.91,11.02,False
000638,Car,car,car,2,0.0,145.9,9.9,7.85,2.72,7.44,7.08,7.21,False
000643,Car,car,car,0,0.0,43.4,29.69,27.23,9.18,25.86,24.79,25.28,False
000643,Car,car,car,0,0.0,73.3,17.48,15.63,0.0,16.06,15.86,15.86,True
000643,Car,car,car,0,0.0,74.3,17.76,15.65,2.95,17.0,16.3,16.52,False
000643,Car,car,car,1,0.0,44.0,30.12,28.39,13.62,25.31,24.79,24.79,False
000643,Car,car,car,1,0.0,45.4,27.91,25.72,5.62,25.31,24.28,24.79,False
000643,Car,car,car,1,0.0,27.5,44.86,42.85,3.71,44.07,41.83,43.48,False
000643,Car,car,car,0,0.0,20.0,60.92,58.83,1.62,59.49,59.03,59.49,False
000643,Car,car,car,0,0.76,90.6,15.54,13.55,9.63,11.59,11.02,11.22,False
000643,Car,car,car,2,0.0,41.4,35.57,33.45,9.32,32.16,30.02,31.01,False
000643,Car,car,car,1,0.0,42.7,28.39,26.55,3.24,28.35,27.86,28.33,False
000643,Car,car,car,2,0.0,27.2,45.61,43.36,8.33,46.43,42.58,45.48,False
000645,Car,car,car,0,0.0,47.4,25.38,23.87,5.3,21.9,21.22,21.43,False
000645,Car,car,car,0,0.0,20.8,52.36,50.54,0.0,45.7,45.7,45.7,True
000645,Car,car,car,0,0.0,25.6,42.7,40.54,0.63,37.26,37.14,37.14,True
000647,Car,car,car,0,0.0,64.6,19.88,17.96,0.57,15.2,14.65,14.83,True
000647,Car,car,car,0,0.0,22.9,46.95,45.14,6.1,37.07,35.95,35.95,False
000647,Car,car,car,1,0.0,34.4,32.1,30.09,5.09,24.21,23.1,23.73,False
000647,Car,car,car,1,0.0,15.9,69.79,67.74,15.82,51.58,48.08,49.45,False
000656,Car,car,car,0,0.0,23.4,47.63,45.56,0.53,44.02,44.01,44.01,True
000656,Car,car,car,0,0.0,20.5,56.15,53.95,1.12,49.51,49.04,49.51,True
000657,Car,car,car,0,0.0,15.1,68.48,66.69,2.72,62.62,61.99,62.62,False
000657,Car,car,car,0,0.0,16.6,57.17,55.38,0.2,54.08,51.73,51.87,True
000659,Van,van,car,0,0.0,34.2,52.75,50.08,18.8,44.07,42.49,42.49,False
000659,Car,car,car,0,0.0,38.9,33.62,31.7,15.09,25.86,24.28,24.79,False
000661,Car,car,car,0,0.0,73.9,17.52,15.74,6.85,14.82,14.16,14.33,False
000661,Car,car,car,0,0.0,71.0,16.68,14.96,2.84,14.69,14.39,14.51,False
000666,Car,car,truck,1,0.0,49.5,34.26,31.67,9.99,23.33,22.49,22.88,False
000666,Car,car,car,1,0.0,34.8,35.94,33.84,12.98,24.28,23.83,24.2,False
000666,Car,car,car,2,0.0,69.2,19.87,18.46,4.42,11.9,11.78,11.9,False
000666,Car,car,car,2,0.0,46.1,29.63,28.34,4.3,24.28,23.57,23.8,False
000667,Car,car,car,0,0.11,188.6,8.32,6.24,2.31,5.86,5.61,5.67,False
000667,Car,car,car,0,0.88,195.8,4.91,3.27,2.41,3.34,2.87,3.03,False
000667,Truck,truck,truck,1,0.0,128.2,17.8,14.95,2.33,15.06,14.51,14.57,False
000667,Car,car,car,0,0.0,53.6,21.88,19.96,1.9,19.01,18.59,18.69,False
000667,Car,car,car,0,0.0,16.7,71.12,69.11,3.46,51.73,49.86,51.73,False
000667,Car,car,car,1,0.0,167.4,8.94,7.01,2.03,6.92,6.65,6.68,False
000667,Van,van,truck,0,0.0,31.8,47.3,45.04,1.0,38.38,37.18,37.18,True
000668,Car,car,car,1,0.81,116.4,14.61,12.93,8.21,8.12,7.95,8.03,False
000668,Car,car,car,0,0.0,41.7,32.99,30.94,14.43,24.28,23.43,23.8,False
000668,Car,car,car,0,0.0,108.3,13.36,12.42,0.0,11.1,10.92,10.96,True
000668,Car,car,car,0,0.0,57.8,21.56,19.41,6.02,16.76,15.99,16.18,False
000674,Car,car,car,0,0.0,82.4,16.99,15.01,4.91,14.16,13.22,13.37,False
000674,Car,car,car,0,0.0,137.0,10.28,8.35,2.15,7.83,7.58,7.66,False
000674,Car,car,car,2,0.0,82.5,15.56,13.75,2.2,12.69,12.14,12.39,False
000674,Car,car,car,2,0.0,56.5,21.76,19.88,4.94,18.69,17.5,17.9,False
000674,Car,car,car,2,0.0,53.5,20.98,19.17,2.55,18.03,15.43,17.0,False
000683,Car,car,car,1,0.0,24.8,46.13,43.93,11.04,41.03,38.54,39.66,False
000683,Car,car,car,1,0.0,24.0,45.05,43.13,7.72,42.49,38.76,41.03,False
000683,Car,car,car,0,0.0,27.5,45.57,43.75,0.0,44.07,42.84,43.66,True
000683,Car,car,car,1,0.0,15.7,68.69,66.64,8.14,59.49,56.98,59.49,False
000685,Car,car,car,0,0.36,201.2,6.82,4.79,1.78,3.98,3.78,3.85,False
000685,Car,car,car,1,0.0,77.7,16.85,14.94,0.0,14.78,14.51,14.64,True
000685,Car,car,car,0,0.0,134.8,10.14,8.02,0.55,8.32,7.99,8.09,True
000685,Van,van,car,0,0.0,38.2,41.1,38.88,6.56,33.98,33.05,33.05,False
000685,Car,car,car,1,0.0,118.6,13.75,11.57,5.8,9.83,9.01,9.15,False
000685,Van,van,car,2,0.0,87.1,18.87,16.58,6.68,15.18,13.83,14.16,False
000685,Car,car,car,2,0.0,41.1,29.54,27.61,9.18,23.05,22.03,22.45,False
000688,Car,car,car,1,0.0,27.7,45.81,43.51,18.73,42.7,41.03,42.48,False
000688,Car,car,car,0,0.0,43.9,34.66,32.6,18.89,28.4,27.04,27.67,False
000688,Truck,truck,truck,0,0.0,71.9,41.14,35.73,1.23,36.05,34.99,35.0,False
000688,Car,car,car,1,0.0,33.5,39.17,36.92,18.68,34.71,33.05,33.49,False
000688,Car,car,car,1,0.0,24.0,50.76,48.83,18.55,47.64,47.59,47.59,False
000692,Car,car,car,1,0.0,66.3,19.72,17.94,1.87,18.03,17.0,17.24,False
000692,Car,car,car,0,0.0,15.9,67.1,65.01,1.48,54.08,51.73,51.86,False
000692,Car,car,car,0,0.74,210.8,5.28,3.27,1.84,3.47,2.85,3.01,False
000692,Car,car,car,1,0.0,32.0,33.36,31.61,1.85,29.74,29.43,29.74,False
000692,Car,car,car,1,0.0,118.4,10.83,8.75,1.92,8.88,8.38,8.45,False
000692,Car,car,car,3,0.61,165.8,9.84,7.99,4.64,6.36,6.04,6.13,False
000692,Car,car,car,2,0.0,31.1,50.7,49.61,4.48,44.07,38.32,39.66,False
000692,Car,car,car,2,0.0,63.9,24.18,22.96,5.13,20.17,18.47,19.83,False
000692,Car,car,car,2,0.0,66.1,19.2,17.7,4.1,12.79,12.39,12.52,False
000693,Car,car,car,0,0.0,41.1,36.25,34.29,21.33,31.31,30.51,30.51,False
000698,Van,van,bus,0,0.0,106.5,21.33,18.65,4.61,18.89,18.57,18.59,False
000698,Car,car,car,0,0.1,218.6,8.59,6.39,3.27,5.75,5.47,5.53,False
000698,Cyclist,cyclist,person,0,0.0,38.4,34.27,33.34,6.79,33.99,33.05,33.05,False
000701,Pedestrian,pedestrian,person,0,0.0,180.9,8.4,7.93,3.05,4.79,4.7,4.73,False
000708,Car,car,car,0,0.0,42.4,27.02,25.31,3.88,27.04,25.86,26.43,False
000708,Car,car,car,1,0.62,184.1,6.69,4.52,2.58,4.83,4.13,4.33,False
000708,Car,car,car,0,0.83,168.0,7.33,5.37,3.92,6.23,5.43,5.74,False
000708,Car,car,car,2,0.0,75.9,16.66,14.78,2.85,16.08,15.66,15.86,False
000708,Car,car,car,1,0.0,124.3,11.18,9.27,2.58,9.83,9.52,9.6,False
000708,Car,car,car,1,0.0,123.5,11.87,9.55,4.05,10.68,9.37,9.6,False
000708,Car,car,car,2,0.0,36.9,31.66,29.7,3.58,33.05,31.31,32.16,False
000708,Car,car,car,2,0.0,42.5,27.68,25.82,3.34,24.27,22.51,23.33,False
000709,Car,car,car,1,0.0,55.8,22.42,20.47,2.02,21.65,20.43,20.87,False
000709,Car,car,car,0,0.01,171.8,9.15,7.3,2.66,7.51,6.88,6.99,False
000709,Car,car,car,1,0.0,85.4,15.59,13.68,2.97,14.33,13.21,13.52,False
000712,Car,car,car,0,0.0,38.1,36.81,34.73,5.91,24.79,24.18,24.28,False
000712,Car,car,car,1,0.0,56.8,25.66,23.49,11.68,16.3,15.45,15.66,False
000712,Car,car,car,0,0.0,62.9,21.59,19.57,7.56,14.87,14.0,14.24,False
000712,Van,van,truck,0,0.0,40.9,56.23,52.8,13.95,33.05,31.31,32.16,False
000712,Car,car,car,0,0.0,22.0,54.99,53.03,20.37,31.63,31.12,31.31,False
000712,Car,car,car,1,0.0,22.4,55.71,54.61,22.7,31.65,22.48,29.6,False
000712,Pedestrian,pedestrian,person,0,0.0,25.0,52.62,52.18,11.71,34.99,33.99,33.99,False
000735,Car,car,car,0,0.0,80.0,17.17,15.19,5.85,14.0,13.07,13.22,False
000735,Car,car,car,0,0.0,21.4,54.41,52.41,1.36,44.07,44.07,44.07,False
000735,Car,car,car,0,0.0,20.8,57.64,55.69,4.59,47.72,47.59,47.59,False
000735,Car,car,car,0,0.0,23.9,49.53,47.54,4.42,42.49,39.94,41.03,False
000742,Car,car,car,0,0.36,190.2,6.65,4.47,2.03,4.39,4.1,4.15,False
000742,Car,car,car,0,0.0,48.5,24.6,22.55,2.07,22.03,21.42,21.63,False
000742,Car,car,car,0,0.0,27.5,42.74,40.9,0.0,37.18,36.05,36.47,True
000742,Pedestrian,pedestrian,person,1,0.0,52.1,23.59,23.16,4.04,23.33,17.06,22.88,False
000742,Car,car,car,1,0.0,125.5,11.17,9.24,2.2,9.44,9.01,9.15,False
000742,Car,car,car,1,0.0,29.5,40.17,38.08,6.94,37.18,34.44,36.21,False
000742,Car,car,car,1,0.0,41.7,27.19,25.22,6.65,26.44,25.37,25.86,False
000742,Car,car,car,1,0.0,37.4,32.69,30.5,6.87,31.31,29.6,30.51,False
000742,Car,car,car,1,0.0,27.6,48.14,46.04,2.16,42.35,39.66,41.03,False
000742,Car,car,car,2,0.0,40.1,29.75,28.1,1.86,26.86,24.54,25.86,False
000745,Van,van,truck,0,0.39,311.0,8.32,5.83,3.22,4.08,3.74,3.77,False
000745,Car,car,car,0,0.0,43.6,28.57,26.65,0.0,20.97,20.45,20.81,True
000745,Van,van,truck,1,0.0,42.1,46.63,43.47,4.09,32.87,31.89,32.06,False
000745,Car,car,car,0,0.0,65.2,22.46,20.17,3.9,16.18,15.82,15.99,False
000745,Car,car,car,1,0.0,32.3,34.83,32.8,4.35,25.24,24.28,24.71,False
000747,Car,car,car,0,0.0,22.8,51.3,49.44,0.04,42.49,41.19,42.08,True
000747,Car,car,car,0,0.0,30.6,40.02,38.01,5.74,35.09,34.53,34.99,False
000747,Car,car,car,0,0.0,25.1,48.05,46.12,2.97,41.03,39.66,40.15,False
000747,Car,car,car,1,0.0,33.3,44.59,42.44,5.18,41.03,36.95,38.38,False
000749,Car,car,car,0,0.45,186.9,7.23,5.15,2.72,4.63,4.17,4.28,False
000749,Car,car,car,0,0.0,61.7,18.33,16.56,2.14,16.38,16.06,16.08,False
000749,Car,car,car,0,0.0,23.1,46.37,44.7,1.85,41.03,41.03,41.03,False
000749,Car,car,car,1,0.0,39.6,29.44,27.31,6.28,25.86,25.45,25.86,False
000750,Car,car,car,0,0.0,53.3,22.07,20.13,5.83,18.59,18.3,18.3,False
000750,Car,car,car,0,0.0,18.5,51.68,49.86,3.09,47.59,47.39,47.59,False
000750,Van,van,truck,0,0.0,27.6,62.19,59.57,0.24,54.08,51.73,51.73,True
000750,Car,car,car,0,0.0,60.0,21.58,19.55,2.47,18.32,18.17,18.3,False
000750,Car,car,car,0,0.0,15.5,71.01,69.9,6.66,62.62,59.49,60.45,False
000758,Car,car,car,0,0.0,46.7,27.6,25.34,0.0,23.91,23.8,23.8,True
000758,Car,car,bus,1,0.0,34.6,61.48,58.96,27.57,45.76,44.07,45.23,False
000758,Car,car,car,0,0.0,20.3,57.55,55.41,21.59,44.07,42.49,43.36,False
000764,Pedestrian,pedestrian,person,0,0.0,47.5,34.53,34.24,16.66,30.33,29.58,29.69,False
000764,Pedestrian,pedestrian,person,0,0.0,63.6,24.08,23.35,10.27,19.86,19.22,19.39,False
000764,Pedestrian,pedestrian,person,0,0.0,115.9,12.28,11.56,0.36,11.39,11.16,11.27,True
000764,Pedestrian,pedestrian,person,1,0.0,109.3,13.2,12.51,2.07,11.7,11.27,11.31,False
000764,Car,car,car,1,0.0,48.8,28.8,27.0,15.3,21.51,20.97,21.13,False
000764,Pedestrian,pedestrian,person,0,0.0,155.6,9.01,8.35,0.0,8.7,8.51,8.59,True
000764,Pedestrian,pedestrian,person,1,0.0,129.1,9.98,9.39,0.35,9.54,9.39,9.46,True
000764,Car,car,car,1,0.0,52.5,27.86,25.89,12.77,21.91,21.51,21.51,False
000764,Pedestrian,pedestrian,person,0,0.0,124.1,11.3,10.65,1.24,10.55,10.2,10.35,False
000764,Pedestrian,pedestrian,person,1,0.0,48.6,32.1,31.52,14.08,29.7,24.66,27.51,False
000764,Pedestrian,pedestrian,person,1,0.0,164.9,9.09,8.48,1.71,8.45,8.27,8.33,False
000765,Car,car,car,0,0.0,38.6,30.68,28.29,3.67,25.72,25.17,25.17,False
000765,Car,car,car,0,0.0,22.2,57.05,54.63,15.15,42.25,40.79,40.91,False
000765,Car,car,car,0,0.96,167.8,4.61,2.74,2.25,3.15,2.73,2.86,False
000767,Truck,truck,bus,0,0.0,49.6,48.1,41.92,0.44,44.07,44.07,44.07,True
000767,Car,car,car,0,0.0,25.6,45.8,43.55,15.65,42.49,41.03,41.03,False
000776,Car,car,car,0,0.0,87.1,15.04,12.74,0.0,14.73,13.68,13.97,True
000776,Car,car,car,0,0.0,49.1,24.99,22.93,5.52,23.33,22.88,23.01,False
000776,Car,car,car,1,0.0,40.1,27.7,25.71,4.18,26.76,24.8,25.86,False
000776,Car,car,car,1,0.0,58.9,20.4,18.12,1.08,20.51,18.89,19.46,True
000801,Truck,truck,bus,0,0.75,374.0,7.94,4.31,2.46,4.2,3.3,3.62,False
000801,Car,car,car,1,0.0,103.1,11.96,10.32,0.27,10.01,9.78,9.85,True
000801,Pedestrian,pedestrian,person,1,0.0,103.4,12.03,11.71,0.0,11.3,10.94,11.12,True
000803,Truck,truck,truck,0,0.0,29.9,75.67,69.5,0.0,69.99,66.56,68.98,True
000803,Van,van,car,3,0.0,30.2,49.42,46.92,15.75,45.76,43.42,44.07,False
000803,Car,car,car,1,0.0,33.4,40.1,38.21,16.46,37.18,36.05,36.05,False
000803,Car,car,car,0,0.0,66.3,18.38,16.63,4.11,14.82,14.16,14.33,False
000803,Cyclist,cyclist,person,3,0.0,34.3,46.97,46.22,26.69,34.99,33.05,33.74,False
000808,Car,car,car,0,0.0,52.4,21.04,19.34,0.0,18.89,18.59,18.59,True
000808,Car,car,car,0,0.0,27.3,46.75,44.66,10.75,38.38,37.18,37.67,False
000808,Van,van,car,3,0.0,36.6,44.56,42.34,2.14,41.03,38.38,39.66,False
000808,Car,car,car,2,0.0,38.3,30.96,29.15,0.0,29.02,26.85,27.8,True
000808,Car,car,car,1,0.0,34.7,36.77,34.93,16.16,28.33,10.08,27.56,False
000808,Pedestrian,pedestrian,person,0,0.0,55.1,25.13,24.61,8.25,23.22,22.04,22.45,False
000809,Car,car,car,0,0.0,39.7,31.52,29.55,2.15,30.12,29.74,29.74,False
000809,Car,car,car,1,0.85,178.6,5.1,2.98,1.91,4.05,3.27,3.54,False
000809,Car,car,car,0,0.0,68.7,18.06,15.87,1.34,16.83,16.52,16.63,False
000809,Car,car,car,2,0.0,29.5,47.34,45.08,0.88,40.74,35.24,38.38,True
000809,Car,car,car,2,0.0,41.1,30.33,28.22,1.12,27.67,26.63,27.04,True
000809,Car,car,car,0,1.0,174.3,3.17,1.73,1.49,2.63,2.37,2.46,False
000809,Car,car,car,2,0.0,24.6,45.12,43.46,2.66,41.03,34.82,39.66,False
000810,Car,car,car,0,0.0,69.6,17.93,15.65,1.58,12.1,11.9,11.9,False
000812,Car,car,car,0,0.0,48.3,26.61,25.09,0.0,23.8,23.67,23.8,True
000812,Cyclist,cyclist,person,3,0.0,73.5,19.68,18.65,5.01,18.21,17.99,18.03,False
000814,Car,car,car,0,0.38,90.8,17.22,15.34,9.79,10.83,10.15,10.44,False
000814,Car,car,car,0,0.0,83.0,15.73,13.81,2.77,12.52,12.02,12.26,False
000814,Car,car,car,1,0.0,68.4,21.81,19.47,9.71,15.05,13.68,14.0,False
000814,Car,car,car,0,0.0,40.1,30.21,28.36,0.0,22.88,22.88,22.88,True
000814,Car,car,car,0,0.0,16.1,78.5,76.16,9.82,58.79,56.66,56.66,False
000814,Car,car,car,0,0.0,13.9,74.61,72.73,5.72,52.45,51.61,51.73,False
000814,Car,car,car,2,0.0,39.8,29.37,27.23,2.44,21.25,20.46,20.87,False
000814,Car,car,car,2,0.0,51.8,22.38,20.17,2.22,15.45,15.09,15.25,False
000820,Car,car,car,0,0.0,39.2,30.37,28.13,2.47,29.48,28.56,29.02,False
000824,Car,car,car,0,0.0,21.8,49.69,47.45,2.21,23.32,22.88,22.88,False
000831,Car,car,car,3,0.36,184.4,10.56,8.61,3.9,6.53,6.2,6.47,False
000831,Car,car,car,1,0.0,47.0,24.88,23.0,2.0,21.5,20.87,21.25,False
000831,Car,car,car,0,0.78,195.6,8.85,7.14,4.59,5.0,4.67,4.78,False
000831,Car,car,car,3,0.12,178.7,7.64,5.82,2.0,5.26,5.0,5.06,False
000831,Car,car,car,1,0.0,106.3,12.97,10.98,2.06,10.28,9.87,10.0,False
000831,Car,car,car,1,0.0,36.0,35.6,33.72,1.9,30.44,29.02,29.74,False
000831,Car,car,car,0,1.0,208.2,3.28,2.01,1.93,2.54,2.31,2.39,False
000831,Car,car,car,1,0.0,51.1,28.77,27.6,4.35,24.26,23.8,23.8,False
000831,Car,car,car,2,0.0,96.2,14.28,12.75,4.28,8.95,8.76,8.83,False
000831,Car,car,car,2,0.0,51.4,24.12,22.76,4.37,19.5,18.89,19.19,False
000835,Car,car,car,0,0.0,22.4,51.97,49.78,2.86,47.59,45.89,46.9,False
000838,Car,car,car,1,0.0,31.2,35.78,34.68,2.28,25.31,25.31,25.31,False
000840,Van,van,truck,0,1.0,373.0,3.22,1.7,1.7,2.5,2.01,2.18,False
000840,Pedestrian,pedestrian,person,0,0.0,49.0,25.84,25.37,0.38,25.08,24.25,24.76,True
000840,Pedestrian,pedestrian,person,0,0.0,201.7,8.85,8.56,4.89,6.79,6.59,6.68,False
000840,Pedestrian,pedestrian,person,0,0.0,104.0,11.28,10.59,0.98,10.61,10.52,10.52,True
000840,Pedestrian,pedestrian,person,0,0.0,102.0,12.51,12.12,2.86,11.89,11.44,11.65,False
000840,Pedestrian,pedestrian,person,1,0.0,82.0,15.7,15.24,1.37,14.08,13.69,13.95,False
000840,Pedestrian,pedestrian,person,0,0.0,61.6,21.19,20.72,0.0,20.81,20.13,20.14,True
000857,Car,car,car,0,0.0,43.2,33.72,31.64,7.61,23.8,22.67,23.03,False
000857,Car,car,car,0,0.0,88.1,17.88,15.83,8.13,11.22,10.44,10.61,False
000857,Van,van,truck,0,0.0,43.4,54.31,50.88,16.9,31.31,30.02,30.51,False
000857,Car,car,car,0,0.0,23.8,49.93,47.97,15.7,30.51,29.74,30.07,False
000857,Car,car,car,1,0.22,76.9,22.27,20.13,12.52,12.45,11.78,12.02,False
000858,Van,van,truck,1,0.0,109.8,18.56,16.0,4.7,14.87,14.53,14.69,False
000858,Car,car,car,1,0.0,63.5,22.35,20.41,11.57,17.61,16.76,17.0,False
000862,Pedestrian,pedestrian,person,0,0.0,196.1,7.55,7.06,1.96,5.23,5.17,5.19,False
000862,Pedestrian,pedestrian,person,0,0.0,129.9,10.8,10.42,5.91,6.43,6.26,6.33,False
000863,Car,car,car,0,0.0,23.7,48.13,46.13,1.7,39.66,38.38,39.31,False
000863,Car,car,car,3,0.87,180.8,4.85,2.98,1.72,3.38,2.85,3.02,False
000863,Car,car,car,0,0.62,199.3,5.12,3.6,1.73,3.48,3.2,3.25,False
000878,Truck,truck,truck,3,0.1,110.3,30.93,27.27,16.47,21.25,19.5,20.44,False
000878,Car,car,car,0,0.0,28.4,45.88,43.54,11.62,38.38,37.18,37.69,False
000884,Car,car,car,0,0.0,71.9,18.26,15.96,1.78,15.25,14.65,14.69,False
000884,Van,van,car,0,0.0,92.8,18.34,15.91,2.3,14.33,14.16,14.16,False
000884,Van,van,car,0,0.93,226.2,4.49,2.42,1.86,3.13,2.52,2.72,False
000889,Car,car,car,0,0.0,56.9,26.14,23.9,0.0,26.29,25.72,25.81,True
000889,Pedestrian,pedestrian,person,0,0.0,201.4,7.51,7.01,2.93,6.68,6.6,6.64,False
000889,Cyclist,cyclist,person,0,0.0,28.5,43.54,42.68,4.65,43.88,40.81,42.25,False
000889,Pedestrian,pedestrian,person,0,0.0,65.1,19.54,19.03,5.83,18.87,18.48,18.63,False
000889,Pedestrian,pedestrian,person,0,0.0,214.6,7.22,6.68,3.28,6.23,6.13,6.19,False
000890,Car,car,car,0,0.0,28.9,37.45,35.77,2.18,33.05,32.16,32.16,False
000890,Car,car,car,0,0.0,97.4,12.6,10.8,2.27,10.44,10.18,10.26,False
000890,Car,car,car,1,0.0,32.2,34.82,33.06,6.2,31.31,29.74,30.57,False
000890,Car,car,car,2,0.0,55.3,22.28,20.15,6.45,19.19,18.89,18.89,False
000893,Truck,truck,bus,0,0.0,65.4,38.06,31.85,1.41,29.02,28.33,28.33,False
000893,Car,car,car,0,0.0,55.5,27.59,25.31,13.07,20.87,19.54,19.83,False
000909,Car,car,car,0,0.0,43.2,28.75,26.71,2.3,25.31,24.79,25.25,False
000909,Car,car,car,2,0.0,78.1,15.76,13.76,2.01,14.14,12.61,13.83,False
000909,Van,van,truck,0,0.8,344.7,5.19,2.87,1.9,3.46,2.7,2.91,False
000909,Car,car,car,2,0.0,56.6,21.56,19.42,1.88,19.5,18.59,18.89,False
000909,Car,car,car,2,0.0,29.6,37.67,35.86,2.01,32.16,30.51,31.31,False
000909,Car,car,car,1,0.0,135.6,10.3,8.12,1.82,8.44,8.15,8.21,False
000918,Car,car,car,0,0.0,55.3,23.0,21.19,2.37,22.88,22.45,22.81,False
000918,Car,car,car,0,0.25,193.2,6.8,5.02,2.34,5.3,5.04,5.1,False
000918,Car,car,car,0,0.0,55.7,22.08,20.25,0.0,21.63,21.25,21.62,True
000918,Car,car,car,1,0.0,20.3,60.95,59.84,18.74,41.03,33.06,36.38,False
000918,Car,car,car,2,0.0,47.6,29.23,27.07,0.0,29.74,25.84,27.67,True
000918,Car,car,car,1,0.0,34.2,34.52,32.39,1.84,33.05,31.31,31.7,False
000920,Car,car,car,0,0.0,43.1,27.5,25.19,3.23,23.34,22.54,22.88,False
000920,Car,car,car,0,0.0,63.2,20.72,18.68,1.14,18.18,17.5,17.75,True
000920,Car,car,car,0,0.0,141.1,10.69,8.44,2.82,8.42,7.78,7.88,False
000929,Car,car,car,1,0.0,33.6,32.77,30.94,4.99,30.51,29.74,29.74,False
000929,Car,car,car,0,0.0,39.3,28.65,26.71,2.38,26.86,25.5,25.86,False
000929,Car,car,car,0,0.0,52.2,24.05,22.44,0.02,20.86,20.51,20.51,True
000937,Pedestrian,pedestrian,person,0,0.0,62.1,20.27,19.89,1.51,18.23,17.5,17.76,False
000937,Pedestrian,pedestrian,person,0,0.0,48.3,24.19,23.76,0.9,20.95,20.51,20.59,True
000937,Pedestrian,pedestrian,person,0,0.0,50.7,28.35,27.78,4.58,22.47,21.63,21.8,False
000937,Pedestrian,pedestrian,person,1,0.0,100.4,14.26,13.83,7.57,11.22,11.06,11.12,False
000937,Pedestrian,pedestrian,person,0,0.0,48.3,28.46,27.89,5.26,22.84,22.03,22.41,False
000937,Pedestrian,pedestrian,person,0,0.0,115.3,13.68,13.19,7.59,10.74,10.62,10.72,False
000941,Car,car,car,0,0.0,77.5,17.36,15.28,2.0,14.94,14.33,14.43,False
000941,Car,car,car,0,0.57,186.4,7.03,4.56,2.25,4.2,3.74,3.87,False
000941,Car,car,car,0,0.0,23.8,46.16,44.06,1.45,33.99,33.05,33.75,False
000942,Car,car,car,2,0.0,38.7,29.74,27.89,4.87,25.86,24.79,24.88,False
000942,Car,car,car,0,0.1,160.6,10.82,8.72,4.67,7.44,6.36,6.61,False
000942,Car,car,car,0,0.0,50.9,24.84,22.89,4.85,21.25,20.21,20.51,False
000942,Car,car,car,1,0.0,67.8,18.29,16.38,2.14,15.29,15.06,15.06,False
000942,Car,car,car,0,0.91,203.2,5.05,3.27,2.46,3.26,2.73,2.95,False
000942,Car,car,car,1,0.0,142.0,10.03,7.92,2.33,7.17,6.72,6.8,False
000942,Car,car,car,2,0.0,51.2,23.71,21.91,2.23,21.25,19.1,19.94,False
000944,Car,car,car,0,0.82,201.0,5.07,2.89,1.74,3.01,2.42,2.59,False
000944,Car,car,car,0,0.0,28.8,38.21,36.02,2.36,31.31,31.11,31.31,False
000944,Car,car,car,1,0.58,158.9,10.08,8.26,4.43,6.38,6.3,6.33,False
000944,Car,car,car,2,0.0,50.6,23.23,21.93,3.62,17.24,13.59,16.85,False
000944,Van,van,car,2,0.0,43.6,35.23,34.09,3.22,29.02,28.33,29.02,False
000944,Truck,truck,truck,2,0.0,34.2,54.47,51.14,2.14,43.9,42.49,42.49,False
000944,Car,car,car,1,0.0,91.2,13.92,12.45,4.33,10.48,10.35,10.44,False
000944,Car,car,car,2,0.0,34.1,32.88,31.68,3.37,26.44,20.87,22.09,False
000944,Car,car,car,2,0.0,46.8,25.6,24.17,3.57,19.07,18.4,18.89,False
000948,Truck,truck,truck,0,0.0,29.4,76.8,70.58,0.21,59.49,59.49,59.49,True
000948,Car,car,car,0,0.0,21.1,59.08,57.54,0.47,51.38,49.57,49.57,True
000948,Van,van,truck,0,0.0,47.8,39.88,37.35,18.16,28.33,26.62,27.04,False
000950,Car,car,car,0,0.0,28.5,45.85,43.88,2.55,33.99,33.05,33.05,False
000951,Van,van,truck,0,0.39,163.2,16.7,13.75,6.94,11.22,10.92,11.12,False
000951,Car,car,car,0,0.0,73.8,19.45,16.97,7.71,14.0,13.45,13.52,False
000951,Van,van,car,0,0.0,92.8,17.9,15.61,0.83,14.87,14.45,14.52,True
000951,Car,car,car,0,0.0,46.9,24.82,22.76,4.71,23.8,23.33,23.36,False
000951,Van,van,truck,0,0.0,45.9,46.59,43.46,0.65,41.03,40.38,41.03,True
000951,Car,car,car,0,0.0,36.9,35.75,33.5,0.0,33.05,32.16,32.61,True
000951,Car,car,car,0,0.0,65.2,19.74,17.33,3.5,16.52,16.08,16.3,False
000951,Car,car,truck,1,0.0,98.8,21.07,18.69,11.07,14.02,13.67,13.81,False
000951,Car,car,car,1,0.0,68.0,21.0,18.62,5.95,17.0,16.76,16.76,False
000959,Car,car,car,0,0.0,29.9,37.31,35.47,2.11,36.59,36.05,36.05,False
000959,Car,car,car,0,0.83,188.2,5.09,3.1,2.03,3.66,3.0,3.22,False
000959,Car,car,car,0,0.0,85.9,14.82,12.85,2.28,13.52,13.21,13.22,False
000959,Car,car,car,0,0.0,22.7,51.52,49.68,0.0,46.73,45.76,45.76,True
000959,Car,car,car,1,0.0,21.8,53.95,52.91,10.16,42.49,33.05,39.66,False
000959,Car,car,car,2,0.0,69.9,19.24,17.19,1.94,17.8,17.24,17.5,False
000959,Car,car,car,2,0.0,23.6,47.95,45.89,1.86,43.71,36.68,39.07,False
000959,Car,car,car,1,0.0,35.7,32.7,30.73,1.92,30.51,26.08,29.02,False
000959,Car,car,car,1,0.0,22.8,55.38,53.97,15.59,36.05,25.42,28.72,False
000960,Car,car,car,0,0.0,18.7,59.03,56.96,2.88,45.76,44.81,45.76,False
000967,Car,car,car,0,0.0,28.6,37.45,35.68,5.18,24.71,24.6,24.71,False
000967,Car,car,car,0,0.0,33.5,36.62,34.6,1.16,24.21,23.73,23.73,True
000968,Car,car,car,0,0.0,24.4,45.14,42.86,0.0,33.99,33.68,33.99,True
000972,Car,car,car,0,0.0,16.9,67.9,65.84,4.98,56.64,54.08,54.58,False
000972,Car,car,car,0,0.97,168.5,6.25,4.02,3.39,5.13,4.72,4.88,False
000974,Car,car,car,1,0.0,27.8,42.13,40.25,11.87,32.16,30.2,31.31,False
000974,Truck,truck,bus,0,0.0,30.8,73.75,67.46,3.52,51.73,49.57,49.57,False
000974,Car,car,car,0,0.0,28.3,44.36,42.84,0.0,34.99,34.99,34.99,True
000980,Van,van,truck,0,0.0,42.7,54.84,51.41,16.11,32.16,31.31,31.31,False
000980,Car,car,car,0,0.0,79.7,18.78,16.74,7.98,12.66,11.78,11.9,False
000980,Car,car,car,0,0.0,41.6,34.53,32.44,7.14,24.79,23.8,24.28,False
000980,Car,car,car,0,0.0,23.3,51.25,49.29,16.97,33.05,32.16,32.16,False
000980,Car,car,car,1,0.0,71.4,23.14,20.99,12.32,14.0,13.22,13.37,False
000980,Car,car,car,1,0.0,24.1,54.24,53.11,24.53,31.31,29.02,29.74,False
000987,Car,car,car,1,0.0,92.7,13.74,12.05,3.45,10.92,10.62,10.65,False
000987,Car,car,car,1,0.71,205.4,7.74,5.8,3.34,5.08,4.95,4.97,False
000987,Car,car,car,3,0.15,157.8,9.47,8.0,3.56,7.34,7.15,7.21,False
000987,Pedestrian,pedestrian,person,0,0.0,50.0,28.31,27.64,4.37,22.45,18.72,21.4,False
000987,Car,car,car,1,0.0,62.0,18.56,17.46,3.26,16.08,15.5,15.82,False
000989,Car,car,car,0,0.0,44.7,25.37,23.41,3.75,25.75,24.49,24.76,False
000994,Car,car,car,0,0.0,39.8,36.68,34.6,18.69,29.74,28.33,29.02,False
000994,Car,car,car,1,0.0,25.7,48.08,45.78,18.29,44.07,42.49,42.49,False
000994,Truck,truck,truck,0,0.0,71.3,41.43,36.01,1.26,34.1,33.99,33.99,False
000994,Car,car,car,1,0.0,30.7,41.31,39.06,18.4,36.05,34.52,34.99,False
000994,Car,car,car,1,0.0,22.5,53.13,51.19,18.25,49.57,47.59,47.7,False
000995,Van,van,truck,2,0.0,149.2,15.97,13.01,6.17,12.47,11.56,11.77,False
000995,Car,car,car,0,0.0,175.7,8.32,6.47,2.33,6.68,6.44,6.48,False
000995,Car,car,car,0,0.0,71.2,17.8,15.61,0.34,17.22,16.98,16.98,True
000995,Car,car,car,0,0.0,28.5,38.33,36.61,5.4,39.61,38.33,38.33,False
000995,Car,car,car,0,0.0,37.9,29.41,28.29,0.0,29.71,29.36,29.71,True
000997,Car,car,car,0,0.0,61.2,21.84,20.31,5.87,17.0,16.76,16.76,False
001009,Car,car,car,0,0.0,49.6,23.59,21.5,4.34,23.3,22.08,22.42,False
001009,Car,car,car,0,0.0,37.9,30.22,28.14,1.22,30.02,29.71,29.71,False
001009,Car,car,car,0,0.0,27.8,42.07,39.87,0.46,40.98,39.61,40.32,True
001009,Car,car,car,1,0.0,22.4,52.4,50.55,0.0,49.51,47.53,47.98,True
001009,Car,car,car,2,0.0,26.1,40.89,39.17,0.86,39.61,35.6,38.33,True
001010,Car,car,car,0,0.88,199.3,4.84,2.9,2.11,3.44,2.84,3.04,False
001010,Car,car,car,0,0.0,106.7,12.77,10.74,2.15,10.95,10.72,10.77,False
001010,Car,car,car,0,0.92,162.4,6.42,4.46,3.54,5.18,4.5,4.74,False
001010,Car,car,car,0,0.0,16.7,66.93,65.0,0.22,56.66,54.08,54.71,True
001010,Van,van,truck,1,0.0,88.1,26.63,23.6,1.75,24.28,23.8,23.8,False
001010,Car,car,car,1,0.0,155.6,10.88,8.86,3.59,8.68,7.77,7.99,False
001010,Car,car,car,1,0.0,65.3,18.84,16.64,2.12,17.49,16.08,16.53,False
001010,Car,car,car,1,0.0,91.3,15.99,13.88,3.43,14.01,12.93,13.22,False
001010,Car,car,car,1,0.0,23.0,47.75,46.03,1.1,42.49,38.54,41.48,True
001010,Car,car,car,0,0.0,20.3,50.56,48.69,4.74,45.76,44.07,44.25,False
001010,Car,car,car,1,0.0,23.3,54.67,52.63,0.0,49.57,47.59,47.59,True
001014,Van,van,car,0,0.0,22.8,62.57,60.3,0.0,58.23,56.66,56.66,True
001014,Car,car,car,0,0.0,54.5,22.22,20.0,2.52,22.88,22.03,22.03,False
001018,Car,car,car,0,0.0,115.7,11.55,9.23,1.94,8.76,8.56,8.62,False
001022,Car,car,car,0,0.0,28.8,45.48,43.06,14.26,32.31,31.13,31.97,False
001022,Car,car,car,0,0.0,45.7,25.05,24.08,1.22,20.05,19.72,19.72,False
001022,Car,car,car,0,0.96,167.7,4.61,2.74,2.25,3.05,2.64,2.77,False
001022,Car,car,car,0,0.0,21.9,49.95,48.07,8.71,38.31,38.16,38.16,False
001025,Car,car,car,0,0.0,20.6,53.55,51.32,2.38,39.66,38.49,39.44,False
001025,Car,car,car,0,0.0,145.8,10.31,8.07,2.8,7.69,7.17,7.25,False
001041,Car,car,car,0,0.16,176.6,7.96,5.74,2.18,5.15,4.61,4.67,False
001041,Car,car,car,0,0.0,28.4,52.97,50.68,2.54,34.99,33.99,34.81,False
001043,Car,car,car,0,0.59,195.3,6.07,4.0,2.08,3.59,3.2,3.3,False
001043,Car,car,car,0,0.66,159.7,9.69,7.69,5.33,6.57,5.78,6.07,False
001043,Car,car,car,1,0.0,21.4,54.93,52.82,1.89,42.49,41.03,41.03,False
001043,Car,car,car,1,0.0,92.9,16.81,14.6,5.23,13.62,12.52,12.66,False
001043,Car,car,car,0,0.0,25.8,42.28,40.0,2.75,34.99,34.8,34.99,False
001043,Car,car,car,1,0.0,23.5,48.32,47.11,5.87,36.05,35.86,36.05,False
001043,Car,car,car,1,0.0,33.9,33.69,31.7,5.64,28.32,23.8,24.79,False
001043,Car,car,car,2,0.0,58.2,23.05,20.9,5.45,19.19,18.03,18.3,False
001049,Car,car,car,0,0.0,30.3,36.85,35.21,0.0,35.36,32.78,34.8,True
001049,Pedestrian,pedestrian,person,0,0.0,96.2,15.49,14.82,5.54,13.16,12.86,13.0,False
001049,Pedestrian,pedestrian,person,0,0.0,104.1,13.93,13.28,2.7,12.86,12.72,12.72,False
001049,Pedestrian,pedestrian,person,0,0.0,82.3,16.03,15.39,4.35,14.79,14.42,14.43,False
001049,Pedestrian,pedestrian,person,0,0.0,92.2,14.5,13.79,1.89,13.76,13.44,13.44,False
001049,Pedestrian,pedestrian,person,0,0.0,92.4,15.74,15.06,4.85,14.25,13.8,14.08,False
001049,Car,car,car,1,0.0,48.8,28.8,27.01,15.29,21.91,21.51,21.55,False
001049,Pedestrian,pedestrian,person,0,0.0,162.3,9.02,8.37,2.37,8.39,8.1,8.16,False
001049,Car,car,car,1,0.0,52.6,27.85,25.89,12.76,22.75,22.04,22.32,False
001058,Car,car,car,0,0.0,24.9,52.58,50.57,12.93,51.73,49.57,49.57,False
001058,Car,car,car,0,0.0,21.7,44.26,42.47,0.98,44.07,44.07,44.07,True
001058,Car,car,car,0,0.0,147.9,10.46,8.37,2.91,8.62,8.38,8.38,False
001058,Car,car,car,0,0.0,26.4,40.89,39.03,5.46,38.38,38.38,38.38,False
001062,Car,car,car,0,0.0,29.5,40.31,38.11,2.21,33.05,31.87,32.16,False
001062,Car,car,car,1,0.0,42.3,29.81,27.93,0.22,26.44,25.86,25.86,True
001062,Car,car,car,0,0.0,139.2,10.63,8.56,2.61,8.81,8.1,8.21,False
001062,Car,car,car,0,0.93,181.0,5.28,3.6,2.89,3.62,3.22,3.34,False
001062,Car,car,car,2,0.0,54.2,23.95,21.92,3.34,19.03,18.3,18.59,False
001062,Car,car,car,1,0.0,149.7,10.05,7.83,2.92,7.15,6.84,6.92,False
001062,Car,car,car,1,0.0,80.9,16.56,14.24,3.17,13.22,12.89,12.93,False
001062,Car,car,car,1,0.0,60.7,23.22,21.03,2.26,21.11,19.5,19.95,False
001062,Car,car,car,1,0.0,80.5,15.81,14.0,2.46,14.33,13.22,13.52,False
001063,Car,car,car,0,0.0,58.3,26.18,23.85,11.8,18.89,17.76,18.03,False
001063,Car,car,car,0,0.0,26.4,52.48,50.09,18.29,38.66,37.18,37.51,False
001063,Car,car,car,0,0.0,19.9,63.6,61.67,14.87,47.59,45.86,47.59,False
001066,Car,car,car,0,0.0,96.9,13.93,12.84,3.23,10.82,10.69,10.72,False
001069,Car,car,car,0,0.0,39.1,29.63,27.71,2.73,25.17,25.17,25.17,False
001069,Car,car,truck,1,0.61,75.2,20.6,18.54,11.67,17.37,16.68,16.9,False
001069,Pedestrian,pedestrian,person,0,0.0,36.7,35.9,35.55,6.47,33.8,30.43,31.97,False
001069,Cyclist,cyclist,bicycle,0,0.0,36.0,37.53,37.09,2.56,34.25,33.07,33.8,False
001081,Car,car,car,0,0.0,18.4,59.81,57.61,4.99,45.76,45.76,45.76,False
001081,Van,van,truck,0,0.0,48.6,33.74,31.38,5.67,27.2,26.76,27.04,False
001081,Car,car,car,1,0.0,27.3,42.94,41.31,11.05,36.05,34.99,34.99,False
001082,Car,car,car,0,0.0,49.5,23.76,21.65,6.14,18.91,18.05,18.3,False
001082,Car,car,car,0,0.0,98.5,13.62,11.45,2.49,11.69,11.12,11.33,False
001082,Van,van,truck,1,0.0,42.6,34.45,32.03,2.05,30.51,29.86,30.51,False
001082,Car,car,car,0,0.0,46.6,26.26,24.41,0.0,22.45,22.45,22.45,True
001082,Car,car,car,0,0.0,15.7,70.66,68.23,9.62,59.49,56.66,56.66,False
001082,Car,car,car,2,0.0,49.1,23.72,21.68,2.55,17.97,17.5,17.5,False
001082,Car,car,car,1,0.0,32.0,41.75,39.36,10.16,33.99,32.77,33.16,False
001082,Car,car,car,1,0.0,26.6,47.83,45.6,10.08,37.16,32.77,33.94,False
001083,Car,car,car,0,0.07,139.9,11.5,9.41,5.31,7.93,6.92,7.12,False
001083,Car,car,car,0,0.0,23.6,45.85,43.58,2.55,39.66,38.38,38.38,False
001083,Car,car,car,1,0.0,79.5,18.94,16.73,5.18,15.86,14.87,15.06,False
001083,Car,car,car,1,0.0,20.5,57.11,55.01,2.14,44.58,42.61,44.07,False
001083,Car,car,car,1,0.0,22.4,50.52,49.31,6.1,39.66,38.38,38.38,False
001083,Car,car,car,0,0.0,196.0,8.1,6.02,2.12,5.51,5.26,5.31,False
001083,Car,car,car,1,0.0,31.6,35.85,33.87,5.49,30.47,25.31,26.44,False
001083,Car,car,car,2,0.0,52.2,25.22,23.08,5.36,21.25,20.17,20.51,False
001084,Car,car,car,0,0.0,26.0,45.08,43.76,0.0,35.61,34.99,34.99,True
001084,Car,car,car,0,0.2,127.0,11.24,9.56,3.94,8.5,8.47,8.5,False
001084,Van,van,car,0,0.0,114.2,13.5,11.5,2.03,11.24,11.12,11.22,False
001084,Van,van,car,3,0.0,115.8,13.92,11.75,1.79,11.9,11.24,11.44,False
001084,Van,van,car,2,0.0,51.7,28.3,26.06,1.32,24.79,22.59,23.88,False
001084,Car,car,car,1,0.0,53.1,22.47,20.18,1.44,18.89,18.3,18.59,False
001085,Car,car,car,0,0.0,33.8,34.99,32.79,0.14,33.95,33.93,33.95,True
001085,Car,car,car,0,0.0,54.5,21.66,19.55,1.47,21.27,20.85,21.15,False
001085,Van,van,truck,1,0.0,48.6,31.32,28.95,4.49,31.24,29.98,30.47,False
001085,Car,car,car,1,0.0,33.5,32.21,30.48,1.37,32.37,30.45,32.12,False
001085,Car,car,car,1,0.0,26.0,45.44,43.57,0.33,44.01,42.61,44.01,True
001087,Car,car,car,1,0.33,149.9,11.29,9.36,5.93,8.27,7.21,7.58,False
001087,Car,car,car,0,0.0,27.3,40.18,38.19,0.0,32.19,31.88,32.16,True
001087,Car,car,car,1,0.0,35.6,32.45,31.58,2.79,23.33,22.97,23.33,False
001087,Car,car,car,2,0.0,46.3,25.03,23.95,3.01,19.55,16.28,17.24,False
001092,Truck,truck,train,0,0.0,58.1,49.53,44.09,0.0,42.49,42.49,42.49,True
001092,Car,car,car,0,0.0,15.9,76.39,74.29,16.46,62.62,59.49,59.74,False
001101,Car,car,car,1,0.0,57.9,21.72,19.57,0.0,18.78,17.74,18.18,True
001101,Pedestrian,pedestrian,person,0,0.23,203.6,5.81,5.25,2.46,4.61,4.5,4.55,False
001101,Pedestrian,pedestrian,person,0,0.0,163.2,8.25,7.64,0.59,7.52,7.29,7.39,True
001101,Pedestrian,pedestrian,person,0,0.0,209.4,6.64,6.09,1.66,5.94,5.83,5.91,False
001101,Pedestrian,pedestrian,person,0,0.0,109.2,13.14,12.52,0.87,12.12,11.77,11.88,True
001101,Pedestrian,pedestrian,person,1,0.0,160.0,9.42,8.83,2.99,8.18,7.92,8.03,False
001101,Pedestrian,pedestrian,person,0,0.0,126.9,11.21,10.68,2.0,9.99,9.74,9.86,False
001104,Car,car,car,0,0.0,57.7,22.07,20.15,0.0,19.75,19.35,19.45,True
001104,Van,van,truck,0,0.0,162.1,15.0,11.75,3.41,10.77,10.5,10.59,False
001104,Car,car,car,1,0.0,49.4,26.19,24.13,3.25,23.06,22.64,22.81,False
001104,Car,car,car,1,0.0,74.8,18.28,16.13,7.66,13.96,13.48,13.6,False
001104,Car,car,car,1,0.0,31.2,38.44,36.54,3.99,32.95,23.83,27.7,False
001104,Car,car,car,0,0.95,169.8,6.3,4.44,3.75,4.38,4.06,4.18,False
001110,Car,car,car,0,0.0,163.7,9.43,7.17,2.92,6.66,5.98,6.07,False
001110,Car,car,car,1,0.0,41.6,29.88,28.44,5.69,25.19,24.28,24.51,False
001112,Car,car,car,0,0.0,61.9,20.94,19.54,6.49,14.16,14.16,14.16,False
001112,Car,car,car,0,0.0,23.6,53.01,50.68,19.14,41.03,39.66,39.66,False
001112,Car,car,car,1,0.0,47.1,25.73,24.26,6.62,18.55,18.03,18.27,False
001112,Cyclist,cyclist,person,0,0.0,69.9,20.41,19.49,9.64,13.91,13.63,13.68,False
001124,Pedestrian,pedestrian,person,0,0.0,187.1,7.87,7.37,2.67,4.73,4.64,4.69,False
001125,Car,car,car,0,0.42,173.9,10.5,8.53,4.23,6.88,6.8,6.84,False
001125,Car,car,car,0,0.0,80.9,15.69,14.15,4.41,12.58,12.5,12.52,False
001125,Van,van,truck,0,0.0,111.3,18.53,15.37,1.89,14.33,14.16,14.16,False
001125,Van,van,truck,2,0.0,37.5,57.59,56.35,3.96,41.25,39.66,41.03,False
001125,Van,van,truck,2,0.0,57.7,35.84,32.44,1.7,27.67,27.04,27.07,False
001125,Car,car,car,0,0.72,160.8,9.82,8.2,5.17,6.29,5.89,6.03,False
001125,Car,car,car,2,0.0,34.2,37.75,36.59,4.45,28.33,27.67,27.87,False
001125,Car,car,car,2,0.0,73.0,20.24,19.07,3.76,17.0,16.76,16.8,False
001125,Car,car,car,2,0.0,34.5,35.19,34.1,5.41,28.11,25.21,27.67,False
001128,Car,car,car,0,0.14,211.7,7.92,5.81,2.78,5.11,4.9,4.94,False
001128,Car,car,car,0,0.0,28.1,37.5,35.79,1.53,32.16,31.35,31.99,False
001128,Car,car,car,0,0.0,50.7,23.81,21.76,2.34,20.51,20.17,20.17,False
001128,Truck,truck,truck,0,0.0,116.2,27.04,22.86,5.53,21.0,20.51,20.87,False
001134,Car,car,car,0,0.0,28.0,39.62,37.58,0.37,34.99,33.99,33.99,True
001134,Car,car,car,0,0.0,74.7,16.38,14.4,1.69,14.9,14.16,14.25,False
001134,Van,van,truck,1,0.0,45.7,47.97,46.53,13.86,44.07,42.49,42.76,False
001134,Cyclist,cyclist,person,0,0.0,106.7,13.28,12.35,2.39,12.17,11.9,12.03,False
001140,Car,car,car,1,0.0,90.0,14.47,12.45,2.12,12.02,11.66,11.78,False
001140,Car,car,car,0,0.0,124.7,12.27,10.37,5.29,9.34,8.5,8.62,False
001140,Car,car,car,1,0.0,56.2,25.29,23.1,5.09,22.88,22.03,22.03,False
001140,Car,car,car,1,0.0,18.4,63.59,61.48,2.5,52.65,51.73,51.73,False
001140,Car,car,car,1,0.0,73.1,17.4,15.25,5.2,14.77,13.52,13.83,False
001140,Car,car,car,2,0.0,40.5,31.78,29.66,5.2,29.02,24.56,27.69,False
001143,Car,car,car,0,0.0,26.5,47.23,45.41,0.0,47.61,47.59,47.59,True
001143,Car,car,car,1,0.23,105.7,15.46,13.22,8.09,12.79,11.22,11.78,False
001143,Car,car,car,1,0.0,33.2,35.04,32.9,8.4,32.58,31.31,31.67,False
001143,Car,car,car,1,0.0,22.3,57.71,55.7,9.76,54.08,51.73,51.73,False
001144,Car,car,car,2,0.0,39.3,32.26,30.13,1.83,19.19,18.73,18.89,False
001150,Car,car,car,0,0.0,87.9,14.75,12.97,4.5,13.93,13.01,13.22,False
001150,Car,car,car,1,0.94,183.2,4.93,3.19,2.56,4.03,3.52,3.7,False
001150,Car,car,car,1,0.0,150.4,9.76,7.68,2.37,7.99,7.73,7.78,False
001150,Car,car,car,2,0.0,84.5,15.08,13.17,2.69,14.87,14.51,14.69,False
001150,Car,car,car,2,0.0,65.7,19.14,17.14,4.38,19.81,18.27,18.72,False
001152,Car,car,car,0,0.0,16.7,67.63,65.57,7.67,51.73,51.73,51.73,False
001152,Car,car,car,0,0.0,26.6,44.58,42.4,7.16,38.38,37.18,37.31,False
001152,Car,car,car,0,0.0,12.9,73.35,71.57,0.93,56.66,55.42,56.61,True
001154,Truck,truck,bus,0,0.0,51.8,46.39,40.22,0.64,42.49,41.03,41.44,True
001154,Car,car,car,0,0.0,17.5,69.24,67.01,12.99,62.62,62.06,62.62,False
001154,Car,car,car,0,0.0,25.0,46.93,44.96,13.06,44.07,42.49,42.99,False
001154,Car,car,car,0,0.0,35.6,36.25,34.01,15.71,32.16,30.51,30.84,False
001162,Car,car,car,0,0.0,38.2,29.14,27.09,4.28,24.25,23.8,23.8,False
001162,Car,car,car,0,0.0,83.6,14.13,12.09,0.0,11.33,11.02,11.12,True
001162,Van,van,car,0,0.2,253.2,7.39,5.08,0.97,4.63,4.37,4.46,True
001162,Car,car,car,0,0.0,30.3,44.48,42.49,17.49,33.05,32.16,32.16,False
001162,Car,car,car,1,0.0,43.5,30.37,29.12,0.21,27.67,25.91,27.04,True
001162,Car,car,car,0,0.83,95.2,15.91,13.81,9.41,10.92,10.66,10.72,False
001162,Car,car,car,3,0.02,110.1,14.86,12.91,7.06,10.26,9.67,9.91,False
001162,Car,car,car,1,0.0,22.0,63.49,60.91,14.59,47.59,45.76,47.59,False
001163,Car,car,car,0,0.0,46.2,24.03,21.86,2.29,22.03,21.25,21.28,False
001163,Van,van,truck,2,0.0,32.2,56.62,53.79,2.46,46.48,44.07,45.76,False
001163,Car,car,car,0,0.85,187.1,5.28,3.06,2.0,3.61,3.11,3.3,False
001163,Car,car,car,0,0.84,163.3,5.13,3.22,1.98,3.66,3.0,3.22,False
001163,Car,car,car,0,0.0,26.1,44.13,42.19,2.53,37.18,36.06,36.82,False
001163,Car,car,car,1,0.0,61.2,19.28,17.57,2.4,16.76,16.13,16.3,False
001163,Car,car,car,1,0.0,133.5,10.87,8.86,2.45,9.22,8.42,8.68,False
001163,Car,car,car,1,0.0,146.9,10.24,7.85,1.93,8.92,7.93,8.09,False
001163,Car,car,car,2,0.0,41.3,26.4,24.46,2.18,22.81,21.58,21.88,False
001165,Car,car,car,0,0.0,31.7,46.32,44.38,20.25,36.05,34.99,34.99,False
001165,Car,car,car,0,0.0,36.9,34.28,32.03,0.02,29.74,29.74,29.74,True
001165,Car,car,car,0,0.0,21.9,56.4,54.5,20.47,46.97,45.76,45.76,False
001167,Car,car,car,0,0.0,34.1,38.65,36.51,13.32,29.74,28.33,28.36,False
001167,Pedestrian,pedestrian,person,1,0.0,40.6,32.02,31.63,5.52,30.23,29.02,29.11,False
001169,Pedestrian,pedestrian,person,0,0.0,94.4,13.03,12.48,0.54,13.0,12.45,12.59,True
001169,Cyclist,cyclist,person,1,0.0,115.9,12.43,11.57,3.56,16.25,8.71,12.86,False
001169,Pedestrian,pedestrian,person,1,0.0,42.5,30.65,30.12,2.52,32.38,23.49,31.13,False
001173,Car,car,car,0,0.0,17.7,70.23,68.66,3.79,65.55,62.62,62.62,False
001173,Truck,truck,train,0,0.0,29.8,76.0,69.83,0.0,64.06,62.62,62.62,True
001173,Van,van,truck,2,0.0,53.3,39.41,36.62,21.42,28.33,27.04,27.04,False
001193,Car,car,truck,0,0.0,138.6,13.52,11.03,1.03,10.42,9.9,9.99,True
001193,Pedestrian,pedestrian,person,0,0.0,102.0,13.19,12.61,0.0,12.0,11.77,11.88,True
001193,Pedestrian,pedestrian,person,0,0.14,224.9,6.16,5.47,2.05,4.64,4.57,4.59,False
001193,Pedestrian,pedestrian,person,0,0.0,82.0,16.36,15.91,0.0,15.23,14.85,15.04,True
001193,Person_sitting,pedestrian,other,2,0.0,113.2,9.73,9.35,4.11,4.59,4.57,4.58,False
001198,Van,van,car,0,0.0,192.1,9.36,7.31,2.24,6.57,6.45,6.49,False
001198,Pedestrian,pedestrian,person,2,0.0,105.2,13.65,13.31,4.77,11.64,11.41,11.43,False
001198,Person_sitting,pedestrian,person,1,0.0,83.8,12.07,11.64,1.87,11.21,11.09,11.15,False
001198,Person_sitting,pedestrian,person,1,0.0,82.3,12.21,11.77,2.54,10.98,10.8,10.88,False
001198,Person_sitting,pedestrian,person,2,0.0,64.8,15.15,14.81,2.44,11.21,11.09,11.14,False
001203,Car,car,car,0,0.0,38.2,29.12,27.18,1.15,24.35,23.33,23.55,True
001203,Car,car,car,0,0.86,202.8,7.26,5.11,3.9,5.43,4.75,5.0,False
001203,Car,car,car,0,0.0,104.2,13.55,11.2,3.25,10.53,9.67,9.83,False
001203,Car,car,car,0,0.0,20.7,52.49,50.45,1.45,41.03,40.91,41.03,False
001203,Cyclist,cyclist,person,0,0.0,72.3,18.86,17.93,1.94,15.73,15.33,15.47,False
001208,Pedestrian,pedestrian,person,0,0.0,165.9,8.8,8.3,3.69,4.81,4.73,4.77,False
001212,Truck,truck,truck,0,0.0,59.0,48.8,43.4,0.0,45.76,45.76,45.76,True
001212,Car,car,car,1,0.0,36.0,38.07,35.82,16.22,30.66,29.09,29.74,False
001215,Car,car,car,0,0.0,120.6,11.13,10.04,1.78,8.81,8.44,8.56,False
001219,Car,car,car,0,0.0,36.5,35.13,33.06,3.39,29.52,28.37,29.02,False
001219,Car,car,car,0,0.0,18.7,58.95,56.93,3.72,45.76,45.7,45.76,False
001224,Car,car,car,3,0.6,153.3,10.08,7.84,4.63,7.44,6.3,6.57,False
001224,Car,car,car,1,0.0,72.2,19.35,17.37,2.05,16.85,16.52,16.7,False
001224,Car,car,car,2,0.0,38.8,31.72,29.58,6.59,21.63,19.05,19.36,False
001224,Car,car,car,1,0.0,27.7,49.02,47.03,18.23,38.38,37.18,37.28,False
001224,Car,car,car,0,0.52,168.3,5.57,3.73,0.61,4.01,3.59,3.74,True
001224,Car,car,car,1,0.0,63.4,27.61,25.45,10.84,22.45,21.63,21.89,False
001224,Car,car,car,1,0.0,149.9,9.77,7.42,0.0,8.16,7.78,7.88,True
001224,Car,car,car,1,0.0,93.7,14.11,12.03,0.0,12.79,12.26,12.39,True
001224,Car,car,car,2,0.0,94.7,16.54,14.75,7.19,13.07,12.14,12.33,False
001225,Car,car,car,1,0.0,36.6,31.54,29.69,1.48,29.02,17.24,28.35,False
001225,Car,car,car,2,0.0,50.9,26.28,24.79,7.08,20.84,20.17,20.51,False
001225,Pedestrian,pedestrian,person,0,0.0,123.8,11.34,10.82,4.41,9.08,8.85,9.01,False
001225,Car,car,car,0,0.0,32.9,35.05,33.1,0.59,31.31,30.51,30.61,True
001225,Car,car,car,0,0.0,140.2,10.82,8.62,3.08,7.53,7.08,7.17,False
001225,Truck,truck,truck,1,0.0,60.9,52.36,49.46,24.17,33.81,33.05,33.05,False
001237,Car,car,car,0,0.29,168.4,11.01,9.32,4.41,7.52,7.47,7.48,False
001237,Car,car,car,0,0.0,82.4,16.71,14.79,1.7,14.16,13.83,14.0,False
001237,Car,car,car,0,0.47,176.2,6.23,4.27,1.85,4.16,3.86,3.93,False
001237,Car,car,car,2,0.0,39.6,31.65,29.89,1.69,28.27,26.24,27.04,False
001237,Car,car,car,2,0.0,26.6,41.09,40.12,4.5,29.7,25.2,28.02,False
001237,Car,car,car,2,0.0,83.1,15.33,13.94,4.35,12.02,11.99,12.02,False
001237,Car,car,car,2,0.0,48.7,22.73,20.71,1.7,20.14,18.93,19.5,False
001238,Car,car,car,0,0.85,171.7,8.18,5.86,4.46,5.43,4.82,5.04,False
001238,Car,car,car,1,0.36,55.2,27.18,24.93,15.18,14.87,14.5,14.54,False
001238,Pedestrian,pedestrian,person,1,0.0,155.4,10.11,9.6,4.31,7.34,7.17,7.25,False
001238,Pedestrian,pedestrian,person,0,0.0,121.3,11.62,11.14,3.41,8.88,8.68,8.79,False
001238,Pedestrian,pedestrian,person,1,0.0,121.6,12.13,11.61,3.2,9.52,9.3,9.4,False
001239,Car,car,car,0,0.0,86.5,14.1,12.92,0.0,11.95,11.78,11.9,True
001240,Van,van,truck,1,0.38,222.2,12.73,9.88,6.2,10.42,8.87,9.51,False
001240,Car,car,car,0,0.0,71.4,17.76,15.57,0.34,17.48,17.22,17.22,True
001240,Car,car,car,0,0.0,174.2,8.39,6.55,2.33,6.87,6.6,6.64,False
001240,Car,car,car,0,0.0,31.8,34.65,32.93,5.53,37.14,36.01,36.01,False
001240,Car,car,car,0,0.0,38.1,29.27,28.15,0.0,29.71,29.71,29.71,True
001256,Pedestrian,pedestrian,person,0,0.0,143.0,9.75,9.34,3.32,4.97,4.91,4.93,False
001259,Van,van,car,0,0.0,22.6,62.8,60.53,0.0,56.66,54.22,56.32,True
001259,Car,car,car,0,0.0,64.5,19.25,17.01,2.49,19.5,18.59,18.89,False
001260,Car,car,car,0,0.0,163.7,9.51,7.8,2.57,7.73,7.39,7.52,False
001260,Car,car,car,1,0.54,136.4,12.98,11.0,6.6,9.26,8.75,8.89,False
001265,Car,car,car,2,0.0,22.8,49.03,48.13,2.45,32.16,27.52,31.31,False
001265,Car,car,car,0,0.0,41.8,27.03,25.89,2.42,19.5,19.19,19.19,False
001271,Car,car,car,0,0.0,122.8,11.65,9.41,2.86,9.67,9.08,9.15,False
001271,Car,car,car,1,0.0,20.0,55.1,52.87,2.2,41.29,41.03,41.03,False
001275,Car,car,car,1,0.0,33.7,33.09,31.15,7.75,30.51,29.74,29.99,False
001275,Car,car,car,1,0.0,33.1,35.98,33.76,11.04,31.69,30.47,30.65,False
001275,Car,car,car,0,0.0,27.5,45.48,43.66,0.0,41.03,41.03,41.03,True
001275,Car,car,car,1,0.0,19.1,56.71,54.65,7.92,51.73,49.72,51.28,False
001277,Car,car,car,0,0.0,74.5,18.15,16.19,1.5,17.0,16.3,16.52,False
001277,Car,car,car,1,0.0,29.5,49.22,47.06,0.99,41.03,39.66,40.68,True
001277,Car,car,car,0,0.88,163.4,4.64,2.7,1.65,3.71,3.01,3.23,False
001277,Car,car,car,1,0.0,83.5,16.28,14.52,2.11,15.6,14.69,15.06,False
001277,Car,car,car,2,0.0,43.8,28.29,26.55,1.92,24.81,22.03,23.37,False
001277,Car,car,car,1,0.0,138.9,10.18,8.47,1.79,9.45,9.15,9.22,False
001277,Car,car,car,2,0.0,35.6,33.16,31.2,1.69,29.74,27.67,29.02,False
001277,Car,car,car,2,0.0,58.7,21.6,19.75,1.77,20.53,19.53,20.17,False
001279,Pedestrian,pedestrian,person,0,0.0,157.8,10.1,9.62,3.3,5.14,5.08,5.12,False
001281,Truck,truck,bus,0,0.0,33.4,68.47,62.3,0.0,56.66,56.53,56.66,True
001281,Car,car,car,0,0.0,15.0,82.57,80.38,12.19,66.1,62.62,62.69,False
001281,Car,car,car,0,0.0,34.2,41.63,39.57,15.84,34.67,33.05,33.96,False
001286,Car,car,car,0,0.0,15.7,70.46,68.58,2.38,53.48,51.44,51.46,False
001286,Car,car,car,1,0.0,20.1,57.74,56.33,11.86,40.79,33.32,36.28,False
001291,Car,car,car,0,0.0,29.8,35.78,34.02,3.74,23.26,22.81,22.81,False
001291,Car,car,car,0,0.0,33.2,36.88,34.87,0.02,23.26,22.81,22.81,True
001296,Van,van,truck,1,0.0,82.6,21.31,18.79,8.82,18.59,17.24,17.5,False
001296,Car,car,car,1,0.0,25.6,46.17,43.91,9.83,43.31,41.49,42.49,False
001296,Car,car,car,0,0.0,26.7,46.81,44.99,0.15,47.59,45.76,46.68,True
001296,Car,car,car,0,0.0,35.2,35.86,33.56,2.62,34.99,34.11,34.82,False
001311,Car,car,car,0,0.0,70.3,17.7,15.7,1.73,15.86,15.45,15.64,False
001311,Car,car,car,0,0.89,195.8,4.7,2.68,1.88,3.18,2.55,2.77,False
001311,Car,car,car,0,0.0,144.5,9.87,7.92,2.15,9.05,8.38,8.49,False
001311,Car,car,car,1,0.0,191.4,8.23,6.74,1.89,7.18,6.76,6.88,False
001311,Car,car,car,2,0.0,55.3,22.79,20.84,1.78,22.32,21.12,21.83,False
001311,Car,car,car,2,0.0,35.2,32.92,30.84,1.59,31.31,30.14,30.51,False
001311,Car,car,car,0,0.0,23.6,49.52,47.69,0.0,45.81,45.33,45.76,True
001311,Car,car,car,1,0.0,32.5,41.48,39.87,15.82,30.51,26.98,29.74,False
001316,Car,car,car,0,0.0,65.2,19.61,18.01,0.0,17.0,16.75,16.76,True
001326,Car,car,car,1,0.0,34.3,32.37,30.62,2.9,29.02,28.33,28.33,False
001326,Car,car,car,0,0.0,56.9,22.21,20.6,0.0,20.73,20.51,20.51,True
001326,Car,car,car,0,0.0,39.9,39.67,37.68,18.54,27.78,27.67,27.67,False
001326,Car,car,car,1,0.0,27.0,44.76,42.54,18.66,33.05,31.31,32.15,False
001329,Car,car,car,0,0.0,26.4,47.43,45.61,0.13,47.59,47.44,47.59,True
001334,Pedestrian,pedestrian,person,1,0.0,94.3,15.56,15.07,7.43,15.66,15.25,15.45,False
001334,Pedestrian,pedestrian,person,0,0.0,95.8,15.75,15.26,8.28,15.25,14.91,15.06,False
001334,Cyclist,cyclist,person,3,0.0,43.6,28.85,28.05,6.94,29.02,27.67,27.97,False
001335,Car,car,car,0,0.0,34.0,31.98,29.8,2.69,24.28,23.33,23.74,False
001335,Car,car,car,0,0.0,31.1,39.24,37.9,6.02,31.3,30.28,30.51,False
001339,Car,car,car,0,0.8,170.8,6.47,4.44,2.65,4.31,3.88,4.0,False
001339,Car,car,car,0,0.0,42.3,29.09,26.85,8.76,23.8,23.33,23.38,False
001341,Car,car,car,0,0.0,52.9,23.73,22.09,0.0,20.87,20.51,20.51,True
001342,Car,car,car,1,0.0,30.4,47.01,45.87,23.81,29.74,29.02,29.27,False
001357,Pedestrian,pedestrian,person,0,0.0,133.2,10.12,9.51,0.0,8.53,8.39,8.48,True
001357,Pedestrian,pedestrian,person,0,0.0,132.4,10.96,10.33,1.51,9.17,8.83,9.03,False
001357,Pedestrian,pedestrian,person,0,0.0,115.9,11.14,10.58,0.97,9.24,8.91,9.04,True
001364,Car,car,car,0,0.0,30.4,38.76,36.81,12.87,41.03,41.03,41.03,False
001378,Truck,truck,bus,1,0.0,75.3,32.94,31.03,3.56,30.22,29.74,29.74,False
001378,Car,car,car,0,0.0,19.7,57.61,55.63,5.2,51.73,51.73,51.73,False
001378,Car,car,car,0,0.0,19.3,56.73,54.61,1.76,52.51,51.73,51.73,False
001378,Van,van,truck,1,0.0,74.7,20.6,18.66,4.14,20.39,15.05,19.83,False
001378,Pedestrian,pedestrian,person,0,0.0,98.1,14.06,13.62,4.9,13.22,12.93,13.07,False
001378,Car,car,car,1,0.0,26.4,47.22,45.35,18.17,44.07,32.23,42.59,False
001378,Car,car,car,2,0.0,16.6,63.57,61.57,4.18,56.66,54.08,56.34,False
001387,Car,car,car,2,0.0,19.5,72.55,70.23,12.83,54.08,53.88,54.08,False
001387,Truck,truck,train,0,0.0,40.6,57.36,51.14,0.0,45.3,44.07,44.07,True
001387,Car,car,car,0,0.0,31.8,39.57,37.07,12.96,31.31,29.74,29.8,False
001396,Car,car,car,0,0.0,46.0,23.41,21.72,0.0,18.59,18.29,18.3,True
001396,Car,car,car,0,0.0,23.6,52.48,50.39,11.15,36.27,35.63,36.05,False
001396,Van,van,car,3,0.0,32.1,50.37,48.16,1.71,37.18,35.17,36.05,False
001396,Car,car,car,2,0.0,35.7,32.82,31.01,0.0,26.22,24.79,25.31,True
001403,Car,car,car,0,0.0,36.7,29.21,27.48,1.77,24.79,24.28,24.28,False
001403,Car,car,car,0,0.0,81.0,15.88,13.8,2.53,12.55,12.43,12.52,False
001403,Car,car,car,2,0.0,26.1,42.78,40.67,5.84,34.69,33.42,33.99,False
001403,Truck,truck,truck,1,0.0,177.7,19.81,15.65,5.76,14.0,13.37,13.66,False
001413,Car,car,car,0,0.0,44.1,28.49,26.5,3.49,23.33,22.88,23.11,False
001413,Car,car,car,0,0.0,25.3,47.04,45.12,3.72,38.38,37.18,37.29,False
001413,Car,car,car,0,0.0,65.9,20.89,18.88,5.35,17.0,16.3,16.52,False
001413,Car,car,car,1,0.0,62.4,25.19,23.03,4.67,21.25,20.13,20.51,False
001420,Car,car,car,0,0.0,18.9,58.18,56.07,8.22,49.57,49.57,49.57,False
001420,Car,car,car,0,0.0,18.1,60.62,58.34,3.04,56.05,54.08,54.08,False
001431,Pedestrian,pedestrian,person,0,0.0,174.7,9.52,8.87,4.88,4.09,3.97,4.01,False
001432,Car,car,car,0,0.0,40.0,28.74,26.5,1.72,20.87,20.51,20.51,False
001448,Car,car,car,1,0.0,33.6,40.39,38.1,11.43,35.21,32.65,33.95,False
001448,Car,car,car,0,0.0,24.4,46.54,44.28,2.15,42.28,40.98,40.98,False
001448,Car,car,car,1,0.0,18.7,59.23,57.32,0.9,54.01,51.67,52.21,True
001448,Car,car,car,0,0.0,22.9,49.33,47.39,0.0,43.92,42.44,42.44,True
001449,Pedestrian,pedestrian,person,0,0.0,141.3,9.74,9.35,3.21,4.83,4.79,4.81,False
001457,Van,van,truck,0,0.0,179.0,16.9,13.32,6.18,12.31,10.44,11.0,False
001457,Car,car,car,1,0.0,18.4,64.67,62.43,8.32,54.08,51.73,51.73,False
001457,Van,van,truck,0,0.0,146.8,12.4,9.91,2.27,10.25,9.72,9.91,False
001457,Car,car,car,0,0.91,223.1,6.8,4.97,3.0,3.78,3.71,3.73,False
001457,Car,car,car,0,0.0,72.8,17.46,15.62,0.0,14.69,14.51,14.51,True
001457,Car,car,car,1,0.0,23.6,48.28,45.83,9.29,39.66,38.38,39.49,False
001457,Car,car,car,1,0.0,25.6,54.53,52.45,9.32,47.56,39.76,41.99,False
001457,Car,car,car,1,0.0,37.9,33.96,32.06,18.24,22.03,21.76,22.03,False
001457,Car,car,car,2,0.0,32.3,36.78,34.75,2.89,31.96,30.88,31.31,False
001457,Car,car,car,2,0.0,63.7,19.4,17.2,2.34,17.24,16.76,17.0,False
001460,Car,car,car,0,0.0,107.5,13.3,11.05,4.77,10.44,9.52,9.67,False
001460,Car,car,car,0,0.0,27.7,41.28,39.19,4.61,35.27,34.0,34.91,False
001460,Car,car,car,0,0.0,75.9,16.04,14.06,1.51,14.16,13.83,14.0,False
001460,Car,car,car,0,0.0,62.5,20.8,18.69,4.54,17.5,16.76,17.0,False
001460,Car,car,car,2,0.0,48.0,25.83,23.73,4.48,22.88,21.25,22.21,False
001471,Car,car,car,0,0.0,35.4,35.79,34.25,0.0,27.11,27.04,27.04,True
