frame,scene,condition,class,category,predicted_class,visibility,box_height_px,true_centre_m,true_nearest_surface_m,lateral_gap_m,metric3d-v2-small-fp16+gamma06-clahe2_median,metric3d-v2-small-fp16+gamma06-clahe2_p10,metric3d-v2-small-fp16+gamma06-clahe2_p25,in_path
fc5171d2a56e46a593f7d3e90e5de0ea,scene-1077,night,car,vehicle.car,car,v80-100,195.5,15.0,12.49,5.09,9.94,9.66,9.74,False
16575dd8d5f744bd88e65b2fc28f9cd1,scene-1077,night,car,vehicle.car,car,v80-100,35.5,69.11,66.55,16.6,37.88,33.72,35.69,False
16575dd8d5f744bd88e65b2fc28f9cd1,scene-1077,night,car,vehicle.car,car,v80-100,173.4,16.12,13.7,4.45,12.26,12.09,12.14,False
16575dd8d5f744bd88e65b2fc28f9cd1,scene-1077,night,car,vehicle.car,car,v80-100,58.9,38.6,36.02,0.0,23.12,20.86,21.14,True
018a53cd2bd24f8085c57f286f83440d,scene-1077,night,car,vehicle.car,car,v80-100,152.9,17.16,14.83,3.05,14.53,14.3,14.38,False
018a53cd2bd24f8085c57f286f83440d,scene-1077,night,car,vehicle.car,car,v80-100,50.9,43.26,40.83,6.29,36.22,35.57,35.8,False
018a53cd2bd24f8085c57f286f83440d,scene-1077,night,car,vehicle.car,car,v80-100,41.1,57.8,55.22,0.0,43.09,40.35,42.38,True
c976f61a80744991951456098cfde3c5,scene-1077,night,car,vehicle.car,car,v80-100,134.1,18.45,16.16,1.19,16.7,15.85,16.35,True
c976f61a80744991951456098cfde3c5,scene-1077,night,car,vehicle.car,car,v80-100,47.0,45.89,43.48,0.0,39.0,38.72,38.84,True
73b2d06d6b324d4db30ae507cb0385f7,scene-1077,night,car,vehicle.car,car,v80-100,126.6,19.45,17.17,0.0,17.41,16.93,17.19,True
73b2d06d6b324d4db30ae507cb0385f7,scene-1077,night,car,vehicle.car,car,v80-100,45.2,48.6,46.21,2.8,42.97,42.32,42.49,False
3a308cf9cf9a4e60a103da1b9edb4850,scene-1077,night,car,vehicle.car,car,v80-100,42.1,51.47,49.05,4.78,47.52,46.75,47.04,False
3a308cf9cf9a4e60a103da1b9edb4850,scene-1077,night,car,vehicle.car,car,v80-100,51.5,44.19,41.53,10.83,34.81,33.65,34.27,False
3a308cf9cf9a4e60a103da1b9edb4850,scene-1077,night,car,vehicle.car,car,v80-100,120.7,20.38,18.1,0.0,17.47,17.08,17.24,True
6f9c54f157b347619b5259cc8002fa11,scene-1077,night,car,vehicle.car,car,v80-100,39.8,54.07,51.76,5.24,55.2,54.31,54.67,False
6f9c54f157b347619b5259cc8002fa11,scene-1077,night,car,vehicle.car,car,v80-100,34.3,65.36,62.8,12.05,46.46,42.75,44.37,False
6f9c54f157b347619b5259cc8002fa11,scene-1077,night,car,vehicle.car,car,v80-100,26.7,80.45,78.16,12.65,53.57,49.74,50.83,False
6f9c54f157b347619b5259cc8002fa11,scene-1077,night,car,vehicle.car,car,v80-100,122.6,22.95,20.32,10.72,21.48,17.04,18.12,False
6f9c54f157b347619b5259cc8002fa11,scene-1077,night,car,vehicle.car,car,v80-100,48.0,48.69,46.07,10.38,41.17,39.27,40.01,False
6f9c54f157b347619b5259cc8002fa11,scene-1077,night,car,vehicle.car,car,v80-100,117.3,20.86,18.58,0.0,19.63,19.33,19.45,True
03ff7abc0df34efa8e6e61138af392e0,scene-1077,night,car,vehicle.car,car,v80-100,38.4,56.43,54.11,5.54,55.34,54.35,54.53,False
03ff7abc0df34efa8e6e61138af392e0,scene-1077,night,car,vehicle.car,car,v80-100,91.8,28.05,25.38,11.38,25.66,21.59,23.31,False
03ff7abc0df34efa8e6e61138af392e0,scene-1077,night,car,vehicle.car,car,v80-100,114.1,21.36,19.08,0.0,19.08,18.73,18.91,True
03ff7abc0df34efa8e6e61138af392e0,scene-1077,night,car,vehicle.car,car,v80-100,50.8,55.78,53.22,20.66,43.73,41.65,42.77,False
03ff7abc0df34efa8e6e61138af392e0,scene-1077,night,car,vehicle.car,car,v80-100,60.9,39.76,37.11,10.43,34.98,34.31,34.65,False
03ff7abc0df34efa8e6e61138af392e0,scene-1077,night,car,vehicle.car,car,v80-100,30.1,72.55,70.25,12.88,45.89,43.05,44.58,False
a4fd7545ff374e7697358dcac68180f0,scene-1077,night,car,vehicle.car,car,v80-100,64.7,46.4,43.83,20.78,37.79,35.33,36.55,False
a4fd7545ff374e7697358dcac68180f0,scene-1077,night,car,vehicle.car,car,v80-100,37.0,58.6,56.29,5.71,68.09,66.15,67.19,False
a4fd7545ff374e7697358dcac68180f0,scene-1077,night,car,vehicle.car,car,v80-100,34.3,74.78,72.28,22.0,35.76,35.01,35.56,False
a4fd7545ff374e7697358dcac68180f0,scene-1077,night,car,vehicle.car,car,v80-100,110.1,21.83,19.55,0.0,20.64,20.24,20.42,True
a4fd7545ff374e7697358dcac68180f0,scene-1077,night,car,vehicle.car,car,v80-100,48.1,48.55,45.96,12.15,35.81,34.67,35.44,False
ff63efe960494c74b5c77a1324af336d,scene-1077,night,car,vehicle.car,car,v80-100,39.7,66.0,63.49,23.59,41.49,39.35,40.18,False
ff63efe960494c74b5c77a1324af336d,scene-1077,night,car,vehicle.car,car,v80-100,58.4,40.74,38.13,12.09,37.74,34.18,36.55,False
ff63efe960494c74b5c77a1324af336d,scene-1077,night,car,vehicle.car,car,v80-100,108.5,22.13,19.85,0.0,21.02,20.68,20.87,True
ff63efe960494c74b5c77a1324af336d,scene-1077,night,car,vehicle.car,car,v80-100,121.8,23.34,20.65,10.49,21.27,18.56,20.22,False
ff63efe960494c74b5c77a1324af336d,scene-1077,night,car,vehicle.car,car,v80-100,35.3,60.42,58.12,5.46,66.35,64.17,65.35,False
7fc914ee8d9743fcb7cea856d89ed3c9,scene-1077,night,car,vehicle.car,car,v80-100,67.2,38.54,35.93,17.43,33.06,27.88,30.08,False
7fc914ee8d9743fcb7cea856d89ed3c9,scene-1077,night,car,vehicle.car,car,v80-100,47.2,47.77,45.41,12.28,41.6,39.72,40.76,False
7fc914ee8d9743fcb7cea856d89ed3c9,scene-1077,night,car,vehicle.car,car,v80-100,82.1,30.83,28.19,11.71,28.02,26.44,27.28,False
7fc914ee8d9743fcb7cea856d89ed3c9,scene-1077,night,car,vehicle.car,car,v80-100,32.8,64.82,62.52,5.67,69.47,67.75,68.64,False
7fc914ee8d9743fcb7cea856d89ed3c9,scene-1077,night,car,vehicle.car,car,v80-100,106.2,22.53,20.25,0.0,21.41,21.22,21.3,True
7fc914ee8d9743fcb7cea856d89ed3c9,scene-1077,night,car,vehicle.car,car,v60-80,42.9,56.42,53.85,17.24,42.48,40.5,40.89,False
ff2ac4c5789941c5b3f57e337ac4ee9b,scene-1077,night,car,vehicle.car,car,v80-100,106.5,22.78,20.5,0.0,20.84,20.59,20.68,True
ff2ac4c5789941c5b3f57e337ac4ee9b,scene-1077,night,car,vehicle.car,car,v80-100,46.8,57.62,55.13,22.38,39.72,38.86,39.23,False
777b4a848cb44aad8cff5729011469d4,scene-1077,night,car,vehicle.car,car,v80-100,109.0,22.78,20.49,0.0,20.89,20.65,20.74,True
777b4a848cb44aad8cff5729011469d4,scene-1077,night,car,vehicle.car,car,v80-100,31.5,70.18,67.88,5.54,73.1,71.21,72.18,False
777b4a848cb44aad8cff5729011469d4,scene-1077,night,car,vehicle.car,car,v80-100,34.2,69.77,67.05,13.26,44.7,43.2,43.66,False
a427ed5bd5c94af1b88ba5bba662f837,scene-1077,night,car,vehicle.car,car,v60-80,80.3,34.21,31.57,12.34,27.73,22.14,23.24,False
a427ed5bd5c94af1b88ba5bba662f837,scene-1077,night,car,vehicle.car,car,v80-100,109.1,22.69,20.4,0.0,21.01,20.75,20.9,True
f4b30e3cdfca497c87a6640276e1b573,scene-1077,night,car,vehicle.car,car,v80-100,63.5,41.63,38.98,16.56,34.07,22.98,32.74,False
f4b30e3cdfca497c87a6640276e1b573,scene-1077,night,car,vehicle.car,car,v80-100,108.2,22.85,20.57,0.0,21.93,21.62,21.72,True
53bf4f9f335b4180bf3ffa998853d6c2,scene-1077,night,car,vehicle.car,car,v80-100,108.4,22.88,20.6,0.0,21.89,21.6,21.71,True
53bf4f9f335b4180bf3ffa998853d6c2,scene-1077,night,car,vehicle.car,car,v80-100,29.3,75.38,73.09,5.29,76.04,75.48,75.82,False
941df6343d944a659e16b892e023931c,scene-1077,night,car,vehicle.car,car,v80-100,105.0,23.19,20.9,0.0,22.64,22.27,22.37,True
a534bc510aba4393bc620e7c8121b69c,scene-1077,night,car,vehicle.car,car,v80-100,105.1,23.45,21.17,0.0,20.96,20.66,20.8,True
a534bc510aba4393bc620e7c8121b69c,scene-1077,night,car,vehicle.car,car,v80-100,27.4,79.93,77.64,4.61,69.82,56.68,68.92,False
e37de16d519e4af6beaba685eae05a57,scene-1077,night,car,vehicle.car,car,v80-100,103.9,23.68,21.39,0.0,22.03,21.65,21.82,True
f9c324a0d723415e92f7503ced9a7389,scene-1077,night,car,vehicle.car,car,v80-100,101.7,23.81,21.52,0.0,21.03,20.76,20.85,True
54e94f89fb124c32940a224c196a49c0,scene-1077,night,car,vehicle.car,car,v80-100,90.5,30.56,27.84,11.92,28.1,22.88,24.32,False
54e94f89fb124c32940a224c196a49c0,scene-1077,night,car,vehicle.car,car,v80-100,102.3,23.91,21.63,0.0,22.66,22.24,22.44,True
7d10c94f6a104fc0882fe126533d31e3,scene-1077,night,car,vehicle.car,car,v80-100,34.7,69.55,67.08,11.9,42.2,40.25,41.19,False
7d10c94f6a104fc0882fe126533d31e3,scene-1077,night,car,vehicle.car,car,v80-100,100.8,24.13,21.84,0.0,23.17,22.92,22.98,True
1636a50b7f3b403e899910eea8ce2e23,scene-1077,night,car,vehicle.car,car,v80-100,100.9,24.14,21.84,0.0,23.93,23.58,23.68,True
1636a50b7f3b403e899910eea8ce2e23,scene-1077,night,car,vehicle.car,car,v80-100,43.3,56.95,54.43,11.81,38.07,37.43,37.68,False
1636a50b7f3b403e899910eea8ce2e23,scene-1077,night,bus,vehicle.bus.rigid,car,v80-100,151.9,50.1,44.08,20.33,27.73,19.74,24.59,False
efc0530010574686a81ea923e2a77955,scene-1077,night,car,vehicle.car,car,v80-100,57.7,44.37,41.8,11.94,35.73,34.18,34.61,False
efc0530010574686a81ea923e2a77955,scene-1077,night,car,vehicle.car,car,v80-100,101.9,23.99,21.69,0.0,22.49,22.24,22.36,True
d80d00fe8aa444b7b04ae588b5e55ea0,scene-1077,night,car,vehicle.car,car,v80-100,85.0,32.65,30.01,12.32,30.16,29.11,29.64,False
d80d00fe8aa444b7b04ae588b5e55ea0,scene-1077,night,car,vehicle.car,car,v80-100,103.1,23.75,21.44,0.0,22.97,22.58,22.76,True
d80d00fe8aa444b7b04ae588b5e55ea0,scene-1077,night,car,vehicle.car,car,v80-100,52.2,48.44,45.99,8.96,39.07,37.38,38.35,False
da25480e018a40f5b86e16e5432e4fc8,scene-1077,night,car,vehicle.car,car,v80-100,70.6,36.63,34.14,9.46,34.5,31.41,32.54,False
da25480e018a40f5b86e16e5432e4fc8,scene-1077,night,car,vehicle.car,car,v80-100,101.8,23.65,21.33,0.0,22.23,21.92,22.02,True
b2e2c08229454e5587d05d2616877139,scene-1077,night,car,vehicle.car,car,v80-100,120.4,24.21,21.69,10.03,20.75,15.83,17.87,False
b2e2c08229454e5587d05d2616877139,scene-1077,night,car,vehicle.car,car,v80-100,102.2,23.52,21.19,0.0,22.49,22.1,22.25,True
8f2f799ccddb430aa6caa323d134014a,scene-1077,night,car,vehicle.car,car,v80-100,105.2,23.24,20.9,0.0,23.05,22.71,22.8,True
2edd8a4e2b484a22b0ec566f2f2e9b95,scene-1077,night,car,vehicle.car,car,v80-100,106.0,22.99,20.66,0.0,23.06,22.47,22.74,True
341e20164fcb47cbb22332a47013bdb6,scene-1077,night,car,vehicle.car,car,v80-100,32.4,65.24,62.85,11.67,41.88,41.02,41.27,False
341e20164fcb47cbb22332a47013bdb6,scene-1077,night,car,vehicle.car,car,v80-100,106.4,22.69,20.35,0.0,22.77,22.13,22.41,True
1a73ab0790a0423bbd317c10bebf7f23,scene-1077,night,car,vehicle.car,car,v80-100,40.5,52.75,50.33,11.93,36.76,36.55,36.62,False
1a73ab0790a0423bbd317c10bebf7f23,scene-1077,night,car,vehicle.car,car,v80-100,19.7,106.27,103.89,4.49,52.99,50.79,52.0,False
1a73ab0790a0423bbd317c10bebf7f23,scene-1077,night,car,vehicle.car,car,v80-100,106.3,22.53,20.18,0.0,22.74,22.36,22.47,True
2e63eb8c6e91493292396908c1257f31,scene-1077,night,car,vehicle.car,car,v80-100,55.5,40.44,37.98,11.88,35.27,33.19,33.97,False
2e63eb8c6e91493292396908c1257f31,scene-1077,night,car,vehicle.car,car,v80-100,66.7,39.54,36.97,17.99,33.47,31.62,32.77,False
2e63eb8c6e91493292396908c1257f31,scene-1077,night,car,vehicle.car,car,v80-100,36.2,61.58,59.12,13.04,37.43,36.13,36.96,False
2e63eb8c6e91493292396908c1257f31,scene-1077,night,car,vehicle.car,car,v80-100,19.5,108.02,105.66,5.6,46.83,46.21,46.43,False
2e63eb8c6e91493292396908c1257f31,scene-1077,night,car,vehicle.car,car,v80-100,107.2,22.45,20.11,0.0,23.05,22.51,22.61,True
9c46f52aa0674d528647cd892968f78b,scene-1077,night,car,vehicle.car,car,v80-100,46.7,48.72,46.23,12.8,33.25,32.13,32.56,False
9c46f52aa0674d528647cd892968f78b,scene-1077,night,car,vehicle.car,car,v80-100,107.1,22.34,19.99,0.0,23.58,23.18,23.31,True
f0a02178f2f5410f91c903bf632ee296,scene-1077,night,car,vehicle.car,car,v80-100,68.2,35.34,32.79,12.37,29.92,27.8,28.86,False
f0a02178f2f5410f91c903bf632ee296,scene-1077,night,car,vehicle.car,car,v80-100,106.9,22.3,19.94,0.0,23.68,23.23,23.42,True
1402826678e143fdbe22da3080dd36d8,scene-1077,night,car,vehicle.car,car,v60-80,35.9,66.38,63.8,19.2,36.48,30.68,34.37,False
1402826678e143fdbe22da3080dd36d8,scene-1077,night,car,vehicle.car,car,v80-100,104.5,22.43,20.09,0.0,22.19,21.67,22.02,True
2d35f62a9daf41a18c15c7a946b0d141,scene-1077,night,car,vehicle.car,car,v60-80,48.3,52.5,49.9,18.12,32.38,30.9,31.78,False
2d35f62a9daf41a18c15c7a946b0d141,scene-1077,night,car,vehicle.car,car,v80-100,105.5,22.54,20.22,0.0,23.33,22.92,23.07,True
6c501bdb8b9d47179d033f033a354e71,scene-1077,night,car,vehicle.car,car,v80-100,87.9,32.65,29.98,13.75,23.55,21.68,22.38,False
6c501bdb8b9d47179d033f033a354e71,scene-1077,night,car,vehicle.car,car,v80-100,104.8,22.59,20.27,0.0,21.91,21.65,21.78,True
6c501bdb8b9d47179d033f033a354e71,scene-1077,night,car,vehicle.car,car,v80-100,18.6,117.04,114.71,11.9,61.17,58.13,60.4,False
4108995c5ea14883bb275041f72eff2c,scene-1077,night,car,vehicle.car,car,v80-100,18.4,118.61,116.29,11.8,53.0,52.24,52.54,False
4108995c5ea14883bb275041f72eff2c,scene-1077,night,car,vehicle.car,car,v80-100,105.0,22.68,20.38,0.0,22.24,21.89,21.99,True
3a69d1b97c33405cae8b45e49de12e0e,scene-1077,night,car,vehicle.car,car,v80-100,18.2,120.3,117.99,11.74,62.71,61.13,62.22,False
3a69d1b97c33405cae8b45e49de12e0e,scene-1077,night,car,vehicle.car,car,v80-100,103.9,22.75,20.46,0.0,22.91,22.52,22.66,True
3a69d1b97c33405cae8b45e49de12e0e,scene-1077,night,car,vehicle.car,car,v80-100,26.3,87.3,84.96,22.19,39.37,37.61,38.44,False
99acf4933a5d4c5ca5690f308f64bd93,scene-1077,night,car,vehicle.car,car,v80-100,18.1,121.92,119.62,11.32,43.9,41.93,42.85,False
99acf4933a5d4c5ca5690f308f64bd93,scene-1077,night,car,vehicle.car,car,v80-100,104.7,22.77,20.48,0.0,22.82,22.45,22.59,True
06d2b0ce23224a5db6d8851ff8cfbb27,scene-1077,night,car,vehicle.car,car,v80-100,17.9,123.52,121.24,10.65,67.69,66.86,67.32,False
06d2b0ce23224a5db6d8851ff8cfbb27,scene-1077,night,car,vehicle.car,car,v80-100,42.4,56.49,54.09,17.26,35.05,33.34,34.13,False
06d2b0ce23224a5db6d8851ff8cfbb27,scene-1077,night,car,vehicle.car,car,v80-100,106.7,22.76,20.48,0.0,24.17,23.58,23.79,True
629da0cec6e84c159fed48f7c3ccafac,scene-1094,night,car,vehicle.car,truck,v80-100,130.3,24.95,22.44,8.17,20.73,19.7,20.42,False
629da0cec6e84c159fed48f7c3ccafac,scene-1094,night,car,vehicle.car,truck,v80-100,147.2,30.67,27.83,6.57,22.62,21.97,22.32,False
629da0cec6e84c159fed48f7c3ccafac,scene-1094,night,pedestrian,human.pedestrian.adult,person,v80-100,64.7,38.37,37.91,6.82,27.0,26.3,26.85,False
629da0cec6e84c159fed48f7c3ccafac,scene-1094,night,car,vehicle.car,car,v80-100,457.6,7.41,5.14,0.0,5.97,5.78,5.87,True
629da0cec6e84c159fed48f7c3ccafac,scene-1094,night,pedestrian,human.pedestrian.adult,person,v80-100,91.9,25.48,25.01,5.87,17.72,17.41,17.5,False
52b308c06f834367a99f05dbe93f9ade,scene-1094,night,car,vehicle.car,truck,v80-100,147.6,30.6,27.75,6.58,22.71,22.15,22.39,False
52b308c06f834367a99f05dbe93f9ade,scene-1094,night,pedestrian,human.pedestrian.adult,person,v80-100,65.8,37.79,37.33,6.8,28.89,28.43,28.77,False
52b308c06f834367a99f05dbe93f9ade,scene-1094,night,pedestrian,human.pedestrian.adult,person,v80-100,67.7,36.79,36.31,18.08,27.03,26.71,26.87,False
52b308c06f834367a99f05dbe93f9ade,scene-1094,night,car,vehicle.car,car,v80-100,430.2,7.76,5.47,0.0,6.17,6.02,6.09,True
52b308c06f834367a99f05dbe93f9ade,scene-1094,night,pedestrian,human.pedestrian.personal_mobility,person,v80-100,289.5,10.21,9.46,4.64,11.15,10.54,10.76,False
91bb1897f021417c9006dd8c0604340c,scene-1094,night,car,vehicle.car,truck,v80-100,148.1,30.52,27.68,6.61,23.32,22.8,23.03,False
91bb1897f021417c9006dd8c0604340c,scene-1094,night,car,vehicle.car,car,v80-100,405.9,8.11,5.8,0.0,6.65,6.48,6.56,True
91bb1897f021417c9006dd8c0604340c,scene-1094,night,pedestrian,human.pedestrian.adult,person,v80-100,68.6,36.14,35.71,17.39,26.77,26.53,26.6,False
91bb1897f021417c9006dd8c0604340c,scene-1094,night,pedestrian,human.pedestrian.adult,person,v80-100,66.8,37.16,36.69,6.44,29.93,29.01,29.64,False
91bb1897f021417c9006dd8c0604340c,scene-1094,night,pedestrian,human.pedestrian.adult,person,v80-100,62.9,37.33,36.89,17.64,27.26,26.71,26.85,False
91bb1897f021417c9006dd8c0604340c,scene-1094,night,car,vehicle.car,car,v80-100,131.7,24.8,22.29,8.17,20.88,20.24,20.42,False
91bb1897f021417c9006dd8c0604340c,scene-1094,night,pedestrian,human.pedestrian.adult,person,v80-100,197.1,13.32,12.88,6.59,12.08,10.41,11.0,False
2f308b453f8641aeb38db15c17f0ed6d,scene-1094,night,car,vehicle.car,truck,v80-100,149.2,30.34,27.49,6.67,22.43,21.61,21.96,False
2f308b453f8641aeb38db15c17f0ed6d,scene-1094,night,pedestrian,human.pedestrian.adult,person,v80-100,69.7,35.48,35.15,16.87,29.22,28.6,28.83,False
2f308b453f8641aeb38db15c17f0ed6d,scene-1094,night,pedestrian,human.pedestrian.adult,person,v80-100,63.3,36.83,36.38,16.95,29.92,29.18,29.58,False
2f308b453f8641aeb38db15c17f0ed6d,scene-1094,night,pedestrian,human.pedestrian.adult,person,v80-100,83.4,26.32,25.85,2.62,20.09,18.52,19.55,False
2f308b453f8641aeb38db15c17f0ed6d,scene-1094,night,car,vehicle.car,car,v80-100,392.1,8.33,6.01,0.0,6.63,6.47,6.52,True
2f308b453f8641aeb38db15c17f0ed6d,scene-1094,night,pedestrian,human.pedestrian.adult,person,v80-100,67.8,36.54,36.01,6.05,28.48,27.57,28.03,False
2f308b453f8641aeb38db15c17f0ed6d,scene-1094,night,pedestrian,human.pedestrian.adult,person,v80-100,96.7,23.83,23.29,3.18,18.91,18.63,18.79,False
d1233582dc804f17ba879d0cf751111a,scene-1094,night,car,vehicle.car,truck,v80-100,151.5,29.92,27.06,6.75,21.9,21.39,21.6,False
d1233582dc804f17ba879d0cf751111a,scene-1094,night,pedestrian,human.pedestrian.adult,person,v80-100,83.4,26.38,25.93,3.18,21.66,20.96,21.32,False
d1233582dc804f17ba879d0cf751111a,scene-1094,night,car,vehicle.car,car,v80-100,381.9,8.52,6.19,0.0,7.07,6.84,6.91,True
d1233582dc804f17ba879d0cf751111a,scene-1094,night,pedestrian,human.pedestrian.adult,person,v80-100,71.4,34.45,34.09,16.06,29.25,28.8,28.96,False
d1233582dc804f17ba879d0cf751111a,scene-1094,night,pedestrian,human.pedestrian.adult,person,v80-100,69.1,35.78,35.2,5.26,28.38,27.01,27.58,False
d1233582dc804f17ba879d0cf751111a,scene-1094,night,car,vehicle.car,car,v80-100,353.8,8.5,6.34,3.56,7.9,7.41,7.62,False
d1233582dc804f17ba879d0cf751111a,scene-1094,night,pedestrian,human.pedestrian.adult,person,v80-100,97.0,23.85,23.31,3.72,20.27,19.78,19.88,False
d1233582dc804f17ba879d0cf751111a,scene-1094,night,pedestrian,human.pedestrian.adult,person,v80-100,91.4,26.4,25.93,8.45,20.99,20.5,20.66,False
d1233582dc804f17ba879d0cf751111a,scene-1094,night,car,vehicle.car,car,v80-100,136.2,24.22,21.7,8.25,19.65,18.95,19.3,False
d1233582dc804f17ba879d0cf751111a,scene-1094,night,pedestrian,human.pedestrian.adult,person,v80-100,63.9,36.2,35.76,16.2,31.0,30.2,30.58,False
cd7cd1aa05d04862a0b8c346f291167e,scene-1094,night,car,vehicle.car,truck,v80-100,154.9,29.22,26.34,6.86,21.67,21.08,21.46,False
cd7cd1aa05d04862a0b8c346f291167e,scene-1094,night,pedestrian,human.pedestrian.adult,person,v80-100,73.3,33.31,32.91,15.24,26.55,25.89,26.05,False
cd7cd1aa05d04862a0b8c346f291167e,scene-1094,night,car,vehicle.car,truck,v80-100,141.0,23.55,21.03,8.32,18.9,18.2,18.47,False
cd7cd1aa05d04862a0b8c346f291167e,scene-1094,night,car,vehicle.car,car,v80-100,385.0,8.52,6.19,0.0,6.89,6.67,6.73,True
cd7cd1aa05d04862a0b8c346f291167e,scene-1094,night,pedestrian,human.pedestrian.adult,person,v80-100,70.6,34.88,34.41,4.51,21.64,20.61,20.84,False
cd7cd1aa05d04862a0b8c346f291167e,scene-1094,night,pedestrian,human.pedestrian.adult,person,v80-100,84.4,26.03,25.57,3.32,20.25,19.98,20.11,False
cd7cd1aa05d04862a0b8c346f291167e,scene-1094,night,pedestrian,human.pedestrian.adult,person,v80-100,99.0,23.45,22.91,4.04,18.55,18.12,18.35,False
cd7cd1aa05d04862a0b8c346f291167e,scene-1094,night,pedestrian,human.pedestrian.adult,person,v80-100,93.3,26.15,25.68,9.09,19.38,19.1,19.16,False
cd7cd1aa05d04862a0b8c346f291167e,scene-1094,night,pedestrian,human.pedestrian.personal_mobility,person,v80-100,359.1,8.47,7.72,3.96,7.15,6.83,6.96,False
c1a7b405ddce4180bdc32190642cda91,scene-1094,night,pedestrian,human.pedestrian.adult,person,v80-100,72.1,34.04,33.6,3.84,26.56,26.06,26.32,False
c1a7b405ddce4180bdc32190642cda91,scene-1094,night,car,vehicle.car,truck,v80-100,149.3,22.66,20.14,8.44,17.99,17.14,17.43,False
c1a7b405ddce4180bdc32190642cda91,scene-1094,night,car,vehicle.car,car,v80-100,402.0,8.33,5.98,0.0,6.49,6.23,6.28,True
c1a7b405ddce4180bdc32190642cda91,scene-1094,night,car,vehicle.car,truck,v80-100,161.4,28.29,25.39,7.04,20.67,19.83,20.34,False
c1a7b405ddce4180bdc32190642cda91,scene-1094,night,pedestrian,human.pedestrian.adult,person,v80-100,76.1,31.9,31.48,14.36,26.95,26.61,26.71,False
c1a7b405ddce4180bdc32190642cda91,scene-1094,night,pedestrian,human.pedestrian.adult,person,v80-100,86.6,25.43,24.98,3.65,19.06,18.7,18.84,False
4533b16ea9124957960f9ccd5eeb2429,scene-1094,night,car,vehicle.car,truck,v80-100,161.0,21.54,19.01,8.49,16.4,15.82,16.03,False
4533b16ea9124957960f9ccd5eeb2429,scene-1094,night,car,vehicle.car,car,v80-100,431.4,8.06,5.73,0.4,6.35,5.98,6.08,True
4533b16ea9124957960f9ccd5eeb2429,scene-1094,night,pedestrian,human.pedestrian.adult,person,v80-100,79.5,30.44,30.0,13.53,26.01,25.68,25.83,False
4533b16ea9124957960f9ccd5eeb2429,scene-1094,night,pedestrian,human.pedestrian.adult,person,v80-100,100.2,25.05,24.6,10.23,18.73,18.31,18.45,False
4533b16ea9124957960f9ccd5eeb2429,scene-1094,night,pedestrian,human.pedestrian.adult,person,v80-100,105.5,22.33,21.81,5.1,16.79,16.53,16.65,False
4533b16ea9124957960f9ccd5eeb2429,scene-1094,night,pedestrian,human.pedestrian.adult,person,v80-100,90.1,24.55,24.1,4.11,19.74,19.41,19.55,False
4533b16ea9124957960f9ccd5eeb2429,scene-1094,night,pedestrian,human.pedestrian.adult,person,v80-100,74.2,32.94,32.5,2.85,26.47,25.6,26.3,False
4533b16ea9124957960f9ccd5eeb2429,scene-1094,night,pedestrian,human.pedestrian.adult,person,v80-100,104.8,20.88,20.52,1.55,16.39,7.14,10.27,False
886031e85e7a43a49fe3cc374cfd9719,scene-1094,night,parked two-wheeler,vehicle.bicycle,bicycle,v80-100,58.3,25.42,25.07,3.58,21.76,21.4,21.6,False
886031e85e7a43a49fe3cc374cfd9719,scene-1094,night,car,vehicle.car,car,v80-100,446.5,7.94,5.61,1.05,6.1,5.69,5.84,True
886031e85e7a43a49fe3cc374cfd9719,scene-1094,night,pedestrian,human.pedestrian.adult,person,v80-100,72.1,31.44,31.03,13.24,28.38,28.22,28.28,False
886031e85e7a43a49fe3cc374cfd9719,scene-1094,night,pedestrian,human.pedestrian.adult,person,v80-100,108.6,20.15,19.8,1.53,15.37,14.93,15.22,False
886031e85e7a43a49fe3cc374cfd9719,scene-1094,night,car,vehicle.car,car,v80-100,174.7,20.43,17.91,8.49,12.2,10.74,11.43,False
3f63e450629640d58fd6b27fcfcbf0c2,scene-1094,night,pedestrian,human.pedestrian.adult,person,v80-100,75.7,30.06,29.67,12.89,25.64,25.44,25.49,False
3f63e450629640d58fd6b27fcfcbf0c2,scene-1094,night,pedestrian,human.pedestrian.adult,person,v60-80,113.0,19.37,19.04,1.15,13.5,10.93,12.25,True
3f63e450629640d58fd6b27fcfcbf0c2,scene-1094,night,car,vehicle.car,car,v80-100,474.3,8.15,5.83,2.11,5.7,5.4,5.5,False
be6fb7ba760d4c94834582f6ad761252,scene-1094,night,car,vehicle.car,truck,v80-100,201.5,23.27,20.31,5.75,18.39,17.73,18.04,False
be6fb7ba760d4c94834582f6ad761252,scene-1094,night,pedestrian,human.pedestrian.adult,person,v80-100,123.0,18.75,18.43,0.65,16.9,16.19,16.4,True
be6fb7ba760d4c94834582f6ad761252,scene-1094,night,pedestrian,human.pedestrian.adult,person,v80-100,81.1,28.8,28.42,13.67,23.46,23.24,23.34,False
be6fb7ba760d4c94834582f6ad761252,scene-1094,night,car,vehicle.car,car,v80-100,77.8,26.43,24.87,0.0,25.68,24.09,24.85,True
be6fb7ba760d4c94834582f6ad761252,scene-1094,night,car,vehicle.car,car,v80-100,202.7,18.2,15.68,7.54,6.55,6.12,6.26,False
be6fb7ba760d4c94834582f6ad761252,scene-1094,night,pedestrian,human.pedestrian.adult,person,v80-100,127.2,19.85,19.37,8.01,15.24,14.97,15.04,False
41377f1b5cb34525885b97cf94f55f35,scene-1094,night,car,vehicle.car,truck,v80-100,209.6,17.04,14.52,5.85,13.08,12.63,12.8,False
41377f1b5cb34525885b97cf94f55f35,scene-1094,night,car,vehicle.car,truck,v80-100,209.8,21.99,19.0,3.35,17.23,16.26,16.61,False
41377f1b5cb34525885b97cf94f55f35,scene-1094,night,car,vehicle.car,car,v80-100,82.6,25.12,23.56,0.0,23.8,19.73,22.97,True
41377f1b5cb34525885b97cf94f55f35,scene-1094,night,pedestrian,human.pedestrian.adult,person,v80-100,121.8,20.66,20.26,10.08,16.36,15.99,16.11,False
eed2863fa9f74b1b89b6f60ded77d9a9,scene-1094,night,car,vehicle.car,truck,v80-100,219.8,20.7,17.72,0.0,16.62,16.13,16.37,True
eed2863fa9f74b1b89b6f60ded77d9a9,scene-1094,night,car,vehicle.car,truck,v80-100,214.2,15.85,13.33,3.37,12.91,12.3,12.41,False
eed2863fa9f74b1b89b6f60ded77d9a9,scene-1094,night,pedestrian,human.pedestrian.adult,person,v80-100,139.1,17.26,16.96,4.08,14.16,13.99,14.05,False
eed2863fa9f74b1b89b6f60ded77d9a9,scene-1094,night,car,vehicle.car,car,v80-100,90.4,23.9,22.38,2.62,21.55,17.97,20.51,False
eed2863fa9f74b1b89b6f60ded77d9a9,scene-1094,night,pedestrian,human.pedestrian.adult,person,v80-100,133.8,17.14,16.83,4.73,14.19,13.98,14.04,False
6b624130797744aaa0d2103ee47080d0,scene-1094,night,car,vehicle.car,truck,v80-100,297.8,12.03,9.81,4.56,8.15,7.71,7.86,False
6b624130797744aaa0d2103ee47080d0,scene-1094,night,car,vehicle.car,truck,v80-100,240.5,19.33,16.4,0.0,15.6,11.77,14.08,True
6b624130797744aaa0d2103ee47080d0,scene-1094,night,car,vehicle.car,truck,v80-100,227.8,14.42,11.91,0.41,12.1,11.55,11.68,True
6b624130797744aaa0d2103ee47080d0,scene-1094,night,car,vehicle.car,car,v80-100,105.9,22.72,21.28,7.51,18.28,14.43,17.08,False
720a7aa4cb6c49c7ae26c748323af4ab,scene-1094,night,car,vehicle.car,car,v80-100,235.9,13.38,11.19,3.58,10.62,10.27,10.36,False
720a7aa4cb6c49c7ae26c748323af4ab,scene-1094,night,car,vehicle.car,bus,v80-100,288.8,17.85,14.99,3.03,15.01,12.16,12.62,False
720a7aa4cb6c49c7ae26c748323af4ab,scene-1094,night,car,vehicle.car,bus,v80-100,262.2,12.77,10.26,0.0,10.4,9.82,9.93,True
a05d0c1ad7d541d9a6f7c4e963555fb0,scene-1094,night,car,vehicle.car,car,v80-100,195.9,14.7,12.5,1.69,11.92,11.74,11.79,False
8233dc33889341648a3b873aca8df7c6,scene-1094,night,car,vehicle.car,car,v80-100,149.5,17.49,15.16,7.05,15.75,14.77,15.15,False
8233dc33889341648a3b873aca8df7c6,scene-1094,night,car,vehicle.car,car,v80-100,172.5,15.9,13.67,0.0,13.48,13.23,13.33,True
dbfa650384564594906313c18c49c9e6,scene-1094,night,car,vehicle.car,car,v80-100,127.8,21.64,19.01,6.95,17.88,14.25,16.4,False
dbfa650384564594906313c18c49c9e6,scene-1094,night,car,vehicle.car,car,v80-100,157.0,17.14,14.97,0.0,14.55,14.41,14.48,True
dbfa650384564594906313c18c49c9e6,scene-1094,night,car,vehicle.car,car,v80-100,86.2,29.1,26.78,6.47,22.77,14.63,19.4,False
dbfa650384564594906313c18c49c9e6,scene-1094,night,car,vehicle.car,car,v80-100,61.5,37.02,34.68,5.61,26.44,18.22,21.15,False
4e4858e6e8cf442aa77238755f7a4d4a,scene-1094,night,car,vehicle.car,car,v80-100,148.1,18.15,15.99,0.0,15.54,15.33,15.43,True
4e4858e6e8cf442aa77238755f7a4d4a,scene-1094,night,car,vehicle.car,car,v80-100,156.1,19.11,16.5,7.65,15.91,13.63,14.57,False
4e4858e6e8cf442aa77238755f7a4d4a,scene-1094,night,car,vehicle.car,car,v80-100,69.0,34.0,31.64,6.84,25.92,19.79,22.82,False
4e4858e6e8cf442aa77238755f7a4d4a,scene-1094,night,car,vehicle.car,car,v80-100,98.6,26.44,24.1,7.45,23.55,16.81,20.42,False
d7330cd5962148fc916a277e8fa8a0e8,scene-1094,night,car,vehicle.car,car,v80-100,140.0,19.16,17.0,0.0,16.74,16.42,16.6,True
d7330cd5962148fc916a277e8fa8a0e8,scene-1094,night,car,vehicle.car,car,v40-60,152.0,26.34,23.47,10.69,18.9,15.37,17.03,False
d7330cd5962148fc916a277e8fa8a0e8,scene-1094,night,car,vehicle.car,car,v80-100,78.4,30.7,28.33,7.57,22.8,18.43,21.18,False
d7330cd5962148fc916a277e8fa8a0e8,scene-1094,night,car,vehicle.car,car,v80-100,203.4,16.44,13.89,8.04,13.67,11.89,12.77,False
75eda5e473a64573a978b923da722bc4,scene-1094,night,car,vehicle.car,car,v80-100,133.5,20.01,17.86,0.0,17.46,17.04,17.29,True
75eda5e473a64573a978b923da722bc4,scene-1094,night,car,vehicle.car,car,v40-60,178.8,23.84,20.99,11.16,12.1,9.98,11.09,False
5cd71932637b4529939203433c8a26d2,scene-1094,night,car,vehicle.car,bus,v80-100,126.8,20.97,18.8,0.0,18.69,18.25,18.46,True
0ed3f1797f7440a39f93be12b852adee,scene-1094,night,car,vehicle.car,car,v80-100,120.6,21.84,19.67,0.0,19.05,18.75,18.9,True
5142afdaddc24595b44a210fc39b52ab,scene-1094,night,car,vehicle.car,car,v80-100,113.7,22.88,20.71,0.0,20.1,19.63,19.77,True
5142afdaddc24595b44a210fc39b52ab,scene-1094,night,pedestrian,human.pedestrian.adult,person,v80-100,115.0,20.39,20.03,4.51,18.38,17.42,18.06,False
ffa9bd002e7f47ec93caaa9f45fa03e6,scene-1094,night,car,vehicle.car,car,v80-100,110.1,23.53,21.37,0.03,20.86,20.35,20.46,True
ffa9bd002e7f47ec93caaa9f45fa03e6,scene-1094,night,pedestrian,human.pedestrian.adult,person,v80-100,151.0,15.87,15.5,4.48,16.13,13.8,14.31,False
f427799486934c7f98a66790d9b52332,scene-1094,night,car,vehicle.car,car,v80-100,106.0,24.3,22.14,0.0,21.71,21.17,21.33,True
f427799486934c7f98a66790d9b52332,scene-1094,night,pedestrian,human.pedestrian.adult,person,v80-100,224.4,11.32,10.93,4.49,9.26,8.98,9.08,False
f427799486934c7f98a66790d9b52332,scene-1094,night,car,vehicle.car,car,v80-100,37.5,52.63,50.2,7.91,39.11,38.25,38.49,False
dd508289c957487b969d55c879df3781,scene-1094,night,car,vehicle.car,car,v80-100,102.7,25.01,22.84,0.0,22.39,21.82,22.03,True
dd508289c957487b969d55c879df3781,scene-1094,night,pedestrian,human.pedestrian.adult,person,v80-100,117.8,18.02,17.52,2.94,15.56,15.16,15.36,False
dd508289c957487b969d55c879df3781,scene-1094,night,pedestrian,human.pedestrian.adult,person,v80-100,98.0,25.12,24.64,1.92,21.93,21.06,21.3,False
f74877ed3166478abb14d1373ecaf917,scene-1094,night,car,vehicle.car,car,v80-100,101.8,25.78,23.61,0.0,23.77,23.13,23.28,True
f74877ed3166478abb14d1373ecaf917,scene-1094,night,car,vehicle.car,car,v80-100,62.1,34.12,31.65,7.51,29.66,29.13,29.32,False
f74877ed3166478abb14d1373ecaf917,scene-1094,night,pedestrian,human.pedestrian.adult,person,v80-100,167.9,12.99,12.53,2.8,13.24,12.54,12.71,False
f74877ed3166478abb14d1373ecaf917,scene-1094,night,car,vehicle.car,car,v80-100,66.2,34.69,32.24,10.86,27.14,26.34,26.84,False
f567ac89901f4f81b4f65fed6aa1f93c,scene-1094,night,car,vehicle.car,car,v80-100,98.2,26.62,24.44,0.0,24.23,23.78,23.94,True
f567ac89901f4f81b4f65fed6aa1f93c,scene-1094,night,bus,vehicle.bus.rigid,car,v80-100,83.1,58.1,51.81,9.97,40.3,33.34,38.07,False
f567ac89901f4f81b4f65fed6aa1f93c,scene-1094,night,pedestrian,human.pedestrian.adult,person,v80-100,295.0,7.97,7.47,2.65,8.19,8.06,8.1,False
f567ac89901f4f81b4f65fed6aa1f93c,scene-1094,night,car,vehicle.car,car,v80-100,89.7,27.35,24.9,10.89,25.29,23.34,23.93,False
f567ac89901f4f81b4f65fed6aa1f93c,scene-1094,night,car,vehicle.car,car,v80-100,88.8,25.24,22.76,7.51,24.48,22.91,23.24,False
f567ac89901f4f81b4f65fed6aa1f93c,scene-1094,night,pedestrian,human.pedestrian.adult,person,v80-100,147.7,17.04,16.57,2.75,16.66,15.74,16.02,False
90e01def881c48e4876ee016315103ae,scene-1094,night,car,vehicle.car,car,v80-100,152.0,17.01,14.57,7.53,16.25,14.2,14.86,False
90e01def881c48e4876ee016315103ae,scene-1094,night,car,vehicle.car,car,v80-100,94.7,27.34,25.16,0.0,25.98,25.53,25.72,True
f2100c6bab3d413fb61c6a2da29bddd0,scene-1094,night,car,vehicle.car,car,v80-100,91.5,28.21,26.02,0.0,26.53,26.08,26.24,True
e39d8498f61e4053b47b41fb297d66ea,scene-1094,night,car,vehicle.car,car,v80-100,89.1,28.73,26.54,0.0,26.24,25.78,25.93,True
f598d2c67f5b4b91afd4d96f0a8f1e4e,scene-1094,night,car,vehicle.car,car,v80-100,87.6,29.25,27.06,0.0,26.47,26.04,26.24,True
f598d2c67f5b4b91afd4d96f0a8f1e4e,scene-1094,night,bus,vehicle.bus.rigid,bus,v80-100,238.0,26.23,20.11,9.75,20.52,18.27,19.02,False
adf5fff3a1634f1a9b472495f3a54fd3,scene-1094,night,car,vehicle.car,car,v80-100,86.6,29.69,27.5,0.0,26.1,25.63,25.85,True
cb4de282449d47259956e27cbaacbbab,scene-1094,night,car,vehicle.car,car,v80-100,85.8,30.0,27.8,0.0,26.87,26.47,26.65,True
d77a138a272b4ebcbbe509afa6ef241a,scene-1094,night,car,vehicle.car,car,v80-100,85.9,30.0,27.8,0.0,26.65,26.28,26.44,True
d77a138a272b4ebcbbe509afa6ef241a,scene-1094,night,car,vehicle.car,car,v80-100,42.2,53.84,51.53,7.64,39.66,32.5,33.03,False
552b0ec30c78436e8ea464cff1c604a3,scene-1094,night,car,vehicle.car,car,v80-100,54.8,42.05,39.73,7.35,36.99,27.4,35.03,False
552b0ec30c78436e8ea464cff1c604a3,scene-1094,night,car,vehicle.car,car,v80-100,85.3,30.02,27.83,0.0,27.02,26.49,26.77,True
3c7f6d4b49ce40e58f3b3455c7e4362d,scene-1094,night,car,vehicle.car,car,v80-100,85.0,30.02,27.84,0.0,26.79,26.39,26.61,True
4ac688756fe74af8ae12c2454f8b8f28,scene-1094,night,car,vehicle.car,car,v80-100,85.6,29.98,27.81,0.0,27.38,26.95,27.06,True
4ac688756fe74af8ae12c2454f8b8f28,scene-1094,night,pedestrian,human.pedestrian.adult,person,v60-80,99.6,26.35,25.97,5.28,14.37,13.41,13.77,False
243364c317fa40cca58f8ed708a0bf88,scene-1094,night,car,vehicle.car,truck,v80-100,86.1,29.86,27.69,0.0,26.54,26.25,26.4,True
51ceae8a5ecc4730950666723c135bc8,scene-1100,night,bus,vehicle.bus.rigid,bus,v80-100,95.2,73.64,67.56,32.82,44.12,41.62,42.57,False
51ceae8a5ecc4730950666723c135bc8,scene-1100,night,car,vehicle.car,car,v80-100,134.9,19.07,16.92,0.0,19.86,18.5,18.81,True
51ceae8a5ecc4730950666723c135bc8,scene-1100,night,car,vehicle.car,car,v80-100,129.0,20.37,18.27,3.71,19.09,18.17,18.55,False
51ceae8a5ecc4730950666723c135bc8,scene-1100,night,car,vehicle.car,car,v80-100,54.5,53.34,51.23,25.74,36.35,34.88,35.61,False
82fcade9fdcc431a850fdb715502a770,scene-1100,night,bus,vehicle.bus.rigid,bus,v80-100,95.1,73.69,67.61,32.84,43.91,42.18,43.06,False
82fcade9fdcc431a850fdb715502a770,scene-1100,night,car,vehicle.car,car,v80-100,54.4,53.46,51.35,25.81,37.15,35.7,36.31,False
5e556ec52f1b4751a90298d8103510a5,scene-1100,night,bus,vehicle.bus.rigid,bus,v80-100,95.0,73.75,67.67,32.87,43.13,39.65,42.0,False
5e556ec52f1b4751a90298d8103510a5,scene-1100,night,car,vehicle.car,car,v80-100,191.8,14.1,11.99,0.0,13.81,13.01,13.21,True
5e556ec52f1b4751a90298d8103510a5,scene-1100,night,car,vehicle.car,car,v60-80,66.9,35.45,33.31,10.17,26.58,21.08,23.89,False
5e556ec52f1b4751a90298d8103510a5,scene-1100,night,cyclist,vehicle.motorcycle,person,v80-100,147.0,18.19,17.93,8.72,18.7,18.22,18.62,False
5e556ec52f1b4751a90298d8103510a5,scene-1100,night,car,vehicle.car,car,v80-100,54.2,53.59,51.48,25.88,34.6,33.33,33.89,False
5e556ec52f1b4751a90298d8103510a5,scene-1100,night,car,vehicle.car,car,v80-100,246.4,11.27,9.13,0.0,13.46,10.66,11.33,True
dc1a0ca1014f488e833f586f234832e4,scene-1100,night,bus,vehicle.bus.rigid,bus,v80-100,94.9,73.81,67.73,32.9,46.52,43.55,45.5,False
dc1a0ca1014f488e833f586f234832e4,scene-1100,night,car,vehicle.car,car,v80-100,54.1,53.72,51.6,25.96,35.72,34.76,35.35,False
dc1a0ca1014f488e833f586f234832e4,scene-1100,night,cyclist,vehicle.motorcycle,person,v80-100,147.0,18.19,17.93,8.72,19.22,18.69,18.82,False
0130791235774e26b1986c78d11b4d30,scene-1100,night,bus,vehicle.bus.rigid,bus,v80-100,94.8,73.87,67.78,32.93,49.62,44.61,46.64,False
0130791235774e26b1986c78d11b4d30,scene-1100,night,car,vehicle.car,car,v80-100,53.9,53.85,51.73,26.03,38.49,36.29,37.18,False
cec0634dd47c47288a246deeb5f589a2,scene-1100,night,bus,vehicle.bus.rigid,bus,v80-100,94.8,73.92,67.84,32.96,50.33,45.25,48.42,False
cec0634dd47c47288a246deeb5f589a2,scene-1100,night,car,vehicle.car,car,v80-100,114.1,21.59,19.42,3.76,19.07,18.41,18.68,False
cec0634dd47c47288a246deeb5f589a2,scene-1100,night,car,vehicle.car,car,v80-100,53.8,53.98,51.85,26.11,39.19,37.04,38.0,False
fb4f791fc3bf46539c5b913682afad84,scene-1100,night,car,vehicle.car,car,v80-100,50.1,47.57,45.27,12.71,42.74,38.32,40.36,False
fb4f791fc3bf46539c5b913682afad84,scene-1100,night,cyclist,vehicle.motorcycle,person,v80-100,147.2,18.19,17.92,8.75,18.41,18.22,18.3,False
fb4f791fc3bf46539c5b913682afad84,scene-1100,night,bus,vehicle.bus.rigid,bus,v80-100,94.7,73.99,67.9,33.02,48.58,39.01,44.58,False
2a88a6dbc8054e79b75ef478a492209d,scene-1100,night,bus,vehicle.bus.rigid,truck,v80-100,94.7,74.05,67.97,33.1,46.58,42.94,45.09,False
2a88a6dbc8054e79b75ef478a492209d,scene-1100,night,cyclist,vehicle.motorcycle,person,v80-100,147.2,18.19,17.92,8.75,18.1,17.88,17.96,False
2a88a6dbc8054e79b75ef478a492209d,scene-1100,night,car,vehicle.car,car,v80-100,53.7,54.05,51.92,26.14,37.08,35.35,36.14,False
2a88a6dbc8054e79b75ef478a492209d,scene-1100,night,car,vehicle.car,car,v80-100,226.7,11.67,9.45,0.0,11.46,10.71,10.95,True
2a88a6dbc8054e79b75ef478a492209d,scene-1100,night,car,vehicle.car,car,v80-100,56.2,42.4,40.09,10.37,33.68,32.16,32.81,False
5bae7bae1021425d85461c905c4e4257,scene-1100,night,car,vehicle.car,car,v80-100,64.1,37.26,34.93,8.04,32.02,30.0,30.85,False
5bae7bae1021425d85461c905c4e4257,scene-1100,night,car,vehicle.car,car,v80-100,53.6,54.09,51.96,26.16,36.18,34.18,35.11,False
5bae7bae1021425d85461c905c4e4257,scene-1100,night,bus,vehicle.bus.rigid,bus,v80-100,94.6,74.11,68.03,33.17,47.13,43.79,46.03,False
5bae7bae1021425d85461c905c4e4257,scene-1100,night,cyclist,vehicle.motorcycle,person,v80-100,147.3,18.19,17.92,8.76,20.05,19.22,19.45,False
5bae7bae1021425d85461c905c4e4257,scene-1100,night,car,vehicle.car,car,v80-100,40.4,58.25,55.99,17.59,41.21,36.68,39.19,False
5bae7bae1021425d85461c905c4e4257,scene-1100,night,car,vehicle.car,car,v80-100,114.5,27.3,25.19,13.67,25.75,22.34,24.09,False
5bae7bae1021425d85461c905c4e4257,scene-1100,night,car,vehicle.car,car,v80-100,419.4,7.01,4.83,0.0,5.84,5.34,5.47,True
5aba40e3d8ee4846a6031238504ae286,scene-1100,night,car,vehicle.car,car,v80-100,90.5,33.86,31.78,17.09,26.72,25.38,25.86,False
5aba40e3d8ee4846a6031238504ae286,scene-1100,night,bus,vehicle.bus.rigid,bus,v80-100,94.6,74.18,68.09,33.27,53.4,48.18,50.55,False
5aba40e3d8ee4846a6031238504ae286,scene-1100,night,car,vehicle.car,car,v80-100,53.6,54.13,52.0,26.2,39.1,37.31,38.05,False
5aba40e3d8ee4846a6031238504ae286,scene-1100,night,cyclist,vehicle.motorcycle,person,v80-100,147.3,18.19,17.92,8.76,20.78,19.3,20.34,False
5aba40e3d8ee4846a6031238504ae286,scene-1100,night,car,vehicle.car,car,v80-100,44.0,53.65,51.38,15.71,47.23,40.8,43.86,False
8cee078e41ba487195016581ef895eb8,scene-1100,night,bus,vehicle.bus.rigid,bus,v80-100,94.7,74.25,68.16,33.56,52.12,47.06,49.59,False
8cee078e41ba487195016581ef895eb8,scene-1100,night,car,vehicle.car,car,v80-100,87.4,27.59,25.24,3.72,25.88,24.73,25.24,False
8cee078e41ba487195016581ef895eb8,scene-1100,night,car,vehicle.car,car,v80-100,47.8,49.54,47.26,14.04,41.14,36.75,38.61,False
8cee078e41ba487195016581ef895eb8,scene-1100,night,car,vehicle.car,car,v80-100,53.7,54.19,52.05,26.55,38.28,36.83,37.82,False
8cee078e41ba487195016581ef895eb8,scene-1100,night,cyclist,vehicle.motorcycle,person,v80-100,146.9,18.19,17.92,8.7,18.37,18.01,18.13,False
1ccd17b9ef5141099e59eb72127241b2,scene-1100,night,bus,vehicle.bus.rigid,bus,v80-100,94.4,74.72,68.63,34.13,44.46,41.29,43.25,False
1ccd17b9ef5141099e59eb72127241b2,scene-1100,night,car,vehicle.car,car,v80-100,108.5,22.52,20.15,1.53,22.16,20.74,21.16,False
1ccd17b9ef5141099e59eb72127241b2,scene-1100,night,car,vehicle.car,car,v80-100,53.0,44.92,42.64,12.18,40.11,37.26,38.52,False
1ccd17b9ef5141099e59eb72127241b2,scene-1100,night,car,vehicle.car,car,v80-100,53.4,54.71,52.57,27.05,36.75,34.98,35.77,False
649df4f65e0a479baaa2fd35e62f4161,scene-1100,night,bus,vehicle.bus.rigid,bus,v80-100,93.6,75.21,69.12,34.3,42.05,38.91,40.78,False
649df4f65e0a479baaa2fd35e62f4161,scene-1100,night,car,vehicle.car,car,v80-100,59.1,40.35,38.05,10.03,32.31,31.2,31.64,False
649df4f65e0a479baaa2fd35e62f4161,scene-1100,night,car,vehicle.car,car,v80-100,142.4,17.6,15.23,0.0,16.84,16.01,16.15,True
649df4f65e0a479baaa2fd35e62f4161,scene-1100,night,car,vehicle.car,car,v80-100,52.9,55.02,52.88,27.14,34.45,32.88,33.67,False
649df4f65e0a479baaa2fd35e62f4161,scene-1100,night,cyclist,vehicle.motorcycle,person,v80-100,148.7,18.05,17.81,8.72,18.14,17.53,17.74,False
71f45d9cab8f4716aabde882bd8bcc80,scene-1100,night,bus,vehicle.bus.rigid,bus,v80-100,93.0,75.72,69.63,34.56,50.37,38.93,44.23,False
71f45d9cab8f4716aabde882bd8bcc80,scene-1100,night,car,vehicle.car,car,v80-100,65.9,36.24,33.93,8.08,28.66,26.21,26.92,False
71f45d9cab8f4716aabde882bd8bcc80,scene-1100,night,car,vehicle.car,car,v80-100,206.6,12.96,10.62,0.0,13.61,12.46,12.78,True
639ffa5d537147cf8bd37be080d6cfa0,scene-1100,night,bus,vehicle.bus.rigid,bus,v80-100,92.3,76.23,70.15,34.83,42.45,39.33,41.03,False
639ffa5d537147cf8bd37be080d6cfa0,scene-1100,night,car,vehicle.car,car,v80-100,52.3,55.68,53.53,27.47,35.44,33.58,34.49,False
639ffa5d537147cf8bd37be080d6cfa0,scene-1100,night,car,vehicle.car,car,v80-100,379.6,8.85,6.77,1.72,8.06,6.95,7.35,False
639ffa5d537147cf8bd37be080d6cfa0,scene-1100,night,car,vehicle.car,car,v80-100,74.5,32.16,29.83,6.14,26.53,25.3,26.12,False
93f325d6ad2e47cb951226809c28f7d2,scene-1100,night,bus,vehicle.bus.rigid,bus,v80-100,91.6,76.74,70.66,35.1,46.88,42.85,45.03,False
93f325d6ad2e47cb951226809c28f7d2,scene-1100,night,car,vehicle.car,car,v80-100,85.2,28.18,25.85,4.23,25.91,25.0,25.39,False
93f325d6ad2e47cb951226809c28f7d2,scene-1100,night,car,vehicle.car,car,v80-100,52.0,56.01,53.86,27.64,37.42,35.4,36.29,False
91db399968274b33873d36d9e6ce5965,scene-1100,night,bus,vehicle.bus.rigid,bus,v80-100,91.0,77.26,71.18,35.43,50.75,45.28,48.32,False
91db399968274b33873d36d9e6ce5965,scene-1100,night,car,vehicle.car,car,v80-100,51.7,56.34,54.19,27.85,38.9,36.73,37.69,False
91db399968274b33873d36d9e6ce5965,scene-1100,night,pedestrian,human.pedestrian.adult,person,v80-100,129.9,18.95,18.77,7.28,19.82,19.49,19.65,False
f4cad237e12f4e6ebbc06465ff636017,scene-1100,night,bus,vehicle.bus.rigid,bus,v80-100,90.7,77.83,71.75,36.2,48.75,44.29,46.28,False
f4cad237e12f4e6ebbc06465ff636017,scene-1100,night,car,vehicle.car,car,v80-100,51.4,56.83,54.67,28.51,36.93,35.39,35.89,False
f4cad237e12f4e6ebbc06465ff636017,scene-1100,night,car,vehicle.car,car,v80-100,118.9,20.52,18.18,0.32,19.28,18.19,18.44,True
8a9c799e507647a68bc4b2b122747076,scene-1100,night,car,vehicle.car,car,v80-100,51.5,57.18,55.02,29.35,37.87,36.43,36.9,False
7bd7512987874d0a9a0d7d0a899622ed,scene-1100,night,bus,vehicle.bus.rigid,bus,v80-100,87.4,80.85,74.78,38.19,57.3,48.44,51.37,False
7bd7512987874d0a9a0d7d0a899622ed,scene-1100,night,car,vehicle.car,car,v80-100,167.5,15.15,13.3,0.0,15.03,13.89,14.55,True
7bd7512987874d0a9a0d7d0a899622ed,scene-1100,night,car,vehicle.car,car,v80-100,51.0,57.58,55.41,29.6,40.76,39.63,40.09,False
2e3cd48e3bb2488d934d1b48982ddf8e,scene-1100,night,car,vehicle.car,car,v80-100,192.3,13.98,12.83,2.3,12.69,12.26,12.45,False
2e3cd48e3bb2488d934d1b48982ddf8e,scene-1100,night,bus,vehicle.bus.rigid,bus,v80-100,85.2,82.82,76.74,39.34,56.76,49.76,51.94,False
2e3cd48e3bb2488d934d1b48982ddf8e,scene-1100,night,car,vehicle.car,car,v80-100,50.0,58.75,56.57,30.35,42.38,40.09,40.74,False
c938275052124ba9b3ec7c28f63011af,scene-1100,night,bus,vehicle.bus.rigid,bus,v80-100,83.8,84.59,78.51,40.93,59.44,47.83,52.82,False
c938275052124ba9b3ec7c28f63011af,scene-1100,night,car,vehicle.car,car,v80-100,205.2,14.06,13.09,4.58,13.6,12.88,13.3,False
c938275052124ba9b3ec7c28f63011af,scene-1100,night,car,vehicle.car,car,v80-100,49.3,59.8,57.63,31.42,43.56,39.47,41.09,False
82ea0ffe57654ac6b6a276c4f2e532d6,scene-1100,night,bus,vehicle.bus.rigid,car,v80-100,82.8,87.29,81.18,44.69,55.95,45.32,47.88,False
9ee04d160a514511a093dd35ea6f5604,scene-1100,night,pedestrian,human.pedestrian.adult,person,v80-100,121.6,18.26,18.05,0.2,21.21,20.74,20.99,True
20b9db8f43d6444ea6eba0e0402dc581,scene-1100,night,pedestrian,human.pedestrian.adult,person,v80-100,122.0,18.16,17.96,0.0,20.39,19.93,20.2,True
5bb3f45dfe05468b8aac65464502f883,scene-1100,night,car,vehicle.car,car,v60-80,61.1,42.26,39.83,18.46,26.97,21.52,24.27,False
9a5000ac405c41959f5c51d25af49d00,scene-1100,night,car,vehicle.car,car,v60-80,68.9,37.37,34.94,15.53,27.02,24.16,25.5,False
7bf078cc3e664137b4960898bc5067e9,scene-1100,night,car,vehicle.car,car,v80-100,94.8,27.62,25.18,9.77,23.28,22.34,22.76,False
70897e74c0224d819a92f17d285ee4c8,scene-1100,night,car,vehicle.car,car,v80-100,116.5,22.66,20.2,6.98,20.57,20.14,20.28,False
83be17e597cc4144bb776fe42336caf7,scene-1100,night,car,vehicle.car,car,v80-100,151.1,17.74,15.26,4.19,16.3,15.73,15.88,False
ccf3c969a3c74cd1b34ab6b1045ad0ab,scene-1100,night,car,vehicle.car,car,v80-100,220.3,12.57,10.06,1.34,12.38,11.61,11.83,False
ccf3c969a3c74cd1b34ab6b1045ad0ab,scene-1100,night,car,vehicle.car,car,v60-80,77.3,35.16,32.85,14.16,28.23,26.93,27.68,False
d05e9e109cd7431eb173763f0d2b2727,scene-1100,night,car,vehicle.car,car,v80-100,91.1,29.88,27.57,11.02,23.76,23.18,23.39,False
d05e9e109cd7431eb173763f0d2b2727,scene-1100,night,car,vehicle.car,car,v80-100,408.2,7.62,5.13,0.0,6.86,6.29,6.47,True
02525bc381f14e45936356c339a23922,scene-1100,night,car,vehicle.car,car,v80-100,110.9,24.64,22.3,7.87,21.41,20.66,20.89,False
02525bc381f14e45936356c339a23922,scene-1100,night,car,vehicle.car,car,v40-60,44.4,49.87,47.48,22.64,36.22,25.83,32.63,False
c76cfc72a390467b8a12f87df95f394b,scene-1100,night,car,vehicle.car,car,v80-100,142.0,19.31,16.95,4.78,17.25,16.69,16.89,False
c76cfc72a390467b8a12f87df95f394b,scene-1100,night,car,vehicle.car,car,v60-80,51.4,43.34,40.96,19.02,35.64,31.71,33.64,False
445dcd95cebc4c21b3e6a929fd2297bc,scene-1100,night,car,vehicle.car,car,v80-100,197.4,14.08,11.7,1.69,13.49,12.91,13.12,False
445dcd95cebc4c21b3e6a929fd2297bc,scene-1100,night,car,vehicle.car,car,v80-100,61.2,36.79,34.42,15.54,28.29,25.6,26.61,False
