frame,label,type,group,box_height_px,true_m,unidepth-v2-small_median,unidepth-v2-small_p10,unidepth-v2-small_p25
02_Hanns_Klemm_Str_44_000000_000020,05,"crate (gray, 2x stacked)",standard objects,12.0,62.8,72.39,69.33,70.65
02_Hanns_Klemm_Str_44_000000_000060,05,"crate (gray, 2x stacked)",standard objects,14.0,53.3,59.11,57.12,58.08
02_Hanns_Klemm_Str_44_000000_000100,05,"crate (gray, 2x stacked)",standard objects,19.0,39.82,46.86,45.25,45.82
02_Hanns_Klemm_Str_44_000000_000140,05,"crate (gray, 2x stacked)",standard objects,34.0,22.13,27.44,27.18,27.28
02_Hanns_Klemm_Str_44_000000_000180,05,"crate (gray, 2x stacked)",standard objects,120.0,7.16,11.17,10.99,11.06
02_Hanns_Klemm_Str_44_000001_000040,05,"crate (gray, 2x stacked)",standard objects,13.0,59.22,72.98,66.48,68.9
02_Hanns_Klemm_Str_44_000001_000040,04,crate (gray),standard objects,8.0,57.15,65.82,62.33,63.88
02_Hanns_Klemm_Str_44_000001_000080,05,"crate (gray, 2x stacked)",standard objects,15.0,49.69,65.8,61.36,63.43
02_Hanns_Klemm_Str_44_000001_000080,04,crate (gray),standard objects,9.0,49.94,59.39,56.9,57.6
02_Hanns_Klemm_Str_44_000001_000120,05,"crate (gray, 2x stacked)",standard objects,19.0,37.86,52.43,49.6,50.59
02_Hanns_Klemm_Str_44_000001_000120,04,crate (gray),standard objects,11.0,38.76,48.48,46.62,47.11
02_Hanns_Klemm_Str_44_000001_000160,05,"crate (gray, 2x stacked)",standard objects,33.0,23.13,29.27,28.92,29.09
02_Hanns_Klemm_Str_44_000001_000160,04,crate (gray),standard objects,19.0,23.54,28.53,27.93,28.15
02_Hanns_Klemm_Str_44_000001_000200,05,"crate (gray, 2x stacked)",standard objects,105.0,7.93,13.17,13.0,13.1
02_Hanns_Klemm_Str_44_000001_000200,04,crate (gray),standard objects,70.0,7.99,12.83,12.63,12.7
02_Hanns_Klemm_Str_44_000002_000040,02,"crate (black, 2x stacked)",standard objects,23.0,58.42,81.35,77.54,79.23
02_Hanns_Klemm_Str_44_000002_000040,01,crate (black),standard objects,10.0,57.87,75.47,70.87,72.71
02_Hanns_Klemm_Str_44_000002_000080,02,"crate (black, 2x stacked)",standard objects,28.0,49.14,66.85,63.61,64.77
02_Hanns_Klemm_Str_44_000002_000080,01,crate (black),standard objects,14.0,48.2,64.51,60.66,62.07
02_Hanns_Klemm_Str_44_000002_000120,01,crate (black),standard objects,19.0,33.73,43.04,42.65,42.8
02_Hanns_Klemm_Str_44_000002_000120,02,"crate (black, 2x stacked)",standard objects,40.0,33.43,45.88,44.48,44.89
02_Hanns_Klemm_Str_44_000002_000160,02,"crate (black, 2x stacked)",standard objects,87.0,15.94,21.9,21.37,21.55
02_Hanns_Klemm_Str_44_000002_000160,01,crate (black),standard objects,42.0,16.07,21.0,20.85,20.93
02_Hanns_Klemm_Str_44_000003_000020,20,tire,random hazards,9.0,62.98,75.8,71.98,73.48
02_Hanns_Klemm_Str_44_000003_000020,34,styrofoam,random hazards,6.0,63.42,71.04,68.42,69.6
02_Hanns_Klemm_Str_44_000003_000060,20,tire,random hazards,10.0,54.2,71.78,68.84,69.97
02_Hanns_Klemm_Str_44_000003_000060,34,styrofoam,random hazards,8.0,52.78,65.81,62.8,63.75
02_Hanns_Klemm_Str_44_000003_000100,20,tire,random hazards,15.0,39.29,48.63,47.22,47.84
02_Hanns_Klemm_Str_44_000003_000100,34,styrofoam,random hazards,11.0,39.63,46.64,44.83,45.33
02_Hanns_Klemm_Str_44_000003_000140,20,tire,random hazards,27.0,22.01,27.09,26.87,27.0
02_Hanns_Klemm_Str_44_000003_000140,34,styrofoam,random hazards,19.0,22.25,26.18,25.62,25.79
02_Hanns_Klemm_Str_44_000005_000020,08,cardboard box,random hazards,10.0,60.42,71.17,66.91,68.14
02_Hanns_Klemm_Str_44_000005_000020,13,exhaust pipe,random hazards,10.0,60.3,66.73,64.53,65.41
02_Hanns_Klemm_Str_44_000005_000060,08,cardboard box,random hazards,10.0,53.48,66.21,62.4,63.51
02_Hanns_Klemm_Str_44_000005_000060,13,exhaust pipe,random hazards,9.0,52.82,62.74,60.84,61.61
02_Hanns_Klemm_Str_44_000005_000100,13,exhaust pipe,random hazards,14.0,40.54,47.54,45.98,46.62
02_Hanns_Klemm_Str_44_000005_000100,08,cardboard box,random hazards,14.0,40.37,49.16,46.61,47.5
02_Hanns_Klemm_Str_44_000005_000140,08,cardboard box,random hazards,25.0,24.19,29.22,28.35,28.6
02_Hanns_Klemm_Str_44_000005_000140,13,exhaust pipe,random hazards,26.0,24.75,29.13,28.05,28.38
02_Hanns_Klemm_Str_44_000005_000180,08,cardboard box,random hazards,63.0,9.69,12.92,12.81,12.84
02_Hanns_Klemm_Str_44_000005_000180,13,exhaust pipe,random hazards,65.0,10.26,13.01,12.73,12.8
02_Hanns_Klemm_Str_44_000006_000030,13,exhaust pipe,random hazards,11.0,47.44,38.58,37.47,37.86
02_Hanns_Klemm_Str_44_000006_000030,08,cardboard box,random hazards,10.0,51.8,38.9,37.23,37.81
02_Hanns_Klemm_Str_44_000006_000070,13,exhaust pipe,random hazards,15.0,46.95,32.61,31.01,31.79
02_Hanns_Klemm_Str_44_000006_000070,08,cardboard box,random hazards,12.0,45.26,33.27,31.31,32.02
02_Hanns_Klemm_Str_44_000006_000110,13,exhaust pipe,random hazards,18.0,34.67,28.82,27.42,27.94
02_Hanns_Klemm_Str_44_000006_000110,08,cardboard box,random hazards,15.0,34.35,29.25,27.68,28.28
02_Hanns_Klemm_Str_44_000006_000150,13,exhaust pipe,random hazards,33.0,21.58,23.71,22.99,23.21
02_Hanns_Klemm_Str_44_000006_000150,08,cardboard box,random hazards,27.0,21.27,23.57,23.23,23.39
02_Hanns_Klemm_Str_44_000006_000190,13,exhaust pipe,random hazards,113.0,7.59,9.26,9.0,9.07
02_Hanns_Klemm_Str_44_000006_000190,08,cardboard box,random hazards,82.0,7.34,8.86,8.78,8.81
02_Hanns_Klemm_Str_44_000007_000040,20,tire,random hazards,10.0,56.75,45.61,43.32,44.15
02_Hanns_Klemm_Str_44_000007_000080,20,tire,random hazards,11.0,53.13,44.07,42.0,42.75
02_Hanns_Klemm_Str_44_000007_000120,20,tire,random hazards,14.0,43.31,38.27,36.02,36.93
02_Hanns_Klemm_Str_44_000007_000160,20,tire,random hazards,18.0,32.51,31.83,30.88,31.3
02_Hanns_Klemm_Str_44_000007_000200,20,tire,random hazards,30.0,20.28,21.87,21.69,21.77
02_Hanns_Klemm_Str_44_000007_000240,20,tire,random hazards,95.0,7.22,8.57,8.32,8.42
02_Hanns_Klemm_Str_44_000008_000040,20,tire,random hazards,9.0,61.92,52.45,49.78,50.77
02_Hanns_Klemm_Str_44_000008_000080,20,tire,random hazards,11.0,55.38,46.79,44.55,45.38
02_Hanns_Klemm_Str_44_000008_000120,20,tire,random hazards,15.0,40.77,41.36,40.26,40.81
02_Hanns_Klemm_Str_44_000008_000160,20,tire,random hazards,21.0,26.35,29.41,29.29,29.33
02_Hanns_Klemm_Str_44_000008_000200,20,tire,random hazards,54.0,11.87,14.47,14.19,14.3
02_Hanns_Klemm_Str_44_000009_000030,02,"crate (black, 2x stacked)",standard objects,20.0,64.53,56.31,51.1,53.1
02_Hanns_Klemm_Str_44_000009_000030,01,crate (black),standard objects,10.0,66.25,55.19,51.28,52.49
02_Hanns_Klemm_Str_44_000009_000070,02,"crate (black, 2x stacked)",standard objects,22.0,63.01,55.59,50.06,52.01
02_Hanns_Klemm_Str_44_000009_000070,01,crate (black),standard objects,11.0,61.19,53.77,50.77,51.95
02_Hanns_Klemm_Str_44_000009_000110,02,"crate (black, 2x stacked)",standard objects,26.0,50.97,49.59,46.63,48.1
02_Hanns_Klemm_Str_44_000009_000110,01,crate (black),standard objects,14.0,51.87,49.17,46.49,47.47
02_Hanns_Klemm_Str_44_000009_000150,02,"crate (black, 2x stacked)",standard objects,36.0,37.31,37.87,37.05,37.52
02_Hanns_Klemm_Str_44_000009_000150,01,crate (black),standard objects,19.0,37.96,36.85,36.11,36.55
02_Hanns_Klemm_Str_44_000009_000190,02,"crate (black, 2x stacked)",standard objects,65.0,22.58,26.46,26.07,26.27
02_Hanns_Klemm_Str_44_000009_000190,01,crate (black),standard objects,31.0,22.63,26.87,26.58,26.74
02_Hanns_Klemm_Str_44_000009_000230,02,"crate (black, 2x stacked)",standard objects,227.0,6.35,8.2,8.12,8.16
02_Hanns_Klemm_Str_44_000009_000230,01,crate (black),standard objects,117.0,6.48,8.35,8.23,8.27
02_Hanns_Klemm_Str_44_000010_000040,05,"crate (gray, 2x stacked)",standard objects,11.0,62.62,52.38,49.09,50.34
02_Hanns_Klemm_Str_44_000010_000040,04,crate (gray),standard objects,7.0,62.89,51.11,48.84,49.6
02_Hanns_Klemm_Str_44_000010_000080,05,"crate (gray, 2x stacked)",standard objects,12.0,57.48,49.14,45.87,47.04
02_Hanns_Klemm_Str_44_000010_000080,04,crate (gray),standard objects,7.0,60.29,48.34,46.05,46.93
02_Hanns_Klemm_Str_44_000010_000120,05,"crate (gray, 2x stacked)",standard objects,16.0,42.63,43.56,42.07,42.71
02_Hanns_Klemm_Str_44_000010_000120,04,crate (gray),standard objects,11.0,43.28,43.52,41.8,42.34
02_Hanns_Klemm_Str_44_000010_000160,05,"crate (gray, 2x stacked)",standard objects,29.0,27.84,31.28,30.69,31.0
02_Hanns_Klemm_Str_44_000010_000160,04,crate (gray),standard objects,18.0,27.92,30.77,30.21,30.47
02_Hanns_Klemm_Str_44_000010_000200,04,crate (gray),standard objects,43.0,11.64,14.8,14.71,14.74
02_Hanns_Klemm_Str_44_000010_000200,05,"crate (gray, 2x stacked)",standard objects,66.0,11.48,14.63,14.52,14.55
02_Hanns_Klemm_Str_44_000011_000040,23,dog (black),emotional hazards,16.0,72.47,68.96,68.2,68.63
02_Hanns_Klemm_Str_44_000011_000080,23,dog (black),emotional hazards,16.0,70.68,65.17,62.08,64.12
02_Hanns_Klemm_Str_44_000011_000120,23,dog (black),emotional hazards,21.0,54.66,62.98,60.38,62.75
02_Hanns_Klemm_Str_44_000011_000160,23,dog (black),emotional hazards,29.0,36.3,43.57,40.78,42.71
02_Hanns_Klemm_Str_44_000011_000200,23,dog (black),emotional hazards,46.0,21.3,31.17,27.27,30.37
02_Hanns_Klemm_Str_44_000011_000240,23,dog (black),emotional hazards,118.0,8.99,12.83,12.58,12.66
02_Hanns_Klemm_Str_44_000012_000050,24,dog (white),emotional hazards,7.0,67.6,64.12,60.01,61.45
02_Hanns_Klemm_Str_44_000012_000090,24,dog (white),emotional hazards,8.0,59.36,58.16,54.34,55.81
02_Hanns_Klemm_Str_44_000012_000130,24,dog (white),emotional hazards,10.0,42.51,53.82,44.83,48.96
02_Hanns_Klemm_Str_44_000012_000170,24,dog (white),emotional hazards,23.0,26.63,32.85,23.78,28.42
02_Hanns_Klemm_Str_44_000013_000020,26,bobby car (gray),emotional hazards,13.0,67.11,69.75,62.61,66.38
02_Hanns_Klemm_Str_44_000013_000060,26,bobby car (gray),emotional hazards,15.0,62.56,69.77,64.87,66.99
02_Hanns_Klemm_Str_44_000013_000100,26,bobby car (gray),emotional hazards,17.0,54.49,57.17,53.56,55.26
02_Hanns_Klemm_Str_44_000013_000140,26,bobby car (gray),emotional hazards,21.0,41.95,48.94,45.98,47.54
02_Hanns_Klemm_Str_44_000013_000180,26,bobby car (gray),emotional hazards,33.0,26.95,31.21,29.58,30.11
02_Hanns_Klemm_Str_44_000013_000220,26,bobby car (gray),emotional hazards,81.0,12.05,17.63,17.47,17.52
02_Hanns_Klemm_Str_44_000014_000040,27,bobby car (red),emotional hazards,11.0,74.91,76.07,73.09,74.81
02_Hanns_Klemm_Str_44_000014_000080,27,bobby car (red),emotional hazards,12.0,69.54,66.43,62.66,63.91
02_Hanns_Klemm_Str_44_000014_000120,27,bobby car (red),emotional hazards,16.0,48.95,53.17,50.09,51.39
02_Hanns_Klemm_Str_44_000014_000160,27,bobby car (red),emotional hazards,25.0,33.43,33.08,30.94,31.86
02_Hanns_Klemm_Str_44_000014_000200,27,bobby car (red),emotional hazards,56.0,17.55,23.46,22.85,23.16
02_Hanns_Klemm_Str_44_000015_000060,27,bobby car (red),emotional hazards,8.0,50.0,40.08,37.85,39.07
02_Hanns_Klemm_Str_44_000015_000100,27,bobby car (red),emotional hazards,10.0,41.04,33.81,33.15,33.43
02_Hanns_Klemm_Str_44_000015_000140,27,bobby car (red),emotional hazards,26.0,32.17,27.87,26.81,27.28
02_Hanns_Klemm_Str_44_000015_000180,27,bobby car (red),emotional hazards,56.0,17.83,16.99,16.8,16.88
02_Hanns_Klemm_Str_44_000016_000020,26,bobby car (gray),emotional hazards,10.0,45.07,36.45,35.65,35.95
02_Hanns_Klemm_Str_44_000016_000060,26,bobby car (gray),emotional hazards,11.0,44.07,35.75,34.77,35.09
02_Hanns_Klemm_Str_44_000016_000100,26,bobby car (gray),emotional hazards,15.0,32.71,31.79,30.63,31.04
02_Hanns_Klemm_Str_44_000016_000140,26,bobby car (gray),emotional hazards,55.0,19.06,19.23,18.94,19.06
02_Hanns_Klemm_Str_44_000016_000180,26,bobby car (gray),emotional hazards,156.0,6.4,7.76,7.66,7.7
02_Hanns_Klemm_Str_44_000017_000050,23,dog (black),emotional hazards,13.0,48.93,38.06,36.75,37.25
02_Hanns_Klemm_Str_44_000017_000090,23,dog (black),emotional hazards,19.0,37.58,33.66,32.15,32.93
02_Hanns_Klemm_Str_44_000017_000130,23,dog (black),emotional hazards,45.0,22.98,22.7,22.01,22.33
02_Hanns_Klemm_Str_44_000017_000170,23,dog (black),emotional hazards,132.0,7.92,9.77,9.64,9.7
02_Hanns_Klemm_Str_44_000018_000110,24,dog (white),emotional hazards,11.0,42.68,32.04,31.03,31.37
02_Hanns_Klemm_Str_44_000018_000150,24,dog (white),emotional hazards,30.0,27.73,24.66,23.31,23.87
02_Hanns_Klemm_Str_44_000018_000190,24,dog (white),emotional hazards,58.0,13.84,15.4,15.18,15.25
04_Maurener_Weg_8_000000_000030,04,crate (gray),standard objects,9.0,62.86,59.79,57.11,58.08
04_Maurener_Weg_8_000000_000030,05,"crate (gray, 2x stacked)",standard objects,12.0,72.3,67.39,64.19,65.34
04_Maurener_Weg_8_000000_000030,06,"crate (gray, upright)",standard objects,21.0,71.32,67.19,61.23,64.04
04_Maurener_Weg_8_000000_000070,04,crate (gray),standard objects,11.0,51.21,50.73,48.29,49.23
04_Maurener_Weg_8_000000_000070,05,"crate (gray, 2x stacked)",standard objects,14.0,60.84,59.05,56.15,57.19
04_Maurener_Weg_8_000000_000070,06,"crate (gray, upright)",standard objects,25.0,59.39,57.14,51.8,54.15
04_Maurener_Weg_8_000000_000110,04,crate (gray),standard objects,18.0,32.78,33.76,32.62,33.04
04_Maurener_Weg_8_000000_000110,05,"crate (gray, 2x stacked)",standard objects,20.0,42.43,40.51,39.42,39.72
04_Maurener_Weg_8_000000_000110,06,"crate (gray, upright)",standard objects,34.0,42.64,39.52,38.15,38.58
04_Maurener_Weg_8_000000_000150,04,crate (gray),standard objects,35.0,16.61,19.14,18.92,19.02
04_Maurener_Weg_8_000000_000150,05,"crate (gray, 2x stacked)",standard objects,34.0,25.85,26.92,26.71,26.81
04_Maurener_Weg_8_000000_000150,06,"crate (gray, upright)",standard objects,60.0,24.26,29.28,26.16,27.07
04_Maurener_Weg_8_000000_000190,05,"crate (gray, 2x stacked)",standard objects,70.0,12.06,15.1,14.89,14.98
04_Maurener_Weg_8_000000_000190,06,"crate (gray, upright)",standard objects,150.0,9.65,12.05,11.96,11.99
04_Maurener_Weg_8_000001_000050,03,"crate (black, upright)",standard objects,11.0,66.25,52.21,48.82,50.2
04_Maurener_Weg_8_000001_000050,03,"crate (black, upright)",standard objects,9.0,77.84,59.66,57.03,57.79
04_Maurener_Weg_8_000001_000050,02,"crate (black, 2x stacked)",standard objects,16.0,71.11,54.14,51.33,52.46
04_Maurener_Weg_8_000001_000090,03,"crate (black, upright)",standard objects,17.0,52.86,49.75,46.02,47.41
04_Maurener_Weg_8_000001_000090,03,"crate (black, upright)",standard objects,12.0,62.43,57.18,54.41,55.24
04_Maurener_Weg_8_000001_000090,02,"crate (black, 2x stacked)",standard objects,19.0,58.16,50.49,47.85,48.72
04_Maurener_Weg_8_000001_000130,03,"crate (black, upright)",standard objects,23.0,36.42,37.41,34.56,35.5
04_Maurener_Weg_8_000001_000130,03,"crate (black, upright)",standard objects,15.0,48.13,45.47,43.18,43.86
04_Maurener_Weg_8_000001_000130,02,"crate (black, 2x stacked)",standard objects,26.0,42.43,37.98,37.33,37.57
04_Maurener_Weg_8_000001_000170,03,"crate (black, upright)",standard objects,37.0,18.45,21.64,21.42,21.52
04_Maurener_Weg_8_000001_000170,03,"crate (black, upright)",standard objects,25.0,30.81,32.02,31.36,31.62
04_Maurener_Weg_8_000001_000170,02,"crate (black, 2x stacked)",standard objects,43.0,24.93,26.27,26.01,26.08
04_Maurener_Weg_8_000001_000210,03,"crate (black, upright)",standard objects,48.0,14.97,18.85,18.46,18.54
04_Maurener_Weg_8_000001_000210,02,"crate (black, 2x stacked)",standard objects,122.0,9.33,11.75,11.58,11.63
04_Maurener_Weg_8_000002_000040,04,crate (gray),standard objects,10.0,36.57,41.53,39.19,40.16
04_Maurener_Weg_8_000002_000040,05,"crate (gray, 2x stacked)",standard objects,19.0,39.21,40.5,37.69,38.72
04_Maurener_Weg_8_000002_000040,06,"crate (gray, upright)",standard objects,33.0,51.7,56.48,47.45,50.49
04_Maurener_Weg_8_000002_000080,04,crate (gray),standard objects,15.0,25.97,29.24,27.79,28.33
04_Maurener_Weg_8_000002_000080,05,"crate (gray, 2x stacked)",standard objects,26.0,28.26,30.55,28.61,29.44
04_Maurener_Weg_8_000002_000080,06,"crate (gray, upright)",standard objects,43.0,36.7,41.2,35.34,37.33
04_Maurener_Weg_8_000002_000120,04,crate (gray),standard objects,39.0,11.76,14.13,14.02,14.07
04_Maurener_Weg_8_000002_000120,05,"crate (gray, 2x stacked)",standard objects,58.0,14.18,16.3,16.03,16.17
04_Maurener_Weg_8_000002_000120,06,"crate (gray, upright)",standard objects,70.0,19.9,22.89,22.61,22.79
04_Maurener_Weg_8_000003_000010,03,"crate (black, upright)",standard objects,20.0,32.8,36.9,36.46,36.67
04_Maurener_Weg_8_000003_000010,02,"crate (black, 2x stacked)",standard objects,30.0,38.22,38.74,37.99,38.4
04_Maurener_Weg_8_000003_000010,01,crate (black),standard objects,16.0,46.87,48.48,46.59,47.65
04_Maurener_Weg_8_000003_000050,03,"crate (black, upright)",standard objects,24.0,28.21,32.38,32.16,32.24
04_Maurener_Weg_8_000003_000050,02,"crate (black, 2x stacked)",standard objects,32.0,33.86,34.6,34.29,34.43
04_Maurener_Weg_8_000003_000050,01,crate (black),standard objects,18.0,41.91,43.77,42.95,43.29
04_Maurener_Weg_8_000003_000090,03,"crate (black, upright)",standard objects,42.0,16.64,19.2,18.96,19.07
04_Maurener_Weg_8_000003_000090,02,"crate (black, 2x stacked)",standard objects,49.0,21.29,23.67,23.49,23.56
04_Maurener_Weg_8_000003_000090,01,crate (black),standard objects,27.0,29.14,30.71,30.38,30.53
04_Maurener_Weg_8_000003_000130,02,"crate (black, 2x stacked)",standard objects,122.0,8.62,10.49,10.4,10.44
04_Maurener_Weg_8_000003_000130,01,crate (black),standard objects,50.0,16.18,19.52,19.41,19.47
04_Maurener_Weg_8_000004_000040,15,euro pallet,random hazards,12.0,53.19,51.72,48.28,49.71
04_Maurener_Weg_8_000004_000080,15,euro pallet,random hazards,13.0,50.15,46.82,44.2,45.5
04_Maurener_Weg_8_000004_000120,15,euro pallet,random hazards,12.0,39.86,39.15,37.16,37.9
04_Maurener_Weg_8_000004_000160,15,euro pallet,random hazards,23.0,25.4,27.16,25.76,26.3
04_Maurener_Weg_8_000004_000160,21,ball,emotional hazards,40.0,14.07,17.94,17.67,17.75
04_Maurener_Weg_8_000004_000200,15,euro pallet,random hazards,60.0,11.23,14.04,13.37,13.64
04_Maurener_Weg_8_000005_000030,16,pylon,random hazards,16.0,48.24,51.63,48.76,49.79
04_Maurener_Weg_8_000005_000030,18,pylon (white),random hazards,19.0,47.6,53.04,48.24,50.03
04_Maurener_Weg_8_000005_000070,16,pylon,random hazards,15.0,44.71,43.11,41.29,41.99
04_Maurener_Weg_8_000005_000070,18,pylon (white),random hazards,20.0,42.29,45.26,42.18,43.16
04_Maurener_Weg_8_000005_000110,18,pylon (white),random hazards,24.0,34.89,39.39,36.75,37.48
04_Maurener_Weg_8_000005_000110,16,pylon,random hazards,20.0,37.73,38.02,36.41,36.95
04_Maurener_Weg_8_000005_000150,18,pylon (white),random hazards,38.0,21.77,24.65,23.21,23.77
04_Maurener_Weg_8_000005_000150,16,pylon,random hazards,30.0,24.51,25.84,24.99,25.31
04_Maurener_Weg_8_000005_000190,18,pylon (white),random hazards,87.0,9.25,11.91,11.37,11.63
04_Maurener_Weg_8_000005_000190,16,pylon,random hazards,61.0,11.81,13.95,13.72,13.81
04_Maurener_Weg_8_000006_000040,18,pylon (white),random hazards,12.0,44.14,44.51,42.21,43.18
04_Maurener_Weg_8_000006_000080,18,pylon (white),random hazards,18.0,34.22,35.02,33.19,33.77
04_Maurener_Weg_8_000006_000120,18,pylon (white),random hazards,30.0,18.18,21.11,20.37,20.61
04_Maurener_Weg_8_000007_000020,25,kid dummy,emotional hazards,10.0,61.81,57.0,55.36,56.09
04_Maurener_Weg_8_000007_000020,21,ball,emotional hazards,10.0,65.08,59.27,56.71,57.64
04_Maurener_Weg_8_000007_000060,25,kid dummy,emotional hazards,8.0,51.23,43.46,41.88,42.47
04_Maurener_Weg_8_000007_000060,21,ball,emotional hazards,10.0,51.04,45.17,43.02,43.84
04_Maurener_Weg_8_000007_000100,25,kid dummy,emotional hazards,11.0,32.66,33.5,32.52,32.89
04_Maurener_Weg_8_000007_000100,21,ball,emotional hazards,15.0,32.42,34.44,33.12,33.65
04_Maurener_Weg_8_000007_000140,25,kid dummy,emotional hazards,24.0,13.94,16.74,16.53,16.64
04_Maurener_Weg_8_000007_000140,21,ball,emotional hazards,36.0,13.87,16.79,16.66,16.7
04_Maurener_Weg_8_000008_000020,31,plastic bag (bloated),random hazards,8.0,59.36,51.91,50.24,50.86
04_Maurener_Weg_8_000008_000020,11,crate (green),random hazards,12.0,66.7,63.76,61.47,62.45
04_Maurener_Weg_8_000008_000020,31,plastic bag (bloated),random hazards,8.0,56.65,49.64,48.12,48.7
04_Maurener_Weg_8_000008_000060,11,crate (green),random hazards,15.0,60.19,52.21,50.01,50.85
04_Maurener_Weg_8_000008_000060,31,plastic bag (bloated),random hazards,11.0,49.08,42.48,41.0,41.54
04_Maurener_Weg_8_000008_000060,31,plastic bag (bloated),random hazards,13.0,45.4,37.15,35.85,36.28
04_Maurener_Weg_8_000008_000100,31,plastic bag (bloated),random hazards,22.0,28.1,25.18,24.36,24.66
04_Maurener_Weg_8_000008_000100,11,crate (green),random hazards,19.0,42.25,37.8,36.73,37.14
04_Maurener_Weg_8_000008_000100,31,plastic bag (bloated),random hazards,14.0,33.31,30.95,30.03,30.36
04_Maurener_Weg_8_000008_000140,11,crate (green),random hazards,34.0,21.55,23.7,23.36,23.5
04_Maurener_Weg_8_000008_000140,31,plastic bag (bloated),random hazards,32.0,15.03,16.83,16.65,16.72
04_Maurener_Weg_8_000008_000140,31,plastic bag (bloated),random hazards,68.0,8.82,10.16,10.1,10.13
04_Maurener_Weg_8_000008_000180,11,crate (green),random hazards,98.0,7.8,10.05,9.8,9.9
04_Maurener_Weg_8_000009_000050,24,dog (white),emotional hazards,11.0,68.25,65.16,62.53,64.17
04_Maurener_Weg_8_000009_000090,24,dog (white),emotional hazards,14.0,58.85,52.3,49.06,50.42
04_Maurener_Weg_8_000009_000130,24,dog (white),emotional hazards,20.0,41.29,40.84,38.34,39.37
04_Maurener_Weg_8_000009_000170,24,dog (white),emotional hazards,31.0,23.04,27.12,26.25,26.6
04_Maurener_Weg_8_000009_000210,24,dog (white),emotional hazards,81.0,8.72,11.46,11.23,11.32
04_Maurener_Weg_8_000010_000040,23,dog (black),emotional hazards,22.0,50.66,52.02,48.44,50.67
04_Maurener_Weg_8_000010_000080,23,dog (black),emotional hazards,29.0,38.05,39.47,37.37,38.81
04_Maurener_Weg_8_000010_000120,23,dog (black),emotional hazards,52.0,20.63,22.56,21.64,22.04
04_Maurener_Weg_8_000011_000020,26,bobby car (gray),emotional hazards,18.0,62.34,57.29,56.37,56.69
04_Maurener_Weg_8_000011_000060,26,bobby car (gray),emotional hazards,18.0,60.67,52.38,51.63,51.86
04_Maurener_Weg_8_000011_000100,26,bobby car (gray),emotional hazards,23.0,47.01,44.52,44.19,44.36
04_Maurener_Weg_8_000011_000140,26,bobby car (gray),emotional hazards,33.0,30.78,34.71,34.19,34.38
04_Maurener_Weg_8_000011_000180,26,bobby car (gray),emotional hazards,64.0,15.12,18.43,18.12,18.23
04_Maurener_Weg_8_000012_000040,27,bobby car (red),emotional hazards,19.0,64.05,51.98,50.13,50.87
04_Maurener_Weg_8_000012_000080,27,bobby car (red),emotional hazards,22.0,54.27,49.77,48.3,48.65
04_Maurener_Weg_8_000012_000120,27,bobby car (red),emotional hazards,28.0,38.29,36.57,35.59,35.8
04_Maurener_Weg_8_000012_000160,27,bobby car (red),emotional hazards,54.0,19.74,22.73,22.49,22.58
04_Maurener_Weg_8_000013_000180,28,bobby car (yellow),emotional hazards,39.0,27.71,28.9,28.43,28.62
04_Maurener_Weg_8_000013_000220,28,bobby car (yellow),emotional hazards,84.0,12.64,15.47,15.13,15.24
05_Schafgasse_1_000000_000030,05,"crate (gray, 2x stacked)",standard objects,13.0,61.02,64.11,60.22,61.61
05_Schafgasse_1_000000_000070,05,"crate (gray, 2x stacked)",standard objects,13.0,51.7,56.27,52.55,53.71
05_Schafgasse_1_000000_000110,05,"crate (gray, 2x stacked)",standard objects,18.0,39.22,42.83,39.66,40.99
05_Schafgasse_1_000000_000150,05,"crate (gray, 2x stacked)",standard objects,31.0,24.92,31.07,30.14,30.51
05_Schafgasse_1_000000_000190,05,"crate (gray, 2x stacked)",standard objects,81.0,10.13,13.23,13.12,13.16
05_Schafgasse_1_000001_000090,03,"crate (black, upright)",standard objects,14.0,52.29,58.43,56.31,57.32
05_Schafgasse_1_000001_000130,03,"crate (black, upright)",standard objects,17.0,43.01,49.06,46.79,47.66
05_Schafgasse_1_000001_000170,03,"crate (black, upright)",standard objects,27.0,31.48,37.15,35.48,36.5
05_Schafgasse_1_000001_000210,03,"crate (black, upright)",standard objects,40.0,20.73,25.31,24.23,24.83
05_Schafgasse_1_000001_000250,03,"crate (black, upright)",standard objects,69.0,10.79,14.05,13.91,13.95
05_Schafgasse_1_000002_000130,08,cardboard box,random hazards,15.0,44.9,51.11,49.53,50.06
05_Schafgasse_1_000002_000130,18,pylon (white),random hazards,15.0,35.78,39.35,38.08,38.53
05_Schafgasse_1_000002_000170,08,cardboard box,random hazards,18.0,35.89,39.69,38.42,38.86
05_Schafgasse_1_000002_000170,18,pylon (white),random hazards,19.0,27.82,29.88,28.81,29.19
05_Schafgasse_1_000002_000210,08,cardboard box,random hazards,26.0,24.34,32.61,31.97,32.18
05_Schafgasse_1_000002_000210,18,pylon (white),random hazards,31.0,15.72,20.02,19.85,19.92
05_Schafgasse_1_000003_000030,20,tire,random hazards,16.0,42.15,48.28,47.89,48.04
05_Schafgasse_1_000003_000070,20,tire,random hazards,19.0,34.59,39.22,38.9,39.03
05_Schafgasse_1_000003_000110,20,tire,random hazards,27.0,23.44,29.15,28.82,28.98
05_Schafgasse_1_000003_000150,20,tire,random hazards,61.0,10.63,14.86,14.64,14.7
05_Schafgasse_1_000004_000030,11,crate (green),random hazards,13.0,45.13,51.83,51.36,51.56
05_Schafgasse_1_000004_000030,10,"crate (blue, small)",random hazards,11.0,41.74,45.96,45.4,45.62
05_Schafgasse_1_000004_000070,11,crate (green),random hazards,17.0,39.66,44.69,44.22,44.54
05_Schafgasse_1_000004_000070,10,"crate (blue, small)",random hazards,18.0,36.16,39.53,38.4,38.89
05_Schafgasse_1_000004_000110,11,crate (green),random hazards,23.0,30.01,36.35,35.8,36.07
05_Schafgasse_1_000004_000110,10,"crate (blue, small)",random hazards,18.0,25.48,29.15,28.8,28.85
05_Schafgasse_1_000004_000150,10,"crate (blue, small)",random hazards,43.0,11.52,15.38,15.22,15.3
05_Schafgasse_1_000004_000150,11,crate (green),random hazards,41.0,15.85,20.53,20.43,20.45
05_Schafgasse_1_000005_000040,29,cardboard box,random hazards,9.0,42.5,50.3,48.45,49.13
05_Schafgasse_1_000005_000080,29,cardboard box,random hazards,10.0,37.5,41.81,40.71,41.15
05_Schafgasse_1_000005_000120,29,cardboard box,random hazards,13.0,26.45,29.19,28.18,28.55
05_Schafgasse_1_000005_000120,21,ball,emotional hazards,27.0,21.28,26.47,26.11,26.2
05_Schafgasse_1_000007_000020,20,tire,random hazards,10.0,40.63,38.31,37.21,37.64
05_Schafgasse_1_000007_000060,20,tire,random hazards,10.0,33.22,34.24,33.23,33.64
05_Schafgasse_1_000007_000100,20,tire,random hazards,16.0,21.67,22.97,22.29,22.55
05_Schafgasse_1_000007_000140,20,tire,random hazards,39.0,9.29,10.76,10.61,10.67
05_Schafgasse_1_000008_000030,34,styrofoam,random hazards,7.0,47.08,45.01,43.94,44.32
05_Schafgasse_1_000008_000030,14,headlight,random hazards,18.0,36.73,36.3,35.02,35.47
05_Schafgasse_1_000008_000070,34,styrofoam,random hazards,10.0,36.55,35.27,34.17,34.53
05_Schafgasse_1_000008_000070,14,headlight,random hazards,22.0,26.37,26.28,25.62,25.91
05_Schafgasse_1_000008_000110,34,styrofoam,random hazards,16.0,23.57,24.82,23.94,24.28
05_Schafgasse_1_000008_000110,14,headlight,random hazards,47.0,13.23,14.84,14.66,14.72
05_Schafgasse_1_000009_000090,23,dog (black),emotional hazards,21.0,53.46,56.62,52.2,54.47
05_Schafgasse_1_000009_000130,23,dog (black),emotional hazards,25.0,44.83,49.49,46.07,47.96
05_Schafgasse_1_000009_000170,23,dog (black),emotional hazards,33.0,32.2,33.34,31.66,32.53
05_Schafgasse_1_000009_000210,23,dog (black),emotional hazards,59.0,18.28,20.99,20.02,20.41
05_Schafgasse_1_000010_000040,24,dog (white),emotional hazards,15.0,53.21,56.73,53.96,54.93
05_Schafgasse_1_000010_000080,24,dog (white),emotional hazards,16.0,48.51,49.72,47.06,48.05
05_Schafgasse_1_000010_000120,24,dog (white),emotional hazards,22.0,35.82,35.14,33.11,33.86
05_Schafgasse_1_000010_000160,24,dog (white),emotional hazards,38.0,19.55,22.08,21.8,21.92
05_Schafgasse_1_000011_000140,27,bobby car (red),emotional hazards,36.0,28.89,27.17,26.67,26.84
05_Schafgasse_1_000011_000180,27,bobby car (red),emotional hazards,105.0,9.75,12.19,12.04,12.09
05_Schafgasse_1_000012_000060,28,bobby car (yellow),emotional hazards,20.0,72.06,64.49,60.65,62.18
05_Schafgasse_1_000012_000100,28,bobby car (yellow),emotional hazards,21.0,57.89,51.07,49.0,49.88
05_Schafgasse_1_000012_000140,28,bobby car (yellow),emotional hazards,28.0,40.13,36.76,36.38,36.5
05_Schafgasse_1_000012_000180,28,bobby car (yellow),emotional hazards,47.0,22.57,24.21,23.99,24.09
05_Schafgasse_1_000012_000220,28,bobby car (yellow),emotional hazards,142.0,7.32,9.94,9.75,9.85
05_Schafgasse_1_000013_000060,26,bobby car (gray),emotional hazards,17.0,61.51,57.75,54.46,56.05
05_Schafgasse_1_000013_000100,26,bobby car (gray),emotional hazards,22.0,45.71,42.74,41.7,42.01
05_Schafgasse_1_000013_000140,26,bobby car (gray),emotional hazards,39.0,28.02,28.61,28.07,28.19
05_Schafgasse_1_000013_000180,26,bobby car (gray),emotional hazards,97.0,10.46,12.85,12.68,12.74
05_Schafgasse_1_000014_000060,24,dog (white),emotional hazards,26.0,41.49,44.12,41.59,42.62
05_Schafgasse_1_000014_000100,24,dog (white),emotional hazards,32.0,28.71,31.57,30.27,30.79
05_Schafgasse_1_000014_000140,24,dog (white),emotional hazards,62.0,14.09,17.93,17.43,17.68
05_Schafgasse_1_000015_000060,27,bobby car (red),emotional hazards,25.0,43.62,46.13,44.4,45.27
05_Schafgasse_1_000015_000100,27,bobby car (red),emotional hazards,36.0,29.06,33.81,33.11,33.41
05_Schafgasse_1_000015_000140,27,bobby car (red),emotional hazards,68.0,14.93,18.6,18.43,18.49
05_Schafgasse_1_000016_000030,27,bobby car (red),emotional hazards,20.0,52.31,41.72,40.9,41.35
05_Schafgasse_1_000016_000070,27,bobby car (red),emotional hazards,24.0,45.53,38.3,37.13,37.57
05_Schafgasse_1_000016_000110,27,bobby car (red),emotional hazards,34.0,31.6,27.8,27.19,27.35
05_Schafgasse_1_000016_000150,27,bobby car (red),emotional hazards,63.0,16.08,16.69,16.46,16.53
05_Schafgasse_1_000017_000040,26,bobby car (gray),emotional hazards,21.0,52.37,45.39,43.83,44.39
05_Schafgasse_1_000017_000080,26,bobby car (gray),emotional hazards,26.0,43.18,37.41,36.21,36.66
05_Schafgasse_1_000017_000120,26,bobby car (gray),emotional hazards,35.0,28.26,26.43,25.82,26.13
05_Schafgasse_1_000017_000160,26,bobby car (gray),emotional hazards,70.0,14.1,16.37,16.09,16.19
05_Schafgasse_1_000018_000040,24,dog (white),emotional hazards,23.0,52.2,42.22,40.56,41.32
05_Schafgasse_1_000018_000080,24,dog (white),emotional hazards,29.0,39.39,35.33,33.89,34.47
05_Schafgasse_1_000018_000120,24,dog (white),emotional hazards,50.0,21.02,21.15,20.8,20.91
05_Schafgasse_1_000019_000070,23,dog (black),emotional hazards,21.0,58.47,46.22,44.64,45.42
05_Schafgasse_1_000019_000110,23,dog (black),emotional hazards,28.0,48.86,39.77,37.47,38.5
05_Schafgasse_1_000019_000150,23,dog (black),emotional hazards,37.0,33.25,28.38,26.98,27.65
05_Schafgasse_1_000019_000190,23,dog (black),emotional hazards,68.0,15.91,17.33,16.75,16.97
07_Festplatz_Flugfeld_000000_000040,04,crate (gray),standard objects,8.0,77.52,60.67,57.35,58.47
07_Festplatz_Flugfeld_000000_000040,05,"crate (gray, 2x stacked)",standard objects,11.0,91.55,70.33,62.65,65.33
07_Festplatz_Flugfeld_000000_000040,06,"crate (gray, upright)",standard objects,15.0,106.56,78.14,69.49,73.95
07_Festplatz_Flugfeld_000000_000080,04,crate (gray),standard objects,8.0,64.92,56.62,53.22,54.75
07_Festplatz_Flugfeld_000000_000080,05,"crate (gray, 2x stacked)",standard objects,12.0,76.82,71.93,65.33,67.74
07_Festplatz_Flugfeld_000000_000080,06,"crate (gray, upright)",standard objects,17.0,94.08,75.79,69.11,72.1
07_Festplatz_Flugfeld_000000_000120,04,crate (gray),standard objects,9.0,48.99,45.22,43.15,43.89
07_Festplatz_Flugfeld_000000_000120,05,"crate (gray, 2x stacked)",standard objects,13.0,63.95,59.36,55.02,56.72
07_Festplatz_Flugfeld_000000_000120,06,"crate (gray, upright)",standard objects,21.0,68.72,64.32,57.7,60.46
07_Festplatz_Flugfeld_000000_000160,04,crate (gray),standard objects,14.0,33.12,33.71,32.2,32.77
07_Festplatz_Flugfeld_000000_000160,05,"crate (gray, 2x stacked)",standard objects,19.0,47.21,45.52,41.87,43.21
07_Festplatz_Flugfeld_000000_000160,06,"crate (gray, upright)",standard objects,30.0,52.01,48.99,46.48,47.59
07_Festplatz_Flugfeld_000000_000200,04,crate (gray),standard objects,24.0,18.02,20.82,20.55,20.66
07_Festplatz_Flugfeld_000000_000200,05,"crate (gray, 2x stacked)",standard objects,26.0,31.42,33.52,32.39,32.78
07_Festplatz_Flugfeld_000000_000200,06,"crate (gray, upright)",standard objects,42.0,36.24,39.14,37.27,37.78
07_Festplatz_Flugfeld_000000_000240,05,"crate (gray, 2x stacked)",standard objects,51.0,15.84,19.89,19.66,19.76
07_Festplatz_Flugfeld_000000_000240,06,"crate (gray, upright)",standard objects,64.0,20.94,25.54,24.89,25.19
07_Festplatz_Flugfeld_000001_000040,03,"crate (black, upright)",standard objects,7.0,88.02,59.73,55.31,57.42
07_Festplatz_Flugfeld_000001_000040,02,"crate (black, 2x stacked)",standard objects,10.0,104.11,74.88,66.28,68.71
07_Festplatz_Flugfeld_000001_000040,01,crate (black),standard objects,9.0,99.3,62.68,57.58,59.05
07_Festplatz_Flugfeld_000001_000080,03,"crate (black, upright)",standard objects,11.0,73.41,58.53,53.74,55.53
07_Festplatz_Flugfeld_000001_000080,02,"crate (black, 2x stacked)",standard objects,11.0,93.0,73.06,67.78,70.42
07_Festplatz_Flugfeld_000001_000080,01,crate (black),standard objects,9.0,87.15,61.88,57.6,58.88
07_Festplatz_Flugfeld_000001_000120,03,"crate (black, upright)",standard objects,13.0,52.22,49.01,45.16,46.49
07_Festplatz_Flugfeld_000001_000120,02,"crate (black, 2x stacked)",standard objects,14.0,70.93,62.78,57.67,59.68
07_Festplatz_Flugfeld_000001_000120,01,crate (black),standard objects,11.0,64.13,54.01,50.1,51.53
07_Festplatz_Flugfeld_000001_000160,03,"crate (black, upright)",standard objects,20.0,34.27,32.25,30.71,31.26
07_Festplatz_Flugfeld_000001_000160,02,"crate (black, 2x stacked)",standard objects,21.0,50.39,46.84,43.02,44.44
07_Festplatz_Flugfeld_000001_000160,01,crate (black),standard objects,17.0,47.37,38.92,36.35,37.2
07_Festplatz_Flugfeld_000001_000200,03,"crate (black, upright)",standard objects,42.0,16.73,19.22,18.96,19.05
07_Festplatz_Flugfeld_000001_000200,02,"crate (black, 2x stacked)",standard objects,32.0,32.75,35.75,35.11,35.28
07_Festplatz_Flugfeld_000001_000200,01,crate (black),standard objects,28.0,29.38,28.0,27.7,27.86
07_Festplatz_Flugfeld_000002_000190,08,cardboard box,random hazards,11.0,86.86,67.08,61.2,63.35
07_Festplatz_Flugfeld_000002_000190,07,bumper,random hazards,17.0,99.53,76.47,68.91,72.31
07_Festplatz_Flugfeld_000002_000230,08,cardboard box,random hazards,11.0,76.87,59.25,54.77,56.48
07_Festplatz_Flugfeld_000002_000230,07,bumper,random hazards,18.0,84.86,64.85,62.2,63.24
07_Festplatz_Flugfeld_000002_000270,08,cardboard box,random hazards,14.0,65.08,56.37,51.22,53.13
07_Festplatz_Flugfeld_000002_000270,07,bumper,random hazards,23.0,74.13,64.66,60.52,63.39
07_Festplatz_Flugfeld_000002_000310,08,cardboard box,random hazards,19.0,48.05,43.18,40.02,41.07
07_Festplatz_Flugfeld_000002_000310,07,bumper,random hazards,26.0,57.05,51.84,49.67,50.63
07_Festplatz_Flugfeld_000002_000350,08,cardboard box,random hazards,26.0,31.73,30.08,29.44,29.62
07_Festplatz_Flugfeld_000002_000350,07,bumper,random hazards,35.0,40.65,38.98,38.07,38.39
07_Festplatz_Flugfeld_000002_000390,08,cardboard box,random hazards,49.0,18.09,22.1,21.72,21.84
07_Festplatz_Flugfeld_000002_000390,07,bumper,random hazards,58.0,25.89,32.05,30.94,31.21
07_Festplatz_Flugfeld_000002_000430,07,bumper,random hazards,95.0,14.14,19.47,18.92,19.11
07_Festplatz_Flugfeld_000003_000100,34,styrofoam,random hazards,5.0,76.96,59.52,57.08,57.99
07_Festplatz_Flugfeld_000003_000100,07,bumper,random hazards,16.0,89.7,70.6,66.58,68.07
07_Festplatz_Flugfeld_000003_000140,34,styrofoam,random hazards,6.0,62.07,55.34,52.93,53.72
07_Festplatz_Flugfeld_000003_000140,07,bumper,random hazards,18.0,76.01,69.07,64.05,66.5
07_Festplatz_Flugfeld_000003_000180,34,styrofoam,random hazards,9.0,45.84,43.17,41.24,41.95
07_Festplatz_Flugfeld_000003_000180,07,bumper,random hazards,24.0,60.28,57.31,54.06,55.35
07_Festplatz_Flugfeld_000003_000220,34,styrofoam,random hazards,13.0,32.7,33.17,31.95,32.47
07_Festplatz_Flugfeld_000003_000220,07,bumper,random hazards,29.0,47.44,48.76,47.39,47.98
07_Festplatz_Flugfeld_000003_000260,34,styrofoam,random hazards,25.0,18.93,21.7,20.8,21.17
07_Festplatz_Flugfeld_000003_000260,07,bumper,random hazards,38.0,34.24,35.57,34.0,34.47
07_Festplatz_Flugfeld_000003_000300,07,bumper,random hazards,73.0,19.75,24.46,23.74,24.06
07_Festplatz_Flugfeld_000003_000340,07,bumper,random hazards,215.0,7.54,10.57,9.95,10.15
07_Festplatz_Flugfeld_000004_000060,08,cardboard box,random hazards,10.0,51.6,43.61,41.52,42.14
07_Festplatz_Flugfeld_000004_000060,20,tire,random hazards,15.0,48.55,39.22,37.59,38.15
07_Festplatz_Flugfeld_000004_000100,08,cardboard box,random hazards,12.0,43.65,35.86,34.45,35.0
07_Festplatz_Flugfeld_000004_000100,20,tire,random hazards,20.0,38.09,31.5,30.03,30.59
07_Festplatz_Flugfeld_000004_000140,08,cardboard box,random hazards,18.0,30.37,29.02,28.27,28.47
07_Festplatz_Flugfeld_000004_000140,20,tire,random hazards,34.0,23.81,23.68,23.1,23.26
07_Festplatz_Flugfeld_000004_000180,08,cardboard box,random hazards,28.0,17.31,19.76,19.51,19.63
07_Festplatz_Flugfeld_000004_000180,20,tire,random hazards,71.0,10.66,12.2,11.91,12.01
07_Festplatz_Flugfeld_000004_000220,08,cardboard box,random hazards,80.0,6.89,8.91,8.71,8.79
07_Festplatz_Flugfeld_000005_000050,09,crate (blue),random hazards,13.0,43.17,41.44,38.98,39.82
07_Festplatz_Flugfeld_000005_000050,13,exhaust pipe,random hazards,16.0,48.38,41.6,39.17,40.16
07_Festplatz_Flugfeld_000005_000090,09,crate (blue),random hazards,16.0,35.7,35.13,33.88,34.29
07_Festplatz_Flugfeld_000005_000090,13,exhaust pipe,random hazards,20.0,39.95,35.85,34.13,34.79
07_Festplatz_Flugfeld_000005_000130,09,crate (blue),random hazards,25.0,24.88,26.23,25.62,25.77
07_Festplatz_Flugfeld_000005_000130,13,exhaust pipe,random hazards,29.0,28.88,27.5,25.95,26.57
07_Festplatz_Flugfeld_000005_000170,09,crate (blue),random hazards,44.0,12.9,15.39,15.25,15.3
07_Festplatz_Flugfeld_000005_000170,13,exhaust pipe,random hazards,43.0,17.13,17.91,17.28,17.45
15_Rechbergstr_Deckenpfronn_000000_000040,39,kid (walking),humans,52.0,44.16,49.29,48.57,48.74
15_Rechbergstr_Deckenpfronn_000000_000040,40,kid (on a bobby car),humans,48.0,43.18,49.0,48.32,48.5
15_Rechbergstr_Deckenpfronn_000000_000080,39,kid (walking),humans,50.0,45.09,50.14,48.72,49.46
15_Rechbergstr_Deckenpfronn_000000_000080,40,kid (on a bobby car),humans,50.0,43.24,49.16,48.24,48.59
15_Rechbergstr_Deckenpfronn_000000_000120,40,kid (on a bobby car),humans,45.0,44.11,49.96,49.25,49.49
15_Rechbergstr_Deckenpfronn_000000_000120,41,kid (on a small bobby car),humans,37.0,46.99,51.69,50.23,50.59
15_Rechbergstr_Deckenpfronn_000000_000160,40,kid (on a bobby car),humans,47.0,47.93,49.77,49.15,49.41
15_Rechbergstr_Deckenpfronn_000000_000160,41,kid (on a small bobby car),humans,37.0,47.58,50.96,49.05,49.62
15_Rechbergstr_Deckenpfronn_000001_000050,40,kid (on a bobby car),humans,25.0,63.6,64.04,62.4,63.18
15_Rechbergstr_Deckenpfronn_000001_000050,41,kid (on a small bobby car),humans,26.0,62.04,63.69,59.99,61.12
15_Rechbergstr_Deckenpfronn_000001_000050,39,kid (walking),humans,33.0,64.56,65.42,64.07,64.71
15_Rechbergstr_Deckenpfronn_000001_000050,40,kid (on a bobby car),humans,28.0,62.46,61.8,60.54,61.1
15_Rechbergstr_Deckenpfronn_000001_000090,40,kid (on a bobby car),humans,28.0,63.56,61.9,60.04,60.77
15_Rechbergstr_Deckenpfronn_000001_000090,39,kid (walking),humans,34.0,63.76,62.71,61.21,61.85
15_Rechbergstr_Deckenpfronn_000001_000090,40,kid (on a bobby car),humans,27.0,62.13,59.83,59.32,59.53
15_Rechbergstr_Deckenpfronn_000001_000090,41,kid (on a small bobby car),humans,26.0,62.34,61.53,58.25,59.43
15_Rechbergstr_Deckenpfronn_000001_000130,41,kid (on a small bobby car),humans,26.0,61.92,62.62,59.4,60.66
15_Rechbergstr_Deckenpfronn_000001_000130,40,kid (on a bobby car),humans,35.0,63.6,64.26,61.41,62.44
15_Rechbergstr_Deckenpfronn_000001_000130,40,kid (on a bobby car),humans,13.0,61.13,60.96,60.06,60.38
15_Rechbergstr_Deckenpfronn_000001_000170,41,kid (on a small bobby car),humans,26.0,61.98,63.3,60.05,61.24
15_Rechbergstr_Deckenpfronn_000001_000170,40,kid (on a bobby car),humans,12.0,64.53,68.53,65.61,66.83
15_Rechbergstr_Deckenpfronn_000001_000170,40,kid (on a bobby car),humans,29.0,64.01,63.84,62.17,62.71
15_Rechbergstr_Deckenpfronn_000001_000170,39,kid (walking),humans,30.0,64.08,65.81,63.3,64.26
15_Rechbergstr_Deckenpfronn_000001_000170,40,kid (on a bobby car),humans,29.0,62.34,61.67,60.71,61.09
15_Rechbergstr_Deckenpfronn_000001_000210,41,kid (on a small bobby car),humans,26.0,61.89,62.93,59.59,60.65
15_Rechbergstr_Deckenpfronn_000001_000210,40,kid (on a bobby car),humans,15.0,63.29,63.35,60.53,61.6
15_Rechbergstr_Deckenpfronn_000001_000210,40,kid (on a bobby car),humans,34.0,61.13,59.1,58.27,58.5
15_Rechbergstr_Deckenpfronn_000001_000250,40,kid (on a bobby car),humans,16.0,63.42,60.78,59.83,60.15
15_Rechbergstr_Deckenpfronn_000001_000250,41,kid (on a small bobby car),humans,26.0,62.8,60.63,59.27,59.84
15_Rechbergstr_Deckenpfronn_000001_000250,40,kid (on a bobby car),humans,34.0,61.81,57.21,56.53,56.7
15_Rechbergstr_Deckenpfronn_000001_000290,41,kid (on a small bobby car),humans,26.0,61.87,61.77,60.67,61.0
15_Rechbergstr_Deckenpfronn_000001_000290,40,kid (on a bobby car),humans,34.0,61.63,61.09,60.12,60.3
15_Rechbergstr_Deckenpfronn_000001_000290,39,kid (walking),humans,33.0,63.7,66.27,65.52,65.73
15_Rechbergstr_Deckenpfronn_000001_000290,39,kid (walking),humans,34.0,63.57,65.99,65.52,65.73
15_Rechbergstr_Deckenpfronn_000002_000140,40,kid (on a bobby car),humans,55.0,37.5,41.87,41.13,41.45
15_Rechbergstr_Deckenpfronn_000002_000180,40,kid (on a bobby car),humans,71.0,31.04,32.34,31.99,32.1
15_Rechbergstr_Deckenpfronn_000003_000150,40,kid (on a bobby car),humans,70.0,30.42,31.93,31.34,31.52
15_Rechbergstr_Deckenpfronn_000004_000160,41,kid (on a small bobby car),humans,41.0,40.22,42.34,41.53,41.78
15_Rechbergstr_Deckenpfronn_000004_000200,41,kid (on a small bobby car),humans,56.0,31.3,35.76,34.63,35.04
15_Rechbergstr_Deckenpfronn_000004_000240,41,kid (on a small bobby car),humans,79.0,21.23,24.88,24.59,24.7
15_Rechbergstr_Deckenpfronn_000004_000280,41,kid (on a small bobby car),humans,120.0,14.11,18.11,17.88,17.95
15_Rechbergstr_Deckenpfronn_000005_000040,42,kid (crawling),humans,84.0,12.54,15.75,15.63,15.66
15_Rechbergstr_Deckenpfronn_000005_000080,42,kid (crawling),humans,68.0,12.68,15.81,15.57,15.67
15_Rechbergstr_Deckenpfronn_000006_000100,39,kid (walking),humans,47.0,45.15,48.71,47.56,48.16
15_Rechbergstr_Deckenpfronn_000006_000140,39,kid (walking),humans,55.0,40.46,41.92,41.53,41.68
15_Rechbergstr_Deckenpfronn_000006_000180,39,kid (walking),humans,75.0,31.62,37.8,36.04,36.85
15_Rechbergstr_Deckenpfronn_000006_000220,39,kid (walking),humans,98.0,25.04,28.92,28.54,28.7
15_Rechbergstr_Deckenpfronn_000006_000260,39,kid (walking),humans,118.0,19.23,24.91,24.55,24.68
15_Rechbergstr_Deckenpfronn_000006_000340,39,kid (walking),humans,218.0,10.55,13.85,13.59,13.67
15_Rechbergstr_Deckenpfronn_000007_000060,39,kid (walking),humans,46.0,50.35,59.49,57.3,58.15
15_Rechbergstr_Deckenpfronn_000007_000180,39,kid (walking),humans,74.0,31.96,34.89,33.07,33.87
15_Rechbergstr_Deckenpfronn_000007_000260,39,kid (walking),humans,117.0,18.57,24.13,23.66,23.85
