frame,scene,condition,class,category,predicted_class,visibility,box_height_px,true_centre_m,true_nearest_surface_m,lateral_gap_m,metric3d-v2-small-fp16+bright-contrast_median,metric3d-v2-small-fp16+bright-contrast_p10,metric3d-v2-small-fp16+bright-contrast_p25,in_path
fc5171d2a56e46a593f7d3e90e5de0ea,scene-1077,night,car,vehicle.car,car,v80-100,195.5,15.0,12.49,5.09,11.24,10.87,11.0,False
16575dd8d5f744bd88e65b2fc28f9cd1,scene-1077,night,car,vehicle.car,car,v80-100,35.5,69.11,66.55,16.6,44.8,40.36,42.6,False
16575dd8d5f744bd88e65b2fc28f9cd1,scene-1077,night,car,vehicle.car,car,v80-100,173.4,16.12,13.7,4.45,12.91,12.58,12.69,False
16575dd8d5f744bd88e65b2fc28f9cd1,scene-1077,night,car,vehicle.car,car,v80-100,58.9,38.6,36.02,0.0,29.09,26.4,27.17,True
018a53cd2bd24f8085c57f286f83440d,scene-1077,night,car,vehicle.car,car,v80-100,152.9,17.16,14.83,3.05,16.22,15.93,16.02,False
018a53cd2bd24f8085c57f286f83440d,scene-1077,night,car,vehicle.car,car,v80-100,50.9,43.26,40.83,6.29,38.57,37.71,37.98,False
018a53cd2bd24f8085c57f286f83440d,scene-1077,night,car,vehicle.car,car,v80-100,41.1,57.8,55.22,0.0,44.03,41.27,43.0,True
c976f61a80744991951456098cfde3c5,scene-1077,night,car,vehicle.car,car,v80-100,134.1,18.45,16.16,1.19,18.48,18.06,18.25,True
c976f61a80744991951456098cfde3c5,scene-1077,night,car,vehicle.car,car,v80-100,47.0,45.89,43.48,0.0,41.33,41.11,41.17,True
73b2d06d6b324d4db30ae507cb0385f7,scene-1077,night,car,vehicle.car,car,v80-100,126.6,19.45,17.17,0.0,18.79,18.36,18.52,True
73b2d06d6b324d4db30ae507cb0385f7,scene-1077,night,car,vehicle.car,car,v80-100,45.2,48.6,46.21,2.8,44.0,43.58,43.76,False
3a308cf9cf9a4e60a103da1b9edb4850,scene-1077,night,car,vehicle.car,car,v80-100,42.1,51.47,49.05,4.78,49.44,48.69,48.96,False
3a308cf9cf9a4e60a103da1b9edb4850,scene-1077,night,car,vehicle.car,car,v80-100,51.5,44.19,41.53,10.83,38.43,35.57,36.86,False
3a308cf9cf9a4e60a103da1b9edb4850,scene-1077,night,car,vehicle.car,car,v80-100,120.7,20.38,18.1,0.0,19.48,19.03,19.2,True
6f9c54f157b347619b5259cc8002fa11,scene-1077,night,car,vehicle.car,car,v80-100,39.8,54.07,51.76,5.24,55.61,54.77,54.99,False
6f9c54f157b347619b5259cc8002fa11,scene-1077,night,car,vehicle.car,car,v80-100,34.3,65.36,62.8,12.05,49.61,45.53,47.05,False
6f9c54f157b347619b5259cc8002fa11,scene-1077,night,car,vehicle.car,car,v80-100,26.7,80.45,78.16,12.65,53.86,51.62,52.56,False
6f9c54f157b347619b5259cc8002fa11,scene-1077,night,car,vehicle.car,car,v80-100,122.6,22.95,20.32,10.72,26.51,20.31,22.24,False
6f9c54f157b347619b5259cc8002fa11,scene-1077,night,car,vehicle.car,car,v80-100,48.0,48.69,46.07,10.38,44.56,41.91,42.97,False
6f9c54f157b347619b5259cc8002fa11,scene-1077,night,car,vehicle.car,car,v80-100,117.3,20.86,18.58,0.0,21.27,20.77,20.93,True
03ff7abc0df34efa8e6e61138af392e0,scene-1077,night,car,vehicle.car,car,v80-100,38.4,56.43,54.11,5.54,58.26,57.07,57.8,False
03ff7abc0df34efa8e6e61138af392e0,scene-1077,night,car,vehicle.car,car,v80-100,91.8,28.05,25.38,11.38,27.47,23.66,25.08,False
03ff7abc0df34efa8e6e61138af392e0,scene-1077,night,car,vehicle.car,car,v80-100,114.1,21.36,19.08,0.0,21.1,20.7,20.85,True
03ff7abc0df34efa8e6e61138af392e0,scene-1077,night,car,vehicle.car,car,v80-100,50.8,55.78,53.22,20.66,45.62,42.58,44.61,False
03ff7abc0df34efa8e6e61138af392e0,scene-1077,night,car,vehicle.car,car,v80-100,60.9,39.76,37.11,10.43,38.13,37.39,37.8,False
03ff7abc0df34efa8e6e61138af392e0,scene-1077,night,car,vehicle.car,car,v80-100,30.1,72.55,70.25,12.88,48.91,46.43,47.94,False
a4fd7545ff374e7697358dcac68180f0,scene-1077,night,car,vehicle.car,car,v80-100,64.7,46.4,43.83,20.78,38.99,37.31,37.71,False
a4fd7545ff374e7697358dcac68180f0,scene-1077,night,car,vehicle.car,car,v80-100,37.0,58.6,56.29,5.71,67.51,65.67,66.73,False
a4fd7545ff374e7697358dcac68180f0,scene-1077,night,car,vehicle.car,car,v80-100,34.3,74.78,72.28,22.0,41.58,37.44,40.2,False
a4fd7545ff374e7697358dcac68180f0,scene-1077,night,car,vehicle.car,car,v80-100,110.1,21.83,19.55,0.0,21.72,21.4,21.49,True
a4fd7545ff374e7697358dcac68180f0,scene-1077,night,car,vehicle.car,car,v80-100,48.1,48.55,45.96,12.15,40.03,38.54,39.54,False
ff63efe960494c74b5c77a1324af336d,scene-1077,night,car,vehicle.car,car,v80-100,39.7,66.0,63.49,23.59,45.04,43.5,44.19,False
ff63efe960494c74b5c77a1324af336d,scene-1077,night,car,vehicle.car,car,v80-100,58.4,40.74,38.13,12.09,40.54,36.34,38.66,False
ff63efe960494c74b5c77a1324af336d,scene-1077,night,car,vehicle.car,car,v80-100,108.5,22.13,19.85,0.0,22.4,21.97,22.13,True
ff63efe960494c74b5c77a1324af336d,scene-1077,night,car,vehicle.car,car,v80-100,121.8,23.34,20.65,10.49,23.02,21.26,22.28,False
ff63efe960494c74b5c77a1324af336d,scene-1077,night,car,vehicle.car,car,v80-100,35.3,60.42,58.12,5.46,66.76,64.64,65.68,False
7fc914ee8d9743fcb7cea856d89ed3c9,scene-1077,night,car,vehicle.car,car,v80-100,67.2,38.54,35.93,17.43,29.64,25.95,27.46,False
7fc914ee8d9743fcb7cea856d89ed3c9,scene-1077,night,car,vehicle.car,car,v80-100,47.2,47.77,45.41,12.28,39.72,37.16,38.14,False
7fc914ee8d9743fcb7cea856d89ed3c9,scene-1077,night,car,vehicle.car,car,v80-100,82.1,30.83,28.19,11.71,28.19,25.97,26.67,False
7fc914ee8d9743fcb7cea856d89ed3c9,scene-1077,night,car,vehicle.car,car,v80-100,32.8,64.82,62.52,5.67,70.1,67.4,68.92,False
7fc914ee8d9743fcb7cea856d89ed3c9,scene-1077,night,car,vehicle.car,car,v80-100,106.2,22.53,20.25,0.0,22.41,22.07,22.24,True
7fc914ee8d9743fcb7cea856d89ed3c9,scene-1077,night,car,vehicle.car,car,v60-80,42.9,56.42,53.85,17.24,41.28,38.62,39.44,False
ff2ac4c5789941c5b3f57e337ac4ee9b,scene-1077,night,car,vehicle.car,car,v80-100,106.5,22.78,20.5,0.0,22.78,22.54,22.63,True
ff2ac4c5789941c5b3f57e337ac4ee9b,scene-1077,night,car,vehicle.car,car,v80-100,46.8,57.62,55.13,22.38,50.06,46.08,47.9,False
777b4a848cb44aad8cff5729011469d4,scene-1077,night,car,vehicle.car,car,v80-100,109.0,22.78,20.49,0.0,22.73,22.4,22.55,True
777b4a848cb44aad8cff5729011469d4,scene-1077,night,car,vehicle.car,car,v80-100,31.5,70.18,67.88,5.54,78.55,74.31,77.11,False
777b4a848cb44aad8cff5729011469d4,scene-1077,night,car,vehicle.car,car,v80-100,34.2,69.77,67.05,13.26,48.95,46.92,47.82,False
a427ed5bd5c94af1b88ba5bba662f837,scene-1077,night,car,vehicle.car,car,v60-80,80.3,34.21,31.57,12.34,30.2,23.9,24.64,False
a427ed5bd5c94af1b88ba5bba662f837,scene-1077,night,car,vehicle.car,car,v80-100,109.1,22.69,20.4,0.0,22.84,22.54,22.63,True
f4b30e3cdfca497c87a6640276e1b573,scene-1077,night,car,vehicle.car,car,v80-100,63.5,41.63,38.98,16.56,34.78,23.01,33.23,False
f4b30e3cdfca497c87a6640276e1b573,scene-1077,night,car,vehicle.car,car,v80-100,108.2,22.85,20.57,0.0,23.45,23.1,23.2,True
53bf4f9f335b4180bf3ffa998853d6c2,scene-1077,night,car,vehicle.car,car,v80-100,108.4,22.88,20.6,0.0,23.11,22.74,22.84,True
53bf4f9f335b4180bf3ffa998853d6c2,scene-1077,night,car,vehicle.car,car,v80-100,29.3,75.38,73.09,5.29,79.76,76.47,78.26,False
941df6343d944a659e16b892e023931c,scene-1077,night,car,vehicle.car,car,v80-100,105.0,23.19,20.9,0.0,24.27,23.83,23.97,True
a534bc510aba4393bc620e7c8121b69c,scene-1077,night,car,vehicle.car,car,v80-100,105.1,23.45,21.17,0.0,22.44,22.06,22.16,True
a534bc510aba4393bc620e7c8121b69c,scene-1077,night,car,vehicle.car,car,v80-100,27.4,79.93,77.64,4.61,58.5,30.27,51.79,False
e37de16d519e4af6beaba685eae05a57,scene-1077,night,car,vehicle.car,car,v80-100,103.9,23.68,21.39,0.0,23.37,23.0,23.11,True
f9c324a0d723415e92f7503ced9a7389,scene-1077,night,car,vehicle.car,car,v80-100,101.7,23.81,21.52,0.0,23.22,22.88,22.96,True
54e94f89fb124c32940a224c196a49c0,scene-1077,night,car,vehicle.car,car,v80-100,90.5,30.56,27.84,11.92,28.88,23.47,24.67,False
54e94f89fb124c32940a224c196a49c0,scene-1077,night,car,vehicle.car,car,v80-100,102.3,23.91,21.63,0.0,24.86,24.39,24.49,True
7d10c94f6a104fc0882fe126533d31e3,scene-1077,night,car,vehicle.car,car,v80-100,34.7,69.55,67.08,11.9,42.17,41.22,41.67,False
7d10c94f6a104fc0882fe126533d31e3,scene-1077,night,car,vehicle.car,car,v80-100,100.8,24.13,21.84,0.0,25.12,24.78,24.86,True
1636a50b7f3b403e899910eea8ce2e23,scene-1077,night,car,vehicle.car,car,v80-100,100.9,24.14,21.84,0.0,25.49,25.03,25.14,True
1636a50b7f3b403e899910eea8ce2e23,scene-1077,night,car,vehicle.car,car,v80-100,43.3,56.95,54.43,11.81,40.06,38.26,39.46,False
1636a50b7f3b403e899910eea8ce2e23,scene-1077,night,bus,vehicle.bus.rigid,car,v80-100,151.9,50.1,44.08,20.33,30.29,19.75,26.22,False
efc0530010574686a81ea923e2a77955,scene-1077,night,car,vehicle.car,car,v80-100,57.7,44.37,41.8,11.94,39.58,38.23,38.59,False
efc0530010574686a81ea923e2a77955,scene-1077,night,car,vehicle.car,car,v80-100,101.9,23.99,21.69,0.0,25.31,24.97,25.03,True
d80d00fe8aa444b7b04ae588b5e55ea0,scene-1077,night,car,vehicle.car,car,v80-100,85.0,32.65,30.01,12.32,31.06,29.85,30.23,False
d80d00fe8aa444b7b04ae588b5e55ea0,scene-1077,night,car,vehicle.car,car,v80-100,103.1,23.75,21.44,0.0,25.21,24.84,24.98,True
d80d00fe8aa444b7b04ae588b5e55ea0,scene-1077,night,car,vehicle.car,car,v80-100,52.2,48.44,45.99,8.96,37.79,35.82,36.55,False
da25480e018a40f5b86e16e5432e4fc8,scene-1077,night,car,vehicle.car,car,v80-100,70.6,36.63,34.14,9.46,34.87,33.24,33.94,False
da25480e018a40f5b86e16e5432e4fc8,scene-1077,night,car,vehicle.car,car,v80-100,101.8,23.65,21.33,0.0,24.76,24.31,24.44,True
b2e2c08229454e5587d05d2616877139,scene-1077,night,car,vehicle.car,car,v80-100,120.4,24.21,21.69,10.03,22.47,16.7,19.88,False
b2e2c08229454e5587d05d2616877139,scene-1077,night,car,vehicle.car,car,v80-100,102.2,23.52,21.19,0.0,24.76,24.36,24.48,True
8f2f799ccddb430aa6caa323d134014a,scene-1077,night,car,vehicle.car,car,v80-100,105.2,23.24,20.9,0.0,23.99,23.64,23.73,True
2edd8a4e2b484a22b0ec566f2f2e9b95,scene-1077,night,car,vehicle.car,car,v80-100,106.0,22.99,20.66,0.0,23.98,23.33,23.59,True
341e20164fcb47cbb22332a47013bdb6,scene-1077,night,car,vehicle.car,car,v80-100,32.4,65.24,62.85,11.67,40.97,40.25,40.54,False
341e20164fcb47cbb22332a47013bdb6,scene-1077,night,car,vehicle.car,car,v80-100,106.4,22.69,20.35,0.0,23.97,23.36,23.6,True
1a73ab0790a0423bbd317c10bebf7f23,scene-1077,night,car,vehicle.car,car,v80-100,40.5,52.75,50.33,11.93,36.2,35.12,35.69,False
1a73ab0790a0423bbd317c10bebf7f23,scene-1077,night,car,vehicle.car,car,v80-100,19.7,106.27,103.89,4.49,50.39,48.51,49.25,False
1a73ab0790a0423bbd317c10bebf7f23,scene-1077,night,car,vehicle.car,car,v80-100,106.3,22.53,20.18,0.0,23.76,23.3,23.44,True
2e63eb8c6e91493292396908c1257f31,scene-1077,night,car,vehicle.car,car,v80-100,55.5,40.44,37.98,11.88,33.9,31.71,32.66,False
2e63eb8c6e91493292396908c1257f31,scene-1077,night,car,vehicle.car,car,v80-100,66.7,39.54,36.97,17.99,34.05,31.56,32.95,False
2e63eb8c6e91493292396908c1257f31,scene-1077,night,car,vehicle.car,car,v80-100,36.2,61.58,59.12,13.04,36.67,35.19,35.82,False
2e63eb8c6e91493292396908c1257f31,scene-1077,night,car,vehicle.car,car,v80-100,19.5,108.02,105.66,5.6,49.46,47.32,48.08,False
2e63eb8c6e91493292396908c1257f31,scene-1077,night,car,vehicle.car,car,v80-100,107.2,22.45,20.11,0.0,24.04,23.47,23.64,True
9c46f52aa0674d528647cd892968f78b,scene-1077,night,car,vehicle.car,car,v80-100,46.7,48.72,46.23,12.8,34.46,32.83,33.4,False
9c46f52aa0674d528647cd892968f78b,scene-1077,night,car,vehicle.car,car,v80-100,107.1,22.34,19.99,0.0,24.74,24.39,24.52,True
f0a02178f2f5410f91c903bf632ee296,scene-1077,night,car,vehicle.car,car,v80-100,68.2,35.34,32.79,12.37,29.72,28.41,29.16,False
f0a02178f2f5410f91c903bf632ee296,scene-1077,night,car,vehicle.car,car,v80-100,106.9,22.3,19.94,0.0,24.85,24.39,24.53,True
1402826678e143fdbe22da3080dd36d8,scene-1077,night,car,vehicle.car,car,v60-80,35.9,66.38,63.8,19.2,37.45,32.51,34.96,False
1402826678e143fdbe22da3080dd36d8,scene-1077,night,car,vehicle.car,car,v80-100,104.5,22.43,20.09,0.0,23.62,23.24,23.41,True
2d35f62a9daf41a18c15c7a946b0d141,scene-1077,night,car,vehicle.car,car,v60-80,48.3,52.5,49.9,18.12,33.51,30.01,31.38,False
2d35f62a9daf41a18c15c7a946b0d141,scene-1077,night,car,vehicle.car,car,v80-100,105.5,22.54,20.22,0.0,25.26,24.86,24.97,True
6c501bdb8b9d47179d033f033a354e71,scene-1077,night,car,vehicle.car,car,v80-100,87.9,32.65,29.98,13.75,26.04,23.93,24.58,False
6c501bdb8b9d47179d033f033a354e71,scene-1077,night,car,vehicle.car,car,v80-100,104.8,22.59,20.27,0.0,23.94,23.59,23.73,True
6c501bdb8b9d47179d033f033a354e71,scene-1077,night,car,vehicle.car,car,v80-100,18.6,117.04,114.71,11.9,45.37,44.39,44.75,False
4108995c5ea14883bb275041f72eff2c,scene-1077,night,car,vehicle.car,car,v80-100,18.4,118.61,116.29,11.8,47.01,44.85,46.03,False
4108995c5ea14883bb275041f72eff2c,scene-1077,night,car,vehicle.car,car,v80-100,105.0,22.68,20.38,0.0,24.5,24.15,24.32,True
3a69d1b97c33405cae8b45e49de12e0e,scene-1077,night,car,vehicle.car,car,v80-100,18.2,120.3,117.99,11.74,43.31,41.72,42.65,False
3a69d1b97c33405cae8b45e49de12e0e,scene-1077,night,car,vehicle.car,car,v80-100,103.9,22.75,20.46,0.0,24.82,24.46,24.52,True
3a69d1b97c33405cae8b45e49de12e0e,scene-1077,night,car,vehicle.car,car,v80-100,26.3,87.3,84.96,22.19,39.5,38.09,38.61,False
99acf4933a5d4c5ca5690f308f64bd93,scene-1077,night,car,vehicle.car,car,v80-100,18.1,121.92,119.62,11.32,40.75,39.49,40.02,False
99acf4933a5d4c5ca5690f308f64bd93,scene-1077,night,car,vehicle.car,car,v80-100,104.7,22.77,20.48,0.0,24.59,24.16,24.28,True
06d2b0ce23224a5db6d8851ff8cfbb27,scene-1077,night,car,vehicle.car,car,v80-100,17.9,123.52,121.24,10.65,47.75,45.12,46.48,False
06d2b0ce23224a5db6d8851ff8cfbb27,scene-1077,night,car,vehicle.car,car,v80-100,42.4,56.49,54.09,17.26,34.18,32.28,33.2,False
06d2b0ce23224a5db6d8851ff8cfbb27,scene-1077,night,car,vehicle.car,car,v80-100,106.7,22.76,20.48,0.0,25.58,24.88,25.12,True
629da0cec6e84c159fed48f7c3ccafac,scene-1094,night,car,vehicle.car,truck,v80-100,130.3,24.95,22.44,8.17,22.05,21.13,21.74,False
629da0cec6e84c159fed48f7c3ccafac,scene-1094,night,car,vehicle.car,truck,v80-100,147.2,30.67,27.83,6.57,23.48,23.06,23.32,False
629da0cec6e84c159fed48f7c3ccafac,scene-1094,night,pedestrian,human.pedestrian.adult,person,v80-100,64.7,38.37,37.91,6.82,29.29,27.96,29.04,False
629da0cec6e84c159fed48f7c3ccafac,scene-1094,night,car,vehicle.car,car,v80-100,457.6,7.41,5.14,0.0,5.86,5.69,5.74,True
629da0cec6e84c159fed48f7c3ccafac,scene-1094,night,pedestrian,human.pedestrian.adult,person,v80-100,91.9,25.48,25.01,5.87,19.31,18.69,18.99,False
52b308c06f834367a99f05dbe93f9ade,scene-1094,night,car,vehicle.car,truck,v80-100,147.6,30.6,27.75,6.58,24.12,23.68,23.88,False
52b308c06f834367a99f05dbe93f9ade,scene-1094,night,pedestrian,human.pedestrian.adult,person,v80-100,65.8,37.79,37.33,6.8,29.5,28.68,29.17,False
52b308c06f834367a99f05dbe93f9ade,scene-1094,night,pedestrian,human.pedestrian.adult,person,v80-100,67.7,36.79,36.31,18.08,26.99,26.8,26.9,False
52b308c06f834367a99f05dbe93f9ade,scene-1094,night,car,vehicle.car,car,v80-100,430.2,7.76,5.47,0.0,6.13,6.0,6.05,True
52b308c06f834367a99f05dbe93f9ade,scene-1094,night,pedestrian,human.pedestrian.personal_mobility,person,v80-100,289.5,10.21,9.46,4.64,10.32,9.99,10.08,False
91bb1897f021417c9006dd8c0604340c,scene-1094,night,car,vehicle.car,truck,v80-100,148.1,30.52,27.68,6.61,23.24,22.46,22.87,False
91bb1897f021417c9006dd8c0604340c,scene-1094,night,car,vehicle.car,car,v80-100,405.9,8.11,5.8,0.0,6.38,6.23,6.28,True
91bb1897f021417c9006dd8c0604340c,scene-1094,night,pedestrian,human.pedestrian.adult,person,v80-100,68.6,36.14,35.71,17.39,27.92,27.54,27.69,False
91bb1897f021417c9006dd8c0604340c,scene-1094,night,pedestrian,human.pedestrian.adult,person,v80-100,66.8,37.16,36.69,6.44,29.82,27.67,29.24,False
91bb1897f021417c9006dd8c0604340c,scene-1094,night,pedestrian,human.pedestrian.adult,person,v80-100,62.9,37.33,36.89,17.64,28.2,27.83,27.99,False
91bb1897f021417c9006dd8c0604340c,scene-1094,night,car,vehicle.car,car,v80-100,131.7,24.8,22.29,8.17,21.15,20.64,20.8,False
91bb1897f021417c9006dd8c0604340c,scene-1094,night,pedestrian,human.pedestrian.adult,person,v80-100,197.1,13.32,12.88,6.59,10.74,9.85,10.21,False
2f308b453f8641aeb38db15c17f0ed6d,scene-1094,night,car,vehicle.car,truck,v80-100,149.2,30.34,27.49,6.67,23.68,23.13,23.39,False
2f308b453f8641aeb38db15c17f0ed6d,scene-1094,night,pedestrian,human.pedestrian.adult,person,v80-100,69.7,35.48,35.15,16.87,27.98,27.62,27.7,False
2f308b453f8641aeb38db15c17f0ed6d,scene-1094,night,pedestrian,human.pedestrian.adult,person,v80-100,63.3,36.83,36.38,16.95,28.97,28.46,28.65,False
2f308b453f8641aeb38db15c17f0ed6d,scene-1094,night,pedestrian,human.pedestrian.adult,person,v80-100,83.4,26.32,25.85,2.62,19.68,18.75,19.34,False
2f308b453f8641aeb38db15c17f0ed6d,scene-1094,night,car,vehicle.car,car,v80-100,392.1,8.33,6.01,0.0,6.7,6.46,6.53,True
2f308b453f8641aeb38db15c17f0ed6d,scene-1094,night,pedestrian,human.pedestrian.adult,person,v80-100,67.8,36.54,36.01,6.05,29.21,27.83,28.63,False
2f308b453f8641aeb38db15c17f0ed6d,scene-1094,night,pedestrian,human.pedestrian.adult,person,v80-100,96.7,23.83,23.29,3.18,19.45,18.97,19.25,False
d1233582dc804f17ba879d0cf751111a,scene-1094,night,car,vehicle.car,truck,v80-100,151.5,29.92,27.06,6.75,22.27,21.96,22.11,False
d1233582dc804f17ba879d0cf751111a,scene-1094,night,pedestrian,human.pedestrian.adult,person,v80-100,83.4,26.38,25.93,3.18,22.12,21.4,21.73,False
d1233582dc804f17ba879d0cf751111a,scene-1094,night,car,vehicle.car,car,v80-100,381.9,8.52,6.19,0.0,6.94,6.7,6.76,True
d1233582dc804f17ba879d0cf751111a,scene-1094,night,pedestrian,human.pedestrian.adult,person,v80-100,71.4,34.45,34.09,16.06,27.37,27.04,27.13,False
d1233582dc804f17ba879d0cf751111a,scene-1094,night,pedestrian,human.pedestrian.adult,person,v80-100,69.1,35.78,35.2,5.26,28.55,27.95,28.2,False
d1233582dc804f17ba879d0cf751111a,scene-1094,night,car,vehicle.car,car,v80-100,353.8,8.5,6.34,3.56,7.94,7.49,7.67,False
d1233582dc804f17ba879d0cf751111a,scene-1094,night,pedestrian,human.pedestrian.adult,person,v80-100,97.0,23.85,23.31,3.72,21.04,20.34,20.56,False
d1233582dc804f17ba879d0cf751111a,scene-1094,night,pedestrian,human.pedestrian.adult,person,v80-100,91.4,26.4,25.93,8.45,21.8,21.35,21.45,False
d1233582dc804f17ba879d0cf751111a,scene-1094,night,car,vehicle.car,car,v80-100,136.2,24.22,21.7,8.25,20.25,19.63,19.87,False
d1233582dc804f17ba879d0cf751111a,scene-1094,night,pedestrian,human.pedestrian.adult,person,v80-100,63.9,36.2,35.76,16.2,28.76,28.63,28.72,False
cd7cd1aa05d04862a0b8c346f291167e,scene-1094,night,car,vehicle.car,truck,v80-100,154.9,29.22,26.34,6.86,21.66,21.2,21.47,False
cd7cd1aa05d04862a0b8c346f291167e,scene-1094,night,pedestrian,human.pedestrian.adult,person,v80-100,73.3,33.31,32.91,15.24,28.01,27.64,27.82,False
cd7cd1aa05d04862a0b8c346f291167e,scene-1094,night,car,vehicle.car,truck,v80-100,141.0,23.55,21.03,8.32,19.1,18.55,18.7,False
cd7cd1aa05d04862a0b8c346f291167e,scene-1094,night,car,vehicle.car,car,v80-100,385.0,8.52,6.19,0.0,6.89,6.64,6.69,True
cd7cd1aa05d04862a0b8c346f291167e,scene-1094,night,pedestrian,human.pedestrian.adult,person,v80-100,70.6,34.88,34.41,4.51,22.54,21.35,21.61,False
cd7cd1aa05d04862a0b8c346f291167e,scene-1094,night,pedestrian,human.pedestrian.adult,person,v80-100,84.4,26.03,25.57,3.32,20.97,20.75,20.83,False
cd7cd1aa05d04862a0b8c346f291167e,scene-1094,night,pedestrian,human.pedestrian.adult,person,v80-100,99.0,23.45,22.91,4.04,19.55,18.98,19.3,False
cd7cd1aa05d04862a0b8c346f291167e,scene-1094,night,pedestrian,human.pedestrian.adult,person,v80-100,93.3,26.15,25.68,9.09,20.35,20.03,20.17,False
cd7cd1aa05d04862a0b8c346f291167e,scene-1094,night,pedestrian,human.pedestrian.personal_mobility,person,v80-100,359.1,8.47,7.72,3.96,7.21,6.9,7.01,False
c1a7b405ddce4180bdc32190642cda91,scene-1094,night,pedestrian,human.pedestrian.adult,person,v80-100,72.1,34.04,33.6,3.84,27.64,27.17,27.43,False
c1a7b405ddce4180bdc32190642cda91,scene-1094,night,car,vehicle.car,truck,v80-100,149.3,22.66,20.14,8.44,18.0,17.03,17.33,False
c1a7b405ddce4180bdc32190642cda91,scene-1094,night,car,vehicle.car,car,v80-100,402.0,8.33,5.98,0.0,6.29,6.01,6.06,True
c1a7b405ddce4180bdc32190642cda91,scene-1094,night,car,vehicle.car,truck,v80-100,161.4,28.29,25.39,7.04,20.94,20.18,20.61,False
c1a7b405ddce4180bdc32190642cda91,scene-1094,night,pedestrian,human.pedestrian.adult,person,v80-100,76.1,31.9,31.48,14.36,27.3,26.95,27.05,False
c1a7b405ddce4180bdc32190642cda91,scene-1094,night,pedestrian,human.pedestrian.adult,person,v80-100,86.6,25.43,24.98,3.65,20.15,19.59,19.91,False
4533b16ea9124957960f9ccd5eeb2429,scene-1094,night,car,vehicle.car,truck,v80-100,161.0,21.54,19.01,8.49,16.03,15.51,15.69,False
4533b16ea9124957960f9ccd5eeb2429,scene-1094,night,car,vehicle.car,car,v80-100,431.4,8.06,5.73,0.4,6.15,5.78,5.88,True
4533b16ea9124957960f9ccd5eeb2429,scene-1094,night,pedestrian,human.pedestrian.adult,person,v80-100,79.5,30.44,30.0,13.53,25.32,25.1,25.17,False
4533b16ea9124957960f9ccd5eeb2429,scene-1094,night,pedestrian,human.pedestrian.adult,person,v80-100,100.2,25.05,24.6,10.23,17.94,17.61,17.75,False
4533b16ea9124957960f9ccd5eeb2429,scene-1094,night,pedestrian,human.pedestrian.adult,person,v80-100,105.5,22.33,21.81,5.1,16.95,16.55,16.79,False
4533b16ea9124957960f9ccd5eeb2429,scene-1094,night,pedestrian,human.pedestrian.adult,person,v80-100,90.1,24.55,24.1,4.11,21.32,20.4,20.96,False
4533b16ea9124957960f9ccd5eeb2429,scene-1094,night,pedestrian,human.pedestrian.adult,person,v80-100,74.2,32.94,32.5,2.85,27.84,26.63,27.58,False
4533b16ea9124957960f9ccd5eeb2429,scene-1094,night,pedestrian,human.pedestrian.adult,person,v80-100,104.8,20.88,20.52,1.55,18.59,6.92,10.94,False
886031e85e7a43a49fe3cc374cfd9719,scene-1094,night,parked two-wheeler,vehicle.bicycle,bicycle,v80-100,58.3,25.42,25.07,3.58,22.21,21.72,21.97,False
886031e85e7a43a49fe3cc374cfd9719,scene-1094,night,car,vehicle.car,car,v80-100,446.5,7.94,5.61,1.05,5.97,5.51,5.67,True
886031e85e7a43a49fe3cc374cfd9719,scene-1094,night,pedestrian,human.pedestrian.adult,person,v80-100,72.1,31.44,31.03,13.24,29.1,28.86,28.95,False
886031e85e7a43a49fe3cc374cfd9719,scene-1094,night,pedestrian,human.pedestrian.adult,person,v80-100,108.6,20.15,19.8,1.53,15.65,15.22,15.49,False
886031e85e7a43a49fe3cc374cfd9719,scene-1094,night,car,vehicle.car,car,v80-100,174.7,20.43,17.91,8.49,11.9,10.02,11.3,False
3f63e450629640d58fd6b27fcfcbf0c2,scene-1094,night,pedestrian,human.pedestrian.adult,person,v80-100,75.7,30.06,29.67,12.89,26.76,26.6,26.67,False
3f63e450629640d58fd6b27fcfcbf0c2,scene-1094,night,pedestrian,human.pedestrian.adult,person,v60-80,113.0,19.37,19.04,1.15,12.8,10.51,11.35,True
3f63e450629640d58fd6b27fcfcbf0c2,scene-1094,night,car,vehicle.car,car,v80-100,474.3,8.15,5.83,2.11,5.61,5.28,5.37,False
be6fb7ba760d4c94834582f6ad761252,scene-1094,night,car,vehicle.car,truck,v80-100,201.5,23.27,20.31,5.75,19.03,18.74,18.87,False
be6fb7ba760d4c94834582f6ad761252,scene-1094,night,pedestrian,human.pedestrian.adult,person,v80-100,123.0,18.75,18.43,0.65,16.72,16.2,16.42,True
be6fb7ba760d4c94834582f6ad761252,scene-1094,night,pedestrian,human.pedestrian.adult,person,v80-100,81.1,28.8,28.42,13.67,23.53,23.17,23.29,False
be6fb7ba760d4c94834582f6ad761252,scene-1094,night,car,vehicle.car,car,v80-100,77.8,26.43,24.87,0.0,25.37,23.95,24.74,True
be6fb7ba760d4c94834582f6ad761252,scene-1094,night,car,vehicle.car,car,v80-100,202.7,18.2,15.68,7.54,6.0,5.63,5.77,False
be6fb7ba760d4c94834582f6ad761252,scene-1094,night,pedestrian,human.pedestrian.adult,person,v80-100,127.2,19.85,19.37,8.01,16.54,16.2,16.38,False
41377f1b5cb34525885b97cf94f55f35,scene-1094,night,car,vehicle.car,truck,v80-100,209.6,17.04,14.52,5.85,13.34,12.92,13.04,False
41377f1b5cb34525885b97cf94f55f35,scene-1094,night,car,vehicle.car,truck,v80-100,209.8,21.99,19.0,3.35,17.1,16.83,16.93,False
41377f1b5cb34525885b97cf94f55f35,scene-1094,night,car,vehicle.car,car,v80-100,82.6,25.12,23.56,0.0,23.29,18.75,22.42,True
41377f1b5cb34525885b97cf94f55f35,scene-1094,night,pedestrian,human.pedestrian.adult,person,v80-100,121.8,20.66,20.26,10.08,15.37,15.15,15.21,False
eed2863fa9f74b1b89b6f60ded77d9a9,scene-1094,night,car,vehicle.car,truck,v80-100,219.8,20.7,17.72,0.0,17.12,16.53,16.77,True
eed2863fa9f74b1b89b6f60ded77d9a9,scene-1094,night,car,vehicle.car,truck,v80-100,214.2,15.85,13.33,3.37,13.28,12.83,12.98,False
eed2863fa9f74b1b89b6f60ded77d9a9,scene-1094,night,pedestrian,human.pedestrian.adult,person,v80-100,139.1,17.26,16.96,4.08,14.6,14.41,14.47,False
eed2863fa9f74b1b89b6f60ded77d9a9,scene-1094,night,car,vehicle.car,car,v80-100,90.4,23.9,22.38,2.62,21.69,18.33,20.65,False
eed2863fa9f74b1b89b6f60ded77d9a9,scene-1094,night,pedestrian,human.pedestrian.adult,person,v80-100,133.8,17.14,16.83,4.73,14.69,14.48,14.53,False
6b624130797744aaa0d2103ee47080d0,scene-1094,night,car,vehicle.car,truck,v80-100,297.8,12.03,9.81,4.56,8.53,8.15,8.3,False
6b624130797744aaa0d2103ee47080d0,scene-1094,night,car,vehicle.car,truck,v80-100,240.5,19.33,16.4,0.0,15.85,12.31,14.53,True
6b624130797744aaa0d2103ee47080d0,scene-1094,night,car,vehicle.car,truck,v80-100,227.8,14.42,11.91,0.41,12.65,12.01,12.17,True
6b624130797744aaa0d2103ee47080d0,scene-1094,night,car,vehicle.car,car,v80-100,105.9,22.72,21.28,7.51,18.54,15.29,17.6,False
720a7aa4cb6c49c7ae26c748323af4ab,scene-1094,night,car,vehicle.car,car,v80-100,235.9,13.38,11.19,3.58,10.94,10.58,10.69,False
720a7aa4cb6c49c7ae26c748323af4ab,scene-1094,night,car,vehicle.car,bus,v80-100,288.8,17.85,14.99,3.03,14.61,12.66,13.12,False
720a7aa4cb6c49c7ae26c748323af4ab,scene-1094,night,car,vehicle.car,bus,v80-100,262.2,12.77,10.26,0.0,11.09,10.43,10.58,True
a05d0c1ad7d541d9a6f7c4e963555fb0,scene-1094,night,car,vehicle.car,car,v80-100,195.9,14.7,12.5,1.69,12.36,12.13,12.23,False
8233dc33889341648a3b873aca8df7c6,scene-1094,night,car,vehicle.car,car,v80-100,149.5,17.49,15.16,7.05,15.02,14.09,14.51,False
8233dc33889341648a3b873aca8df7c6,scene-1094,night,car,vehicle.car,car,v80-100,172.5,15.9,13.67,0.0,13.62,13.37,13.41,True
dbfa650384564594906313c18c49c9e6,scene-1094,night,car,vehicle.car,car,v80-100,127.8,21.64,19.01,6.95,16.35,11.78,13.99,False
dbfa650384564594906313c18c49c9e6,scene-1094,night,car,vehicle.car,car,v80-100,157.0,17.14,14.97,0.0,14.5,14.27,14.33,True
dbfa650384564594906313c18c49c9e6,scene-1094,night,car,vehicle.car,car,v80-100,86.2,29.1,26.78,6.47,19.64,14.52,16.44,False
dbfa650384564594906313c18c49c9e6,scene-1094,night,car,vehicle.car,car,v80-100,61.5,37.02,34.68,5.61,23.32,17.94,19.24,False
4e4858e6e8cf442aa77238755f7a4d4a,scene-1094,night,car,vehicle.car,car,v80-100,148.1,18.15,15.99,0.0,15.12,14.96,15.01,True
4e4858e6e8cf442aa77238755f7a4d4a,scene-1094,night,car,vehicle.car,car,v80-100,156.1,19.11,16.5,7.65,14.47,10.83,11.91,False
4e4858e6e8cf442aa77238755f7a4d4a,scene-1094,night,car,vehicle.car,car,v80-100,69.0,34.0,31.64,6.84,22.44,17.78,18.79,False
4e4858e6e8cf442aa77238755f7a4d4a,scene-1094,night,car,vehicle.car,car,v80-100,98.6,26.44,24.1,7.45,20.81,15.22,17.4,False
d7330cd5962148fc916a277e8fa8a0e8,scene-1094,night,car,vehicle.car,car,v80-100,140.0,19.16,17.0,0.0,16.77,16.42,16.56,True
d7330cd5962148fc916a277e8fa8a0e8,scene-1094,night,car,vehicle.car,car,v40-60,152.0,26.34,23.47,10.69,18.43,13.71,16.35,False
d7330cd5962148fc916a277e8fa8a0e8,scene-1094,night,car,vehicle.car,car,v80-100,78.4,30.7,28.33,7.57,19.82,15.96,17.61,False
d7330cd5962148fc916a277e8fa8a0e8,scene-1094,night,car,vehicle.car,car,v80-100,203.4,16.44,13.89,8.04,12.7,10.72,12.05,False
75eda5e473a64573a978b923da722bc4,scene-1094,night,car,vehicle.car,car,v80-100,133.5,20.01,17.86,0.0,17.13,16.84,16.98,True
75eda5e473a64573a978b923da722bc4,scene-1094,night,car,vehicle.car,car,v40-60,178.8,23.84,20.99,11.16,11.68,9.06,9.8,False
5cd71932637b4529939203433c8a26d2,scene-1094,night,car,vehicle.car,bus,v80-100,126.8,20.97,18.8,0.0,17.84,17.59,17.65,True
0ed3f1797f7440a39f93be12b852adee,scene-1094,night,car,vehicle.car,car,v80-100,120.6,21.84,19.67,0.0,19.09,18.8,18.87,True
5142afdaddc24595b44a210fc39b52ab,scene-1094,night,car,vehicle.car,car,v80-100,113.7,22.88,20.71,0.0,20.03,19.55,19.68,True
5142afdaddc24595b44a210fc39b52ab,scene-1094,night,pedestrian,human.pedestrian.adult,person,v80-100,115.0,20.39,20.03,4.51,18.54,18.1,18.21,False
ffa9bd002e7f47ec93caaa9f45fa03e6,scene-1094,night,car,vehicle.car,car,v80-100,110.1,23.53,21.37,0.03,20.84,20.26,20.38,True
ffa9bd002e7f47ec93caaa9f45fa03e6,scene-1094,night,pedestrian,human.pedestrian.adult,person,v80-100,151.0,15.87,15.5,4.48,14.82,13.3,13.57,False
f427799486934c7f98a66790d9b52332,scene-1094,night,car,vehicle.car,car,v80-100,106.0,24.3,22.14,0.0,22.3,21.77,21.9,True
f427799486934c7f98a66790d9b52332,scene-1094,night,pedestrian,human.pedestrian.adult,person,v80-100,224.4,11.32,10.93,4.49,9.36,9.19,9.24,False
f427799486934c7f98a66790d9b52332,scene-1094,night,car,vehicle.car,car,v80-100,37.5,52.63,50.2,7.91,37.86,37.31,37.59,False
dd508289c957487b969d55c879df3781,scene-1094,night,car,vehicle.car,car,v80-100,102.7,25.01,22.84,0.0,23.24,22.56,22.75,True
dd508289c957487b969d55c879df3781,scene-1094,night,pedestrian,human.pedestrian.adult,person,v80-100,117.8,18.02,17.52,2.94,16.19,15.78,16.0,False
dd508289c957487b969d55c879df3781,scene-1094,night,pedestrian,human.pedestrian.adult,person,v80-100,98.0,25.12,24.64,1.92,23.16,22.18,22.46,False
f74877ed3166478abb14d1373ecaf917,scene-1094,night,car,vehicle.car,car,v80-100,101.8,25.78,23.61,0.0,24.28,23.6,23.78,True
f74877ed3166478abb14d1373ecaf917,scene-1094,night,car,vehicle.car,car,v80-100,62.1,34.12,31.65,7.51,31.59,31.1,31.28,False
f74877ed3166478abb14d1373ecaf917,scene-1094,night,pedestrian,human.pedestrian.adult,person,v80-100,167.9,12.99,12.53,2.8,13.05,12.79,12.92,False
f74877ed3166478abb14d1373ecaf917,scene-1094,night,car,vehicle.car,car,v80-100,66.2,34.69,32.24,10.86,29.42,28.89,29.13,False
f567ac89901f4f81b4f65fed6aa1f93c,scene-1094,night,car,vehicle.car,car,v80-100,98.2,26.62,24.44,0.0,24.75,24.26,24.4,True
f567ac89901f4f81b4f65fed6aa1f93c,scene-1094,night,bus,vehicle.bus.rigid,car,v80-100,83.1,58.1,51.81,9.97,37.58,31.44,35.48,False
f567ac89901f4f81b4f65fed6aa1f93c,scene-1094,night,pedestrian,human.pedestrian.adult,person,v80-100,295.0,7.97,7.47,2.65,8.71,8.56,8.62,False
f567ac89901f4f81b4f65fed6aa1f93c,scene-1094,night,car,vehicle.car,car,v80-100,89.7,27.35,24.9,10.89,24.11,22.82,23.46,False
f567ac89901f4f81b4f65fed6aa1f93c,scene-1094,night,car,vehicle.car,car,v80-100,88.8,25.24,22.76,7.51,23.93,22.54,22.79,False
f567ac89901f4f81b4f65fed6aa1f93c,scene-1094,night,pedestrian,human.pedestrian.adult,person,v80-100,147.7,17.04,16.57,2.75,16.81,16.2,16.42,False
90e01def881c48e4876ee016315103ae,scene-1094,night,car,vehicle.car,car,v80-100,152.0,17.01,14.57,7.53,16.29,14.37,15.22,False
90e01def881c48e4876ee016315103ae,scene-1094,night,car,vehicle.car,car,v80-100,94.7,27.34,25.16,0.0,26.44,25.94,26.17,True
f2100c6bab3d413fb61c6a2da29bddd0,scene-1094,night,car,vehicle.car,car,v80-100,91.5,28.21,26.02,0.0,26.77,26.23,26.43,True
e39d8498f61e4053b47b41fb297d66ea,scene-1094,night,car,vehicle.car,car,v80-100,89.1,28.73,26.54,0.0,26.8,26.26,26.41,True
f598d2c67f5b4b91afd4d96f0a8f1e4e,scene-1094,night,car,vehicle.car,car,v80-100,87.6,29.25,27.06,0.0,26.59,26.19,26.35,True
f598d2c67f5b4b91afd4d96f0a8f1e4e,scene-1094,night,bus,vehicle.bus.rigid,bus,v80-100,238.0,26.23,20.11,9.75,19.82,17.05,17.65,False
adf5fff3a1634f1a9b472495f3a54fd3,scene-1094,night,car,vehicle.car,car,v80-100,86.6,29.69,27.5,0.0,27.31,26.67,26.96,True
cb4de282449d47259956e27cbaacbbab,scene-1094,night,car,vehicle.car,car,v80-100,85.8,30.0,27.8,0.0,28.15,27.55,27.76,True
d77a138a272b4ebcbbe509afa6ef241a,scene-1094,night,car,vehicle.car,car,v80-100,85.9,30.0,27.8,0.0,28.05,27.63,27.8,True
d77a138a272b4ebcbbe509afa6ef241a,scene-1094,night,car,vehicle.car,car,v80-100,42.2,53.84,51.53,7.64,34.44,31.36,31.87,False
552b0ec30c78436e8ea464cff1c604a3,scene-1094,night,car,vehicle.car,car,v80-100,54.8,42.05,39.73,7.35,36.79,27.13,33.16,False
552b0ec30c78436e8ea464cff1c604a3,scene-1094,night,car,vehicle.car,car,v80-100,85.3,30.02,27.83,0.0,27.75,27.2,27.48,True
3c7f6d4b49ce40e58f3b3455c7e4362d,scene-1094,night,car,vehicle.car,car,v80-100,85.0,30.02,27.84,0.0,27.46,26.98,27.19,True
4ac688756fe74af8ae12c2454f8b8f28,scene-1094,night,car,vehicle.car,car,v80-100,85.6,29.98,27.81,0.0,27.79,27.29,27.46,True
4ac688756fe74af8ae12c2454f8b8f28,scene-1094,night,pedestrian,human.pedestrian.adult,person,v60-80,99.6,26.35,25.97,5.28,14.06,13.02,13.36,False
243364c317fa40cca58f8ed708a0bf88,scene-1094,night,car,vehicle.car,truck,v80-100,86.1,29.86,27.69,0.0,28.14,27.7,27.88,True
51ceae8a5ecc4730950666723c135bc8,scene-1100,night,bus,vehicle.bus.rigid,bus,v80-100,95.2,73.64,67.56,32.82,41.57,39.43,40.27,False
51ceae8a5ecc4730950666723c135bc8,scene-1100,night,car,vehicle.car,car,v80-100,134.9,19.07,16.92,0.0,19.28,17.38,17.67,True
51ceae8a5ecc4730950666723c135bc8,scene-1100,night,car,vehicle.car,car,v80-100,129.0,20.37,18.27,3.71,18.73,17.96,18.13,False
51ceae8a5ecc4730950666723c135bc8,scene-1100,night,car,vehicle.car,car,v80-100,54.5,53.34,51.23,25.74,35.59,34.82,35.25,False
82fcade9fdcc431a850fdb715502a770,scene-1100,night,bus,vehicle.bus.rigid,bus,v80-100,95.1,73.69,67.61,32.84,38.99,37.87,38.17,False
82fcade9fdcc431a850fdb715502a770,scene-1100,night,car,vehicle.car,car,v80-100,54.4,53.46,51.35,25.81,34.57,34.08,34.34,False
5e556ec52f1b4751a90298d8103510a5,scene-1100,night,bus,vehicle.bus.rigid,bus,v80-100,95.0,73.75,67.67,32.87,38.86,37.7,38.19,False
5e556ec52f1b4751a90298d8103510a5,scene-1100,night,car,vehicle.car,car,v80-100,191.8,14.1,11.99,0.0,12.88,12.17,12.4,True
5e556ec52f1b4751a90298d8103510a5,scene-1100,night,car,vehicle.car,car,v60-80,66.9,35.45,33.31,10.17,28.76,21.97,25.89,False
5e556ec52f1b4751a90298d8103510a5,scene-1100,night,cyclist,vehicle.motorcycle,person,v80-100,147.0,18.19,17.93,8.72,16.39,16.23,16.29,False
5e556ec52f1b4751a90298d8103510a5,scene-1100,night,car,vehicle.car,car,v80-100,54.2,53.59,51.48,25.88,34.26,33.32,33.73,False
5e556ec52f1b4751a90298d8103510a5,scene-1100,night,car,vehicle.car,car,v80-100,246.4,11.27,9.13,0.0,13.26,10.16,10.87,True
dc1a0ca1014f488e833f586f234832e4,scene-1100,night,bus,vehicle.bus.rigid,bus,v80-100,94.9,73.81,67.73,32.9,44.17,42.62,43.55,False
dc1a0ca1014f488e833f586f234832e4,scene-1100,night,car,vehicle.car,car,v80-100,54.1,53.72,51.6,25.96,36.84,36.17,36.64,False
dc1a0ca1014f488e833f586f234832e4,scene-1100,night,cyclist,vehicle.motorcycle,person,v80-100,147.0,18.19,17.93,8.72,17.3,17.11,17.19,False
0130791235774e26b1986c78d11b4d30,scene-1100,night,bus,vehicle.bus.rigid,bus,v80-100,94.8,73.87,67.78,32.93,48.41,45.15,47.13,False
0130791235774e26b1986c78d11b4d30,scene-1100,night,car,vehicle.car,car,v80-100,53.9,53.85,51.73,26.03,40.49,39.52,39.93,False
cec0634dd47c47288a246deeb5f589a2,scene-1100,night,bus,vehicle.bus.rigid,bus,v80-100,94.8,73.92,67.84,32.96,49.67,44.94,48.11,False
cec0634dd47c47288a246deeb5f589a2,scene-1100,night,car,vehicle.car,car,v80-100,114.1,21.59,19.42,3.76,19.71,18.25,18.71,False
cec0634dd47c47288a246deeb5f589a2,scene-1100,night,car,vehicle.car,car,v80-100,53.8,53.98,51.85,26.11,39.53,37.9,38.6,False
fb4f791fc3bf46539c5b913682afad84,scene-1100,night,car,vehicle.car,car,v80-100,50.1,47.57,45.27,12.71,40.24,38.64,39.54,False
fb4f791fc3bf46539c5b913682afad84,scene-1100,night,cyclist,vehicle.motorcycle,person,v80-100,147.2,18.19,17.92,8.75,17.81,17.64,17.7,False
fb4f791fc3bf46539c5b913682afad84,scene-1100,night,bus,vehicle.bus.rigid,bus,v80-100,94.7,73.99,67.9,33.02,47.95,39.27,44.08,False
2a88a6dbc8054e79b75ef478a492209d,scene-1100,night,bus,vehicle.bus.rigid,truck,v80-100,94.7,74.05,67.97,33.1,45.18,41.97,43.6,False
2a88a6dbc8054e79b75ef478a492209d,scene-1100,night,cyclist,vehicle.motorcycle,person,v80-100,147.2,18.19,17.92,8.75,17.29,17.11,17.19,False
2a88a6dbc8054e79b75ef478a492209d,scene-1100,night,car,vehicle.car,car,v80-100,53.7,54.05,51.92,26.14,38.28,36.55,37.34,False
2a88a6dbc8054e79b75ef478a492209d,scene-1100,night,car,vehicle.car,car,v80-100,226.7,11.67,9.45,0.0,11.75,10.7,11.02,True
2a88a6dbc8054e79b75ef478a492209d,scene-1100,night,car,vehicle.car,car,v80-100,56.2,42.4,40.09,10.37,33.96,32.49,33.0,False
5bae7bae1021425d85461c905c4e4257,scene-1100,night,car,vehicle.car,car,v80-100,64.1,37.26,34.93,8.04,33.12,32.07,32.31,False
5bae7bae1021425d85461c905c4e4257,scene-1100,night,car,vehicle.car,car,v80-100,53.6,54.09,51.96,26.16,37.35,36.07,36.57,False
5bae7bae1021425d85461c905c4e4257,scene-1100,night,bus,vehicle.bus.rigid,bus,v80-100,94.6,74.11,68.03,33.17,48.07,45.14,47.21,False
5bae7bae1021425d85461c905c4e4257,scene-1100,night,cyclist,vehicle.motorcycle,person,v80-100,147.3,18.19,17.92,8.76,17.85,17.64,17.71,False
5bae7bae1021425d85461c905c4e4257,scene-1100,night,car,vehicle.car,car,v80-100,40.4,58.25,55.99,17.59,43.5,35.66,39.63,False
5bae7bae1021425d85461c905c4e4257,scene-1100,night,car,vehicle.car,car,v80-100,114.5,27.3,25.19,13.67,23.41,21.81,22.26,False
5bae7bae1021425d85461c905c4e4257,scene-1100,night,car,vehicle.car,car,v80-100,419.4,7.01,4.83,0.0,5.84,5.33,5.49,True
5aba40e3d8ee4846a6031238504ae286,scene-1100,night,car,vehicle.car,car,v80-100,90.5,33.86,31.78,17.09,27.14,25.34,25.78,False
5aba40e3d8ee4846a6031238504ae286,scene-1100,night,bus,vehicle.bus.rigid,bus,v80-100,94.6,74.18,68.09,33.27,54.81,49.48,52.59,False
5aba40e3d8ee4846a6031238504ae286,scene-1100,night,car,vehicle.car,car,v80-100,53.6,54.13,52.0,26.2,40.83,39.58,40.03,False
5aba40e3d8ee4846a6031238504ae286,scene-1100,night,cyclist,vehicle.motorcycle,person,v80-100,147.3,18.19,17.92,8.76,19.09,18.85,18.93,False
5aba40e3d8ee4846a6031238504ae286,scene-1100,night,car,vehicle.car,car,v80-100,44.0,53.65,51.38,15.71,47.81,46.69,47.54,False
8cee078e41ba487195016581ef895eb8,scene-1100,night,bus,vehicle.bus.rigid,bus,v80-100,94.7,74.25,68.16,33.56,52.44,47.29,50.8,False
8cee078e41ba487195016581ef895eb8,scene-1100,night,car,vehicle.car,car,v80-100,87.4,27.59,25.24,3.72,25.84,24.58,25.03,False
8cee078e41ba487195016581ef895eb8,scene-1100,night,car,vehicle.car,car,v80-100,47.8,49.54,47.26,14.04,40.86,38.76,39.75,False
8cee078e41ba487195016581ef895eb8,scene-1100,night,car,vehicle.car,car,v80-100,53.7,54.19,52.05,26.55,39.57,38.46,38.84,False
8cee078e41ba487195016581ef895eb8,scene-1100,night,cyclist,vehicle.motorcycle,person,v80-100,146.9,18.19,17.92,8.7,17.9,17.71,17.8,False
1ccd17b9ef5141099e59eb72127241b2,scene-1100,night,bus,vehicle.bus.rigid,bus,v80-100,94.4,74.72,68.63,34.13,45.01,42.5,43.87,False
1ccd17b9ef5141099e59eb72127241b2,scene-1100,night,car,vehicle.car,car,v80-100,108.5,22.52,20.15,1.53,22.12,20.51,20.92,False
1ccd17b9ef5141099e59eb72127241b2,scene-1100,night,car,vehicle.car,car,v80-100,53.0,44.92,42.64,12.18,41.41,39.39,40.06,False
1ccd17b9ef5141099e59eb72127241b2,scene-1100,night,car,vehicle.car,car,v80-100,53.4,54.71,52.57,27.05,38.82,37.47,38.13,False
649df4f65e0a479baaa2fd35e62f4161,scene-1100,night,bus,vehicle.bus.rigid,bus,v80-100,93.6,75.21,69.12,34.3,39.54,37.85,38.65,False
649df4f65e0a479baaa2fd35e62f4161,scene-1100,night,car,vehicle.car,car,v80-100,59.1,40.35,38.05,10.03,33.62,32.67,32.88,False
649df4f65e0a479baaa2fd35e62f4161,scene-1100,night,car,vehicle.car,car,v80-100,142.4,17.6,15.23,0.0,16.98,15.91,16.14,True
649df4f65e0a479baaa2fd35e62f4161,scene-1100,night,car,vehicle.car,car,v80-100,52.9,55.02,52.88,27.14,35.19,33.98,34.56,False
649df4f65e0a479baaa2fd35e62f4161,scene-1100,night,cyclist,vehicle.motorcycle,person,v80-100,148.7,18.05,17.81,8.72,17.44,16.83,17.03,False
71f45d9cab8f4716aabde882bd8bcc80,scene-1100,night,bus,vehicle.bus.rigid,bus,v80-100,93.0,75.72,69.63,34.56,48.4,39.22,43.81,False
71f45d9cab8f4716aabde882bd8bcc80,scene-1100,night,car,vehicle.car,car,v80-100,65.9,36.24,33.93,8.08,31.25,30.16,30.52,False
71f45d9cab8f4716aabde882bd8bcc80,scene-1100,night,car,vehicle.car,car,v80-100,206.6,12.96,10.62,0.0,12.62,11.36,11.6,True
639ffa5d537147cf8bd37be080d6cfa0,scene-1100,night,bus,vehicle.bus.rigid,bus,v80-100,92.3,76.23,70.15,34.83,43.19,40.33,41.75,False
639ffa5d537147cf8bd37be080d6cfa0,scene-1100,night,car,vehicle.car,car,v80-100,52.3,55.68,53.53,27.47,36.47,35.39,35.88,False
639ffa5d537147cf8bd37be080d6cfa0,scene-1100,night,car,vehicle.car,car,v80-100,379.6,8.85,6.77,1.72,7.34,6.34,6.74,False
639ffa5d537147cf8bd37be080d6cfa0,scene-1100,night,car,vehicle.car,car,v80-100,74.5,32.16,29.83,6.14,26.79,26.07,26.29,False
93f325d6ad2e47cb951226809c28f7d2,scene-1100,night,bus,vehicle.bus.rigid,bus,v80-100,91.6,76.74,70.66,35.1,47.32,43.13,44.98,False
93f325d6ad2e47cb951226809c28f7d2,scene-1100,night,car,vehicle.car,car,v80-100,85.2,28.18,25.85,4.23,27.05,25.69,26.16,False
93f325d6ad2e47cb951226809c28f7d2,scene-1100,night,car,vehicle.car,car,v80-100,52.0,56.01,53.86,27.64,38.05,36.73,37.62,False
91db399968274b33873d36d9e6ce5965,scene-1100,night,bus,vehicle.bus.rigid,bus,v80-100,91.0,77.26,71.18,35.43,51.91,46.42,49.61,False
91db399968274b33873d36d9e6ce5965,scene-1100,night,car,vehicle.car,car,v80-100,51.7,56.34,54.19,27.85,40.57,39.05,40.06,False
91db399968274b33873d36d9e6ce5965,scene-1100,night,pedestrian,human.pedestrian.adult,person,v80-100,129.9,18.95,18.77,7.28,19.55,19.35,19.42,False
f4cad237e12f4e6ebbc06465ff636017,scene-1100,night,bus,vehicle.bus.rigid,bus,v80-100,90.7,77.83,71.75,36.2,49.41,46.34,47.73,False
f4cad237e12f4e6ebbc06465ff636017,scene-1100,night,car,vehicle.car,car,v80-100,51.4,56.83,54.67,28.51,39.15,38.12,38.73,False
f4cad237e12f4e6ebbc06465ff636017,scene-1100,night,car,vehicle.car,car,v80-100,118.9,20.52,18.18,0.32,19.79,18.02,18.27,True
8a9c799e507647a68bc4b2b122747076,scene-1100,night,car,vehicle.car,car,v80-100,51.5,57.18,55.02,29.35,43.51,41.37,42.13,False
7bd7512987874d0a9a0d7d0a899622ed,scene-1100,night,bus,vehicle.bus.rigid,bus,v80-100,87.4,80.85,74.78,38.19,58.13,50.71,53.8,False
7bd7512987874d0a9a0d7d0a899622ed,scene-1100,night,car,vehicle.car,car,v80-100,167.5,15.15,13.3,0.0,14.25,13.29,13.86,True
7bd7512987874d0a9a0d7d0a899622ed,scene-1100,night,car,vehicle.car,car,v80-100,51.0,57.58,55.41,29.6,42.39,40.97,41.67,False
2e3cd48e3bb2488d934d1b48982ddf8e,scene-1100,night,car,vehicle.car,car,v80-100,192.3,13.98,12.83,2.3,12.51,12.18,12.27,False
2e3cd48e3bb2488d934d1b48982ddf8e,scene-1100,night,bus,vehicle.bus.rigid,bus,v80-100,85.2,82.82,76.74,39.34,61.77,55.65,59.13,False
2e3cd48e3bb2488d934d1b48982ddf8e,scene-1100,night,car,vehicle.car,car,v80-100,50.0,58.75,56.57,30.35,46.6,43.81,44.75,False
c938275052124ba9b3ec7c28f63011af,scene-1100,night,bus,vehicle.bus.rigid,bus,v80-100,83.8,84.59,78.51,40.93,67.54,52.43,57.99,False
c938275052124ba9b3ec7c28f63011af,scene-1100,night,car,vehicle.car,car,v80-100,205.2,14.06,13.09,4.58,11.75,11.17,11.47,False
c938275052124ba9b3ec7c28f63011af,scene-1100,night,car,vehicle.car,car,v80-100,49.3,59.8,57.63,31.42,46.72,41.85,43.6,False
82ea0ffe57654ac6b6a276c4f2e532d6,scene-1100,night,bus,vehicle.bus.rigid,car,v80-100,82.8,87.29,81.18,44.69,49.14,44.22,45.52,False
9ee04d160a514511a093dd35ea6f5604,scene-1100,night,pedestrian,human.pedestrian.adult,person,v80-100,121.6,18.26,18.05,0.2,19.68,19.14,19.36,True
20b9db8f43d6444ea6eba0e0402dc581,scene-1100,night,pedestrian,human.pedestrian.adult,person,v80-100,122.0,18.16,17.96,0.0,19.63,18.98,19.36,True
5bb3f45dfe05468b8aac65464502f883,scene-1100,night,car,vehicle.car,car,v60-80,61.1,42.26,39.83,18.46,30.55,26.43,29.33,False
9a5000ac405c41959f5c51d25af49d00,scene-1100,night,car,vehicle.car,car,v60-80,68.9,37.37,34.94,15.53,29.53,27.82,28.62,False
7bf078cc3e664137b4960898bc5067e9,scene-1100,night,car,vehicle.car,car,v80-100,94.8,27.62,25.18,9.77,22.51,21.64,21.96,False
70897e74c0224d819a92f17d285ee4c8,scene-1100,night,car,vehicle.car,car,v80-100,116.5,22.66,20.2,6.98,19.07,18.61,18.72,False
83be17e597cc4144bb776fe42336caf7,scene-1100,night,car,vehicle.car,car,v80-100,151.1,17.74,15.26,4.19,15.32,14.85,14.97,False
ccf3c969a3c74cd1b34ab6b1045ad0ab,scene-1100,night,car,vehicle.car,car,v80-100,220.3,12.57,10.06,1.34,10.9,10.22,10.42,False
ccf3c969a3c74cd1b34ab6b1045ad0ab,scene-1100,night,car,vehicle.car,car,v60-80,77.3,35.16,32.85,14.16,26.11,25.55,25.8,False
d05e9e109cd7431eb173763f0d2b2727,scene-1100,night,car,vehicle.car,car,v80-100,91.1,29.88,27.57,11.02,23.98,23.29,23.49,False
d05e9e109cd7431eb173763f0d2b2727,scene-1100,night,car,vehicle.car,car,v80-100,408.2,7.62,5.13,0.0,6.39,5.79,6.0,True
02525bc381f14e45936356c339a23922,scene-1100,night,car,vehicle.car,car,v80-100,110.9,24.64,22.3,7.87,20.58,20.0,20.19,False
02525bc381f14e45936356c339a23922,scene-1100,night,car,vehicle.car,car,v40-60,44.4,49.87,47.48,22.64,39.04,25.99,34.66,False
c76cfc72a390467b8a12f87df95f394b,scene-1100,night,car,vehicle.car,car,v80-100,142.0,19.31,16.95,4.78,16.27,15.84,15.93,False
c76cfc72a390467b8a12f87df95f394b,scene-1100,night,car,vehicle.car,car,v60-80,51.4,43.34,40.96,19.02,34.82,32.54,34.13,False
445dcd95cebc4c21b3e6a929fd2297bc,scene-1100,night,car,vehicle.car,car,v80-100,197.4,14.08,11.7,1.69,12.48,11.91,12.11,False
445dcd95cebc4c21b3e6a929fd2297bc,scene-1100,night,car,vehicle.car,car,v80-100,61.2,36.79,34.42,15.54,27.75,25.59,26.25,False
