frame,label,type,group,box_height_px,true_m,unidepth-v2-large_median,unidepth-v2-large_p10,unidepth-v2-large_p25
02_Hanns_Klemm_Str_44_000000_000020,05,"crate (gray, 2x stacked)",standard objects,12.0,62.8,64.82,62.64,63.51
02_Hanns_Klemm_Str_44_000000_000060,05,"crate (gray, 2x stacked)",standard objects,14.0,53.3,52.79,52.14,52.33
02_Hanns_Klemm_Str_44_000000_000100,05,"crate (gray, 2x stacked)",standard objects,19.0,39.82,40.31,39.62,39.86
02_Hanns_Klemm_Str_44_000000_000140,05,"crate (gray, 2x stacked)",standard objects,34.0,22.13,22.07,21.96,21.97
02_Hanns_Klemm_Str_44_000000_000180,05,"crate (gray, 2x stacked)",standard objects,120.0,7.16,9.25,9.21,9.23
02_Hanns_Klemm_Str_44_000001_000040,05,"crate (gray, 2x stacked)",standard objects,13.0,59.22,67.19,65.1,66.18
02_Hanns_Klemm_Str_44_000001_000040,04,crate (gray),standard objects,8.0,57.15,64.38,63.01,63.47
02_Hanns_Klemm_Str_44_000001_000080,05,"crate (gray, 2x stacked)",standard objects,15.0,49.69,56.17,54.82,55.42
02_Hanns_Klemm_Str_44_000001_000080,04,crate (gray),standard objects,9.0,49.94,52.58,52.04,52.22
02_Hanns_Klemm_Str_44_000001_000120,05,"crate (gray, 2x stacked)",standard objects,19.0,37.86,38.72,38.37,38.46
02_Hanns_Klemm_Str_44_000001_000120,04,crate (gray),standard objects,11.0,38.76,38.38,38.05,38.2
02_Hanns_Klemm_Str_44_000001_000160,05,"crate (gray, 2x stacked)",standard objects,33.0,23.13,22.68,22.45,22.51
02_Hanns_Klemm_Str_44_000001_000160,04,crate (gray),standard objects,19.0,23.54,22.65,22.51,22.56
02_Hanns_Klemm_Str_44_000001_000200,05,"crate (gray, 2x stacked)",standard objects,105.0,7.93,10.22,10.15,10.18
02_Hanns_Klemm_Str_44_000001_000200,04,crate (gray),standard objects,70.0,7.99,10.16,10.11,10.14
02_Hanns_Klemm_Str_44_000002_000040,02,"crate (black, 2x stacked)",standard objects,23.0,58.42,68.27,66.41,66.81
02_Hanns_Klemm_Str_44_000002_000040,01,crate (black),standard objects,10.0,57.87,66.06,65.02,65.38
02_Hanns_Klemm_Str_44_000002_000080,02,"crate (black, 2x stacked)",standard objects,28.0,49.14,56.4,55.32,55.76
02_Hanns_Klemm_Str_44_000002_000080,01,crate (black),standard objects,14.0,48.2,54.91,53.78,54.19
02_Hanns_Klemm_Str_44_000002_000120,01,crate (black),standard objects,19.0,33.73,33.43,33.12,33.23
02_Hanns_Klemm_Str_44_000002_000120,02,"crate (black, 2x stacked)",standard objects,40.0,33.43,33.95,33.6,33.73
02_Hanns_Klemm_Str_44_000002_000160,02,"crate (black, 2x stacked)",standard objects,87.0,15.94,17.37,17.23,17.29
02_Hanns_Klemm_Str_44_000002_000160,01,crate (black),standard objects,42.0,16.07,17.43,17.32,17.37
02_Hanns_Klemm_Str_44_000003_000020,20,tire,random hazards,9.0,62.98,67.72,66.37,66.8
02_Hanns_Klemm_Str_44_000003_000020,34,styrofoam,random hazards,6.0,63.42,66.43,64.75,65.27
02_Hanns_Klemm_Str_44_000003_000060,20,tire,random hazards,10.0,54.2,59.8,58.55,59.03
02_Hanns_Klemm_Str_44_000003_000060,34,styrofoam,random hazards,8.0,52.78,59.1,57.44,57.98
02_Hanns_Klemm_Str_44_000003_000100,20,tire,random hazards,15.0,39.29,41.77,41.4,41.53
02_Hanns_Klemm_Str_44_000003_000100,34,styrofoam,random hazards,11.0,39.63,41.47,40.76,41.11
02_Hanns_Klemm_Str_44_000003_000140,20,tire,random hazards,27.0,22.01,21.8,21.63,21.7
02_Hanns_Klemm_Str_44_000003_000140,34,styrofoam,random hazards,19.0,22.25,21.61,21.43,21.5
02_Hanns_Klemm_Str_44_000005_000020,08,cardboard box,random hazards,10.0,60.42,66.79,64.44,65.31
02_Hanns_Klemm_Str_44_000005_000020,13,exhaust pipe,random hazards,10.0,60.3,64.18,62.31,63.06
02_Hanns_Klemm_Str_44_000005_000060,08,cardboard box,random hazards,10.0,53.48,57.66,55.76,56.58
02_Hanns_Klemm_Str_44_000005_000060,13,exhaust pipe,random hazards,9.0,52.82,56.44,55.25,55.73
02_Hanns_Klemm_Str_44_000005_000100,13,exhaust pipe,random hazards,14.0,40.54,43.42,42.58,42.87
02_Hanns_Klemm_Str_44_000005_000100,08,cardboard box,random hazards,14.0,40.37,43.93,43.08,43.36
02_Hanns_Klemm_Str_44_000005_000140,08,cardboard box,random hazards,25.0,24.19,24.2,24.03,24.09
02_Hanns_Klemm_Str_44_000005_000140,13,exhaust pipe,random hazards,26.0,24.75,24.73,24.36,24.44
02_Hanns_Klemm_Str_44_000005_000180,08,cardboard box,random hazards,63.0,9.69,11.09,11.03,11.05
02_Hanns_Klemm_Str_44_000005_000180,13,exhaust pipe,random hazards,65.0,10.26,11.47,11.31,11.35
02_Hanns_Klemm_Str_44_000006_000030,13,exhaust pipe,random hazards,11.0,47.44,39.54,36.19,37.36
02_Hanns_Klemm_Str_44_000006_000030,08,cardboard box,random hazards,10.0,51.8,41.61,38.4,39.83
02_Hanns_Klemm_Str_44_000006_000070,13,exhaust pipe,random hazards,15.0,46.95,38.74,36.53,37.34
02_Hanns_Klemm_Str_44_000006_000070,08,cardboard box,random hazards,12.0,45.26,41.39,38.51,39.46
02_Hanns_Klemm_Str_44_000006_000110,13,exhaust pipe,random hazards,18.0,34.67,34.91,34.09,34.33
02_Hanns_Klemm_Str_44_000006_000110,08,cardboard box,random hazards,15.0,34.35,34.32,34.04,34.13
02_Hanns_Klemm_Str_44_000006_000150,13,exhaust pipe,random hazards,33.0,21.58,21.85,21.46,21.56
02_Hanns_Klemm_Str_44_000006_000150,08,cardboard box,random hazards,27.0,21.27,21.48,21.38,21.43
02_Hanns_Klemm_Str_44_000006_000190,13,exhaust pipe,random hazards,113.0,7.59,8.57,8.42,8.44
02_Hanns_Klemm_Str_44_000006_000190,08,cardboard box,random hazards,82.0,7.34,8.32,8.28,8.3
02_Hanns_Klemm_Str_44_000007_000040,20,tire,random hazards,10.0,56.75,45.53,44.42,45.08
02_Hanns_Klemm_Str_44_000007_000080,20,tire,random hazards,11.0,53.13,38.0,37.25,37.77
02_Hanns_Klemm_Str_44_000007_000120,20,tire,random hazards,14.0,43.31,43.91,42.63,42.89
02_Hanns_Klemm_Str_44_000007_000160,20,tire,random hazards,18.0,32.51,35.61,35.27,35.43
02_Hanns_Klemm_Str_44_000007_000200,20,tire,random hazards,30.0,20.28,20.62,20.5,20.54
02_Hanns_Klemm_Str_44_000007_000240,20,tire,random hazards,95.0,7.22,8.12,7.96,8.01
02_Hanns_Klemm_Str_44_000008_000040,20,tire,random hazards,9.0,61.92,54.91,52.65,53.67
02_Hanns_Klemm_Str_44_000008_000080,20,tire,random hazards,11.0,55.38,56.68,55.96,56.33
02_Hanns_Klemm_Str_44_000008_000120,20,tire,random hazards,15.0,40.77,43.17,42.33,42.65
02_Hanns_Klemm_Str_44_000008_000160,20,tire,random hazards,21.0,26.35,26.76,26.56,26.65
02_Hanns_Klemm_Str_44_000008_000200,20,tire,random hazards,54.0,11.87,12.83,12.7,12.74
02_Hanns_Klemm_Str_44_000009_000030,02,"crate (black, 2x stacked)",standard objects,20.0,64.53,52.96,50.84,51.35
02_Hanns_Klemm_Str_44_000009_000030,01,crate (black),standard objects,10.0,66.25,52.09,50.7,51.03
02_Hanns_Klemm_Str_44_000009_000070,02,"crate (black, 2x stacked)",standard objects,22.0,63.01,54.75,52.72,53.16
02_Hanns_Klemm_Str_44_000009_000070,01,crate (black),standard objects,11.0,61.19,50.16,48.79,49.09
02_Hanns_Klemm_Str_44_000009_000110,02,"crate (black, 2x stacked)",standard objects,26.0,50.97,57.22,55.94,56.51
02_Hanns_Klemm_Str_44_000009_000110,01,crate (black),standard objects,14.0,51.87,55.91,54.59,54.97
02_Hanns_Klemm_Str_44_000009_000150,02,"crate (black, 2x stacked)",standard objects,36.0,37.31,38.41,38.11,38.25
02_Hanns_Klemm_Str_44_000009_000150,01,crate (black),standard objects,19.0,37.96,38.21,37.77,37.94
02_Hanns_Klemm_Str_44_000009_000190,02,"crate (black, 2x stacked)",standard objects,65.0,22.58,24.75,24.52,24.61
02_Hanns_Klemm_Str_44_000009_000190,01,crate (black),standard objects,31.0,22.63,24.87,24.64,24.72
02_Hanns_Klemm_Str_44_000009_000230,02,"crate (black, 2x stacked)",standard objects,227.0,6.35,7.26,7.16,7.19
02_Hanns_Klemm_Str_44_000009_000230,01,crate (black),standard objects,117.0,6.48,7.48,7.37,7.42
02_Hanns_Klemm_Str_44_000010_000040,05,"crate (gray, 2x stacked)",standard objects,11.0,62.62,50.73,49.11,49.78
02_Hanns_Klemm_Str_44_000010_000040,04,crate (gray),standard objects,7.0,62.89,52.73,50.01,50.9
02_Hanns_Klemm_Str_44_000010_000080,05,"crate (gray, 2x stacked)",standard objects,12.0,57.48,56.91,55.94,56.28
02_Hanns_Klemm_Str_44_000010_000080,04,crate (gray),standard objects,7.0,60.29,57.68,55.49,56.24
02_Hanns_Klemm_Str_44_000010_000120,05,"crate (gray, 2x stacked)",standard objects,16.0,42.63,46.51,45.8,45.95
02_Hanns_Klemm_Str_44_000010_000120,04,crate (gray),standard objects,11.0,43.28,46.83,46.35,46.5
02_Hanns_Klemm_Str_44_000010_000160,05,"crate (gray, 2x stacked)",standard objects,29.0,27.84,28.64,28.5,28.53
02_Hanns_Klemm_Str_44_000010_000160,04,crate (gray),standard objects,18.0,27.92,28.53,28.25,28.35
02_Hanns_Klemm_Str_44_000010_000200,04,crate (gray),standard objects,43.0,11.64,12.71,12.63,12.66
02_Hanns_Klemm_Str_44_000010_000200,05,"crate (gray, 2x stacked)",standard objects,66.0,11.48,12.82,12.75,12.77
02_Hanns_Klemm_Str_44_000011_000040,23,dog (black),emotional hazards,16.0,72.47,71.72,70.57,71.62
02_Hanns_Klemm_Str_44_000011_000080,23,dog (black),emotional hazards,16.0,70.68,59.98,57.93,59.15
02_Hanns_Klemm_Str_44_000011_000120,23,dog (black),emotional hazards,21.0,54.66,55.47,54.35,55.12
02_Hanns_Klemm_Str_44_000011_000160,23,dog (black),emotional hazards,29.0,36.3,44.87,43.51,44.52
02_Hanns_Klemm_Str_44_000011_000200,23,dog (black),emotional hazards,46.0,21.3,32.95,31.22,31.9
02_Hanns_Klemm_Str_44_000011_000240,23,dog (black),emotional hazards,118.0,8.99,11.09,10.98,11.01
02_Hanns_Klemm_Str_44_000012_000050,24,dog (white),emotional hazards,7.0,67.6,69.08,64.7,66.25
02_Hanns_Klemm_Str_44_000012_000090,24,dog (white),emotional hazards,8.0,59.36,68.16,59.81,63.82
02_Hanns_Klemm_Str_44_000012_000130,24,dog (white),emotional hazards,10.0,42.51,58.84,44.43,51.24
02_Hanns_Klemm_Str_44_000012_000170,24,dog (white),emotional hazards,23.0,26.63,27.03,25.18,25.99
02_Hanns_Klemm_Str_44_000013_000020,26,bobby car (gray),emotional hazards,13.0,67.11,75.92,68.43,69.95
02_Hanns_Klemm_Str_44_000013_000060,26,bobby car (gray),emotional hazards,15.0,62.56,70.46,66.12,68.23
02_Hanns_Klemm_Str_44_000013_000100,26,bobby car (gray),emotional hazards,17.0,54.49,61.32,57.85,60.07
02_Hanns_Klemm_Str_44_000013_000140,26,bobby car (gray),emotional hazards,21.0,41.95,50.42,46.81,48.11
02_Hanns_Klemm_Str_44_000013_000180,26,bobby car (gray),emotional hazards,33.0,26.95,33.52,31.32,32.17
02_Hanns_Klemm_Str_44_000013_000220,26,bobby car (gray),emotional hazards,81.0,12.05,14.27,14.05,14.13
02_Hanns_Klemm_Str_44_000014_000040,27,bobby car (red),emotional hazards,11.0,74.91,73.64,71.01,72.5
02_Hanns_Klemm_Str_44_000014_000080,27,bobby car (red),emotional hazards,12.0,69.54,62.94,58.5,60.26
02_Hanns_Klemm_Str_44_000014_000120,27,bobby car (red),emotional hazards,16.0,48.95,49.8,45.95,47.68
02_Hanns_Klemm_Str_44_000014_000160,27,bobby car (red),emotional hazards,25.0,33.43,31.07,28.24,29.8
02_Hanns_Klemm_Str_44_000014_000200,27,bobby car (red),emotional hazards,56.0,17.55,18.01,17.83,17.89
02_Hanns_Klemm_Str_44_000015_000060,27,bobby car (red),emotional hazards,8.0,50.0,40.34,37.8,39.19
02_Hanns_Klemm_Str_44_000015_000100,27,bobby car (red),emotional hazards,10.0,41.04,34.23,33.3,33.66
02_Hanns_Klemm_Str_44_000015_000140,27,bobby car (red),emotional hazards,26.0,32.17,24.11,23.74,23.86
02_Hanns_Klemm_Str_44_000015_000180,27,bobby car (red),emotional hazards,56.0,17.83,18.62,18.4,18.51
02_Hanns_Klemm_Str_44_000016_000020,26,bobby car (gray),emotional hazards,10.0,45.07,35.85,34.95,35.34
02_Hanns_Klemm_Str_44_000016_000060,26,bobby car (gray),emotional hazards,11.0,44.07,35.04,33.82,34.24
02_Hanns_Klemm_Str_44_000016_000100,26,bobby car (gray),emotional hazards,15.0,32.71,29.46,28.13,28.62
02_Hanns_Klemm_Str_44_000016_000140,26,bobby car (gray),emotional hazards,55.0,19.06,20.57,20.3,20.43
02_Hanns_Klemm_Str_44_000016_000180,26,bobby car (gray),emotional hazards,156.0,6.4,6.84,6.73,6.77
02_Hanns_Klemm_Str_44_000017_000050,23,dog (black),emotional hazards,13.0,48.93,36.81,35.49,36.06
02_Hanns_Klemm_Str_44_000017_000090,23,dog (black),emotional hazards,19.0,37.58,28.97,28.2,28.47
02_Hanns_Klemm_Str_44_000017_000130,23,dog (black),emotional hazards,45.0,22.98,26.15,25.82,25.96
02_Hanns_Klemm_Str_44_000017_000170,23,dog (black),emotional hazards,132.0,7.92,8.43,8.3,8.33
02_Hanns_Klemm_Str_44_000018_000110,24,dog (white),emotional hazards,11.0,42.68,28.68,27.61,27.97
02_Hanns_Klemm_Str_44_000018_000150,24,dog (white),emotional hazards,30.0,27.73,29.58,28.34,29.1
02_Hanns_Klemm_Str_44_000018_000190,24,dog (white),emotional hazards,58.0,13.84,14.34,14.23,14.3
04_Maurener_Weg_8_000000_000030,04,crate (gray),standard objects,9.0,62.86,56.06,53.86,54.65
04_Maurener_Weg_8_000000_000030,05,"crate (gray, 2x stacked)",standard objects,12.0,72.3,61.97,60.2,60.74
04_Maurener_Weg_8_000000_000030,06,"crate (gray, upright)",standard objects,21.0,71.32,54.72,54.08,54.34
04_Maurener_Weg_8_000000_000070,04,crate (gray),standard objects,11.0,51.21,47.06,44.89,45.67
04_Maurener_Weg_8_000000_000070,05,"crate (gray, 2x stacked)",standard objects,14.0,60.84,51.34,50.87,50.98
04_Maurener_Weg_8_000000_000070,06,"crate (gray, upright)",standard objects,25.0,59.39,47.86,47.15,47.41
04_Maurener_Weg_8_000000_000110,04,crate (gray),standard objects,18.0,32.78,30.48,29.56,29.96
04_Maurener_Weg_8_000000_000110,05,"crate (gray, 2x stacked)",standard objects,20.0,42.43,36.72,36.21,36.35
04_Maurener_Weg_8_000000_000110,06,"crate (gray, upright)",standard objects,34.0,42.64,34.36,34.0,34.16
04_Maurener_Weg_8_000000_000150,04,crate (gray),standard objects,35.0,16.61,16.07,15.89,15.94
04_Maurener_Weg_8_000000_000150,05,"crate (gray, 2x stacked)",standard objects,34.0,25.85,23.21,22.85,23.02
04_Maurener_Weg_8_000000_000150,06,"crate (gray, upright)",standard objects,60.0,24.26,21.56,21.38,21.47
04_Maurener_Weg_8_000000_000190,05,"crate (gray, 2x stacked)",standard objects,70.0,12.06,12.8,12.64,12.72
04_Maurener_Weg_8_000000_000190,06,"crate (gray, upright)",standard objects,150.0,9.65,10.53,10.47,10.5
04_Maurener_Weg_8_000001_000050,03,"crate (black, upright)",standard objects,11.0,66.25,52.83,49.19,50.69
04_Maurener_Weg_8_000001_000050,03,"crate (black, upright)",standard objects,9.0,77.84,59.1,56.95,57.63
04_Maurener_Weg_8_000001_000050,02,"crate (black, 2x stacked)",standard objects,16.0,71.11,51.7,51.09,51.27
04_Maurener_Weg_8_000001_000090,03,"crate (black, upright)",standard objects,17.0,52.86,44.41,41.9,42.9
04_Maurener_Weg_8_000001_000090,03,"crate (black, upright)",standard objects,12.0,62.43,50.5,48.59,49.01
04_Maurener_Weg_8_000001_000090,02,"crate (black, 2x stacked)",standard objects,19.0,58.16,43.84,43.16,43.36
04_Maurener_Weg_8_000001_000130,03,"crate (black, upright)",standard objects,23.0,36.42,31.85,31.19,31.32
04_Maurener_Weg_8_000001_000130,03,"crate (black, upright)",standard objects,15.0,48.13,40.47,39.37,39.57
04_Maurener_Weg_8_000001_000130,02,"crate (black, 2x stacked)",standard objects,26.0,42.43,35.09,34.77,34.9
04_Maurener_Weg_8_000001_000170,03,"crate (black, upright)",standard objects,37.0,18.45,18.79,18.62,18.69
04_Maurener_Weg_8_000001_000170,03,"crate (black, upright)",standard objects,25.0,30.81,28.26,27.9,28.0
04_Maurener_Weg_8_000001_000170,02,"crate (black, 2x stacked)",standard objects,43.0,24.93,23.75,23.58,23.6
04_Maurener_Weg_8_000001_000210,03,"crate (black, upright)",standard objects,48.0,14.97,16.94,16.79,16.83
04_Maurener_Weg_8_000001_000210,02,"crate (black, 2x stacked)",standard objects,122.0,9.33,10.84,10.75,10.79
04_Maurener_Weg_8_000002_000040,04,crate (gray),standard objects,10.0,36.57,35.22,34.23,34.61
04_Maurener_Weg_8_000002_000040,05,"crate (gray, 2x stacked)",standard objects,19.0,39.21,36.67,35.16,35.69
04_Maurener_Weg_8_000002_000040,06,"crate (gray, upright)",standard objects,33.0,51.7,44.67,39.91,40.46
04_Maurener_Weg_8_000002_000080,04,crate (gray),standard objects,15.0,25.97,26.07,25.2,25.55
04_Maurener_Weg_8_000002_000080,05,"crate (gray, 2x stacked)",standard objects,26.0,28.26,28.34,26.79,27.48
04_Maurener_Weg_8_000002_000080,06,"crate (gray, upright)",standard objects,43.0,36.7,34.21,32.1,32.73
04_Maurener_Weg_8_000002_000120,04,crate (gray),standard objects,39.0,11.76,12.8,12.68,12.74
04_Maurener_Weg_8_000002_000120,05,"crate (gray, 2x stacked)",standard objects,58.0,14.18,15.01,14.85,14.93
04_Maurener_Weg_8_000002_000120,06,"crate (gray, upright)",standard objects,70.0,19.9,20.52,20.31,20.39
04_Maurener_Weg_8_000003_000010,03,"crate (black, upright)",standard objects,20.0,32.8,31.31,31.12,31.19
04_Maurener_Weg_8_000003_000010,02,"crate (black, 2x stacked)",standard objects,30.0,38.22,34.72,34.41,34.53
04_Maurener_Weg_8_000003_000010,01,crate (black),standard objects,16.0,46.87,40.29,39.67,39.86
04_Maurener_Weg_8_000003_000050,03,"crate (black, upright)",standard objects,24.0,28.21,27.51,27.09,27.24
04_Maurener_Weg_8_000003_000050,02,"crate (black, 2x stacked)",standard objects,32.0,33.86,30.5,30.26,30.32
04_Maurener_Weg_8_000003_000050,01,crate (black),standard objects,18.0,41.91,36.24,35.9,36.02
04_Maurener_Weg_8_000003_000090,03,"crate (black, upright)",standard objects,42.0,16.64,17.26,17.06,17.1
04_Maurener_Weg_8_000003_000090,02,"crate (black, 2x stacked)",standard objects,49.0,21.29,21.16,20.97,21.03
04_Maurener_Weg_8_000003_000090,01,crate (black),standard objects,27.0,29.14,27.77,27.44,27.57
04_Maurener_Weg_8_000003_000130,02,"crate (black, 2x stacked)",standard objects,122.0,8.62,9.97,9.89,9.93
04_Maurener_Weg_8_000003_000130,01,crate (black),standard objects,50.0,16.18,17.91,17.82,17.86
04_Maurener_Weg_8_000004_000040,15,euro pallet,random hazards,12.0,53.19,43.55,40.8,41.85
04_Maurener_Weg_8_000004_000080,15,euro pallet,random hazards,13.0,50.15,41.04,38.48,39.49
04_Maurener_Weg_8_000004_000120,15,euro pallet,random hazards,12.0,39.86,33.97,32.31,32.89
04_Maurener_Weg_8_000004_000160,15,euro pallet,random hazards,23.0,25.4,24.85,23.87,24.24
04_Maurener_Weg_8_000004_000160,21,ball,emotional hazards,40.0,14.07,15.22,15.03,15.09
04_Maurener_Weg_8_000004_000200,15,euro pallet,random hazards,60.0,11.23,12.64,12.17,12.34
04_Maurener_Weg_8_000005_000030,16,pylon,random hazards,16.0,48.24,42.99,40.59,41.46
04_Maurener_Weg_8_000005_000030,18,pylon (white),random hazards,19.0,47.6,43.89,40.15,41.56
04_Maurener_Weg_8_000005_000070,16,pylon,random hazards,15.0,44.71,38.77,37.51,37.86
04_Maurener_Weg_8_000005_000070,18,pylon (white),random hazards,20.0,42.29,40.66,37.82,38.74
04_Maurener_Weg_8_000005_000110,18,pylon (white),random hazards,24.0,34.89,33.12,31.69,32.2
04_Maurener_Weg_8_000005_000110,16,pylon,random hazards,20.0,37.73,32.64,32.05,32.17
04_Maurener_Weg_8_000005_000150,18,pylon (white),random hazards,38.0,21.77,21.8,21.36,21.64
04_Maurener_Weg_8_000005_000150,16,pylon,random hazards,30.0,24.51,23.64,23.19,23.32
04_Maurener_Weg_8_000005_000190,18,pylon (white),random hazards,87.0,9.25,10.94,10.45,10.68
04_Maurener_Weg_8_000005_000190,16,pylon,random hazards,61.0,11.81,13.03,12.88,12.94
04_Maurener_Weg_8_000006_000040,18,pylon (white),random hazards,12.0,44.14,39.77,38.34,38.85
04_Maurener_Weg_8_000006_000080,18,pylon (white),random hazards,18.0,34.22,31.6,30.72,31.06
04_Maurener_Weg_8_000006_000120,18,pylon (white),random hazards,30.0,18.18,18.67,18.31,18.46
04_Maurener_Weg_8_000007_000020,25,kid dummy,emotional hazards,10.0,61.81,49.81,48.08,48.73
04_Maurener_Weg_8_000007_000020,21,ball,emotional hazards,10.0,65.08,52.86,49.94,50.87
04_Maurener_Weg_8_000007_000060,25,kid dummy,emotional hazards,8.0,51.23,38.87,37.98,38.32
04_Maurener_Weg_8_000007_000060,21,ball,emotional hazards,10.0,51.04,39.75,38.5,38.98
04_Maurener_Weg_8_000007_000100,25,kid dummy,emotional hazards,11.0,32.66,29.25,28.81,28.94
04_Maurener_Weg_8_000007_000100,21,ball,emotional hazards,15.0,32.42,29.54,29.01,29.14
04_Maurener_Weg_8_000007_000140,25,kid dummy,emotional hazards,24.0,13.94,15.15,15.0,15.07
04_Maurener_Weg_8_000007_000140,21,ball,emotional hazards,36.0,13.87,15.07,14.96,14.99
04_Maurener_Weg_8_000008_000020,31,plastic bag (bloated),random hazards,8.0,59.36,44.26,43.1,43.5
04_Maurener_Weg_8_000008_000020,11,crate (green),random hazards,12.0,66.7,48.41,47.31,47.72
04_Maurener_Weg_8_000008_000020,31,plastic bag (bloated),random hazards,8.0,56.65,37.52,36.24,36.79
04_Maurener_Weg_8_000008_000060,11,crate (green),random hazards,15.0,60.19,42.31,41.46,41.72
04_Maurener_Weg_8_000008_000060,31,plastic bag (bloated),random hazards,11.0,49.08,36.69,35.68,36.09
04_Maurener_Weg_8_000008_000060,31,plastic bag (bloated),random hazards,13.0,45.4,31.32,30.44,30.76
04_Maurener_Weg_8_000008_000100,31,plastic bag (bloated),random hazards,22.0,28.1,22.67,22.11,22.3
04_Maurener_Weg_8_000008_000100,11,crate (green),random hazards,19.0,42.25,32.91,32.63,32.73
04_Maurener_Weg_8_000008_000100,31,plastic bag (bloated),random hazards,14.0,33.31,27.34,27.03,27.18
04_Maurener_Weg_8_000008_000140,11,crate (green),random hazards,34.0,21.55,20.38,20.15,20.23
04_Maurener_Weg_8_000008_000140,31,plastic bag (bloated),random hazards,32.0,15.03,14.95,14.8,14.83
04_Maurener_Weg_8_000008_000140,31,plastic bag (bloated),random hazards,68.0,8.82,9.32,9.17,9.24
04_Maurener_Weg_8_000008_000180,11,crate (green),random hazards,98.0,7.8,8.66,8.47,8.55
04_Maurener_Weg_8_000009_000050,24,dog (white),emotional hazards,11.0,68.25,56.96,53.37,54.68
04_Maurener_Weg_8_000009_000090,24,dog (white),emotional hazards,14.0,58.85,50.21,47.21,48.5
04_Maurener_Weg_8_000009_000130,24,dog (white),emotional hazards,20.0,41.29,35.39,34.36,34.68
04_Maurener_Weg_8_000009_000170,24,dog (white),emotional hazards,31.0,23.04,23.14,22.93,23.01
04_Maurener_Weg_8_000009_000210,24,dog (white),emotional hazards,81.0,8.72,10.62,10.57,10.59
04_Maurener_Weg_8_000010_000040,23,dog (black),emotional hazards,22.0,50.66,45.32,42.53,44.46
04_Maurener_Weg_8_000010_000080,23,dog (black),emotional hazards,29.0,38.05,35.4,33.89,34.47
04_Maurener_Weg_8_000010_000120,23,dog (black),emotional hazards,52.0,20.63,19.44,19.2,19.25
04_Maurener_Weg_8_000011_000020,26,bobby car (gray),emotional hazards,18.0,62.34,49.3,48.91,49.02
04_Maurener_Weg_8_000011_000060,26,bobby car (gray),emotional hazards,18.0,60.67,47.78,47.18,47.35
04_Maurener_Weg_8_000011_000100,26,bobby car (gray),emotional hazards,23.0,47.01,39.31,38.87,39.03
04_Maurener_Weg_8_000011_000140,26,bobby car (gray),emotional hazards,33.0,30.78,28.27,28.08,28.16
04_Maurener_Weg_8_000011_000180,26,bobby car (gray),emotional hazards,64.0,15.12,16.21,15.97,16.05
04_Maurener_Weg_8_000012_000040,27,bobby car (red),emotional hazards,19.0,64.05,46.4,45.59,45.86
04_Maurener_Weg_8_000012_000080,27,bobby car (red),emotional hazards,22.0,54.27,42.17,41.33,41.62
04_Maurener_Weg_8_000012_000120,27,bobby car (red),emotional hazards,28.0,38.29,31.81,31.34,31.49
04_Maurener_Weg_8_000012_000160,27,bobby car (red),emotional hazards,54.0,19.74,20.03,19.85,19.92
04_Maurener_Weg_8_000013_000180,28,bobby car (yellow),emotional hazards,39.0,27.71,27.74,27.36,27.48
04_Maurener_Weg_8_000013_000220,28,bobby car (yellow),emotional hazards,84.0,12.64,14.53,14.32,14.39
05_Schafgasse_1_000000_000030,05,"crate (gray, 2x stacked)",standard objects,13.0,61.02,61.98,59.26,60.35
05_Schafgasse_1_000000_000070,05,"crate (gray, 2x stacked)",standard objects,13.0,51.7,51.44,48.69,49.62
05_Schafgasse_1_000000_000110,05,"crate (gray, 2x stacked)",standard objects,18.0,39.22,38.56,37.37,37.85
05_Schafgasse_1_000000_000150,05,"crate (gray, 2x stacked)",standard objects,31.0,24.92,24.92,24.7,24.75
05_Schafgasse_1_000000_000190,05,"crate (gray, 2x stacked)",standard objects,81.0,10.13,11.2,11.13,11.16
05_Schafgasse_1_000001_000090,03,"crate (black, upright)",standard objects,14.0,52.29,53.36,52.85,53.04
05_Schafgasse_1_000001_000130,03,"crate (black, upright)",standard objects,17.0,43.01,41.15,40.37,40.59
05_Schafgasse_1_000001_000170,03,"crate (black, upright)",standard objects,27.0,31.48,30.23,29.85,29.97
05_Schafgasse_1_000001_000210,03,"crate (black, upright)",standard objects,40.0,20.73,20.63,20.51,20.54
05_Schafgasse_1_000001_000250,03,"crate (black, upright)",standard objects,69.0,10.79,11.87,11.78,11.82
05_Schafgasse_1_000002_000130,08,cardboard box,random hazards,15.0,44.9,44.61,43.57,44.01
05_Schafgasse_1_000002_000130,18,pylon (white),random hazards,15.0,35.78,34.17,33.64,33.83
05_Schafgasse_1_000002_000170,08,cardboard box,random hazards,18.0,35.89,34.75,34.04,34.39
05_Schafgasse_1_000002_000170,18,pylon (white),random hazards,19.0,27.82,26.41,26.02,26.21
05_Schafgasse_1_000002_000210,08,cardboard box,random hazards,26.0,24.34,24.71,24.45,24.52
05_Schafgasse_1_000002_000210,18,pylon (white),random hazards,31.0,15.72,16.32,16.21,16.25
05_Schafgasse_1_000003_000030,20,tire,random hazards,16.0,42.15,40.26,40.04,40.1
05_Schafgasse_1_000003_000070,20,tire,random hazards,19.0,34.59,31.78,31.58,31.66
05_Schafgasse_1_000003_000110,20,tire,random hazards,27.0,23.44,23.85,23.75,23.78
05_Schafgasse_1_000003_000150,20,tire,random hazards,61.0,10.63,11.93,11.77,11.82
05_Schafgasse_1_000004_000030,11,crate (green),random hazards,13.0,45.13,45.16,44.88,44.97
05_Schafgasse_1_000004_000030,10,"crate (blue, small)",random hazards,11.0,41.74,40.69,40.4,40.54
05_Schafgasse_1_000004_000070,11,crate (green),random hazards,17.0,39.66,39.28,38.86,39.02
05_Schafgasse_1_000004_000070,10,"crate (blue, small)",random hazards,18.0,36.16,34.01,33.55,33.7
05_Schafgasse_1_000004_000110,11,crate (green),random hazards,23.0,30.01,29.26,29.09,29.14
05_Schafgasse_1_000004_000110,10,"crate (blue, small)",random hazards,18.0,25.48,24.19,24.0,24.08
05_Schafgasse_1_000004_000150,10,"crate (blue, small)",random hazards,43.0,11.52,13.12,13.01,13.07
05_Schafgasse_1_000004_000150,11,crate (green),random hazards,41.0,15.85,16.79,16.7,16.73
05_Schafgasse_1_000005_000040,29,cardboard box,random hazards,9.0,42.5,39.8,38.57,39.02
05_Schafgasse_1_000005_000080,29,cardboard box,random hazards,10.0,37.5,34.6,33.69,34.04
05_Schafgasse_1_000005_000120,29,cardboard box,random hazards,13.0,26.45,25.4,24.89,25.05
05_Schafgasse_1_000005_000120,21,ball,emotional hazards,27.0,21.28,23.26,23.0,23.09
05_Schafgasse_1_000007_000020,20,tire,random hazards,10.0,40.63,39.15,38.11,38.47
05_Schafgasse_1_000007_000060,20,tire,random hazards,10.0,33.22,33.06,32.36,32.65
05_Schafgasse_1_000007_000100,20,tire,random hazards,16.0,21.67,20.93,20.71,20.76
05_Schafgasse_1_000007_000140,20,tire,random hazards,39.0,9.29,10.07,9.94,9.98
05_Schafgasse_1_000008_000030,34,styrofoam,random hazards,7.0,47.08,44.34,43.34,43.75
05_Schafgasse_1_000008_000030,14,headlight,random hazards,18.0,36.73,35.07,34.73,34.82
05_Schafgasse_1_000008_000070,34,styrofoam,random hazards,10.0,36.55,35.91,34.97,35.22
05_Schafgasse_1_000008_000070,14,headlight,random hazards,22.0,26.37,26.98,26.64,26.72
05_Schafgasse_1_000008_000110,34,styrofoam,random hazards,16.0,23.57,23.2,22.84,22.94
05_Schafgasse_1_000008_000110,14,headlight,random hazards,47.0,13.23,14.22,14.11,14.13
05_Schafgasse_1_000009_000090,23,dog (black),emotional hazards,21.0,53.46,47.35,44.31,45.94
05_Schafgasse_1_000009_000130,23,dog (black),emotional hazards,25.0,44.83,40.69,38.6,39.64
05_Schafgasse_1_000009_000170,23,dog (black),emotional hazards,33.0,32.2,29.34,28.66,28.8
05_Schafgasse_1_000009_000210,23,dog (black),emotional hazards,59.0,18.28,18.52,18.26,18.36
05_Schafgasse_1_000010_000040,24,dog (white),emotional hazards,15.0,53.21,47.98,46.4,46.83
05_Schafgasse_1_000010_000080,24,dog (white),emotional hazards,16.0,48.51,41.83,40.54,40.95
05_Schafgasse_1_000010_000120,24,dog (white),emotional hazards,22.0,35.82,32.63,30.99,31.59
05_Schafgasse_1_000010_000160,24,dog (white),emotional hazards,38.0,19.55,19.78,19.5,19.57
05_Schafgasse_1_000011_000140,27,bobby car (red),emotional hazards,36.0,28.89,27.59,27.08,27.27
05_Schafgasse_1_000011_000180,27,bobby car (red),emotional hazards,105.0,9.75,11.11,11.0,11.06
05_Schafgasse_1_000012_000060,28,bobby car (yellow),emotional hazards,20.0,72.06,55.85,54.23,55.24
05_Schafgasse_1_000012_000100,28,bobby car (yellow),emotional hazards,21.0,57.89,45.11,44.47,44.72
05_Schafgasse_1_000012_000140,28,bobby car (yellow),emotional hazards,28.0,40.13,35.36,35.03,35.12
05_Schafgasse_1_000012_000180,28,bobby car (yellow),emotional hazards,47.0,22.57,21.85,21.67,21.73
05_Schafgasse_1_000012_000220,28,bobby car (yellow),emotional hazards,142.0,7.32,8.82,8.7,8.74
05_Schafgasse_1_000013_000060,26,bobby car (gray),emotional hazards,17.0,61.51,49.91,49.21,49.39
05_Schafgasse_1_000013_000100,26,bobby car (gray),emotional hazards,22.0,45.71,36.92,36.45,36.55
05_Schafgasse_1_000013_000140,26,bobby car (gray),emotional hazards,39.0,28.02,25.09,24.88,24.95
05_Schafgasse_1_000013_000180,26,bobby car (gray),emotional hazards,97.0,10.46,10.76,10.67,10.7
05_Schafgasse_1_000014_000060,24,dog (white),emotional hazards,26.0,41.49,38.57,36.86,37.41
05_Schafgasse_1_000014_000100,24,dog (white),emotional hazards,32.0,28.71,26.28,26.13,26.19
05_Schafgasse_1_000014_000140,24,dog (white),emotional hazards,62.0,14.09,15.16,14.98,15.04
05_Schafgasse_1_000015_000060,27,bobby car (red),emotional hazards,25.0,43.62,37.64,37.18,37.35
05_Schafgasse_1_000015_000100,27,bobby car (red),emotional hazards,36.0,29.06,26.74,26.49,26.57
05_Schafgasse_1_000015_000140,27,bobby car (red),emotional hazards,68.0,14.93,15.7,15.61,15.64
05_Schafgasse_1_000016_000030,27,bobby car (red),emotional hazards,20.0,52.31,44.91,43.78,44.16
05_Schafgasse_1_000016_000070,27,bobby car (red),emotional hazards,24.0,45.53,39.83,39.06,39.3
05_Schafgasse_1_000016_000110,27,bobby car (red),emotional hazards,34.0,31.6,28.22,27.74,27.84
05_Schafgasse_1_000016_000150,27,bobby car (red),emotional hazards,63.0,16.08,16.14,15.95,16.02
05_Schafgasse_1_000017_000040,26,bobby car (gray),emotional hazards,21.0,52.37,45.84,44.78,45.13
05_Schafgasse_1_000017_000080,26,bobby car (gray),emotional hazards,26.0,43.18,39.16,38.14,38.41
05_Schafgasse_1_000017_000120,26,bobby car (gray),emotional hazards,35.0,28.26,26.73,26.53,26.58
05_Schafgasse_1_000017_000160,26,bobby car (gray),emotional hazards,70.0,14.1,14.55,14.41,14.45
05_Schafgasse_1_000018_000040,24,dog (white),emotional hazards,23.0,52.2,46.63,44.92,45.79
05_Schafgasse_1_000018_000080,24,dog (white),emotional hazards,29.0,39.39,35.81,34.2,35.04
05_Schafgasse_1_000018_000120,24,dog (white),emotional hazards,50.0,21.02,20.33,20.16,20.24
05_Schafgasse_1_000019_000070,23,dog (black),emotional hazards,21.0,58.47,51.13,49.68,50.51
05_Schafgasse_1_000019_000110,23,dog (black),emotional hazards,28.0,48.86,42.71,40.42,41.47
05_Schafgasse_1_000019_000150,23,dog (black),emotional hazards,37.0,33.25,29.76,29.16,29.5
05_Schafgasse_1_000019_000190,23,dog (black),emotional hazards,68.0,15.91,16.17,16.03,16.09
07_Festplatz_Flugfeld_000000_000040,04,crate (gray),standard objects,8.0,77.52,65.81,61.48,62.89
07_Festplatz_Flugfeld_000000_000040,05,"crate (gray, 2x stacked)",standard objects,11.0,91.55,83.79,72.97,76.35
07_Festplatz_Flugfeld_000000_000040,06,"crate (gray, upright)",standard objects,15.0,106.56,82.78,79.42,80.62
07_Festplatz_Flugfeld_000000_000080,04,crate (gray),standard objects,8.0,64.92,54.67,51.4,52.5
07_Festplatz_Flugfeld_000000_000080,05,"crate (gray, 2x stacked)",standard objects,12.0,76.82,68.78,61.49,63.27
07_Festplatz_Flugfeld_000000_000080,06,"crate (gray, upright)",standard objects,17.0,94.08,80.39,68.56,72.61
07_Festplatz_Flugfeld_000000_000120,04,crate (gray),standard objects,9.0,48.99,42.02,40.6,41.06
07_Festplatz_Flugfeld_000000_000120,05,"crate (gray, 2x stacked)",standard objects,13.0,63.95,52.29,49.59,50.91
07_Festplatz_Flugfeld_000000_000120,06,"crate (gray, upright)",standard objects,21.0,68.72,61.7,55.09,57.34
07_Festplatz_Flugfeld_000000_000160,04,crate (gray),standard objects,14.0,33.12,29.41,28.98,29.19
07_Festplatz_Flugfeld_000000_000160,05,"crate (gray, 2x stacked)",standard objects,19.0,47.21,39.84,38.95,39.19
07_Festplatz_Flugfeld_000000_000160,06,"crate (gray, upright)",standard objects,30.0,52.01,44.56,43.16,43.75
07_Festplatz_Flugfeld_000000_000200,04,crate (gray),standard objects,24.0,18.02,18.63,18.51,18.53
07_Festplatz_Flugfeld_000000_000200,05,"crate (gray, 2x stacked)",standard objects,26.0,31.42,29.96,29.53,29.65
07_Festplatz_Flugfeld_000000_000200,06,"crate (gray, upright)",standard objects,42.0,36.24,33.81,33.16,33.37
07_Festplatz_Flugfeld_000000_000240,05,"crate (gray, 2x stacked)",standard objects,51.0,15.84,17.49,17.35,17.38
07_Festplatz_Flugfeld_000000_000240,06,"crate (gray, upright)",standard objects,64.0,20.94,21.79,21.71,21.76
07_Festplatz_Flugfeld_000001_000040,03,"crate (black, upright)",standard objects,7.0,88.02,76.35,70.49,72.49
07_Festplatz_Flugfeld_000001_000040,02,"crate (black, 2x stacked)",standard objects,10.0,104.11,90.91,83.38,85.22
07_Festplatz_Flugfeld_000001_000040,01,crate (black),standard objects,9.0,99.3,77.27,72.22,74.13
07_Festplatz_Flugfeld_000001_000080,03,"crate (black, upright)",standard objects,11.0,73.41,64.09,58.44,60.38
07_Festplatz_Flugfeld_000001_000080,02,"crate (black, 2x stacked)",standard objects,11.0,93.0,77.35,74.72,75.89
07_Festplatz_Flugfeld_000001_000080,01,crate (black),standard objects,9.0,87.15,65.59,61.8,62.7
07_Festplatz_Flugfeld_000001_000120,03,"crate (black, upright)",standard objects,13.0,52.22,48.88,46.12,46.73
07_Festplatz_Flugfeld_000001_000120,02,"crate (black, 2x stacked)",standard objects,14.0,70.93,62.8,59.34,60.72
07_Festplatz_Flugfeld_000001_000120,01,crate (black),standard objects,11.0,64.13,52.06,48.95,49.87
07_Festplatz_Flugfeld_000001_000160,03,"crate (black, upright)",standard objects,20.0,34.27,29.23,28.91,29.01
07_Festplatz_Flugfeld_000001_000160,02,"crate (black, 2x stacked)",standard objects,21.0,50.39,43.0,42.02,42.35
07_Festplatz_Flugfeld_000001_000160,01,crate (black),standard objects,17.0,47.37,36.66,36.04,36.18
07_Festplatz_Flugfeld_000001_000200,03,"crate (black, upright)",standard objects,42.0,16.73,17.51,17.44,17.47
07_Festplatz_Flugfeld_000001_000200,02,"crate (black, 2x stacked)",standard objects,32.0,32.75,32.27,31.84,31.98
07_Festplatz_Flugfeld_000001_000200,01,crate (black),standard objects,28.0,29.38,27.0,26.79,26.85
07_Festplatz_Flugfeld_000002_000190,08,cardboard box,random hazards,11.0,86.86,76.59,67.44,70.6
07_Festplatz_Flugfeld_000002_000190,07,bumper,random hazards,17.0,99.53,90.01,83.16,86.77
07_Festplatz_Flugfeld_000002_000230,08,cardboard box,random hazards,11.0,76.87,66.26,59.1,61.55
07_Festplatz_Flugfeld_000002_000230,07,bumper,random hazards,18.0,84.86,76.25,73.32,74.51
07_Festplatz_Flugfeld_000002_000270,08,cardboard box,random hazards,14.0,65.08,49.78,47.23,48.04
07_Festplatz_Flugfeld_000002_000270,07,bumper,random hazards,23.0,74.13,63.5,60.07,62.5
07_Festplatz_Flugfeld_000002_000310,08,cardboard box,random hazards,19.0,48.05,38.25,37.14,37.43
07_Festplatz_Flugfeld_000002_000310,07,bumper,random hazards,26.0,57.05,51.39,49.09,50.58
07_Festplatz_Flugfeld_000002_000350,08,cardboard box,random hazards,26.0,31.73,28.96,28.59,28.71
07_Festplatz_Flugfeld_000002_000350,07,bumper,random hazards,35.0,40.65,39.19,38.88,39.05
07_Festplatz_Flugfeld_000002_000390,08,cardboard box,random hazards,49.0,18.09,19.93,19.79,19.86
07_Festplatz_Flugfeld_000002_000390,07,bumper,random hazards,58.0,25.89,28.87,28.49,28.62
07_Festplatz_Flugfeld_000002_000430,07,bumper,random hazards,95.0,14.14,15.94,15.77,15.83
07_Festplatz_Flugfeld_000003_000100,34,styrofoam,random hazards,5.0,76.96,62.24,58.68,60.07
07_Festplatz_Flugfeld_000003_000100,07,bumper,random hazards,16.0,89.7,79.0,72.04,74.95
07_Festplatz_Flugfeld_000003_000140,34,styrofoam,random hazards,6.0,62.07,52.0,49.61,50.42
07_Festplatz_Flugfeld_000003_000140,07,bumper,random hazards,18.0,76.01,70.58,63.93,66.53
07_Festplatz_Flugfeld_000003_000180,34,styrofoam,random hazards,9.0,45.84,39.4,37.5,38.24
07_Festplatz_Flugfeld_000003_000180,07,bumper,random hazards,24.0,60.28,49.05,47.18,47.93
07_Festplatz_Flugfeld_000003_000220,34,styrofoam,random hazards,13.0,32.7,28.75,27.73,28.2
07_Festplatz_Flugfeld_000003_000220,07,bumper,random hazards,29.0,47.44,39.88,38.78,38.99
07_Festplatz_Flugfeld_000003_000260,34,styrofoam,random hazards,25.0,18.93,18.83,18.13,18.43
07_Festplatz_Flugfeld_000003_000260,07,bumper,random hazards,38.0,34.24,28.18,27.24,27.43
07_Festplatz_Flugfeld_000003_000300,07,bumper,random hazards,73.0,19.75,19.92,19.26,19.42
07_Festplatz_Flugfeld_000003_000340,07,bumper,random hazards,215.0,7.54,9.58,8.74,9.07
07_Festplatz_Flugfeld_000004_000060,08,cardboard box,random hazards,10.0,51.6,39.11,38.08,38.31
07_Festplatz_Flugfeld_000004_000060,20,tire,random hazards,15.0,48.55,35.1,34.76,34.84
07_Festplatz_Flugfeld_000004_000100,08,cardboard box,random hazards,12.0,43.65,34.41,33.83,34.06
07_Festplatz_Flugfeld_000004_000100,20,tire,random hazards,20.0,38.09,29.92,29.5,29.62
07_Festplatz_Flugfeld_000004_000140,08,cardboard box,random hazards,18.0,30.37,26.75,26.49,26.58
07_Festplatz_Flugfeld_000004_000140,20,tire,random hazards,34.0,23.81,21.92,21.71,21.75
07_Festplatz_Flugfeld_000004_000180,08,cardboard box,random hazards,28.0,17.31,17.88,17.74,17.77
07_Festplatz_Flugfeld_000004_000180,20,tire,random hazards,71.0,10.66,11.55,11.38,11.43
07_Festplatz_Flugfeld_000004_000220,08,cardboard box,random hazards,80.0,6.89,7.94,7.84,7.88
07_Festplatz_Flugfeld_000005_000050,09,crate (blue),random hazards,13.0,43.17,37.95,36.75,37.13
07_Festplatz_Flugfeld_000005_000050,13,exhaust pipe,random hazards,16.0,48.38,40.47,38.11,39.07
07_Festplatz_Flugfeld_000005_000090,09,crate (blue),random hazards,16.0,35.7,31.78,31.22,31.33
07_Festplatz_Flugfeld_000005_000090,13,exhaust pipe,random hazards,20.0,39.95,34.75,33.23,33.79
07_Festplatz_Flugfeld_000005_000130,09,crate (blue),random hazards,25.0,24.88,23.63,23.34,23.46
07_Festplatz_Flugfeld_000005_000130,13,exhaust pipe,random hazards,29.0,28.88,26.53,24.77,25.15
07_Festplatz_Flugfeld_000005_000170,09,crate (blue),random hazards,44.0,12.9,14.13,14.04,14.06
07_Festplatz_Flugfeld_000005_000170,13,exhaust pipe,random hazards,43.0,17.13,16.69,16.22,16.29
15_Rechbergstr_Deckenpfronn_000000_000040,39,kid (walking),humans,52.0,44.16,44.8,43.69,44.04
15_Rechbergstr_Deckenpfronn_000000_000040,40,kid (on a bobby car),humans,48.0,43.18,44.48,43.55,43.87
15_Rechbergstr_Deckenpfronn_000000_000080,39,kid (walking),humans,50.0,45.09,45.86,43.6,44.54
15_Rechbergstr_Deckenpfronn_000000_000080,40,kid (on a bobby car),humans,50.0,43.24,45.08,43.89,44.32
15_Rechbergstr_Deckenpfronn_000000_000120,40,kid (on a bobby car),humans,45.0,44.11,45.28,43.93,44.27
15_Rechbergstr_Deckenpfronn_000000_000120,41,kid (on a small bobby car),humans,37.0,46.99,46.29,45.12,45.51
15_Rechbergstr_Deckenpfronn_000000_000160,40,kid (on a bobby car),humans,47.0,47.93,46.73,46.07,46.24
15_Rechbergstr_Deckenpfronn_000000_000160,41,kid (on a small bobby car),humans,37.0,47.58,46.18,45.36,45.63
15_Rechbergstr_Deckenpfronn_000001_000050,40,kid (on a bobby car),humans,25.0,63.6,72.84,71.24,72.06
15_Rechbergstr_Deckenpfronn_000001_000050,41,kid (on a small bobby car),humans,26.0,62.04,71.59,67.52,68.82
15_Rechbergstr_Deckenpfronn_000001_000050,39,kid (walking),humans,33.0,64.56,73.93,72.47,73.22
15_Rechbergstr_Deckenpfronn_000001_000050,40,kid (on a bobby car),humans,28.0,62.46,70.13,69.16,69.63
15_Rechbergstr_Deckenpfronn_000001_000090,40,kid (on a bobby car),humans,28.0,63.56,71.49,68.97,69.95
15_Rechbergstr_Deckenpfronn_000001_000090,39,kid (walking),humans,34.0,63.76,72.67,70.03,71.08
15_Rechbergstr_Deckenpfronn_000001_000090,40,kid (on a bobby car),humans,27.0,62.13,68.16,67.82,67.84
15_Rechbergstr_Deckenpfronn_000001_000090,41,kid (on a small bobby car),humans,26.0,62.34,69.05,66.07,67.17
15_Rechbergstr_Deckenpfronn_000001_000130,41,kid (on a small bobby car),humans,26.0,61.92,67.53,64.63,65.63
15_Rechbergstr_Deckenpfronn_000001_000130,40,kid (on a bobby car),humans,35.0,63.6,68.26,65.8,66.6
15_Rechbergstr_Deckenpfronn_000001_000130,40,kid (on a bobby car),humans,13.0,61.13,65.24,64.75,64.95
15_Rechbergstr_Deckenpfronn_000001_000170,41,kid (on a small bobby car),humans,26.0,61.98,70.16,67.13,68.2
15_Rechbergstr_Deckenpfronn_000001_000170,40,kid (on a bobby car),humans,12.0,64.53,72.62,70.87,71.38
15_Rechbergstr_Deckenpfronn_000001_000170,40,kid (on a bobby car),humans,29.0,64.01,70.41,68.63,69.28
15_Rechbergstr_Deckenpfronn_000001_000170,39,kid (walking),humans,30.0,64.08,70.97,68.98,69.73
15_Rechbergstr_Deckenpfronn_000001_000170,40,kid (on a bobby car),humans,29.0,62.34,68.02,67.32,67.52
15_Rechbergstr_Deckenpfronn_000001_000210,41,kid (on a small bobby car),humans,26.0,61.89,67.47,64.93,65.8
15_Rechbergstr_Deckenpfronn_000001_000210,40,kid (on a bobby car),humans,15.0,63.29,68.46,64.85,66.43
15_Rechbergstr_Deckenpfronn_000001_000210,40,kid (on a bobby car),humans,34.0,61.13,63.0,61.79,62.22
15_Rechbergstr_Deckenpfronn_000001_000250,40,kid (on a bobby car),humans,16.0,63.42,68.96,67.81,68.21
15_Rechbergstr_Deckenpfronn_000001_000250,41,kid (on a small bobby car),humans,26.0,62.8,67.89,66.49,67.26
15_Rechbergstr_Deckenpfronn_000001_000250,40,kid (on a bobby car),humans,34.0,61.81,63.37,62.88,63.16
15_Rechbergstr_Deckenpfronn_000001_000290,41,kid (on a small bobby car),humans,26.0,61.87,66.2,64.82,65.36
15_Rechbergstr_Deckenpfronn_000001_000290,40,kid (on a bobby car),humans,34.0,61.63,64.94,63.39,63.79
15_Rechbergstr_Deckenpfronn_000001_000290,39,kid (walking),humans,33.0,63.7,71.62,70.29,70.84
15_Rechbergstr_Deckenpfronn_000001_000290,39,kid (walking),humans,34.0,63.57,70.36,69.93,69.98
15_Rechbergstr_Deckenpfronn_000002_000140,40,kid (on a bobby car),humans,55.0,37.5,39.31,38.76,38.94
15_Rechbergstr_Deckenpfronn_000002_000180,40,kid (on a bobby car),humans,71.0,31.04,29.91,29.68,29.75
15_Rechbergstr_Deckenpfronn_000003_000150,40,kid (on a bobby car),humans,70.0,30.42,29.58,28.94,29.11
15_Rechbergstr_Deckenpfronn_000004_000160,41,kid (on a small bobby car),humans,41.0,40.22,40.71,40.25,40.34
15_Rechbergstr_Deckenpfronn_000004_000200,41,kid (on a small bobby car),humans,56.0,31.3,31.09,30.69,30.85
15_Rechbergstr_Deckenpfronn_000004_000240,41,kid (on a small bobby car),humans,79.0,21.23,21.87,21.6,21.72
15_Rechbergstr_Deckenpfronn_000004_000280,41,kid (on a small bobby car),humans,120.0,14.11,15.25,15.09,15.14
15_Rechbergstr_Deckenpfronn_000005_000040,42,kid (crawling),humans,84.0,12.54,13.63,13.55,13.58
15_Rechbergstr_Deckenpfronn_000005_000080,42,kid (crawling),humans,68.0,12.68,13.61,13.5,13.54
15_Rechbergstr_Deckenpfronn_000006_000100,39,kid (walking),humans,47.0,45.15,48.53,47.69,47.9
15_Rechbergstr_Deckenpfronn_000006_000140,39,kid (walking),humans,55.0,40.46,40.35,40.08,40.19
15_Rechbergstr_Deckenpfronn_000006_000180,39,kid (walking),humans,75.0,31.62,32.85,32.33,32.55
15_Rechbergstr_Deckenpfronn_000006_000220,39,kid (walking),humans,98.0,25.04,25.48,24.99,25.18
15_Rechbergstr_Deckenpfronn_000006_000260,39,kid (walking),humans,118.0,19.23,19.96,19.73,19.8
15_Rechbergstr_Deckenpfronn_000006_000340,39,kid (walking),humans,218.0,10.55,11.97,11.76,11.86
15_Rechbergstr_Deckenpfronn_000007_000060,39,kid (walking),humans,46.0,50.35,50.91,50.0,50.33
15_Rechbergstr_Deckenpfronn_000007_000180,39,kid (walking),humans,74.0,31.96,33.43,32.64,32.94
15_Rechbergstr_Deckenpfronn_000007_000260,39,kid (walking),humans,117.0,18.57,21.29,21.07,21.17
